scity,scityen,sna,sarea,ar,snaen,sareaen,aren,sno,tot_quantity,sbi_quantity,mday,lat,lng,bemp,act,yb2_quantity,eyb_quantity,fetch_time
新北市,New Taipei City,YouBike2.0_鶯歌火車站(仁愛路),鶯歌區,仁愛路55號對側,YouBike2.0_Yingge Railway Station(Ren’ai Rd.),Yingge Dist,"No.55, Ren’ai Rd., Yingge Dist.(opposite)",500234001,69,9,20260820T000202,24.95559,121.35441,58,1,8,1,2026-08-20T00:20:48+08:00
新北市,New Taipei City,YouBike2.0_新北市立圖書館鶯歌分館,鶯歌區,中山路150號,YouBike2.0_New Taipei City Library Yingge Branch,Yingge Dist,"No.150, Zhongshan Rd.",500234002,20,4,20260819T214202,24.9572,121.34946,15,1,4,0,2026-08-20T00:20:48+08:00
新北市,New Taipei City,YouBike2.0_文化館前路口,鶯歌區,文化路407號旁,YouBike2.0_Yingge Ceramics Museum,Yingge Dist,"No. 407, Wenhua Rd.",500234003,44,10,20260819T230602,24.94948,121.35291,34,1,9,1,2026-08-20T00:20:48+08:00
新北市,New Taipei City,YouBike2.0_鶯歌國民運動中心,鶯歌區,館前路250號運動中心前,YouBike2.0_Yingge Civil Sports Center,Yingge Dist,"No.250, Guanqian Rd., Yingge Dist.",500234004,38,15,20260819T224303,24.95139,121.35733,22,1,13,2,2026-08-20T00:20:48+08:00
新北市,New Taipei City,YouBike2.0_尖山國中,鶯歌區,國中街1號,YouBike2.0_Municipal Jianshan Junior High School,Yingge Dist,"No.1, Guozhong St., Yingge Dist(sidewalk)",500234005,20,4,20260819T210503,24.94381,121.34207,16,1,4,0,2026-08-20T00:20:48+08:00
新北市,New Taipei City,YouBike2.0_新北市立鶯歌高級工商職業學校,鶯歌區,中正三路154號,YouBike2.0_New Taipei Municipal Yingge Vocational High School,Yingge Dist,"No. 154, Zhongzheng 3rd. Rd",500234006,56,2,20260820T000902,24.93923,121.33488,54,1,2,0,2026-08-20T00:20:48+08:00
新北市,New Taipei City,YouBike2.0_鶯歌國中,鶯歌區,鶯桃路39-5號對側,YouBike2.0_Yingge Junior High chool,Yingge Dist,"No.39-5, Yingtao Rd.(opposite)",500234007,30,8,20260819T222203,24.95119,121.34256,21,1,7,1,2026-08-20T00:20:48+08:00
新北市,New Taipei City,YouBike2.0_永吉國小,鶯歌區,德昌二街39號對側,YouBike2.0_Yongchi elementary school,Yingge Dist,"No.39, Dechang 2nd St., Yingge Dist.",500234008,20,11,20260819T223905,24.95865,121.33308,9,1,11,0,2026-08-20T00:20:48+08:00
新北市,New Taipei City,YouBike2.0_鳳祥公園,鶯歌區,鶯桃路365巷130號對側,YouBike2.0_Fengxiang Park,Yingge Dist,"No.130, Ln. 365, Yingtao Rd., Yingge Dist.",500234009,20,11,20260820T001402,24.96283,121.33025,8,1,10,1,2026-08-20T00:20:48+08:00
新北市,New Taipei City,YouBike2.0_鳳鳴國小,鶯歌區,永和街120號,YouBike2.0_Fengming Elementary School,Yingge Dist,"No.120, Yonghe St., Yingge Dist.",500234010,20,9,20260820T001003,24.9692,121.3347,11,1,8,1,2026-08-20T00:20:48+08:00
新北市,New Taipei City,YouBike2.0_國際二國際一路口,鶯歌區,國際二路與國際一路口,YouBike2.0_Guoji 2nd Guoji 1st Intersection,Yingge Dist,"Guoji 2nd Rd./Guoji 1st Rd., Yingge Dist.",500234011,20,6,20260819T183603,24.97577,121.3353,14,1,4,2,2026-08-20T00:20:48+08:00
新北市,New Taipei City,YouBike2.0_鳳福公園,鶯歌區,鳳吉一街186號(對面),YouBike2.0_Fengfu Park,Yingge Dist,"No. 186, Fengji 1st St., Yingge Dist.(opposite)",500234012,20,11,20260819T234902,24.97572,121.32938,9,1,10,1,2026-08-20T00:20:48+08:00
新北市,New Taipei City,YouBike2.0_尖山公園,鶯歌區,鶯歌區尖山路161號對面,YouBike2.0_Jianshan Park,Yingge Dist,"No.161, Jianshan Rd.(opposite)",500234013,29,24,20260819T230303,24.9482,121.346,5,1,21,3,2026-08-20T00:20:48+08:00
新北市,New Taipei City,YouBike2.0_永昌里兒一公園,鶯歌區,鶯桃路182巷96弄36-38號對側,YouBike2.0_Yongchang Village Children Park (No.1),Yingge Dist,"No.36-38, Aly. 96, Ln. 182, Yingtao Rd.(oppsite)",500234014,20,11,20260819T232502,24.956649374562204,121.33959628800724,9,1,10,1,2026-08-20T00:20:48+08:00
新北市,New Taipei City,YouBike2.0_南雅育智路口,鶯歌區,南雅路491號(對面),YouBike2.0_Nanya & Yuzhi Rd. Intersection,Yingge Dist,"No.491, Nanya Rd., Yingge Dist.(opposite)",500234015,22,7,20260819T231903,24.954,121.346,14,1,6,1,2026-08-20T00:20:48+08:00
新北市,New Taipei City,YouBike2.0_國中二甲路口,鶯歌區,國中街175號(前),YouBike2.0_Guozhong & Erjia Intersection,Yingge Dist,"No. 175, Guozhong St., Yingge Dist.",500234016,20,8,20260819T213204,24.939489067109363,121.33868650698288,12,1,6,2,2026-08-20T00:20:48+08:00
新北市,New Taipei City,YouBike2.0_鶯歌永利街,鶯歌區,永利街16號(對面),YouBike2.0_Yingge Yongli St.,Yingge Dist,"No. 16, Yongli St. Yingge Dist.",500234017,15,9,20260820T001902,24.95495,121.33911,5,1,8,1,2026-08-20T00:20:48+08:00
新北市,New Taipei City,YouBike2.0_二橋虹橋公園,鶯歌區,中正三路400號(對面),YouBike2.0_Erqiaoshiguanghongqiao Park,Yingge Dist,"No. 400, Zhongzheng 3rd Rd.(Opposite)",500234018,10,5,20260819T235803,24.93453,121.32595,5,1,5,0,2026-08-20T00:20:48+08:00
新北市,New Taipei City,YouBike2.0_鳳吉四鳳七路口(捷士匯社區),鶯歌區,鳳吉四街57-75號(旁),YouBike2.0_Fengji 4th & Feng 7th Rd. Intersection,Yingge Dist,"No. 57-75, Fengji 4th St.",500234021,40,22,20260820T000102,24.97383,121.32769,18,1,22,0,2026-08-20T00:20:48+08:00
新北市,New Taipei City,YouBike2.0_鶯歌老街第二停車場,鶯歌區,尖山埔路27-31號(對面),YouBike2.0_Yingge Old Street 2nd Parking Lot,Yingge Dist,"No. 27-31, Jianshanpu Rd.(Opposite)",500234022,20,7,20260819T195304,24.94895,121.34227,13,1,7,0,2026-08-20T00:20:48+08:00
新北市,New Taipei City,YouBike2.0_建國中正一路口(北鶯社區),鶯歌區,建國路6號(對面空地),YouBike2.0_Jianguo Zhongzheng 1st Rd. Intersection,Yingge Dist,"No. 6, Jianguo Rd.(Opposite)",500234023,20,9,20260819T202802,24.95658,121.35692,11,1,8,1,2026-08-20T00:20:48+08:00
新北市,New Taipei City,YouBike2.0_三鶯水資源回收中心,鶯歌區,館前路360號(旁),YouBike2.0_Sanying Water Recycling Center,Yingge Dist,"No. 360, Guanqian Rd.",500234024,14,7,20260819T215603,24.95535,121.35996,6,1,5,2,2026-08-20T00:20:48+08:00
新北市,New Taipei City,YouBike2.0_永和街65巷口,鶯歌區,永和街75號,"YouBike2.0_Ln. 65, Yonghe St. Intersection",Yingge Dist,"No. 75, Yonghe St.",500234025,37,17,20260819T235603,24.96798,121.3331413,20,1,13,4,2026-08-20T00:20:48+08:00
新北市,New Taipei City,YouBike2.0_鶯歌陶瓷博物館,鶯歌區,文化路200號(旁),YouBike2.0_Yingge Ceramics Museum(Wenhua Rd.),Yingge Dist,"No. 200, Wenhua Rd.",500234026,22,3,20260819T224604,24.95012,121.35245,19,1,3,0,2026-08-20T00:20:48+08:00
新北市,New Taipei City,YouBike2.0_礫間停車場,鶯歌區,礫間停車場,YouBike2.0_Lijian Parking,Yingge Dist,Lijian Parking,500234028,20,9,20260819T224303,24.9518,121.35445,11,1,8,1,2026-08-20T00:20:48+08:00
新北市,New Taipei City,YouBike2.0_北鶯停車場,鶯歌區,北鶯停車場,YouBike2.0_Beiying Parking,Yingge Dist,Beiying Parking,500234029,20,10,20260819T130204,24.95567,121.35992,10,1,10,0,2026-08-20T00:20:48+08:00
新北市,New Taipei City,YouBike2.0_育英建國路口,鶯歌區,建國路280號(旁),YouBike2.0_Yuying Jianguo Rd. Intersection,Yingge Dist,"No. 280, Jianguo Rd.",500234030,12,5,20260819T225903,24.95356,121.34693,6,1,5,0,2026-08-20T00:20:48+08:00
新北市,New Taipei City,YouBike2.0_中正一仁愛路口,鶯歌區,中正一路181號(對面),YouBike2.0_Zhongzheng 1st & Ren'ai Rd Intersection,Yingge Dist,"No. 181, Zhongzheng 1st Rd.(Opposite)",500234031,15,5,20260819T202003,24.95672,121.3532,10,1,3,2,2026-08-20T00:20:48+08:00
新北市,New Taipei City,YouBike2.0_建國國小,鶯歌區,育英街19號(旁),YouBike2.0_Jianguo Elementary School,Yingge Dist,"No. 19, Yuying St.",500234032,15,5,20260820T000604,24.95521,121.34727,10,1,5,0,2026-08-20T00:20:48+08:00
新北市,New Taipei City,YouBike2.0_光明橋,鶯歌區,永明街78號(旁),YouBike2.0_Guang-ming bridge,Yingge Dist,"No. 78, Yongming St., Yingge Dist.(side)",500234033,14,6,20260819T221504,24.95577,121.34128,8,1,4,2,2026-08-20T00:20:48+08:00
新北市,New Taipei City,YouBike2.0_二橋派出所,鶯歌區,高職西街/中正三路口(西北側),YouBike2.0_Erqiao Police Station,Yingge Dist,"Gaozhi W. St. & Zhongzheng 3rd Rd., Yingge Dist. (west side)",500234034,11,4,20260819T212117,24.94216,121.33884,6,1,2,2,2026-08-20T00:20:48+08:00
新北市,New Taipei City,YouBike2.0_國中高職東街口,鶯歌區,國中路113至117-3號(對面),YouBike2.0_Guozhong & Gaozhi E. Intersection,Yingge Dist,"No. 113, Guozhong St., Yingge Dist.(opposite)",500234035,15,5,20260819T213703,24.94117,121.34116,10,1,4,1,2026-08-20T00:20:48+08:00
新北市,New Taipei City,YouBike2.0_尖山路高厝巷口,鶯歌區,尖山路276-5號(旁),YouBike2.0_Gaocuo Ln. Jianshan Rd.,Yingge Dist,"No. 276-5, Jianshan Rd. (Side)",500234036,15,7,20260820T000502,24.94495,121.34102,7,1,7,0,2026-08-20T00:20:48+08:00
新北市,New Taipei City,YouBike2.0_公八停車場,鶯歌區,國華路53號(對面),YouBike2.0_Public 8th Parking Lot,Yingge Dist,"No.53, Guohua Rd. (opposite)",500234037,15,8,20260819T232202,24.95515,121.34285,6,1,3,5,2026-08-20T00:20:48+08:00
新北市,New Taipei City,YouBike2.0_龍三鳳鳴路口,鶯歌區,鳳鳴路541號,YouBike2.0_Long 3rd. Rd. & Fengming Rd. Intersection,Yingge Dist,"No. 541, Fengming Rd.",500234038,18,10,20260820T001204,24.97286,121.33137,8,1,10,0,2026-08-20T00:20:48+08:00
新北市,New Taipei City,YouBike2.0_鳳福鳳三路口,鶯歌區,鳳三路360號,YouBike2.0_Fengfu Rd. & Feng 3rd. Rd. Intersection,Yingge Dist,"No. 360, Feng 3rd Rd.",500234039,22,5,20260819T224103,24.97567,121.33143,17,1,5,0,2026-08-20T00:20:48+08:00
新北市,New Taipei City,YouBike2.0_北鶯公園,鶯歌區,成功街20巷19號(旁),YouBike2.0_Beiying Park,Yingge Dist,"No. 19, Ln. 20, Chenggong St. (Side)",500234040,15,10,20260819T224303,24.95777,121.35942,5,1,8,2,2026-08-20T00:20:48+08:00
新北市,New Taipei City,YouBike2.0_鶯歌火車站(文化路),鶯歌區,文化路/文化路115巷(北側),YouBike2.0_Yingge Station (Wenhua Rd.),Yingge Dist,"Ln. 115, Wenhua Rd. Intersection (North)",500234041,25,19,20260819T214603,24.95536,121.35697,6,1,17,2,2026-08-20T00:20:48+08:00
新北市,New Taipei City,YouBike2.0_鳳七鶯歌路口,鶯歌區,鶯歌路101-107號(旁),YouBike2.0_Feng 7th Rd. & Yingge Rd. Intersection,Yingge Dist,"No. 101-107, Yingge Rd. (Side)",500234042,11,6,20260819T234403,24.96916,121.33193,5,1,6,0,2026-08-20T00:20:48+08:00
新北市,New Taipei City,YouBike2.0_國際一路112巷口,鶯歌區,國際一路167號(前),"YouBike2.0_Ln. 112, GuoJi 1st Rd.",Yingge Dist,"No. 167, GuoJi 1st Rd. (Front)",500234043,15,7,20260819T230303,24.97667,121.33579,8,1,4,3,2026-08-20T00:20:48+08:00
新北市,New Taipei City,YouBike2.0_臺鐵鳳鳴站,鶯歌區,鳳一路/鶯歌路口,YouBike2.0_Fengming Station,Yingge Dist,Feng 1st Rd. & YingGe Rd.,500234044,40,0,20260819T210005,24.97227,121.33674,0,0,0,0,2026-08-20T00:20:48+08:00
新北市,New Taipei City,YouBike2.0_鶯歌陶瓷老街,鶯歌區,重慶街/國慶街(西南側),YouBike2.0_YingGe Old Street,Yingge Dist,ChongQing St. & GuoQing St. (Southwest),500234045,33,20,20260819T224402,24.95219,121.351,12,1,19,1,2026-08-20T00:20:48+08:00
新北市,New Taipei City,YouBike2.0_鶯歌火車站(仁愛路62號),鶯歌區,仁愛路62號(東側),"YouBike2.0_YingGe Station (No. 62, RenAi Rd.)",Yingge Dist,"No. 62, RenAi Rd. (East)",500234046,42,10,20260819T231304,24.95505,121.35407,31,1,9,1,2026-08-20T00:20:48+08:00
新北市,New Taipei City,YouBike2.0_臺鐵鳳鳴站(鶯歌路),鶯歌區,鶯歌路276號(對面),YouBike2.0_Fengming Station (YingGe Rd.),Yingge Dist,"No. 276, YingGe Rd. (Opposite)",500234047,20,0,20260820T001019,24.97189,121.33651,20,1,0,0,2026-08-20T00:20:48+08:00
新北市,New Taipei City,YouBike2.0_光明育智路口,鶯歌區,光明街126號(東南側),YouBike2.0_GuangMing St. & YuZhi Rd. Intersection,Yingge Dist,"No. 126, GuangMing St. (Southeast)",500234048,14,5,20260819T233019,24.95587,121.3456,9,1,5,0,2026-08-20T00:20:48+08:00
新北市,New Taipei City,YouBike2.0_新鳳公園,鶯歌區,鶯桃路二段60號(對側),YouBike2.0_XinFeng Park,Yingge Dist,"No. 60, Sec. 2, YingTao Rd. (Opposite)",500234049,14,9,20260819T234203,24.9732,121.32474,4,1,9,0,2026-08-20T00:20:48+08:00
新北市,New Taipei City,YouBike2.0_鳳鳴機器人公園,鶯歌區,鳳鳴路/福安街7巷24弄口,YouBike2.0_FengMing Robot Park,Yingge Dist,"FengMing Rd. & Aly. 24, Ln. 7, FuAn St.",500234050,17,4,20260819T222904,24.96618,121.33465,13,1,4,0,2026-08-20T00:20:48+08:00
新北市,New Taipei City,YouBike2.0_龍五鳳七路口,鶯歌區,龍五路/鳳七路口,YouBike2.0_Long 5th Rd. & Feng 7th Rd. Intersection,Yingge Dist,Long 5th Rd. & Feng 7th Rd. Intersection,500234051,30,24,20260820T001204,24.97043,121.33101,6,1,22,2,2026-08-20T00:20:48+08:00
新北市,New Taipei City,YouBike2.0_龍鳳夜市,鶯歌區,鳳三路/龍三路(東南側),YouBike2.0_LongFeng Night Market,Yingge Dist,Feng 3rd Rd. & Long 3rd Rd. (Southeast),500234052,30,8,20260819T221603,24.97329,121.33331,22,1,8,0,2026-08-20T00:20:48+08:00
新北市,New Taipei City,YouBike2.0_中湖市民活動中心,鶯歌區,中湖街21號,YouBike2.0_Zhonghu Civic Activity Center,Yingge Dist,"No. 21, ZhongHu St.",500234053,20,4,20260819T210603,24.97298,121.3472,16,1,4,0,2026-08-20T00:20:48+08:00
新北市,New Taipei City,YouBike2.0_鳳一鳳吉一街口,鶯歌區,鳳吉一街259號(旁),YouBike2.0_Feng 1st Rd. & FengJi 1st St. Intersection,Yingge Dist,"No. 259, FengJi 1st St. (Side)",500234054,20,11,20260819T230505,24.97677,121.3317,9,1,10,1,2026-08-20T00:20:48+08:00
新北市,New Taipei City,YouBike2.0_鳳五路122號前,鶯歌區,鳳五路122號前,"YouBike2.0_No. 122, Feng 5th Rd.",Yingge Dist,"No. 122, Feng 5th Rd. (Front)",500234055,18,8,20260819T225103,24.97316,121.32991,9,1,7,1,2026-08-20T00:20:48+08:00
新北市,New Taipei City,YouBike2.0_建國永昌街口,鶯歌區,建國路546號(對面),YouBike2.0_JianGuo Rd. & YongChang St. Intersection,Yingge Dist,"No. 546, JianGuo Rd. (Opposite)",500234056,17,4,20260819T191303,24.95031,121.33831,13,1,2,2,2026-08-20T00:20:48+08:00
新北市,New Taipei City,YouBike2.0_捷運鶯歌車站,鶯歌區,館前路300號(對側),YouBike2.0_MRT Yingge Sta.,Yingge Dist,"No. 300, GuanQian Rd. (Opposite)",500234057,34,14,20260819T224003,24.95322,121.35668,20,1,14,0,2026-08-20T00:20:48+08:00
新北市,New Taipei City,YouBike2.0_鳳三龍七路口,鶯歌區,鳳三路68號,YouBike2.0_Feng 3rd Rd. & Long 7th Rd. Intersection,Yingge Dist,"No. 68, Feng 3rd Rd.",500234058,18,6,20260820T001402,24.97204,121.33467,12,1,6,0,2026-08-20T00:20:48+08:00
新北市,New Taipei City,YouBike2.0_捷運國華站,鶯歌區,國華路45號(對側),YouBike2.0_MRT Guohua Sta.,Yingge Dist,"No. 45, GuoHua Rd. (Opposite)",500234059,24,10,20260819T231403,24.95535,121.34251,14,1,10,0,2026-08-20T00:20:48+08:00
新北市,New Taipei City,YouBike2.0_捷運陶瓷老街站,鶯歌區,捷運陶瓷老街站(重慶街側),YouBike2.0_MRT Ceramics Old Street Sta.,Yingge Dist,MRT Ceramics Old Street Sta. (ChongQing St.),500234060,36,17,20260819T230204,24.95212,121.35065,19,1,17,0,2026-08-20T00:20:48+08:00
新北市,New Taipei City,YouBike2.0_捷運永吉公園站,鶯歌區,鶯桃路296巷口,YouBike2.0_MRT Yongji Park Sta.,Yingge Dist,"Ln. 296, YingTao Rd. Intersection",500234061,47,13,20260819T214603,24.96048,121.33476,34,1,12,1,2026-08-20T00:20:48+08:00
新北市,New Taipei City,YouBike2.0_捷運鶯桃福德站,鶯歌區,福德一路20號(對側),YouBike2.0_MRT Yingtao Fude Sta.,Yingge Dist,"No. 20, FuDe 1st Rd. (Opposite)",500234062,75,16,20260819T231003,24.96704,121.33044,58,1,16,0,2026-08-20T00:20:48+08:00
新北市,New Taipei City,YouBike2.0_捷運國華站(2號出口),鶯歌區,國華路97號(對側),YouBike2.0_MRT Guohua Sta.(Exit 2),Yingge Dist,"No. 97, GuoHua Rd. (Opposite)",500234063,60,18,20260819T192004,24.95374,121.34301,42,1,18,0,2026-08-20T00:20:48+08:00
新北市,New Taipei City,YouBike2.0_鶯歌山水步道停車場,鶯歌區,觀景涼亭停車場,YouBike2.0_YingGe Riverside Trail Car Park,Yingge Dist,YingGe Riverside Trail Car Park,500234064,24,6,20260819T215802,24.93205,121.32825,18,1,5,1,2026-08-20T00:20:48+08:00
新北市,New Taipei City,YouBike2.0_鶯歌環河自行車道,鶯歌區,環河路/甲三街(南側自行車道),YouBike2.0_YingGe Riverside Cycling Route,Yingge Dist,Huanhe Rd. & Jia 3rd St. (South),500234065,20,12,20260819T213204,24.92967,121.33837,8,1,12,0,2026-08-20T00:20:48+08:00
新北市,New Taipei City,YouBike2.0_鶯歌火車站(仁愛路),鶯歌區,仁愛路55號對側,YouBike2.0_Yingge Railway Station(Ren’ai Rd.),Yingge Dist,"No.55, Ren’ai Rd., Yingge Dist.(opposite)",500234001,69,9,20260820T000202,24.95559,121.35441,58,1,8,1,2026-08-20T00:53:53+08:00
新北市,New Taipei City,YouBike2.0_新北市立圖書館鶯歌分館,鶯歌區,中山路150號,YouBike2.0_New Taipei City Library Yingge Branch,Yingge Dist,"No.150, Zhongshan Rd.",500234002,20,5,20260820T004504,24.9572,121.34946,14,1,5,0,2026-08-20T00:53:53+08:00
新北市,New Taipei City,YouBike2.0_文化館前路口,鶯歌區,文化路407號旁,YouBike2.0_Yingge Ceramics Museum,Yingge Dist,"No. 407, Wenhua Rd.",500234003,44,10,20260819T230602,24.94948,121.35291,34,1,9,1,2026-08-20T00:53:53+08:00
新北市,New Taipei City,YouBike2.0_鶯歌國民運動中心,鶯歌區,館前路250號運動中心前,YouBike2.0_Yingge Civil Sports Center,Yingge Dist,"No.250, Guanqian Rd., Yingge Dist.",500234004,38,15,20260819T224303,24.95139,121.35733,22,1,13,2,2026-08-20T00:53:53+08:00
新北市,New Taipei City,YouBike2.0_尖山國中,鶯歌區,國中街1號,YouBike2.0_Municipal Jianshan Junior High School,Yingge Dist,"No.1, Guozhong St., Yingge Dist(sidewalk)",500234005,20,4,20260819T210503,24.94381,121.34207,16,1,4,0,2026-08-20T00:53:53+08:00
新北市,New Taipei City,YouBike2.0_新北市立鶯歌高級工商職業學校,鶯歌區,中正三路154號,YouBike2.0_New Taipei Municipal Yingge Vocational High School,Yingge Dist,"No. 154, Zhongzheng 3rd. Rd",500234006,56,2,20260820T000902,24.93923,121.33488,54,1,2,0,2026-08-20T00:53:53+08:00
新北市,New Taipei City,YouBike2.0_鶯歌國中,鶯歌區,鶯桃路39-5號對側,YouBike2.0_Yingge Junior High chool,Yingge Dist,"No.39-5, Yingtao Rd.(opposite)",500234007,30,8,20260819T222203,24.95119,121.34256,21,1,7,1,2026-08-20T00:53:53+08:00
新北市,New Taipei City,YouBike2.0_永吉國小,鶯歌區,德昌二街39號對側,YouBike2.0_Yongchi elementary school,Yingge Dist,"No.39, Dechang 2nd St., Yingge Dist.",500234008,20,12,20260820T002602,24.95865,121.33308,8,1,11,1,2026-08-20T00:53:53+08:00
新北市,New Taipei City,YouBike2.0_鳳祥公園,鶯歌區,鶯桃路365巷130號對側,YouBike2.0_Fengxiang Park,Yingge Dist,"No.130, Ln. 365, Yingtao Rd., Yingge Dist.",500234009,20,9,20260820T002302,24.96283,121.33025,10,1,8,1,2026-08-20T00:53:53+08:00
新北市,New Taipei City,YouBike2.0_鳳鳴國小,鶯歌區,永和街120號,YouBike2.0_Fengming Elementary School,Yingge Dist,"No.120, Yonghe St., Yingge Dist.",500234010,20,9,20260820T004603,24.9692,121.3347,11,1,8,1,2026-08-20T00:53:53+08:00
新北市,New Taipei City,YouBike2.0_國際二國際一路口,鶯歌區,國際二路與國際一路口,YouBike2.0_Guoji 2nd Guoji 1st Intersection,Yingge Dist,"Guoji 2nd Rd./Guoji 1st Rd., Yingge Dist.",500234011,20,6,20260819T183603,24.97577,121.3353,14,1,4,2,2026-08-20T00:53:53+08:00
新北市,New Taipei City,YouBike2.0_鳳福公園,鶯歌區,鳳吉一街186號(對面),YouBike2.0_Fengfu Park,Yingge Dist,"No. 186, Fengji 1st St., Yingge Dist.(opposite)",500234012,20,9,20260820T004817,24.97572,121.32938,11,1,9,0,2026-08-20T00:53:53+08:00
新北市,New Taipei City,YouBike2.0_尖山公園,鶯歌區,鶯歌區尖山路161號對面,YouBike2.0_Jianshan Park,Yingge Dist,"No.161, Jianshan Rd.(opposite)",500234013,29,24,20260819T230303,24.9482,121.346,5,1,21,3,2026-08-20T00:53:53+08:00
新北市,New Taipei City,YouBike2.0_永昌里兒一公園,鶯歌區,鶯桃路182巷96弄36-38號對側,YouBike2.0_Yongchang Village Children Park (No.1),Yingge Dist,"No.36-38, Aly. 96, Ln. 182, Yingtao Rd.(oppsite)",500234014,20,11,20260819T232502,24.956649374562204,121.33959628800724,9,1,10,1,2026-08-20T00:53:53+08:00
新北市,New Taipei City,YouBike2.0_南雅育智路口,鶯歌區,南雅路491號(對面),YouBike2.0_Nanya & Yuzhi Rd. Intersection,Yingge Dist,"No.491, Nanya Rd., Yingge Dist.(opposite)",500234015,22,7,20260819T231903,24.954,121.346,14,1,6,1,2026-08-20T00:53:53+08:00
新北市,New Taipei City,YouBike2.0_國中二甲路口,鶯歌區,國中街175號(前),YouBike2.0_Guozhong & Erjia Intersection,Yingge Dist,"No. 175, Guozhong St., Yingge Dist.",500234016,20,9,20260820T002702,24.939489067109363,121.33868650698288,11,1,7,2,2026-08-20T00:53:53+08:00
新北市,New Taipei City,YouBike2.0_鶯歌永利街,鶯歌區,永利街16號(對面),YouBike2.0_Yingge Yongli St.,Yingge Dist,"No. 16, Yongli St. Yingge Dist.",500234017,15,10,20260820T002402,24.95495,121.33911,4,1,9,1,2026-08-20T00:53:53+08:00
新北市,New Taipei City,YouBike2.0_二橋虹橋公園,鶯歌區,中正三路400號(對面),YouBike2.0_Erqiaoshiguanghongqiao Park,Yingge Dist,"No. 400, Zhongzheng 3rd Rd.(Opposite)",500234018,10,5,20260819T235803,24.93453,121.32595,5,1,5,0,2026-08-20T00:53:53+08:00
新北市,New Taipei City,YouBike2.0_鳳吉四鳳七路口(捷士匯社區),鶯歌區,鳳吉四街57-75號(旁),YouBike2.0_Fengji 4th & Feng 7th Rd. Intersection,Yingge Dist,"No. 57-75, Fengji 4th St.",500234021,40,22,20260820T000102,24.97383,121.32769,18,1,22,0,2026-08-20T00:53:53+08:00
新北市,New Taipei City,YouBike2.0_鶯歌老街第二停車場,鶯歌區,尖山埔路27-31號(對面),YouBike2.0_Yingge Old Street 2nd Parking Lot,Yingge Dist,"No. 27-31, Jianshanpu Rd.(Opposite)",500234022,20,7,20260819T195304,24.94895,121.34227,13,1,7,0,2026-08-20T00:53:53+08:00
新北市,New Taipei City,YouBike2.0_建國中正一路口(北鶯社區),鶯歌區,建國路6號(對面空地),YouBike2.0_Jianguo Zhongzheng 1st Rd. Intersection,Yingge Dist,"No. 6, Jianguo Rd.(Opposite)",500234023,20,9,20260819T202802,24.95658,121.35692,11,1,8,1,2026-08-20T00:53:53+08:00
新北市,New Taipei City,YouBike2.0_三鶯水資源回收中心,鶯歌區,館前路360號(旁),YouBike2.0_Sanying Water Recycling Center,Yingge Dist,"No. 360, Guanqian Rd.",500234024,14,7,20260819T215603,24.95535,121.35996,6,1,5,2,2026-08-20T00:53:53+08:00
新北市,New Taipei City,YouBike2.0_永和街65巷口,鶯歌區,永和街75號,"YouBike2.0_Ln. 65, Yonghe St. Intersection",Yingge Dist,"No. 75, Yonghe St.",500234025,37,17,20260819T235603,24.96798,121.3331413,20,1,13,4,2026-08-20T00:53:53+08:00
新北市,New Taipei City,YouBike2.0_鶯歌陶瓷博物館,鶯歌區,文化路200號(旁),YouBike2.0_Yingge Ceramics Museum(Wenhua Rd.),Yingge Dist,"No. 200, Wenhua Rd.",500234026,22,3,20260819T224604,24.95012,121.35245,19,1,3,0,2026-08-20T00:53:53+08:00
新北市,New Taipei City,YouBike2.0_礫間停車場,鶯歌區,礫間停車場,YouBike2.0_Lijian Parking,Yingge Dist,Lijian Parking,500234028,20,9,20260819T224303,24.9518,121.35445,11,1,8,1,2026-08-20T00:53:53+08:00
新北市,New Taipei City,YouBike2.0_北鶯停車場,鶯歌區,北鶯停車場,YouBike2.0_Beiying Parking,Yingge Dist,Beiying Parking,500234029,20,10,20260819T130204,24.95567,121.35992,10,1,10,0,2026-08-20T00:53:53+08:00
新北市,New Taipei City,YouBike2.0_育英建國路口,鶯歌區,建國路280號(旁),YouBike2.0_Yuying Jianguo Rd. Intersection,Yingge Dist,"No. 280, Jianguo Rd.",500234030,12,5,20260819T225903,24.95356,121.34693,6,1,5,0,2026-08-20T00:53:53+08:00
新北市,New Taipei City,YouBike2.0_中正一仁愛路口,鶯歌區,中正一路181號(對面),YouBike2.0_Zhongzheng 1st & Ren'ai Rd Intersection,Yingge Dist,"No. 181, Zhongzheng 1st Rd.(Opposite)",500234031,15,5,20260819T202003,24.95672,121.3532,10,1,3,2,2026-08-20T00:53:53+08:00
新北市,New Taipei City,YouBike2.0_建國國小,鶯歌區,育英街19號(旁),YouBike2.0_Jianguo Elementary School,Yingge Dist,"No. 19, Yuying St.",500234032,15,5,20260820T000604,24.95521,121.34727,10,1,5,0,2026-08-20T00:53:53+08:00
新北市,New Taipei City,YouBike2.0_光明橋,鶯歌區,永明街78號(旁),YouBike2.0_Guang-ming bridge,Yingge Dist,"No. 78, Yongming St., Yingge Dist.(side)",500234033,14,6,20260820T002616,24.95577,121.34128,8,1,4,2,2026-08-20T00:53:53+08:00
新北市,New Taipei City,YouBike2.0_二橋派出所,鶯歌區,高職西街/中正三路口(西北側),YouBike2.0_Erqiao Police Station,Yingge Dist,"Gaozhi W. St. & Zhongzheng 3rd Rd., Yingge Dist. (west side)",500234034,11,3,20260820T002402,24.94216,121.33884,7,1,1,2,2026-08-20T00:53:53+08:00
新北市,New Taipei City,YouBike2.0_國中高職東街口,鶯歌區,國中路113至117-3號(對面),YouBike2.0_Guozhong & Gaozhi E. Intersection,Yingge Dist,"No. 113, Guozhong St., Yingge Dist.(opposite)",500234035,15,5,20260819T213703,24.94117,121.34116,10,1,4,1,2026-08-20T00:53:53+08:00
新北市,New Taipei City,YouBike2.0_尖山路高厝巷口,鶯歌區,尖山路276-5號(旁),YouBike2.0_Gaocuo Ln. Jianshan Rd.,Yingge Dist,"No. 276-5, Jianshan Rd. (Side)",500234036,15,7,20260820T000502,24.94495,121.34102,7,1,7,0,2026-08-20T00:53:53+08:00
新北市,New Taipei City,YouBike2.0_公八停車場,鶯歌區,國華路53號(對面),YouBike2.0_Public 8th Parking Lot,Yingge Dist,"No.53, Guohua Rd. (opposite)",500234037,15,8,20260819T232202,24.95515,121.34285,6,1,3,5,2026-08-20T00:53:53+08:00
新北市,New Taipei City,YouBike2.0_龍三鳳鳴路口,鶯歌區,鳳鳴路541號,YouBike2.0_Long 3rd. Rd. & Fengming Rd. Intersection,Yingge Dist,"No. 541, Fengming Rd.",500234038,18,10,20260820T001204,24.97286,121.33137,8,1,10,0,2026-08-20T00:53:53+08:00
新北市,New Taipei City,YouBike2.0_鳳福鳳三路口,鶯歌區,鳳三路360號,YouBike2.0_Fengfu Rd. & Feng 3rd. Rd. Intersection,Yingge Dist,"No. 360, Feng 3rd Rd.",500234039,22,5,20260819T224103,24.97567,121.33143,17,1,5,0,2026-08-20T00:53:53+08:00
新北市,New Taipei City,YouBike2.0_北鶯公園,鶯歌區,成功街20巷19號(旁),YouBike2.0_Beiying Park,Yingge Dist,"No. 19, Ln. 20, Chenggong St. (Side)",500234040,15,9,20260820T004103,24.95777,121.35942,6,1,7,2,2026-08-20T00:53:53+08:00
新北市,New Taipei City,YouBike2.0_鶯歌火車站(文化路),鶯歌區,文化路/文化路115巷(北側),YouBike2.0_Yingge Station (Wenhua Rd.),Yingge Dist,"Ln. 115, Wenhua Rd. Intersection (North)",500234041,25,19,20260819T214603,24.95536,121.35697,6,1,17,2,2026-08-20T00:53:53+08:00
新北市,New Taipei City,YouBike2.0_鳳七鶯歌路口,鶯歌區,鶯歌路101-107號(旁),YouBike2.0_Feng 7th Rd. & Yingge Rd. Intersection,Yingge Dist,"No. 101-107, Yingge Rd. (Side)",500234042,11,6,20260819T234403,24.96916,121.33193,5,1,6,0,2026-08-20T00:53:53+08:00
新北市,New Taipei City,YouBike2.0_國際一路112巷口,鶯歌區,國際一路167號(前),"YouBike2.0_Ln. 112, GuoJi 1st Rd.",Yingge Dist,"No. 167, GuoJi 1st Rd. (Front)",500234043,15,7,20260819T230303,24.97667,121.33579,8,1,4,3,2026-08-20T00:53:53+08:00
新北市,New Taipei City,YouBike2.0_臺鐵鳳鳴站,鶯歌區,鳳一路/鶯歌路口,YouBike2.0_Fengming Station,Yingge Dist,Feng 1st Rd. & YingGe Rd.,500234044,40,0,20260819T210005,24.97227,121.33674,0,0,0,0,2026-08-20T00:53:53+08:00
新北市,New Taipei City,YouBike2.0_鶯歌陶瓷老街,鶯歌區,重慶街/國慶街(西南側),YouBike2.0_YingGe Old Street,Yingge Dist,ChongQing St. & GuoQing St. (Southwest),500234045,33,20,20260819T224402,24.95219,121.351,12,1,19,1,2026-08-20T00:53:53+08:00
新北市,New Taipei City,YouBike2.0_鶯歌火車站(仁愛路62號),鶯歌區,仁愛路62號(東側),"YouBike2.0_YingGe Station (No. 62, RenAi Rd.)",Yingge Dist,"No. 62, RenAi Rd. (East)",500234046,42,10,20260819T231304,24.95505,121.35407,31,1,9,1,2026-08-20T00:53:53+08:00
新北市,New Taipei City,YouBike2.0_臺鐵鳳鳴站(鶯歌路),鶯歌區,鶯歌路276號(對面),YouBike2.0_Fengming Station (YingGe Rd.),Yingge Dist,"No. 276, YingGe Rd. (Opposite)",500234047,20,10,20260820T003802,24.97189,121.33651,10,1,10,0,2026-08-20T00:53:53+08:00
新北市,New Taipei City,YouBike2.0_光明育智路口,鶯歌區,光明街126號(東南側),YouBike2.0_GuangMing St. & YuZhi Rd. Intersection,Yingge Dist,"No. 126, GuangMing St. (Southeast)",500234048,14,5,20260819T233019,24.95587,121.3456,9,1,5,0,2026-08-20T00:53:53+08:00
新北市,New Taipei City,YouBike2.0_新鳳公園,鶯歌區,鶯桃路二段60號(對側),YouBike2.0_XinFeng Park,Yingge Dist,"No. 60, Sec. 2, YingTao Rd. (Opposite)",500234049,14,9,20260819T234203,24.9732,121.32474,4,1,9,0,2026-08-20T00:53:53+08:00
新北市,New Taipei City,YouBike2.0_鳳鳴機器人公園,鶯歌區,鳳鳴路/福安街7巷24弄口,YouBike2.0_FengMing Robot Park,Yingge Dist,"FengMing Rd. & Aly. 24, Ln. 7, FuAn St.",500234050,17,3,20260820T003102,24.96618,121.33465,14,1,3,0,2026-08-20T00:53:53+08:00
新北市,New Taipei City,YouBike2.0_龍五鳳七路口,鶯歌區,龍五路/鳳七路口,YouBike2.0_Long 5th Rd. & Feng 7th Rd. Intersection,Yingge Dist,Long 5th Rd. & Feng 7th Rd. Intersection,500234051,30,24,20260820T001204,24.97043,121.33101,6,1,22,2,2026-08-20T00:53:53+08:00
新北市,New Taipei City,YouBike2.0_龍鳳夜市,鶯歌區,鳳三路/龍三路(東南側),YouBike2.0_LongFeng Night Market,Yingge Dist,Feng 3rd Rd. & Long 3rd Rd. (Southeast),500234052,30,8,20260819T221603,24.97329,121.33331,22,1,8,0,2026-08-20T00:53:53+08:00
新北市,New Taipei City,YouBike2.0_中湖市民活動中心,鶯歌區,中湖街21號,YouBike2.0_Zhonghu Civic Activity Center,Yingge Dist,"No. 21, ZhongHu St.",500234053,20,4,20260819T210603,24.97298,121.3472,16,1,4,0,2026-08-20T00:53:53+08:00
新北市,New Taipei City,YouBike2.0_鳳一鳳吉一街口,鶯歌區,鳳吉一街259號(旁),YouBike2.0_Feng 1st Rd. & FengJi 1st St. Intersection,Yingge Dist,"No. 259, FengJi 1st St. (Side)",500234054,20,11,20260819T230505,24.97677,121.3317,9,1,10,1,2026-08-20T00:53:53+08:00
新北市,New Taipei City,YouBike2.0_鳳五路122號前,鶯歌區,鳳五路122號前,"YouBike2.0_No. 122, Feng 5th Rd.",Yingge Dist,"No. 122, Feng 5th Rd. (Front)",500234055,18,8,20260819T225103,24.97316,121.32991,9,1,7,1,2026-08-20T00:53:53+08:00
新北市,New Taipei City,YouBike2.0_建國永昌街口,鶯歌區,建國路546號(對面),YouBike2.0_JianGuo Rd. & YongChang St. Intersection,Yingge Dist,"No. 546, JianGuo Rd. (Opposite)",500234056,17,4,20260819T191303,24.95031,121.33831,13,1,2,2,2026-08-20T00:53:53+08:00
新北市,New Taipei City,YouBike2.0_捷運鶯歌車站,鶯歌區,館前路300號(對側),YouBike2.0_MRT Yingge Sta.,Yingge Dist,"No. 300, GuanQian Rd. (Opposite)",500234057,34,14,20260819T224003,24.95322,121.35668,20,1,14,0,2026-08-20T00:53:53+08:00
新北市,New Taipei City,YouBike2.0_鳳三龍七路口,鶯歌區,鳳三路68號,YouBike2.0_Feng 3rd Rd. & Long 7th Rd. Intersection,Yingge Dist,"No. 68, Feng 3rd Rd.",500234058,18,6,20260820T001402,24.97204,121.33467,12,1,6,0,2026-08-20T00:53:53+08:00
新北市,New Taipei City,YouBike2.0_捷運國華站,鶯歌區,國華路45號(對側),YouBike2.0_MRT Guohua Sta.,Yingge Dist,"No. 45, GuoHua Rd. (Opposite)",500234059,24,9,20260820T002002,24.95535,121.34251,15,1,9,0,2026-08-20T00:53:53+08:00
新北市,New Taipei City,YouBike2.0_捷運陶瓷老街站,鶯歌區,捷運陶瓷老街站(重慶街側),YouBike2.0_MRT Ceramics Old Street Sta.,Yingge Dist,MRT Ceramics Old Street Sta. (ChongQing St.),500234060,36,17,20260819T230204,24.95212,121.35065,19,1,17,0,2026-08-20T00:53:53+08:00
新北市,New Taipei City,YouBike2.0_捷運永吉公園站,鶯歌區,鶯桃路296巷口,YouBike2.0_MRT Yongji Park Sta.,Yingge Dist,"Ln. 296, YingTao Rd. Intersection",500234061,47,14,20260820T002203,24.96048,121.33476,33,1,13,1,2026-08-20T00:53:53+08:00
新北市,New Taipei City,YouBike2.0_捷運鶯桃福德站,鶯歌區,福德一路20號(對側),YouBike2.0_MRT Yingtao Fude Sta.,Yingge Dist,"No. 20, FuDe 1st Rd. (Opposite)",500234062,75,16,20260819T231003,24.96704,121.33044,58,1,16,0,2026-08-20T00:53:53+08:00
新北市,New Taipei City,YouBike2.0_捷運國華站(2號出口),鶯歌區,國華路97號(對側),YouBike2.0_MRT Guohua Sta.(Exit 2),Yingge Dist,"No. 97, GuoHua Rd. (Opposite)",500234063,60,18,20260819T192004,24.95374,121.34301,42,1,18,0,2026-08-20T00:53:53+08:00
新北市,New Taipei City,YouBike2.0_鶯歌山水步道停車場,鶯歌區,觀景涼亭停車場,YouBike2.0_YingGe Riverside Trail Car Park,Yingge Dist,YingGe Riverside Trail Car Park,500234064,24,6,20260819T215802,24.93205,121.32825,18,1,5,1,2026-08-20T00:53:53+08:00
新北市,New Taipei City,YouBike2.0_鶯歌環河自行車道,鶯歌區,環河路/甲三街(南側自行車道),YouBike2.0_YingGe Riverside Cycling Route,Yingge Dist,Huanhe Rd. & Jia 3rd St. (South),500234065,20,12,20260819T213204,24.92967,121.33837,8,1,12,0,2026-08-20T00:53:53+08:00
新北市,New Taipei City,YouBike2.0_鶯歌火車站(仁愛路),鶯歌區,仁愛路55號對側,YouBike2.0_Yingge Railway Station(Ren’ai Rd.),Yingge Dist,"No.55, Ren’ai Rd., Yingge Dist.(opposite)",500234001,69,9,20260820T011402,24.95559,121.35441,58,1,9,0,2026-08-20T01:19:03+08:00
新北市,New Taipei City,YouBike2.0_新北市立圖書館鶯歌分館,鶯歌區,中山路150號,YouBike2.0_New Taipei City Library Yingge Branch,Yingge Dist,"No.150, Zhongshan Rd.",500234002,20,5,20260820T004504,24.9572,121.34946,14,1,5,0,2026-08-20T01:19:03+08:00
新北市,New Taipei City,YouBike2.0_文化館前路口,鶯歌區,文化路407號旁,YouBike2.0_Yingge Ceramics Museum,Yingge Dist,"No. 407, Wenhua Rd.",500234003,44,10,20260819T230602,24.94948,121.35291,34,1,9,1,2026-08-20T01:19:03+08:00
新北市,New Taipei City,YouBike2.0_鶯歌國民運動中心,鶯歌區,館前路250號運動中心前,YouBike2.0_Yingge Civil Sports Center,Yingge Dist,"No.250, Guanqian Rd., Yingge Dist.",500234004,38,15,20260819T224303,24.95139,121.35733,22,1,13,2,2026-08-20T01:19:03+08:00
新北市,New Taipei City,YouBike2.0_尖山國中,鶯歌區,國中街1號,YouBike2.0_Municipal Jianshan Junior High School,Yingge Dist,"No.1, Guozhong St., Yingge Dist(sidewalk)",500234005,20,4,20260819T210503,24.94381,121.34207,16,1,4,0,2026-08-20T01:19:03+08:00
新北市,New Taipei City,YouBike2.0_新北市立鶯歌高級工商職業學校,鶯歌區,中正三路154號,YouBike2.0_New Taipei Municipal Yingge Vocational High School,Yingge Dist,"No. 154, Zhongzheng 3rd. Rd",500234006,56,2,20260820T000902,24.93923,121.33488,54,1,2,0,2026-08-20T01:19:03+08:00
新北市,New Taipei City,YouBike2.0_鶯歌國中,鶯歌區,鶯桃路39-5號對側,YouBike2.0_Yingge Junior High chool,Yingge Dist,"No.39-5, Yingtao Rd.(opposite)",500234007,30,8,20260819T222203,24.95119,121.34256,21,1,7,1,2026-08-20T01:19:03+08:00
新北市,New Taipei City,YouBike2.0_永吉國小,鶯歌區,德昌二街39號對側,YouBike2.0_Yongchi elementary school,Yingge Dist,"No.39, Dechang 2nd St., Yingge Dist.",500234008,20,12,20260820T002602,24.95865,121.33308,8,1,11,1,2026-08-20T01:19:03+08:00
新北市,New Taipei City,YouBike2.0_鳳祥公園,鶯歌區,鶯桃路365巷130號對側,YouBike2.0_Fengxiang Park,Yingge Dist,"No.130, Ln. 365, Yingtao Rd., Yingge Dist.",500234009,20,10,20260820T010102,24.96283,121.33025,9,1,8,2,2026-08-20T01:19:03+08:00
新北市,New Taipei City,YouBike2.0_鳳鳴國小,鶯歌區,永和街120號,YouBike2.0_Fengming Elementary School,Yingge Dist,"No.120, Yonghe St., Yingge Dist.",500234010,20,9,20260820T004603,24.9692,121.3347,11,1,8,1,2026-08-20T01:19:03+08:00
新北市,New Taipei City,YouBike2.0_國際二國際一路口,鶯歌區,國際二路與國際一路口,YouBike2.0_Guoji 2nd Guoji 1st Intersection,Yingge Dist,"Guoji 2nd Rd./Guoji 1st Rd., Yingge Dist.",500234011,20,6,20260819T183603,24.97577,121.3353,14,1,4,2,2026-08-20T01:19:03+08:00
新北市,New Taipei City,YouBike2.0_鳳福公園,鶯歌區,鳳吉一街186號(對面),YouBike2.0_Fengfu Park,Yingge Dist,"No. 186, Fengji 1st St., Yingge Dist.(opposite)",500234012,20,9,20260820T004817,24.97572,121.32938,11,1,9,0,2026-08-20T01:19:03+08:00
新北市,New Taipei City,YouBike2.0_尖山公園,鶯歌區,鶯歌區尖山路161號對面,YouBike2.0_Jianshan Park,Yingge Dist,"No.161, Jianshan Rd.(opposite)",500234013,29,24,20260819T230303,24.9482,121.346,5,1,21,3,2026-08-20T01:19:03+08:00
新北市,New Taipei City,YouBike2.0_永昌里兒一公園,鶯歌區,鶯桃路182巷96弄36-38號對側,YouBike2.0_Yongchang Village Children Park (No.1),Yingge Dist,"No.36-38, Aly. 96, Ln. 182, Yingtao Rd.(oppsite)",500234014,20,11,20260819T232502,24.956649374562204,121.33959628800724,9,1,10,1,2026-08-20T01:19:03+08:00
新北市,New Taipei City,YouBike2.0_南雅育智路口,鶯歌區,南雅路491號(對面),YouBike2.0_Nanya & Yuzhi Rd. Intersection,Yingge Dist,"No.491, Nanya Rd., Yingge Dist.(opposite)",500234015,22,7,20260819T231903,24.954,121.346,14,1,6,1,2026-08-20T01:19:03+08:00
新北市,New Taipei City,YouBike2.0_國中二甲路口,鶯歌區,國中街175號(前),YouBike2.0_Guozhong & Erjia Intersection,Yingge Dist,"No. 175, Guozhong St., Yingge Dist.",500234016,20,9,20260820T002702,24.939489067109363,121.33868650698288,11,1,7,2,2026-08-20T01:19:03+08:00
新北市,New Taipei City,YouBike2.0_鶯歌永利街,鶯歌區,永利街16號(對面),YouBike2.0_Yingge Yongli St.,Yingge Dist,"No. 16, Yongli St. Yingge Dist.",500234017,15,10,20260820T002402,24.95495,121.33911,4,1,9,1,2026-08-20T01:19:03+08:00
新北市,New Taipei City,YouBike2.0_二橋虹橋公園,鶯歌區,中正三路400號(對面),YouBike2.0_Erqiaoshiguanghongqiao Park,Yingge Dist,"No. 400, Zhongzheng 3rd Rd.(Opposite)",500234018,10,5,20260819T235803,24.93453,121.32595,5,1,5,0,2026-08-20T01:19:03+08:00
新北市,New Taipei City,YouBike2.0_鳳吉四鳳七路口(捷士匯社區),鶯歌區,鳳吉四街57-75號(旁),YouBike2.0_Fengji 4th & Feng 7th Rd. Intersection,Yingge Dist,"No. 57-75, Fengji 4th St.",500234021,40,22,20260820T000102,24.97383,121.32769,18,1,22,0,2026-08-20T01:19:03+08:00
新北市,New Taipei City,YouBike2.0_鶯歌老街第二停車場,鶯歌區,尖山埔路27-31號(對面),YouBike2.0_Yingge Old Street 2nd Parking Lot,Yingge Dist,"No. 27-31, Jianshanpu Rd.(Opposite)",500234022,20,7,20260819T195304,24.94895,121.34227,13,1,7,0,2026-08-20T01:19:03+08:00
新北市,New Taipei City,YouBike2.0_建國中正一路口(北鶯社區),鶯歌區,建國路6號(對面空地),YouBike2.0_Jianguo Zhongzheng 1st Rd. Intersection,Yingge Dist,"No. 6, Jianguo Rd.(Opposite)",500234023,20,9,20260819T202802,24.95658,121.35692,11,1,8,1,2026-08-20T01:19:03+08:00
新北市,New Taipei City,YouBike2.0_三鶯水資源回收中心,鶯歌區,館前路360號(旁),YouBike2.0_Sanying Water Recycling Center,Yingge Dist,"No. 360, Guanqian Rd.",500234024,14,7,20260819T215603,24.95535,121.35996,6,1,5,2,2026-08-20T01:19:03+08:00
新北市,New Taipei City,YouBike2.0_永和街65巷口,鶯歌區,永和街75號,"YouBike2.0_Ln. 65, Yonghe St. Intersection",Yingge Dist,"No. 75, Yonghe St.",500234025,37,18,20260820T010003,24.96798,121.3331413,19,1,14,4,2026-08-20T01:19:03+08:00
新北市,New Taipei City,YouBike2.0_鶯歌陶瓷博物館,鶯歌區,文化路200號(旁),YouBike2.0_Yingge Ceramics Museum(Wenhua Rd.),Yingge Dist,"No. 200, Wenhua Rd.",500234026,22,3,20260819T224604,24.95012,121.35245,19,1,3,0,2026-08-20T01:19:03+08:00
新北市,New Taipei City,YouBike2.0_礫間停車場,鶯歌區,礫間停車場,YouBike2.0_Lijian Parking,Yingge Dist,Lijian Parking,500234028,20,9,20260819T224303,24.9518,121.35445,11,1,8,1,2026-08-20T01:19:03+08:00
新北市,New Taipei City,YouBike2.0_北鶯停車場,鶯歌區,北鶯停車場,YouBike2.0_Beiying Parking,Yingge Dist,Beiying Parking,500234029,20,10,20260819T130204,24.95567,121.35992,10,1,10,0,2026-08-20T01:19:03+08:00
新北市,New Taipei City,YouBike2.0_育英建國路口,鶯歌區,建國路280號(旁),YouBike2.0_Yuying Jianguo Rd. Intersection,Yingge Dist,"No. 280, Jianguo Rd.",500234030,12,5,20260819T225903,24.95356,121.34693,6,1,5,0,2026-08-20T01:19:03+08:00
新北市,New Taipei City,YouBike2.0_中正一仁愛路口,鶯歌區,中正一路181號(對面),YouBike2.0_Zhongzheng 1st & Ren'ai Rd Intersection,Yingge Dist,"No. 181, Zhongzheng 1st Rd.(Opposite)",500234031,15,5,20260819T202003,24.95672,121.3532,10,1,3,2,2026-08-20T01:19:03+08:00
新北市,New Taipei City,YouBike2.0_建國國小,鶯歌區,育英街19號(旁),YouBike2.0_Jianguo Elementary School,Yingge Dist,"No. 19, Yuying St.",500234032,15,5,20260820T000604,24.95521,121.34727,10,1,5,0,2026-08-20T01:19:03+08:00
新北市,New Taipei City,YouBike2.0_光明橋,鶯歌區,永明街78號(旁),YouBike2.0_Guang-ming bridge,Yingge Dist,"No. 78, Yongming St., Yingge Dist.(side)",500234033,14,6,20260820T002616,24.95577,121.34128,8,1,4,2,2026-08-20T01:19:03+08:00
新北市,New Taipei City,YouBike2.0_二橋派出所,鶯歌區,高職西街/中正三路口(西北側),YouBike2.0_Erqiao Police Station,Yingge Dist,"Gaozhi W. St. & Zhongzheng 3rd Rd., Yingge Dist. (west side)",500234034,11,3,20260820T002402,24.94216,121.33884,7,1,1,2,2026-08-20T01:19:03+08:00
新北市,New Taipei City,YouBike2.0_國中高職東街口,鶯歌區,國中路113至117-3號(對面),YouBike2.0_Guozhong & Gaozhi E. Intersection,Yingge Dist,"No. 113, Guozhong St., Yingge Dist.(opposite)",500234035,15,5,20260819T213703,24.94117,121.34116,10,1,4,1,2026-08-20T01:19:03+08:00
新北市,New Taipei City,YouBike2.0_尖山路高厝巷口,鶯歌區,尖山路276-5號(旁),YouBike2.0_Gaocuo Ln. Jianshan Rd.,Yingge Dist,"No. 276-5, Jianshan Rd. (Side)",500234036,15,7,20260820T000502,24.94495,121.34102,7,1,7,0,2026-08-20T01:19:03+08:00
新北市,New Taipei City,YouBike2.0_公八停車場,鶯歌區,國華路53號(對面),YouBike2.0_Public 8th Parking Lot,Yingge Dist,"No.53, Guohua Rd. (opposite)",500234037,15,8,20260820T010402,24.95515,121.34285,6,1,8,0,2026-08-20T01:19:03+08:00
新北市,New Taipei City,YouBike2.0_龍三鳳鳴路口,鶯歌區,鳳鳴路541號,YouBike2.0_Long 3rd. Rd. & Fengming Rd. Intersection,Yingge Dist,"No. 541, Fengming Rd.",500234038,18,10,20260820T001204,24.97286,121.33137,8,1,10,0,2026-08-20T01:19:03+08:00
新北市,New Taipei City,YouBike2.0_鳳福鳳三路口,鶯歌區,鳳三路360號,YouBike2.0_Fengfu Rd. & Feng 3rd. Rd. Intersection,Yingge Dist,"No. 360, Feng 3rd Rd.",500234039,22,5,20260819T224103,24.97567,121.33143,17,1,5,0,2026-08-20T01:19:03+08:00
新北市,New Taipei City,YouBike2.0_北鶯公園,鶯歌區,成功街20巷19號(旁),YouBike2.0_Beiying Park,Yingge Dist,"No. 19, Ln. 20, Chenggong St. (Side)",500234040,15,9,20260820T004103,24.95777,121.35942,6,1,7,2,2026-08-20T01:19:03+08:00
新北市,New Taipei City,YouBike2.0_鶯歌火車站(文化路),鶯歌區,文化路/文化路115巷(北側),YouBike2.0_Yingge Station (Wenhua Rd.),Yingge Dist,"Ln. 115, Wenhua Rd. Intersection (North)",500234041,25,19,20260819T214603,24.95536,121.35697,6,1,17,2,2026-08-20T01:19:03+08:00
新北市,New Taipei City,YouBike2.0_鳳七鶯歌路口,鶯歌區,鶯歌路101-107號(旁),YouBike2.0_Feng 7th Rd. & Yingge Rd. Intersection,Yingge Dist,"No. 101-107, Yingge Rd. (Side)",500234042,11,6,20260819T234403,24.96916,121.33193,5,1,6,0,2026-08-20T01:19:03+08:00
新北市,New Taipei City,YouBike2.0_國際一路112巷口,鶯歌區,國際一路167號(前),"YouBike2.0_Ln. 112, GuoJi 1st Rd.",Yingge Dist,"No. 167, GuoJi 1st Rd. (Front)",500234043,15,7,20260819T230303,24.97667,121.33579,8,1,4,3,2026-08-20T01:19:03+08:00
新北市,New Taipei City,YouBike2.0_臺鐵鳳鳴站,鶯歌區,鳳一路/鶯歌路口,YouBike2.0_Fengming Station,Yingge Dist,Feng 1st Rd. & YingGe Rd.,500234044,40,0,20260819T210005,24.97227,121.33674,0,0,0,0,2026-08-20T01:19:03+08:00
新北市,New Taipei City,YouBike2.0_鶯歌陶瓷老街,鶯歌區,重慶街/國慶街(西南側),YouBike2.0_YingGe Old Street,Yingge Dist,ChongQing St. & GuoQing St. (Southwest),500234045,33,20,20260819T224402,24.95219,121.351,12,1,19,1,2026-08-20T01:19:03+08:00
新北市,New Taipei City,YouBike2.0_鶯歌火車站(仁愛路62號),鶯歌區,仁愛路62號(東側),"YouBike2.0_YingGe Station (No. 62, RenAi Rd.)",Yingge Dist,"No. 62, RenAi Rd. (East)",500234046,42,6,20260820T011204,24.95505,121.35407,35,1,6,0,2026-08-20T01:19:03+08:00
新北市,New Taipei City,YouBike2.0_臺鐵鳳鳴站(鶯歌路),鶯歌區,鶯歌路276號(對面),YouBike2.0_Fengming Station (YingGe Rd.),Yingge Dist,"No. 276, YingGe Rd. (Opposite)",500234047,20,10,20260820T003802,24.97189,121.33651,10,1,10,0,2026-08-20T01:19:03+08:00
新北市,New Taipei City,YouBike2.0_光明育智路口,鶯歌區,光明街126號(東南側),YouBike2.0_GuangMing St. & YuZhi Rd. Intersection,Yingge Dist,"No. 126, GuangMing St. (Southeast)",500234048,14,4,20260820T005902,24.95587,121.3456,10,1,4,0,2026-08-20T01:19:03+08:00
新北市,New Taipei City,YouBike2.0_新鳳公園,鶯歌區,鶯桃路二段60號(對側),YouBike2.0_XinFeng Park,Yingge Dist,"No. 60, Sec. 2, YingTao Rd. (Opposite)",500234049,14,9,20260819T234203,24.9732,121.32474,4,1,9,0,2026-08-20T01:19:03+08:00
新北市,New Taipei City,YouBike2.0_鳳鳴機器人公園,鶯歌區,鳳鳴路/福安街7巷24弄口,YouBike2.0_FengMing Robot Park,Yingge Dist,"FengMing Rd. & Aly. 24, Ln. 7, FuAn St.",500234050,17,3,20260820T003102,24.96618,121.33465,14,1,3,0,2026-08-20T01:19:03+08:00
新北市,New Taipei City,YouBike2.0_龍五鳳七路口,鶯歌區,龍五路/鳳七路口,YouBike2.0_Long 5th Rd. & Feng 7th Rd. Intersection,Yingge Dist,Long 5th Rd. & Feng 7th Rd. Intersection,500234051,30,24,20260820T001204,24.97043,121.33101,6,1,22,2,2026-08-20T01:19:03+08:00
新北市,New Taipei City,YouBike2.0_龍鳳夜市,鶯歌區,鳳三路/龍三路(東南側),YouBike2.0_LongFeng Night Market,Yingge Dist,Feng 3rd Rd. & Long 3rd Rd. (Southeast),500234052,30,8,20260819T221603,24.97329,121.33331,22,1,8,0,2026-08-20T01:19:03+08:00
新北市,New Taipei City,YouBike2.0_中湖市民活動中心,鶯歌區,中湖街21號,YouBike2.0_Zhonghu Civic Activity Center,Yingge Dist,"No. 21, ZhongHu St.",500234053,20,4,20260819T210603,24.97298,121.3472,16,1,4,0,2026-08-20T01:19:03+08:00
新北市,New Taipei City,YouBike2.0_鳳一鳳吉一街口,鶯歌區,鳳吉一街259號(旁),YouBike2.0_Feng 1st Rd. & FengJi 1st St. Intersection,Yingge Dist,"No. 259, FengJi 1st St. (Side)",500234054,20,11,20260819T230505,24.97677,121.3317,9,1,10,1,2026-08-20T01:19:03+08:00
新北市,New Taipei City,YouBike2.0_鳳五路122號前,鶯歌區,鳳五路122號前,"YouBike2.0_No. 122, Feng 5th Rd.",Yingge Dist,"No. 122, Feng 5th Rd. (Front)",500234055,18,8,20260819T225103,24.97316,121.32991,9,1,7,1,2026-08-20T01:19:03+08:00
新北市,New Taipei City,YouBike2.0_建國永昌街口,鶯歌區,建國路546號(對面),YouBike2.0_JianGuo Rd. & YongChang St. Intersection,Yingge Dist,"No. 546, JianGuo Rd. (Opposite)",500234056,17,4,20260819T191303,24.95031,121.33831,13,1,2,2,2026-08-20T01:19:03+08:00
新北市,New Taipei City,YouBike2.0_捷運鶯歌車站,鶯歌區,館前路300號(對側),YouBike2.0_MRT Yingge Sta.,Yingge Dist,"No. 300, GuanQian Rd. (Opposite)",500234057,34,14,20260819T224003,24.95322,121.35668,20,1,14,0,2026-08-20T01:19:03+08:00
新北市,New Taipei City,YouBike2.0_鳳三龍七路口,鶯歌區,鳳三路68號,YouBike2.0_Feng 3rd Rd. & Long 7th Rd. Intersection,Yingge Dist,"No. 68, Feng 3rd Rd.",500234058,18,6,20260820T001402,24.97204,121.33467,12,1,6,0,2026-08-20T01:19:03+08:00
新北市,New Taipei City,YouBike2.0_捷運國華站,鶯歌區,國華路45號(對側),YouBike2.0_MRT Guohua Sta.,Yingge Dist,"No. 45, GuoHua Rd. (Opposite)",500234059,24,9,20260820T002002,24.95535,121.34251,15,1,9,0,2026-08-20T01:19:03+08:00
新北市,New Taipei City,YouBike2.0_捷運陶瓷老街站,鶯歌區,捷運陶瓷老街站(重慶街側),YouBike2.0_MRT Ceramics Old Street Sta.,Yingge Dist,MRT Ceramics Old Street Sta. (ChongQing St.),500234060,36,17,20260819T230204,24.95212,121.35065,19,1,17,0,2026-08-20T01:19:03+08:00
新北市,New Taipei City,YouBike2.0_捷運永吉公園站,鶯歌區,鶯桃路296巷口,YouBike2.0_MRT Yongji Park Sta.,Yingge Dist,"Ln. 296, YingTao Rd. Intersection",500234061,47,14,20260820T002203,24.96048,121.33476,33,1,13,1,2026-08-20T01:19:03+08:00
新北市,New Taipei City,YouBike2.0_捷運鶯桃福德站,鶯歌區,福德一路20號(對側),YouBike2.0_MRT Yingtao Fude Sta.,Yingge Dist,"No. 20, FuDe 1st Rd. (Opposite)",500234062,75,16,20260819T231003,24.96704,121.33044,58,1,16,0,2026-08-20T01:19:03+08:00
新北市,New Taipei City,YouBike2.0_捷運國華站(2號出口),鶯歌區,國華路97號(對側),YouBike2.0_MRT Guohua Sta.(Exit 2),Yingge Dist,"No. 97, GuoHua Rd. (Opposite)",500234063,60,18,20260819T192004,24.95374,121.34301,42,1,18,0,2026-08-20T01:19:03+08:00
新北市,New Taipei City,YouBike2.0_鶯歌山水步道停車場,鶯歌區,觀景涼亭停車場,YouBike2.0_YingGe Riverside Trail Car Park,Yingge Dist,YingGe Riverside Trail Car Park,500234064,24,6,20260819T215802,24.93205,121.32825,18,1,5,1,2026-08-20T01:19:03+08:00
新北市,New Taipei City,YouBike2.0_鶯歌環河自行車道,鶯歌區,環河路/甲三街(南側自行車道),YouBike2.0_YingGe Riverside Cycling Route,Yingge Dist,Huanhe Rd. & Jia 3rd St. (South),500234065,20,12,20260819T213204,24.92967,121.33837,8,1,12,0,2026-08-20T01:19:03+08:00
新北市,New Taipei City,YouBike2.0_鶯歌火車站(仁愛路),鶯歌區,仁愛路55號對側,YouBike2.0_Yingge Railway Station(Ren’ai Rd.),Yingge Dist,"No.55, Ren’ai Rd., Yingge Dist.(opposite)",500234001,69,5,20260820T011602,24.95559,121.35441,62,1,5,0,2026-08-20T01:48:03+08:00
新北市,New Taipei City,YouBike2.0_新北市立圖書館鶯歌分館,鶯歌區,中山路150號,YouBike2.0_New Taipei City Library Yingge Branch,Yingge Dist,"No.150, Zhongshan Rd.",500234002,20,5,20260820T004504,24.9572,121.34946,14,1,5,0,2026-08-20T01:48:03+08:00
新北市,New Taipei City,YouBike2.0_文化館前路口,鶯歌區,文化路407號旁,YouBike2.0_Yingge Ceramics Museum,Yingge Dist,"No. 407, Wenhua Rd.",500234003,44,10,20260819T230602,24.94948,121.35291,34,1,9,1,2026-08-20T01:48:03+08:00
新北市,New Taipei City,YouBike2.0_鶯歌國民運動中心,鶯歌區,館前路250號運動中心前,YouBike2.0_Yingge Civil Sports Center,Yingge Dist,"No.250, Guanqian Rd., Yingge Dist.",500234004,38,15,20260819T224303,24.95139,121.35733,22,1,13,2,2026-08-20T01:48:03+08:00
新北市,New Taipei City,YouBike2.0_尖山國中,鶯歌區,國中街1號,YouBike2.0_Municipal Jianshan Junior High School,Yingge Dist,"No.1, Guozhong St., Yingge Dist(sidewalk)",500234005,20,4,20260819T210503,24.94381,121.34207,16,1,4,0,2026-08-20T01:48:03+08:00
新北市,New Taipei City,YouBike2.0_新北市立鶯歌高級工商職業學校,鶯歌區,中正三路154號,YouBike2.0_New Taipei Municipal Yingge Vocational High School,Yingge Dist,"No. 154, Zhongzheng 3rd. Rd",500234006,56,2,20260820T000902,24.93923,121.33488,54,1,2,0,2026-08-20T01:48:03+08:00
新北市,New Taipei City,YouBike2.0_鶯歌國中,鶯歌區,鶯桃路39-5號對側,YouBike2.0_Yingge Junior High chool,Yingge Dist,"No.39-5, Yingtao Rd.(opposite)",500234007,30,8,20260819T222203,24.95119,121.34256,21,1,7,1,2026-08-20T01:48:03+08:00
新北市,New Taipei City,YouBike2.0_永吉國小,鶯歌區,德昌二街39號對側,YouBike2.0_Yongchi elementary school,Yingge Dist,"No.39, Dechang 2nd St., Yingge Dist.",500234008,20,12,20260820T002602,24.95865,121.33308,8,1,11,1,2026-08-20T01:48:03+08:00
新北市,New Taipei City,YouBike2.0_鳳祥公園,鶯歌區,鶯桃路365巷130號對側,YouBike2.0_Fengxiang Park,Yingge Dist,"No.130, Ln. 365, Yingtao Rd., Yingge Dist.",500234009,20,10,20260820T010102,24.96283,121.33025,9,1,8,2,2026-08-20T01:48:03+08:00
新北市,New Taipei City,YouBike2.0_鳳鳴國小,鶯歌區,永和街120號,YouBike2.0_Fengming Elementary School,Yingge Dist,"No.120, Yonghe St., Yingge Dist.",500234010,20,9,20260820T004603,24.9692,121.3347,11,1,8,1,2026-08-20T01:48:03+08:00
新北市,New Taipei City,YouBike2.0_國際二國際一路口,鶯歌區,國際二路與國際一路口,YouBike2.0_Guoji 2nd Guoji 1st Intersection,Yingge Dist,"Guoji 2nd Rd./Guoji 1st Rd., Yingge Dist.",500234011,20,6,20260819T183603,24.97577,121.3353,14,1,4,2,2026-08-20T01:48:03+08:00
新北市,New Taipei City,YouBike2.0_鳳福公園,鶯歌區,鳳吉一街186號(對面),YouBike2.0_Fengfu Park,Yingge Dist,"No. 186, Fengji 1st St., Yingge Dist.(opposite)",500234012,20,10,20260820T014003,24.97572,121.32938,10,1,10,0,2026-08-20T01:48:03+08:00
新北市,New Taipei City,YouBike2.0_尖山公園,鶯歌區,鶯歌區尖山路161號對面,YouBike2.0_Jianshan Park,Yingge Dist,"No.161, Jianshan Rd.(opposite)",500234013,29,24,20260819T230303,24.9482,121.346,5,1,21,3,2026-08-20T01:48:03+08:00
新北市,New Taipei City,YouBike2.0_永昌里兒一公園,鶯歌區,鶯桃路182巷96弄36-38號對側,YouBike2.0_Yongchang Village Children Park (No.1),Yingge Dist,"No.36-38, Aly. 96, Ln. 182, Yingtao Rd.(oppsite)",500234014,20,11,20260819T232502,24.956649374562204,121.33959628800724,9,1,10,1,2026-08-20T01:48:03+08:00
新北市,New Taipei City,YouBike2.0_南雅育智路口,鶯歌區,南雅路491號(對面),YouBike2.0_Nanya & Yuzhi Rd. Intersection,Yingge Dist,"No.491, Nanya Rd., Yingge Dist.(opposite)",500234015,22,7,20260819T231903,24.954,121.346,14,1,6,1,2026-08-20T01:48:03+08:00
新北市,New Taipei City,YouBike2.0_國中二甲路口,鶯歌區,國中街175號(前),YouBike2.0_Guozhong & Erjia Intersection,Yingge Dist,"No. 175, Guozhong St., Yingge Dist.",500234016,20,9,20260820T002702,24.939489067109363,121.33868650698288,11,1,7,2,2026-08-20T01:48:03+08:00
新北市,New Taipei City,YouBike2.0_鶯歌永利街,鶯歌區,永利街16號(對面),YouBike2.0_Yingge Yongli St.,Yingge Dist,"No. 16, Yongli St. Yingge Dist.",500234017,15,10,20260820T002402,24.95495,121.33911,4,1,9,1,2026-08-20T01:48:03+08:00
新北市,New Taipei City,YouBike2.0_二橋虹橋公園,鶯歌區,中正三路400號(對面),YouBike2.0_Erqiaoshiguanghongqiao Park,Yingge Dist,"No. 400, Zhongzheng 3rd Rd.(Opposite)",500234018,10,5,20260819T235803,24.93453,121.32595,5,1,5,0,2026-08-20T01:48:03+08:00
新北市,New Taipei City,YouBike2.0_鳳吉四鳳七路口(捷士匯社區),鶯歌區,鳳吉四街57-75號(旁),YouBike2.0_Fengji 4th & Feng 7th Rd. Intersection,Yingge Dist,"No. 57-75, Fengji 4th St.",500234021,40,22,20260820T000102,24.97383,121.32769,18,1,22,0,2026-08-20T01:48:03+08:00
新北市,New Taipei City,YouBike2.0_鶯歌老街第二停車場,鶯歌區,尖山埔路27-31號(對面),YouBike2.0_Yingge Old Street 2nd Parking Lot,Yingge Dist,"No. 27-31, Jianshanpu Rd.(Opposite)",500234022,20,7,20260819T195304,24.94895,121.34227,13,1,7,0,2026-08-20T01:48:03+08:00
新北市,New Taipei City,YouBike2.0_建國中正一路口(北鶯社區),鶯歌區,建國路6號(對面空地),YouBike2.0_Jianguo Zhongzheng 1st Rd. Intersection,Yingge Dist,"No. 6, Jianguo Rd.(Opposite)",500234023,20,9,20260819T202802,24.95658,121.35692,11,1,8,1,2026-08-20T01:48:03+08:00
新北市,New Taipei City,YouBike2.0_三鶯水資源回收中心,鶯歌區,館前路360號(旁),YouBike2.0_Sanying Water Recycling Center,Yingge Dist,"No. 360, Guanqian Rd.",500234024,14,7,20260819T215603,24.95535,121.35996,6,1,5,2,2026-08-20T01:48:03+08:00
新北市,New Taipei City,YouBike2.0_永和街65巷口,鶯歌區,永和街75號,"YouBike2.0_Ln. 65, Yonghe St. Intersection",Yingge Dist,"No. 75, Yonghe St.",500234025,37,18,20260820T010003,24.96798,121.3331413,19,1,14,4,2026-08-20T01:48:03+08:00
新北市,New Taipei City,YouBike2.0_鶯歌陶瓷博物館,鶯歌區,文化路200號(旁),YouBike2.0_Yingge Ceramics Museum(Wenhua Rd.),Yingge Dist,"No. 200, Wenhua Rd.",500234026,22,3,20260819T224604,24.95012,121.35245,19,1,3,0,2026-08-20T01:48:03+08:00
新北市,New Taipei City,YouBike2.0_礫間停車場,鶯歌區,礫間停車場,YouBike2.0_Lijian Parking,Yingge Dist,Lijian Parking,500234028,20,9,20260819T224303,24.9518,121.35445,11,1,8,1,2026-08-20T01:48:03+08:00
新北市,New Taipei City,YouBike2.0_北鶯停車場,鶯歌區,北鶯停車場,YouBike2.0_Beiying Parking,Yingge Dist,Beiying Parking,500234029,20,10,20260819T130204,24.95567,121.35992,10,1,10,0,2026-08-20T01:48:03+08:00
新北市,New Taipei City,YouBike2.0_育英建國路口,鶯歌區,建國路280號(旁),YouBike2.0_Yuying Jianguo Rd. Intersection,Yingge Dist,"No. 280, Jianguo Rd.",500234030,12,5,20260819T225903,24.95356,121.34693,6,1,5,0,2026-08-20T01:48:03+08:00
新北市,New Taipei City,YouBike2.0_中正一仁愛路口,鶯歌區,中正一路181號(對面),YouBike2.0_Zhongzheng 1st & Ren'ai Rd Intersection,Yingge Dist,"No. 181, Zhongzheng 1st Rd.(Opposite)",500234031,15,5,20260819T202003,24.95672,121.3532,10,1,3,2,2026-08-20T01:48:03+08:00
新北市,New Taipei City,YouBike2.0_建國國小,鶯歌區,育英街19號(旁),YouBike2.0_Jianguo Elementary School,Yingge Dist,"No. 19, Yuying St.",500234032,15,5,20260820T000604,24.95521,121.34727,10,1,5,0,2026-08-20T01:48:03+08:00
新北市,New Taipei City,YouBike2.0_光明橋,鶯歌區,永明街78號(旁),YouBike2.0_Guang-ming bridge,Yingge Dist,"No. 78, Yongming St., Yingge Dist.(side)",500234033,14,6,20260820T002616,24.95577,121.34128,8,1,4,2,2026-08-20T01:48:03+08:00
新北市,New Taipei City,YouBike2.0_二橋派出所,鶯歌區,高職西街/中正三路口(西北側),YouBike2.0_Erqiao Police Station,Yingge Dist,"Gaozhi W. St. & Zhongzheng 3rd Rd., Yingge Dist. (west side)",500234034,11,3,20260820T002402,24.94216,121.33884,7,1,1,2,2026-08-20T01:48:03+08:00
新北市,New Taipei City,YouBike2.0_國中高職東街口,鶯歌區,國中路113至117-3號(對面),YouBike2.0_Guozhong & Gaozhi E. Intersection,Yingge Dist,"No. 113, Guozhong St., Yingge Dist.(opposite)",500234035,15,5,20260819T213703,24.94117,121.34116,10,1,4,1,2026-08-20T01:48:03+08:00
新北市,New Taipei City,YouBike2.0_尖山路高厝巷口,鶯歌區,尖山路276-5號(旁),YouBike2.0_Gaocuo Ln. Jianshan Rd.,Yingge Dist,"No. 276-5, Jianshan Rd. (Side)",500234036,15,7,20260820T000502,24.94495,121.34102,7,1,7,0,2026-08-20T01:48:03+08:00
新北市,New Taipei City,YouBike2.0_公八停車場,鶯歌區,國華路53號(對面),YouBike2.0_Public 8th Parking Lot,Yingge Dist,"No.53, Guohua Rd. (opposite)",500234037,15,8,20260820T010402,24.95515,121.34285,6,1,8,0,2026-08-20T01:48:03+08:00
新北市,New Taipei City,YouBike2.0_龍三鳳鳴路口,鶯歌區,鳳鳴路541號,YouBike2.0_Long 3rd. Rd. & Fengming Rd. Intersection,Yingge Dist,"No. 541, Fengming Rd.",500234038,18,10,20260820T001204,24.97286,121.33137,8,1,10,0,2026-08-20T01:48:03+08:00
新北市,New Taipei City,YouBike2.0_鳳福鳳三路口,鶯歌區,鳳三路360號,YouBike2.0_Fengfu Rd. & Feng 3rd. Rd. Intersection,Yingge Dist,"No. 360, Feng 3rd Rd.",500234039,22,5,20260819T224103,24.97567,121.33143,17,1,5,0,2026-08-20T01:48:03+08:00
新北市,New Taipei City,YouBike2.0_北鶯公園,鶯歌區,成功街20巷19號(旁),YouBike2.0_Beiying Park,Yingge Dist,"No. 19, Ln. 20, Chenggong St. (Side)",500234040,15,9,20260820T004103,24.95777,121.35942,6,1,7,2,2026-08-20T01:48:03+08:00
新北市,New Taipei City,YouBike2.0_鶯歌火車站(文化路),鶯歌區,文化路/文化路115巷(北側),YouBike2.0_Yingge Station (Wenhua Rd.),Yingge Dist,"Ln. 115, Wenhua Rd. Intersection (North)",500234041,25,19,20260819T214603,24.95536,121.35697,6,1,17,2,2026-08-20T01:48:03+08:00
新北市,New Taipei City,YouBike2.0_鳳七鶯歌路口,鶯歌區,鶯歌路101-107號(旁),YouBike2.0_Feng 7th Rd. & Yingge Rd. Intersection,Yingge Dist,"No. 101-107, Yingge Rd. (Side)",500234042,11,6,20260819T234403,24.96916,121.33193,5,1,6,0,2026-08-20T01:48:03+08:00
新北市,New Taipei City,YouBike2.0_國際一路112巷口,鶯歌區,國際一路167號(前),"YouBike2.0_Ln. 112, GuoJi 1st Rd.",Yingge Dist,"No. 167, GuoJi 1st Rd. (Front)",500234043,15,7,20260819T230303,24.97667,121.33579,8,1,4,3,2026-08-20T01:48:03+08:00
新北市,New Taipei City,YouBike2.0_臺鐵鳳鳴站,鶯歌區,鳳一路/鶯歌路口,YouBike2.0_Fengming Station,Yingge Dist,Feng 1st Rd. & YingGe Rd.,500234044,40,0,20260819T210005,24.97227,121.33674,0,0,0,0,2026-08-20T01:48:03+08:00
新北市,New Taipei City,YouBike2.0_鶯歌陶瓷老街,鶯歌區,重慶街/國慶街(西南側),YouBike2.0_YingGe Old Street,Yingge Dist,ChongQing St. & GuoQing St. (Southwest),500234045,33,20,20260819T224402,24.95219,121.351,12,1,19,1,2026-08-20T01:48:03+08:00
新北市,New Taipei City,YouBike2.0_鶯歌火車站(仁愛路62號),鶯歌區,仁愛路62號(東側),"YouBike2.0_YingGe Station (No. 62, RenAi Rd.)",Yingge Dist,"No. 62, RenAi Rd. (East)",500234046,42,6,20260820T011204,24.95505,121.35407,35,1,6,0,2026-08-20T01:48:03+08:00
新北市,New Taipei City,YouBike2.0_臺鐵鳳鳴站(鶯歌路),鶯歌區,鶯歌路276號(對面),YouBike2.0_Fengming Station (YingGe Rd.),Yingge Dist,"No. 276, YingGe Rd. (Opposite)",500234047,20,10,20260820T003802,24.97189,121.33651,10,1,10,0,2026-08-20T01:48:03+08:00
新北市,New Taipei City,YouBike2.0_光明育智路口,鶯歌區,光明街126號(東南側),YouBike2.0_GuangMing St. & YuZhi Rd. Intersection,Yingge Dist,"No. 126, GuangMing St. (Southeast)",500234048,14,4,20260820T005902,24.95587,121.3456,10,1,4,0,2026-08-20T01:48:03+08:00
新北市,New Taipei City,YouBike2.0_新鳳公園,鶯歌區,鶯桃路二段60號(對側),YouBike2.0_XinFeng Park,Yingge Dist,"No. 60, Sec. 2, YingTao Rd. (Opposite)",500234049,14,8,20260820T013503,24.9732,121.32474,5,1,8,0,2026-08-20T01:48:03+08:00
新北市,New Taipei City,YouBike2.0_鳳鳴機器人公園,鶯歌區,鳳鳴路/福安街7巷24弄口,YouBike2.0_FengMing Robot Park,Yingge Dist,"FengMing Rd. & Aly. 24, Ln. 7, FuAn St.",500234050,17,3,20260820T003102,24.96618,121.33465,14,1,3,0,2026-08-20T01:48:03+08:00
新北市,New Taipei City,YouBike2.0_龍五鳳七路口,鶯歌區,龍五路/鳳七路口,YouBike2.0_Long 5th Rd. & Feng 7th Rd. Intersection,Yingge Dist,Long 5th Rd. & Feng 7th Rd. Intersection,500234051,30,24,20260820T001204,24.97043,121.33101,6,1,22,2,2026-08-20T01:48:03+08:00
新北市,New Taipei City,YouBike2.0_龍鳳夜市,鶯歌區,鳳三路/龍三路(東南側),YouBike2.0_LongFeng Night Market,Yingge Dist,Feng 3rd Rd. & Long 3rd Rd. (Southeast),500234052,30,8,20260819T221603,24.97329,121.33331,22,1,8,0,2026-08-20T01:48:03+08:00
新北市,New Taipei City,YouBike2.0_中湖市民活動中心,鶯歌區,中湖街21號,YouBike2.0_Zhonghu Civic Activity Center,Yingge Dist,"No. 21, ZhongHu St.",500234053,20,4,20260819T210603,24.97298,121.3472,16,1,4,0,2026-08-20T01:48:03+08:00
新北市,New Taipei City,YouBike2.0_鳳一鳳吉一街口,鶯歌區,鳳吉一街259號(旁),YouBike2.0_Feng 1st Rd. & FengJi 1st St. Intersection,Yingge Dist,"No. 259, FengJi 1st St. (Side)",500234054,20,11,20260819T230505,24.97677,121.3317,9,1,10,1,2026-08-20T01:48:03+08:00
新北市,New Taipei City,YouBike2.0_鳳五路122號前,鶯歌區,鳳五路122號前,"YouBike2.0_No. 122, Feng 5th Rd.",Yingge Dist,"No. 122, Feng 5th Rd. (Front)",500234055,18,8,20260819T225103,24.97316,121.32991,9,1,7,1,2026-08-20T01:48:03+08:00
新北市,New Taipei City,YouBike2.0_建國永昌街口,鶯歌區,建國路546號(對面),YouBike2.0_JianGuo Rd. & YongChang St. Intersection,Yingge Dist,"No. 546, JianGuo Rd. (Opposite)",500234056,17,4,20260819T191303,24.95031,121.33831,13,1,2,2,2026-08-20T01:48:03+08:00
新北市,New Taipei City,YouBike2.0_捷運鶯歌車站,鶯歌區,館前路300號(對側),YouBike2.0_MRT Yingge Sta.,Yingge Dist,"No. 300, GuanQian Rd. (Opposite)",500234057,34,14,20260819T224003,24.95322,121.35668,20,1,14,0,2026-08-20T01:48:03+08:00
新北市,New Taipei City,YouBike2.0_鳳三龍七路口,鶯歌區,鳳三路68號,YouBike2.0_Feng 3rd Rd. & Long 7th Rd. Intersection,Yingge Dist,"No. 68, Feng 3rd Rd.",500234058,18,6,20260820T001402,24.97204,121.33467,12,1,6,0,2026-08-20T01:48:03+08:00
新北市,New Taipei City,YouBike2.0_捷運國華站,鶯歌區,國華路45號(對側),YouBike2.0_MRT Guohua Sta.,Yingge Dist,"No. 45, GuoHua Rd. (Opposite)",500234059,24,9,20260820T002002,24.95535,121.34251,15,1,9,0,2026-08-20T01:48:03+08:00
新北市,New Taipei City,YouBike2.0_捷運陶瓷老街站,鶯歌區,捷運陶瓷老街站(重慶街側),YouBike2.0_MRT Ceramics Old Street Sta.,Yingge Dist,MRT Ceramics Old Street Sta. (ChongQing St.),500234060,36,17,20260819T230204,24.95212,121.35065,19,1,17,0,2026-08-20T01:48:03+08:00
新北市,New Taipei City,YouBike2.0_捷運永吉公園站,鶯歌區,鶯桃路296巷口,YouBike2.0_MRT Yongji Park Sta.,Yingge Dist,"Ln. 296, YingTao Rd. Intersection",500234061,47,14,20260820T002203,24.96048,121.33476,33,1,13,1,2026-08-20T01:48:03+08:00
新北市,New Taipei City,YouBike2.0_捷運鶯桃福德站,鶯歌區,福德一路20號(對側),YouBike2.0_MRT Yingtao Fude Sta.,Yingge Dist,"No. 20, FuDe 1st Rd. (Opposite)",500234062,75,16,20260819T231003,24.96704,121.33044,58,1,16,0,2026-08-20T01:48:03+08:00
新北市,New Taipei City,YouBike2.0_捷運國華站(2號出口),鶯歌區,國華路97號(對側),YouBike2.0_MRT Guohua Sta.(Exit 2),Yingge Dist,"No. 97, GuoHua Rd. (Opposite)",500234063,60,18,20260819T192004,24.95374,121.34301,42,1,18,0,2026-08-20T01:48:03+08:00
新北市,New Taipei City,YouBike2.0_鶯歌山水步道停車場,鶯歌區,觀景涼亭停車場,YouBike2.0_YingGe Riverside Trail Car Park,Yingge Dist,YingGe Riverside Trail Car Park,500234064,24,6,20260819T215802,24.93205,121.32825,18,1,5,1,2026-08-20T01:48:03+08:00
新北市,New Taipei City,YouBike2.0_鶯歌環河自行車道,鶯歌區,環河路/甲三街(南側自行車道),YouBike2.0_YingGe Riverside Cycling Route,Yingge Dist,Huanhe Rd. & Jia 3rd St. (South),500234065,20,12,20260819T213204,24.92967,121.33837,8,1,12,0,2026-08-20T01:48:03+08:00
新北市,New Taipei City,YouBike2.0_鶯歌火車站(仁愛路),鶯歌區,仁愛路55號對側,YouBike2.0_Yingge Railway Station(Ren’ai Rd.),Yingge Dist,"No.55, Ren’ai Rd., Yingge Dist.(opposite)",500234001,69,5,20260820T011602,24.95559,121.35441,62,1,5,0,2026-08-20T02:20:54+08:00
新北市,New Taipei City,YouBike2.0_新北市立圖書館鶯歌分館,鶯歌區,中山路150號,YouBike2.0_New Taipei City Library Yingge Branch,Yingge Dist,"No.150, Zhongshan Rd.",500234002,20,5,20260820T004504,24.9572,121.34946,14,1,5,0,2026-08-20T02:20:54+08:00
新北市,New Taipei City,YouBike2.0_文化館前路口,鶯歌區,文化路407號旁,YouBike2.0_Yingge Ceramics Museum,Yingge Dist,"No. 407, Wenhua Rd.",500234003,44,10,20260819T230602,24.94948,121.35291,34,1,9,1,2026-08-20T02:20:54+08:00
新北市,New Taipei City,YouBike2.0_鶯歌國民運動中心,鶯歌區,館前路250號運動中心前,YouBike2.0_Yingge Civil Sports Center,Yingge Dist,"No.250, Guanqian Rd., Yingge Dist.",500234004,38,15,20260819T224303,24.95139,121.35733,22,1,13,2,2026-08-20T02:20:54+08:00
新北市,New Taipei City,YouBike2.0_尖山國中,鶯歌區,國中街1號,YouBike2.0_Municipal Jianshan Junior High School,Yingge Dist,"No.1, Guozhong St., Yingge Dist(sidewalk)",500234005,20,4,20260819T210503,24.94381,121.34207,16,1,4,0,2026-08-20T02:20:54+08:00
新北市,New Taipei City,YouBike2.0_新北市立鶯歌高級工商職業學校,鶯歌區,中正三路154號,YouBike2.0_New Taipei Municipal Yingge Vocational High School,Yingge Dist,"No. 154, Zhongzheng 3rd. Rd",500234006,56,2,20260820T000902,24.93923,121.33488,54,1,2,0,2026-08-20T02:20:54+08:00
新北市,New Taipei City,YouBike2.0_鶯歌國中,鶯歌區,鶯桃路39-5號對側,YouBike2.0_Yingge Junior High chool,Yingge Dist,"No.39-5, Yingtao Rd.(opposite)",500234007,30,8,20260819T222203,24.95119,121.34256,21,1,7,1,2026-08-20T02:20:54+08:00
新北市,New Taipei City,YouBike2.0_永吉國小,鶯歌區,德昌二街39號對側,YouBike2.0_Yongchi elementary school,Yingge Dist,"No.39, Dechang 2nd St., Yingge Dist.",500234008,20,13,20260820T014903,24.95865,121.33308,7,1,12,1,2026-08-20T02:20:54+08:00
新北市,New Taipei City,YouBike2.0_鳳祥公園,鶯歌區,鶯桃路365巷130號對側,YouBike2.0_Fengxiang Park,Yingge Dist,"No.130, Ln. 365, Yingtao Rd., Yingge Dist.",500234009,20,10,20260820T010102,24.96283,121.33025,9,1,8,2,2026-08-20T02:20:54+08:00
新北市,New Taipei City,YouBike2.0_鳳鳴國小,鶯歌區,永和街120號,YouBike2.0_Fengming Elementary School,Yingge Dist,"No.120, Yonghe St., Yingge Dist.",500234010,20,9,20260820T004603,24.9692,121.3347,11,1,8,1,2026-08-20T02:20:54+08:00
新北市,New Taipei City,YouBike2.0_國際二國際一路口,鶯歌區,國際二路與國際一路口,YouBike2.0_Guoji 2nd Guoji 1st Intersection,Yingge Dist,"Guoji 2nd Rd./Guoji 1st Rd., Yingge Dist.",500234011,20,6,20260819T183603,24.97577,121.3353,14,1,4,2,2026-08-20T02:20:54+08:00
新北市,New Taipei City,YouBike2.0_鳳福公園,鶯歌區,鳳吉一街186號(對面),YouBike2.0_Fengfu Park,Yingge Dist,"No. 186, Fengji 1st St., Yingge Dist.(opposite)",500234012,20,10,20260820T014003,24.97572,121.32938,10,1,10,0,2026-08-20T02:20:54+08:00
新北市,New Taipei City,YouBike2.0_尖山公園,鶯歌區,鶯歌區尖山路161號對面,YouBike2.0_Jianshan Park,Yingge Dist,"No.161, Jianshan Rd.(opposite)",500234013,29,24,20260819T230303,24.9482,121.346,5,1,21,3,2026-08-20T02:20:54+08:00
新北市,New Taipei City,YouBike2.0_永昌里兒一公園,鶯歌區,鶯桃路182巷96弄36-38號對側,YouBike2.0_Yongchang Village Children Park (No.1),Yingge Dist,"No.36-38, Aly. 96, Ln. 182, Yingtao Rd.(oppsite)",500234014,20,11,20260819T232502,24.956649374562204,121.33959628800724,9,1,10,1,2026-08-20T02:20:54+08:00
新北市,New Taipei City,YouBike2.0_南雅育智路口,鶯歌區,南雅路491號(對面),YouBike2.0_Nanya & Yuzhi Rd. Intersection,Yingge Dist,"No.491, Nanya Rd., Yingge Dist.(opposite)",500234015,22,7,20260819T231903,24.954,121.346,14,1,6,1,2026-08-20T02:20:54+08:00
新北市,New Taipei City,YouBike2.0_國中二甲路口,鶯歌區,國中街175號(前),YouBike2.0_Guozhong & Erjia Intersection,Yingge Dist,"No. 175, Guozhong St., Yingge Dist.",500234016,20,9,20260820T002702,24.939489067109363,121.33868650698288,11,1,7,2,2026-08-20T02:20:54+08:00
新北市,New Taipei City,YouBike2.0_鶯歌永利街,鶯歌區,永利街16號(對面),YouBike2.0_Yingge Yongli St.,Yingge Dist,"No. 16, Yongli St. Yingge Dist.",500234017,15,10,20260820T002402,24.95495,121.33911,4,1,9,1,2026-08-20T02:20:54+08:00
新北市,New Taipei City,YouBike2.0_二橋虹橋公園,鶯歌區,中正三路400號(對面),YouBike2.0_Erqiaoshiguanghongqiao Park,Yingge Dist,"No. 400, Zhongzheng 3rd Rd.(Opposite)",500234018,10,5,20260819T235803,24.93453,121.32595,5,1,5,0,2026-08-20T02:20:54+08:00
新北市,New Taipei City,YouBike2.0_鳳吉四鳳七路口(捷士匯社區),鶯歌區,鳳吉四街57-75號(旁),YouBike2.0_Fengji 4th & Feng 7th Rd. Intersection,Yingge Dist,"No. 57-75, Fengji 4th St.",500234021,40,22,20260820T000102,24.97383,121.32769,18,1,22,0,2026-08-20T02:20:54+08:00
新北市,New Taipei City,YouBike2.0_鶯歌老街第二停車場,鶯歌區,尖山埔路27-31號(對面),YouBike2.0_Yingge Old Street 2nd Parking Lot,Yingge Dist,"No. 27-31, Jianshanpu Rd.(Opposite)",500234022,20,7,20260819T195304,24.94895,121.34227,13,1,7,0,2026-08-20T02:20:54+08:00
新北市,New Taipei City,YouBike2.0_建國中正一路口(北鶯社區),鶯歌區,建國路6號(對面空地),YouBike2.0_Jianguo Zhongzheng 1st Rd. Intersection,Yingge Dist,"No. 6, Jianguo Rd.(Opposite)",500234023,20,9,20260819T202802,24.95658,121.35692,11,1,8,1,2026-08-20T02:20:54+08:00
新北市,New Taipei City,YouBike2.0_三鶯水資源回收中心,鶯歌區,館前路360號(旁),YouBike2.0_Sanying Water Recycling Center,Yingge Dist,"No. 360, Guanqian Rd.",500234024,14,7,20260819T215603,24.95535,121.35996,6,1,5,2,2026-08-20T02:20:54+08:00
新北市,New Taipei City,YouBike2.0_永和街65巷口,鶯歌區,永和街75號,"YouBike2.0_Ln. 65, Yonghe St. Intersection",Yingge Dist,"No. 75, Yonghe St.",500234025,37,18,20260820T010003,24.96798,121.3331413,19,1,14,4,2026-08-20T02:20:54+08:00
新北市,New Taipei City,YouBike2.0_鶯歌陶瓷博物館,鶯歌區,文化路200號(旁),YouBike2.0_Yingge Ceramics Museum(Wenhua Rd.),Yingge Dist,"No. 200, Wenhua Rd.",500234026,22,3,20260819T224604,24.95012,121.35245,19,1,3,0,2026-08-20T02:20:54+08:00
新北市,New Taipei City,YouBike2.0_礫間停車場,鶯歌區,礫間停車場,YouBike2.0_Lijian Parking,Yingge Dist,Lijian Parking,500234028,20,9,20260819T224303,24.9518,121.35445,11,1,8,1,2026-08-20T02:20:54+08:00
新北市,New Taipei City,YouBike2.0_北鶯停車場,鶯歌區,北鶯停車場,YouBike2.0_Beiying Parking,Yingge Dist,Beiying Parking,500234029,20,10,20260819T130204,24.95567,121.35992,10,1,10,0,2026-08-20T02:20:54+08:00
新北市,New Taipei City,YouBike2.0_育英建國路口,鶯歌區,建國路280號(旁),YouBike2.0_Yuying Jianguo Rd. Intersection,Yingge Dist,"No. 280, Jianguo Rd.",500234030,12,5,20260819T225903,24.95356,121.34693,6,1,5,0,2026-08-20T02:20:54+08:00
新北市,New Taipei City,YouBike2.0_中正一仁愛路口,鶯歌區,中正一路181號(對面),YouBike2.0_Zhongzheng 1st & Ren'ai Rd Intersection,Yingge Dist,"No. 181, Zhongzheng 1st Rd.(Opposite)",500234031,15,5,20260819T202003,24.95672,121.3532,10,1,3,2,2026-08-20T02:20:54+08:00
新北市,New Taipei City,YouBike2.0_建國國小,鶯歌區,育英街19號(旁),YouBike2.0_Jianguo Elementary School,Yingge Dist,"No. 19, Yuying St.",500234032,15,5,20260820T000604,24.95521,121.34727,10,1,5,0,2026-08-20T02:20:54+08:00
新北市,New Taipei City,YouBike2.0_光明橋,鶯歌區,永明街78號(旁),YouBike2.0_Guang-ming bridge,Yingge Dist,"No. 78, Yongming St., Yingge Dist.(side)",500234033,14,6,20260820T002616,24.95577,121.34128,8,1,4,2,2026-08-20T02:20:54+08:00
新北市,New Taipei City,YouBike2.0_二橋派出所,鶯歌區,高職西街/中正三路口(西北側),YouBike2.0_Erqiao Police Station,Yingge Dist,"Gaozhi W. St. & Zhongzheng 3rd Rd., Yingge Dist. (west side)",500234034,11,3,20260820T002402,24.94216,121.33884,7,1,1,2,2026-08-20T02:20:54+08:00
新北市,New Taipei City,YouBike2.0_國中高職東街口,鶯歌區,國中路113至117-3號(對面),YouBike2.0_Guozhong & Gaozhi E. Intersection,Yingge Dist,"No. 113, Guozhong St., Yingge Dist.(opposite)",500234035,15,5,20260819T213703,24.94117,121.34116,10,1,4,1,2026-08-20T02:20:54+08:00
新北市,New Taipei City,YouBike2.0_尖山路高厝巷口,鶯歌區,尖山路276-5號(旁),YouBike2.0_Gaocuo Ln. Jianshan Rd.,Yingge Dist,"No. 276-5, Jianshan Rd. (Side)",500234036,15,7,20260820T000502,24.94495,121.34102,7,1,7,0,2026-08-20T02:20:54+08:00
新北市,New Taipei City,YouBike2.0_公八停車場,鶯歌區,國華路53號(對面),YouBike2.0_Public 8th Parking Lot,Yingge Dist,"No.53, Guohua Rd. (opposite)",500234037,15,8,20260820T010402,24.95515,121.34285,6,1,8,0,2026-08-20T02:20:54+08:00
新北市,New Taipei City,YouBike2.0_龍三鳳鳴路口,鶯歌區,鳳鳴路541號,YouBike2.0_Long 3rd. Rd. & Fengming Rd. Intersection,Yingge Dist,"No. 541, Fengming Rd.",500234038,18,10,20260820T001204,24.97286,121.33137,8,1,10,0,2026-08-20T02:20:54+08:00
新北市,New Taipei City,YouBike2.0_鳳福鳳三路口,鶯歌區,鳳三路360號,YouBike2.0_Fengfu Rd. & Feng 3rd. Rd. Intersection,Yingge Dist,"No. 360, Feng 3rd Rd.",500234039,22,5,20260819T224103,24.97567,121.33143,17,1,5,0,2026-08-20T02:20:54+08:00
新北市,New Taipei City,YouBike2.0_北鶯公園,鶯歌區,成功街20巷19號(旁),YouBike2.0_Beiying Park,Yingge Dist,"No. 19, Ln. 20, Chenggong St. (Side)",500234040,15,9,20260820T004103,24.95777,121.35942,6,1,7,2,2026-08-20T02:20:54+08:00
新北市,New Taipei City,YouBike2.0_鶯歌火車站(文化路),鶯歌區,文化路/文化路115巷(北側),YouBike2.0_Yingge Station (Wenhua Rd.),Yingge Dist,"Ln. 115, Wenhua Rd. Intersection (North)",500234041,25,19,20260819T214603,24.95536,121.35697,6,1,17,2,2026-08-20T02:20:54+08:00
新北市,New Taipei City,YouBike2.0_鳳七鶯歌路口,鶯歌區,鶯歌路101-107號(旁),YouBike2.0_Feng 7th Rd. & Yingge Rd. Intersection,Yingge Dist,"No. 101-107, Yingge Rd. (Side)",500234042,11,6,20260819T234403,24.96916,121.33193,5,1,6,0,2026-08-20T02:20:54+08:00
新北市,New Taipei City,YouBike2.0_國際一路112巷口,鶯歌區,國際一路167號(前),"YouBike2.0_Ln. 112, GuoJi 1st Rd.",Yingge Dist,"No. 167, GuoJi 1st Rd. (Front)",500234043,15,7,20260819T230303,24.97667,121.33579,8,1,4,3,2026-08-20T02:20:54+08:00
新北市,New Taipei City,YouBike2.0_臺鐵鳳鳴站,鶯歌區,鳳一路/鶯歌路口,YouBike2.0_Fengming Station,Yingge Dist,Feng 1st Rd. & YingGe Rd.,500234044,40,0,20260819T210005,24.97227,121.33674,0,0,0,0,2026-08-20T02:20:54+08:00
新北市,New Taipei City,YouBike2.0_鶯歌陶瓷老街,鶯歌區,重慶街/國慶街(西南側),YouBike2.0_YingGe Old Street,Yingge Dist,ChongQing St. & GuoQing St. (Southwest),500234045,33,20,20260819T224402,24.95219,121.351,12,1,19,1,2026-08-20T02:20:54+08:00
新北市,New Taipei City,YouBike2.0_鶯歌火車站(仁愛路62號),鶯歌區,仁愛路62號(東側),"YouBike2.0_YingGe Station (No. 62, RenAi Rd.)",Yingge Dist,"No. 62, RenAi Rd. (East)",500234046,42,6,20260820T011204,24.95505,121.35407,35,1,6,0,2026-08-20T02:20:54+08:00
新北市,New Taipei City,YouBike2.0_臺鐵鳳鳴站(鶯歌路),鶯歌區,鶯歌路276號(對面),YouBike2.0_Fengming Station (YingGe Rd.),Yingge Dist,"No. 276, YingGe Rd. (Opposite)",500234047,20,10,20260820T003802,24.97189,121.33651,10,1,10,0,2026-08-20T02:20:54+08:00
新北市,New Taipei City,YouBike2.0_光明育智路口,鶯歌區,光明街126號(東南側),YouBike2.0_GuangMing St. & YuZhi Rd. Intersection,Yingge Dist,"No. 126, GuangMing St. (Southeast)",500234048,14,4,20260820T005902,24.95587,121.3456,10,1,4,0,2026-08-20T02:20:54+08:00
新北市,New Taipei City,YouBike2.0_新鳳公園,鶯歌區,鶯桃路二段60號(對側),YouBike2.0_XinFeng Park,Yingge Dist,"No. 60, Sec. 2, YingTao Rd. (Opposite)",500234049,14,8,20260820T013503,24.9732,121.32474,5,1,8,0,2026-08-20T02:20:54+08:00
新北市,New Taipei City,YouBike2.0_鳳鳴機器人公園,鶯歌區,鳳鳴路/福安街7巷24弄口,YouBike2.0_FengMing Robot Park,Yingge Dist,"FengMing Rd. & Aly. 24, Ln. 7, FuAn St.",500234050,17,3,20260820T003102,24.96618,121.33465,14,1,3,0,2026-08-20T02:20:54+08:00
新北市,New Taipei City,YouBike2.0_龍五鳳七路口,鶯歌區,龍五路/鳳七路口,YouBike2.0_Long 5th Rd. & Feng 7th Rd. Intersection,Yingge Dist,Long 5th Rd. & Feng 7th Rd. Intersection,500234051,30,24,20260820T001204,24.97043,121.33101,6,1,22,2,2026-08-20T02:20:54+08:00
新北市,New Taipei City,YouBike2.0_龍鳳夜市,鶯歌區,鳳三路/龍三路(東南側),YouBike2.0_LongFeng Night Market,Yingge Dist,Feng 3rd Rd. & Long 3rd Rd. (Southeast),500234052,30,8,20260819T221603,24.97329,121.33331,22,1,8,0,2026-08-20T02:20:54+08:00
新北市,New Taipei City,YouBike2.0_中湖市民活動中心,鶯歌區,中湖街21號,YouBike2.0_Zhonghu Civic Activity Center,Yingge Dist,"No. 21, ZhongHu St.",500234053,20,4,20260819T210603,24.97298,121.3472,16,1,4,0,2026-08-20T02:20:54+08:00
新北市,New Taipei City,YouBike2.0_鳳一鳳吉一街口,鶯歌區,鳳吉一街259號(旁),YouBike2.0_Feng 1st Rd. & FengJi 1st St. Intersection,Yingge Dist,"No. 259, FengJi 1st St. (Side)",500234054,20,11,20260819T230505,24.97677,121.3317,9,1,10,1,2026-08-20T02:20:54+08:00
新北市,New Taipei City,YouBike2.0_鳳五路122號前,鶯歌區,鳳五路122號前,"YouBike2.0_No. 122, Feng 5th Rd.",Yingge Dist,"No. 122, Feng 5th Rd. (Front)",500234055,18,8,20260819T225103,24.97316,121.32991,9,1,7,1,2026-08-20T02:20:54+08:00
新北市,New Taipei City,YouBike2.0_建國永昌街口,鶯歌區,建國路546號(對面),YouBike2.0_JianGuo Rd. & YongChang St. Intersection,Yingge Dist,"No. 546, JianGuo Rd. (Opposite)",500234056,17,4,20260819T191303,24.95031,121.33831,13,1,2,2,2026-08-20T02:20:54+08:00
新北市,New Taipei City,YouBike2.0_捷運鶯歌車站,鶯歌區,館前路300號(對側),YouBike2.0_MRT Yingge Sta.,Yingge Dist,"No. 300, GuanQian Rd. (Opposite)",500234057,34,14,20260819T224003,24.95322,121.35668,20,1,14,0,2026-08-20T02:20:54+08:00
新北市,New Taipei City,YouBike2.0_鳳三龍七路口,鶯歌區,鳳三路68號,YouBike2.0_Feng 3rd Rd. & Long 7th Rd. Intersection,Yingge Dist,"No. 68, Feng 3rd Rd.",500234058,18,6,20260820T001402,24.97204,121.33467,12,1,6,0,2026-08-20T02:20:54+08:00
新北市,New Taipei City,YouBike2.0_捷運國華站,鶯歌區,國華路45號(對側),YouBike2.0_MRT Guohua Sta.,Yingge Dist,"No. 45, GuoHua Rd. (Opposite)",500234059,24,9,20260820T002002,24.95535,121.34251,15,1,9,0,2026-08-20T02:20:54+08:00
新北市,New Taipei City,YouBike2.0_捷運陶瓷老街站,鶯歌區,捷運陶瓷老街站(重慶街側),YouBike2.0_MRT Ceramics Old Street Sta.,Yingge Dist,MRT Ceramics Old Street Sta. (ChongQing St.),500234060,36,17,20260819T230204,24.95212,121.35065,19,1,17,0,2026-08-20T02:20:54+08:00
新北市,New Taipei City,YouBike2.0_捷運永吉公園站,鶯歌區,鶯桃路296巷口,YouBike2.0_MRT Yongji Park Sta.,Yingge Dist,"Ln. 296, YingTao Rd. Intersection",500234061,47,14,20260820T002203,24.96048,121.33476,33,1,13,1,2026-08-20T02:20:54+08:00
新北市,New Taipei City,YouBike2.0_捷運鶯桃福德站,鶯歌區,福德一路20號(對側),YouBike2.0_MRT Yingtao Fude Sta.,Yingge Dist,"No. 20, FuDe 1st Rd. (Opposite)",500234062,75,16,20260819T231003,24.96704,121.33044,58,1,16,0,2026-08-20T02:20:54+08:00
新北市,New Taipei City,YouBike2.0_捷運國華站(2號出口),鶯歌區,國華路97號(對側),YouBike2.0_MRT Guohua Sta.(Exit 2),Yingge Dist,"No. 97, GuoHua Rd. (Opposite)",500234063,60,18,20260819T192004,24.95374,121.34301,42,1,18,0,2026-08-20T02:20:54+08:00
新北市,New Taipei City,YouBike2.0_鶯歌山水步道停車場,鶯歌區,觀景涼亭停車場,YouBike2.0_YingGe Riverside Trail Car Park,Yingge Dist,YingGe Riverside Trail Car Park,500234064,24,6,20260819T215802,24.93205,121.32825,18,1,5,1,2026-08-20T02:20:54+08:00
新北市,New Taipei City,YouBike2.0_鶯歌環河自行車道,鶯歌區,環河路/甲三街(南側自行車道),YouBike2.0_YingGe Riverside Cycling Route,Yingge Dist,Huanhe Rd. & Jia 3rd St. (South),500234065,20,12,20260819T213204,24.92967,121.33837,8,1,12,0,2026-08-20T02:20:54+08:00
新北市,New Taipei City,YouBike2.0_鶯歌火車站(仁愛路),鶯歌區,仁愛路55號對側,YouBike2.0_Yingge Railway Station(Ren’ai Rd.),Yingge Dist,"No.55, Ren’ai Rd., Yingge Dist.(opposite)",500234001,69,5,20260820T011602,24.95559,121.35441,62,1,5,0,2026-08-20T03:00:32+08:00
新北市,New Taipei City,YouBike2.0_新北市立圖書館鶯歌分館,鶯歌區,中山路150號,YouBike2.0_New Taipei City Library Yingge Branch,Yingge Dist,"No.150, Zhongshan Rd.",500234002,20,5,20260820T004504,24.9572,121.34946,14,1,5,0,2026-08-20T03:00:32+08:00
新北市,New Taipei City,YouBike2.0_文化館前路口,鶯歌區,文化路407號旁,YouBike2.0_Yingge Ceramics Museum,Yingge Dist,"No. 407, Wenhua Rd.",500234003,44,10,20260819T230602,24.94948,121.35291,34,1,9,1,2026-08-20T03:00:32+08:00
新北市,New Taipei City,YouBike2.0_鶯歌國民運動中心,鶯歌區,館前路250號運動中心前,YouBike2.0_Yingge Civil Sports Center,Yingge Dist,"No.250, Guanqian Rd., Yingge Dist.",500234004,38,15,20260819T224303,24.95139,121.35733,22,1,13,2,2026-08-20T03:00:32+08:00
新北市,New Taipei City,YouBike2.0_尖山國中,鶯歌區,國中街1號,YouBike2.0_Municipal Jianshan Junior High School,Yingge Dist,"No.1, Guozhong St., Yingge Dist(sidewalk)",500234005,20,4,20260819T210503,24.94381,121.34207,16,1,4,0,2026-08-20T03:00:32+08:00
新北市,New Taipei City,YouBike2.0_新北市立鶯歌高級工商職業學校,鶯歌區,中正三路154號,YouBike2.0_New Taipei Municipal Yingge Vocational High School,Yingge Dist,"No. 154, Zhongzheng 3rd. Rd",500234006,56,2,20260820T000902,24.93923,121.33488,54,1,2,0,2026-08-20T03:00:32+08:00
新北市,New Taipei City,YouBike2.0_鶯歌國中,鶯歌區,鶯桃路39-5號對側,YouBike2.0_Yingge Junior High chool,Yingge Dist,"No.39-5, Yingtao Rd.(opposite)",500234007,30,8,20260819T222203,24.95119,121.34256,21,1,7,1,2026-08-20T03:00:32+08:00
新北市,New Taipei City,YouBike2.0_永吉國小,鶯歌區,德昌二街39號對側,YouBike2.0_Yongchi elementary school,Yingge Dist,"No.39, Dechang 2nd St., Yingge Dist.",500234008,20,13,20260820T014903,24.95865,121.33308,7,1,12,1,2026-08-20T03:00:32+08:00
新北市,New Taipei City,YouBike2.0_鳳祥公園,鶯歌區,鶯桃路365巷130號對側,YouBike2.0_Fengxiang Park,Yingge Dist,"No.130, Ln. 365, Yingtao Rd., Yingge Dist.",500234009,20,10,20260820T010102,24.96283,121.33025,9,1,8,2,2026-08-20T03:00:32+08:00
新北市,New Taipei City,YouBike2.0_鳳鳴國小,鶯歌區,永和街120號,YouBike2.0_Fengming Elementary School,Yingge Dist,"No.120, Yonghe St., Yingge Dist.",500234010,20,9,20260820T004603,24.9692,121.3347,11,1,8,1,2026-08-20T03:00:32+08:00
新北市,New Taipei City,YouBike2.0_國際二國際一路口,鶯歌區,國際二路與國際一路口,YouBike2.0_Guoji 2nd Guoji 1st Intersection,Yingge Dist,"Guoji 2nd Rd./Guoji 1st Rd., Yingge Dist.",500234011,20,6,20260819T183603,24.97577,121.3353,14,1,4,2,2026-08-20T03:00:32+08:00
新北市,New Taipei City,YouBike2.0_鳳福公園,鶯歌區,鳳吉一街186號(對面),YouBike2.0_Fengfu Park,Yingge Dist,"No. 186, Fengji 1st St., Yingge Dist.(opposite)",500234012,20,10,20260820T014003,24.97572,121.32938,10,1,10,0,2026-08-20T03:00:32+08:00
新北市,New Taipei City,YouBike2.0_尖山公園,鶯歌區,鶯歌區尖山路161號對面,YouBike2.0_Jianshan Park,Yingge Dist,"No.161, Jianshan Rd.(opposite)",500234013,29,24,20260819T230303,24.9482,121.346,5,1,21,3,2026-08-20T03:00:32+08:00
新北市,New Taipei City,YouBike2.0_永昌里兒一公園,鶯歌區,鶯桃路182巷96弄36-38號對側,YouBike2.0_Yongchang Village Children Park (No.1),Yingge Dist,"No.36-38, Aly. 96, Ln. 182, Yingtao Rd.(oppsite)",500234014,20,11,20260819T232502,24.956649374562204,121.33959628800724,9,1,10,1,2026-08-20T03:00:32+08:00
新北市,New Taipei City,YouBike2.0_南雅育智路口,鶯歌區,南雅路491號(對面),YouBike2.0_Nanya & Yuzhi Rd. Intersection,Yingge Dist,"No.491, Nanya Rd., Yingge Dist.(opposite)",500234015,22,7,20260820T025202,24.954,121.346,14,1,6,1,2026-08-20T03:00:32+08:00
新北市,New Taipei City,YouBike2.0_國中二甲路口,鶯歌區,國中街175號(前),YouBike2.0_Guozhong & Erjia Intersection,Yingge Dist,"No. 175, Guozhong St., Yingge Dist.",500234016,20,9,20260820T002702,24.939489067109363,121.33868650698288,11,1,7,2,2026-08-20T03:00:32+08:00
新北市,New Taipei City,YouBike2.0_鶯歌永利街,鶯歌區,永利街16號(對面),YouBike2.0_Yingge Yongli St.,Yingge Dist,"No. 16, Yongli St. Yingge Dist.",500234017,15,10,20260820T002402,24.95495,121.33911,4,1,9,1,2026-08-20T03:00:32+08:00
新北市,New Taipei City,YouBike2.0_二橋虹橋公園,鶯歌區,中正三路400號(對面),YouBike2.0_Erqiaoshiguanghongqiao Park,Yingge Dist,"No. 400, Zhongzheng 3rd Rd.(Opposite)",500234018,10,5,20260819T235803,24.93453,121.32595,5,1,5,0,2026-08-20T03:00:32+08:00
新北市,New Taipei City,YouBike2.0_鳳吉四鳳七路口(捷士匯社區),鶯歌區,鳳吉四街57-75號(旁),YouBike2.0_Fengji 4th & Feng 7th Rd. Intersection,Yingge Dist,"No. 57-75, Fengji 4th St.",500234021,40,22,20260820T000102,24.97383,121.32769,18,1,22,0,2026-08-20T03:00:32+08:00
新北市,New Taipei City,YouBike2.0_鶯歌老街第二停車場,鶯歌區,尖山埔路27-31號(對面),YouBike2.0_Yingge Old Street 2nd Parking Lot,Yingge Dist,"No. 27-31, Jianshanpu Rd.(Opposite)",500234022,20,7,20260819T195304,24.94895,121.34227,13,1,7,0,2026-08-20T03:00:32+08:00
新北市,New Taipei City,YouBike2.0_建國中正一路口(北鶯社區),鶯歌區,建國路6號(對面空地),YouBike2.0_Jianguo Zhongzheng 1st Rd. Intersection,Yingge Dist,"No. 6, Jianguo Rd.(Opposite)",500234023,20,9,20260819T202802,24.95658,121.35692,11,1,8,1,2026-08-20T03:00:32+08:00
新北市,New Taipei City,YouBike2.0_三鶯水資源回收中心,鶯歌區,館前路360號(旁),YouBike2.0_Sanying Water Recycling Center,Yingge Dist,"No. 360, Guanqian Rd.",500234024,14,7,20260819T215603,24.95535,121.35996,6,1,5,2,2026-08-20T03:00:32+08:00
新北市,New Taipei City,YouBike2.0_永和街65巷口,鶯歌區,永和街75號,"YouBike2.0_Ln. 65, Yonghe St. Intersection",Yingge Dist,"No. 75, Yonghe St.",500234025,37,18,20260820T010003,24.96798,121.3331413,19,1,14,4,2026-08-20T03:00:32+08:00
新北市,New Taipei City,YouBike2.0_鶯歌陶瓷博物館,鶯歌區,文化路200號(旁),YouBike2.0_Yingge Ceramics Museum(Wenhua Rd.),Yingge Dist,"No. 200, Wenhua Rd.",500234026,22,3,20260819T224604,24.95012,121.35245,19,1,3,0,2026-08-20T03:00:32+08:00
新北市,New Taipei City,YouBike2.0_礫間停車場,鶯歌區,礫間停車場,YouBike2.0_Lijian Parking,Yingge Dist,Lijian Parking,500234028,20,9,20260819T224303,24.9518,121.35445,11,1,8,1,2026-08-20T03:00:32+08:00
新北市,New Taipei City,YouBike2.0_北鶯停車場,鶯歌區,北鶯停車場,YouBike2.0_Beiying Parking,Yingge Dist,Beiying Parking,500234029,20,10,20260819T130204,24.95567,121.35992,10,1,10,0,2026-08-20T03:00:32+08:00
新北市,New Taipei City,YouBike2.0_育英建國路口,鶯歌區,建國路280號(旁),YouBike2.0_Yuying Jianguo Rd. Intersection,Yingge Dist,"No. 280, Jianguo Rd.",500234030,12,5,20260819T225903,24.95356,121.34693,6,1,5,0,2026-08-20T03:00:32+08:00
新北市,New Taipei City,YouBike2.0_中正一仁愛路口,鶯歌區,中正一路181號(對面),YouBike2.0_Zhongzheng 1st & Ren'ai Rd Intersection,Yingge Dist,"No. 181, Zhongzheng 1st Rd.(Opposite)",500234031,15,5,20260819T202003,24.95672,121.3532,10,1,3,2,2026-08-20T03:00:32+08:00
新北市,New Taipei City,YouBike2.0_建國國小,鶯歌區,育英街19號(旁),YouBike2.0_Jianguo Elementary School,Yingge Dist,"No. 19, Yuying St.",500234032,15,5,20260820T000604,24.95521,121.34727,10,1,5,0,2026-08-20T03:00:32+08:00
新北市,New Taipei City,YouBike2.0_光明橋,鶯歌區,永明街78號(旁),YouBike2.0_Guang-ming bridge,Yingge Dist,"No. 78, Yongming St., Yingge Dist.(side)",500234033,14,6,20260820T002616,24.95577,121.34128,8,1,4,2,2026-08-20T03:00:32+08:00
新北市,New Taipei City,YouBike2.0_二橋派出所,鶯歌區,高職西街/中正三路口(西北側),YouBike2.0_Erqiao Police Station,Yingge Dist,"Gaozhi W. St. & Zhongzheng 3rd Rd., Yingge Dist. (west side)",500234034,11,3,20260820T002402,24.94216,121.33884,7,1,1,2,2026-08-20T03:00:32+08:00
新北市,New Taipei City,YouBike2.0_國中高職東街口,鶯歌區,國中路113至117-3號(對面),YouBike2.0_Guozhong & Gaozhi E. Intersection,Yingge Dist,"No. 113, Guozhong St., Yingge Dist.(opposite)",500234035,15,5,20260819T213703,24.94117,121.34116,10,1,4,1,2026-08-20T03:00:32+08:00
新北市,New Taipei City,YouBike2.0_尖山路高厝巷口,鶯歌區,尖山路276-5號(旁),YouBike2.0_Gaocuo Ln. Jianshan Rd.,Yingge Dist,"No. 276-5, Jianshan Rd. (Side)",500234036,15,7,20260820T000502,24.94495,121.34102,7,1,7,0,2026-08-20T03:00:32+08:00
新北市,New Taipei City,YouBike2.0_公八停車場,鶯歌區,國華路53號(對面),YouBike2.0_Public 8th Parking Lot,Yingge Dist,"No.53, Guohua Rd. (opposite)",500234037,15,8,20260820T010402,24.95515,121.34285,6,1,8,0,2026-08-20T03:00:32+08:00
新北市,New Taipei City,YouBike2.0_龍三鳳鳴路口,鶯歌區,鳳鳴路541號,YouBike2.0_Long 3rd. Rd. & Fengming Rd. Intersection,Yingge Dist,"No. 541, Fengming Rd.",500234038,18,10,20260820T001204,24.97286,121.33137,8,1,10,0,2026-08-20T03:00:32+08:00
新北市,New Taipei City,YouBike2.0_鳳福鳳三路口,鶯歌區,鳳三路360號,YouBike2.0_Fengfu Rd. & Feng 3rd. Rd. Intersection,Yingge Dist,"No. 360, Feng 3rd Rd.",500234039,22,5,20260819T224103,24.97567,121.33143,17,1,5,0,2026-08-20T03:00:32+08:00
新北市,New Taipei City,YouBike2.0_北鶯公園,鶯歌區,成功街20巷19號(旁),YouBike2.0_Beiying Park,Yingge Dist,"No. 19, Ln. 20, Chenggong St. (Side)",500234040,15,9,20260820T004103,24.95777,121.35942,6,1,7,2,2026-08-20T03:00:32+08:00
新北市,New Taipei City,YouBike2.0_鶯歌火車站(文化路),鶯歌區,文化路/文化路115巷(北側),YouBike2.0_Yingge Station (Wenhua Rd.),Yingge Dist,"Ln. 115, Wenhua Rd. Intersection (North)",500234041,25,19,20260819T214603,24.95536,121.35697,6,1,17,2,2026-08-20T03:00:32+08:00
新北市,New Taipei City,YouBike2.0_鳳七鶯歌路口,鶯歌區,鶯歌路101-107號(旁),YouBike2.0_Feng 7th Rd. & Yingge Rd. Intersection,Yingge Dist,"No. 101-107, Yingge Rd. (Side)",500234042,11,6,20260819T234403,24.96916,121.33193,5,1,6,0,2026-08-20T03:00:32+08:00
新北市,New Taipei City,YouBike2.0_國際一路112巷口,鶯歌區,國際一路167號(前),"YouBike2.0_Ln. 112, GuoJi 1st Rd.",Yingge Dist,"No. 167, GuoJi 1st Rd. (Front)",500234043,15,7,20260819T230303,24.97667,121.33579,8,1,4,3,2026-08-20T03:00:32+08:00
新北市,New Taipei City,YouBike2.0_臺鐵鳳鳴站,鶯歌區,鳳一路/鶯歌路口,YouBike2.0_Fengming Station,Yingge Dist,Feng 1st Rd. & YingGe Rd.,500234044,40,0,20260819T210005,24.97227,121.33674,0,0,0,0,2026-08-20T03:00:32+08:00
新北市,New Taipei City,YouBike2.0_鶯歌陶瓷老街,鶯歌區,重慶街/國慶街(西南側),YouBike2.0_YingGe Old Street,Yingge Dist,ChongQing St. & GuoQing St. (Southwest),500234045,33,20,20260819T224402,24.95219,121.351,12,1,19,1,2026-08-20T03:00:32+08:00
新北市,New Taipei City,YouBike2.0_鶯歌火車站(仁愛路62號),鶯歌區,仁愛路62號(東側),"YouBike2.0_YingGe Station (No. 62, RenAi Rd.)",Yingge Dist,"No. 62, RenAi Rd. (East)",500234046,42,6,20260820T011204,24.95505,121.35407,35,1,6,0,2026-08-20T03:00:32+08:00
新北市,New Taipei City,YouBike2.0_臺鐵鳳鳴站(鶯歌路),鶯歌區,鶯歌路276號(對面),YouBike2.0_Fengming Station (YingGe Rd.),Yingge Dist,"No. 276, YingGe Rd. (Opposite)",500234047,20,10,20260820T003802,24.97189,121.33651,10,1,10,0,2026-08-20T03:00:32+08:00
新北市,New Taipei City,YouBike2.0_光明育智路口,鶯歌區,光明街126號(東南側),YouBike2.0_GuangMing St. & YuZhi Rd. Intersection,Yingge Dist,"No. 126, GuangMing St. (Southeast)",500234048,14,4,20260820T005902,24.95587,121.3456,10,1,4,0,2026-08-20T03:00:32+08:00
新北市,New Taipei City,YouBike2.0_新鳳公園,鶯歌區,鶯桃路二段60號(對側),YouBike2.0_XinFeng Park,Yingge Dist,"No. 60, Sec. 2, YingTao Rd. (Opposite)",500234049,14,8,20260820T013503,24.9732,121.32474,5,1,8,0,2026-08-20T03:00:32+08:00
新北市,New Taipei City,YouBike2.0_鳳鳴機器人公園,鶯歌區,鳳鳴路/福安街7巷24弄口,YouBike2.0_FengMing Robot Park,Yingge Dist,"FengMing Rd. & Aly. 24, Ln. 7, FuAn St.",500234050,17,3,20260820T003102,24.96618,121.33465,14,1,3,0,2026-08-20T03:00:32+08:00
新北市,New Taipei City,YouBike2.0_龍五鳳七路口,鶯歌區,龍五路/鳳七路口,YouBike2.0_Long 5th Rd. & Feng 7th Rd. Intersection,Yingge Dist,Long 5th Rd. & Feng 7th Rd. Intersection,500234051,30,24,20260820T001204,24.97043,121.33101,6,1,22,2,2026-08-20T03:00:32+08:00
新北市,New Taipei City,YouBike2.0_龍鳳夜市,鶯歌區,鳳三路/龍三路(東南側),YouBike2.0_LongFeng Night Market,Yingge Dist,Feng 3rd Rd. & Long 3rd Rd. (Southeast),500234052,30,8,20260819T221603,24.97329,121.33331,22,1,8,0,2026-08-20T03:00:32+08:00
新北市,New Taipei City,YouBike2.0_中湖市民活動中心,鶯歌區,中湖街21號,YouBike2.0_Zhonghu Civic Activity Center,Yingge Dist,"No. 21, ZhongHu St.",500234053,20,4,20260819T210603,24.97298,121.3472,16,1,4,0,2026-08-20T03:00:32+08:00
新北市,New Taipei City,YouBike2.0_鳳一鳳吉一街口,鶯歌區,鳳吉一街259號(旁),YouBike2.0_Feng 1st Rd. & FengJi 1st St. Intersection,Yingge Dist,"No. 259, FengJi 1st St. (Side)",500234054,20,11,20260819T230505,24.97677,121.3317,9,1,10,1,2026-08-20T03:00:32+08:00
新北市,New Taipei City,YouBike2.0_鳳五路122號前,鶯歌區,鳳五路122號前,"YouBike2.0_No. 122, Feng 5th Rd.",Yingge Dist,"No. 122, Feng 5th Rd. (Front)",500234055,18,8,20260819T225103,24.97316,121.32991,9,1,7,1,2026-08-20T03:00:32+08:00
新北市,New Taipei City,YouBike2.0_建國永昌街口,鶯歌區,建國路546號(對面),YouBike2.0_JianGuo Rd. & YongChang St. Intersection,Yingge Dist,"No. 546, JianGuo Rd. (Opposite)",500234056,17,4,20260819T191303,24.95031,121.33831,13,1,2,2,2026-08-20T03:00:32+08:00
新北市,New Taipei City,YouBike2.0_捷運鶯歌車站,鶯歌區,館前路300號(對側),YouBike2.0_MRT Yingge Sta.,Yingge Dist,"No. 300, GuanQian Rd. (Opposite)",500234057,34,14,20260819T224003,24.95322,121.35668,20,1,14,0,2026-08-20T03:00:32+08:00
新北市,New Taipei City,YouBike2.0_鳳三龍七路口,鶯歌區,鳳三路68號,YouBike2.0_Feng 3rd Rd. & Long 7th Rd. Intersection,Yingge Dist,"No. 68, Feng 3rd Rd.",500234058,18,6,20260820T001402,24.97204,121.33467,12,1,6,0,2026-08-20T03:00:32+08:00
新北市,New Taipei City,YouBike2.0_捷運國華站,鶯歌區,國華路45號(對側),YouBike2.0_MRT Guohua Sta.,Yingge Dist,"No. 45, GuoHua Rd. (Opposite)",500234059,24,9,20260820T002002,24.95535,121.34251,15,1,9,0,2026-08-20T03:00:32+08:00
新北市,New Taipei City,YouBike2.0_捷運陶瓷老街站,鶯歌區,捷運陶瓷老街站(重慶街側),YouBike2.0_MRT Ceramics Old Street Sta.,Yingge Dist,MRT Ceramics Old Street Sta. (ChongQing St.),500234060,36,17,20260819T230204,24.95212,121.35065,19,1,17,0,2026-08-20T03:00:32+08:00
新北市,New Taipei City,YouBike2.0_捷運永吉公園站,鶯歌區,鶯桃路296巷口,YouBike2.0_MRT Yongji Park Sta.,Yingge Dist,"Ln. 296, YingTao Rd. Intersection",500234061,47,14,20260820T002203,24.96048,121.33476,33,1,13,1,2026-08-20T03:00:32+08:00
新北市,New Taipei City,YouBike2.0_捷運鶯桃福德站,鶯歌區,福德一路20號(對側),YouBike2.0_MRT Yingtao Fude Sta.,Yingge Dist,"No. 20, FuDe 1st Rd. (Opposite)",500234062,75,16,20260819T231003,24.96704,121.33044,58,1,16,0,2026-08-20T03:00:32+08:00
新北市,New Taipei City,YouBike2.0_捷運國華站(2號出口),鶯歌區,國華路97號(對側),YouBike2.0_MRT Guohua Sta.(Exit 2),Yingge Dist,"No. 97, GuoHua Rd. (Opposite)",500234063,60,18,20260819T192004,24.95374,121.34301,42,1,18,0,2026-08-20T03:00:32+08:00
新北市,New Taipei City,YouBike2.0_鶯歌山水步道停車場,鶯歌區,觀景涼亭停車場,YouBike2.0_YingGe Riverside Trail Car Park,Yingge Dist,YingGe Riverside Trail Car Park,500234064,24,6,20260819T215802,24.93205,121.32825,18,1,5,1,2026-08-20T03:00:32+08:00
新北市,New Taipei City,YouBike2.0_鶯歌環河自行車道,鶯歌區,環河路/甲三街(南側自行車道),YouBike2.0_YingGe Riverside Cycling Route,Yingge Dist,Huanhe Rd. & Jia 3rd St. (South),500234065,20,12,20260819T213204,24.92967,121.33837,8,1,12,0,2026-08-20T03:00:32+08:00
新北市,New Taipei City,YouBike2.0_鶯歌火車站(仁愛路),鶯歌區,仁愛路55號對側,YouBike2.0_Yingge Railway Station(Ren’ai Rd.),Yingge Dist,"No.55, Ren’ai Rd., Yingge Dist.(opposite)",500234001,69,5,20260820T011602,24.95559,121.35441,62,1,5,0,2026-08-20T03:36:12+08:00
新北市,New Taipei City,YouBike2.0_新北市立圖書館鶯歌分館,鶯歌區,中山路150號,YouBike2.0_New Taipei City Library Yingge Branch,Yingge Dist,"No.150, Zhongshan Rd.",500234002,20,5,20260820T004504,24.9572,121.34946,14,1,5,0,2026-08-20T03:36:12+08:00
新北市,New Taipei City,YouBike2.0_文化館前路口,鶯歌區,文化路407號旁,YouBike2.0_Yingge Ceramics Museum,Yingge Dist,"No. 407, Wenhua Rd.",500234003,44,10,20260819T230602,24.94948,121.35291,34,1,9,1,2026-08-20T03:36:12+08:00
新北市,New Taipei City,YouBike2.0_鶯歌國民運動中心,鶯歌區,館前路250號運動中心前,YouBike2.0_Yingge Civil Sports Center,Yingge Dist,"No.250, Guanqian Rd., Yingge Dist.",500234004,38,15,20260819T224303,24.95139,121.35733,22,1,13,2,2026-08-20T03:36:12+08:00
新北市,New Taipei City,YouBike2.0_尖山國中,鶯歌區,國中街1號,YouBike2.0_Municipal Jianshan Junior High School,Yingge Dist,"No.1, Guozhong St., Yingge Dist(sidewalk)",500234005,20,4,20260819T210503,24.94381,121.34207,16,1,4,0,2026-08-20T03:36:12+08:00
新北市,New Taipei City,YouBike2.0_新北市立鶯歌高級工商職業學校,鶯歌區,中正三路154號,YouBike2.0_New Taipei Municipal Yingge Vocational High School,Yingge Dist,"No. 154, Zhongzheng 3rd. Rd",500234006,56,2,20260820T000902,24.93923,121.33488,54,1,2,0,2026-08-20T03:36:12+08:00
新北市,New Taipei City,YouBike2.0_鶯歌國中,鶯歌區,鶯桃路39-5號對側,YouBike2.0_Yingge Junior High chool,Yingge Dist,"No.39-5, Yingtao Rd.(opposite)",500234007,30,8,20260819T222203,24.95119,121.34256,21,1,7,1,2026-08-20T03:36:12+08:00
新北市,New Taipei City,YouBike2.0_永吉國小,鶯歌區,德昌二街39號對側,YouBike2.0_Yongchi elementary school,Yingge Dist,"No.39, Dechang 2nd St., Yingge Dist.",500234008,20,13,20260820T014903,24.95865,121.33308,7,1,12,1,2026-08-20T03:36:12+08:00
新北市,New Taipei City,YouBike2.0_鳳祥公園,鶯歌區,鶯桃路365巷130號對側,YouBike2.0_Fengxiang Park,Yingge Dist,"No.130, Ln. 365, Yingtao Rd., Yingge Dist.",500234009,20,10,20260820T010102,24.96283,121.33025,9,1,8,2,2026-08-20T03:36:12+08:00
新北市,New Taipei City,YouBike2.0_鳳鳴國小,鶯歌區,永和街120號,YouBike2.0_Fengming Elementary School,Yingge Dist,"No.120, Yonghe St., Yingge Dist.",500234010,20,9,20260820T004603,24.9692,121.3347,11,1,8,1,2026-08-20T03:36:12+08:00
新北市,New Taipei City,YouBike2.0_國際二國際一路口,鶯歌區,國際二路與國際一路口,YouBike2.0_Guoji 2nd Guoji 1st Intersection,Yingge Dist,"Guoji 2nd Rd./Guoji 1st Rd., Yingge Dist.",500234011,20,6,20260819T183603,24.97577,121.3353,14,1,4,2,2026-08-20T03:36:12+08:00
新北市,New Taipei City,YouBike2.0_鳳福公園,鶯歌區,鳳吉一街186號(對面),YouBike2.0_Fengfu Park,Yingge Dist,"No. 186, Fengji 1st St., Yingge Dist.(opposite)",500234012,20,10,20260820T014003,24.97572,121.32938,10,1,10,0,2026-08-20T03:36:12+08:00
新北市,New Taipei City,YouBike2.0_尖山公園,鶯歌區,鶯歌區尖山路161號對面,YouBike2.0_Jianshan Park,Yingge Dist,"No.161, Jianshan Rd.(opposite)",500234013,29,24,20260819T230303,24.9482,121.346,5,1,21,3,2026-08-20T03:36:12+08:00
新北市,New Taipei City,YouBike2.0_永昌里兒一公園,鶯歌區,鶯桃路182巷96弄36-38號對側,YouBike2.0_Yongchang Village Children Park (No.1),Yingge Dist,"No.36-38, Aly. 96, Ln. 182, Yingtao Rd.(oppsite)",500234014,20,11,20260819T232502,24.956649374562204,121.33959628800724,9,1,10,1,2026-08-20T03:36:12+08:00
新北市,New Taipei City,YouBike2.0_南雅育智路口,鶯歌區,南雅路491號(對面),YouBike2.0_Nanya & Yuzhi Rd. Intersection,Yingge Dist,"No.491, Nanya Rd., Yingge Dist.(opposite)",500234015,22,7,20260820T025202,24.954,121.346,14,1,6,1,2026-08-20T03:36:12+08:00
新北市,New Taipei City,YouBike2.0_國中二甲路口,鶯歌區,國中街175號(前),YouBike2.0_Guozhong & Erjia Intersection,Yingge Dist,"No. 175, Guozhong St., Yingge Dist.",500234016,20,9,20260820T002702,24.939489067109363,121.33868650698288,11,1,7,2,2026-08-20T03:36:12+08:00
新北市,New Taipei City,YouBike2.0_鶯歌永利街,鶯歌區,永利街16號(對面),YouBike2.0_Yingge Yongli St.,Yingge Dist,"No. 16, Yongli St. Yingge Dist.",500234017,15,10,20260820T002402,24.95495,121.33911,4,1,9,1,2026-08-20T03:36:12+08:00
新北市,New Taipei City,YouBike2.0_二橋虹橋公園,鶯歌區,中正三路400號(對面),YouBike2.0_Erqiaoshiguanghongqiao Park,Yingge Dist,"No. 400, Zhongzheng 3rd Rd.(Opposite)",500234018,10,5,20260819T235803,24.93453,121.32595,5,1,5,0,2026-08-20T03:36:12+08:00
新北市,New Taipei City,YouBike2.0_鳳吉四鳳七路口(捷士匯社區),鶯歌區,鳳吉四街57-75號(旁),YouBike2.0_Fengji 4th & Feng 7th Rd. Intersection,Yingge Dist,"No. 57-75, Fengji 4th St.",500234021,40,22,20260820T000102,24.97383,121.32769,18,1,22,0,2026-08-20T03:36:12+08:00
新北市,New Taipei City,YouBike2.0_鶯歌老街第二停車場,鶯歌區,尖山埔路27-31號(對面),YouBike2.0_Yingge Old Street 2nd Parking Lot,Yingge Dist,"No. 27-31, Jianshanpu Rd.(Opposite)",500234022,20,7,20260819T195304,24.94895,121.34227,13,1,7,0,2026-08-20T03:36:12+08:00
新北市,New Taipei City,YouBike2.0_建國中正一路口(北鶯社區),鶯歌區,建國路6號(對面空地),YouBike2.0_Jianguo Zhongzheng 1st Rd. Intersection,Yingge Dist,"No. 6, Jianguo Rd.(Opposite)",500234023,20,9,20260819T202802,24.95658,121.35692,11,1,8,1,2026-08-20T03:36:12+08:00
新北市,New Taipei City,YouBike2.0_三鶯水資源回收中心,鶯歌區,館前路360號(旁),YouBike2.0_Sanying Water Recycling Center,Yingge Dist,"No. 360, Guanqian Rd.",500234024,14,7,20260819T215603,24.95535,121.35996,6,1,5,2,2026-08-20T03:36:12+08:00
新北市,New Taipei City,YouBike2.0_永和街65巷口,鶯歌區,永和街75號,"YouBike2.0_Ln. 65, Yonghe St. Intersection",Yingge Dist,"No. 75, Yonghe St.",500234025,37,18,20260820T010003,24.96798,121.3331413,19,1,14,4,2026-08-20T03:36:12+08:00
新北市,New Taipei City,YouBike2.0_鶯歌陶瓷博物館,鶯歌區,文化路200號(旁),YouBike2.0_Yingge Ceramics Museum(Wenhua Rd.),Yingge Dist,"No. 200, Wenhua Rd.",500234026,22,3,20260819T224604,24.95012,121.35245,19,1,3,0,2026-08-20T03:36:12+08:00
新北市,New Taipei City,YouBike2.0_礫間停車場,鶯歌區,礫間停車場,YouBike2.0_Lijian Parking,Yingge Dist,Lijian Parking,500234028,20,9,20260819T224303,24.9518,121.35445,11,1,8,1,2026-08-20T03:36:12+08:00
新北市,New Taipei City,YouBike2.0_北鶯停車場,鶯歌區,北鶯停車場,YouBike2.0_Beiying Parking,Yingge Dist,Beiying Parking,500234029,20,10,20260819T130204,24.95567,121.35992,10,1,10,0,2026-08-20T03:36:12+08:00
新北市,New Taipei City,YouBike2.0_育英建國路口,鶯歌區,建國路280號(旁),YouBike2.0_Yuying Jianguo Rd. Intersection,Yingge Dist,"No. 280, Jianguo Rd.",500234030,12,5,20260819T225903,24.95356,121.34693,6,1,5,0,2026-08-20T03:36:12+08:00
新北市,New Taipei City,YouBike2.0_中正一仁愛路口,鶯歌區,中正一路181號(對面),YouBike2.0_Zhongzheng 1st & Ren'ai Rd Intersection,Yingge Dist,"No. 181, Zhongzheng 1st Rd.(Opposite)",500234031,15,5,20260819T202003,24.95672,121.3532,10,1,3,2,2026-08-20T03:36:12+08:00
新北市,New Taipei City,YouBike2.0_建國國小,鶯歌區,育英街19號(旁),YouBike2.0_Jianguo Elementary School,Yingge Dist,"No. 19, Yuying St.",500234032,15,5,20260820T000604,24.95521,121.34727,10,1,5,0,2026-08-20T03:36:12+08:00
新北市,New Taipei City,YouBike2.0_光明橋,鶯歌區,永明街78號(旁),YouBike2.0_Guang-ming bridge,Yingge Dist,"No. 78, Yongming St., Yingge Dist.(side)",500234033,14,6,20260820T002616,24.95577,121.34128,8,1,4,2,2026-08-20T03:36:12+08:00
新北市,New Taipei City,YouBike2.0_二橋派出所,鶯歌區,高職西街/中正三路口(西北側),YouBike2.0_Erqiao Police Station,Yingge Dist,"Gaozhi W. St. & Zhongzheng 3rd Rd., Yingge Dist. (west side)",500234034,11,3,20260820T002402,24.94216,121.33884,7,1,1,2,2026-08-20T03:36:12+08:00
新北市,New Taipei City,YouBike2.0_國中高職東街口,鶯歌區,國中路113至117-3號(對面),YouBike2.0_Guozhong & Gaozhi E. Intersection,Yingge Dist,"No. 113, Guozhong St., Yingge Dist.(opposite)",500234035,15,5,20260819T213703,24.94117,121.34116,10,1,4,1,2026-08-20T03:36:12+08:00
新北市,New Taipei City,YouBike2.0_尖山路高厝巷口,鶯歌區,尖山路276-5號(旁),YouBike2.0_Gaocuo Ln. Jianshan Rd.,Yingge Dist,"No. 276-5, Jianshan Rd. (Side)",500234036,15,7,20260820T000502,24.94495,121.34102,7,1,7,0,2026-08-20T03:36:12+08:00
新北市,New Taipei City,YouBike2.0_公八停車場,鶯歌區,國華路53號(對面),YouBike2.0_Public 8th Parking Lot,Yingge Dist,"No.53, Guohua Rd. (opposite)",500234037,15,8,20260820T010402,24.95515,121.34285,6,1,8,0,2026-08-20T03:36:12+08:00
新北市,New Taipei City,YouBike2.0_龍三鳳鳴路口,鶯歌區,鳳鳴路541號,YouBike2.0_Long 3rd. Rd. & Fengming Rd. Intersection,Yingge Dist,"No. 541, Fengming Rd.",500234038,18,9,20260820T032102,24.97286,121.33137,9,1,9,0,2026-08-20T03:36:12+08:00
新北市,New Taipei City,YouBike2.0_鳳福鳳三路口,鶯歌區,鳳三路360號,YouBike2.0_Fengfu Rd. & Feng 3rd. Rd. Intersection,Yingge Dist,"No. 360, Feng 3rd Rd.",500234039,22,7,20260820T033105,24.97567,121.33143,15,1,7,0,2026-08-20T03:36:12+08:00
新北市,New Taipei City,YouBike2.0_北鶯公園,鶯歌區,成功街20巷19號(旁),YouBike2.0_Beiying Park,Yingge Dist,"No. 19, Ln. 20, Chenggong St. (Side)",500234040,15,9,20260820T004103,24.95777,121.35942,6,1,7,2,2026-08-20T03:36:12+08:00
新北市,New Taipei City,YouBike2.0_鶯歌火車站(文化路),鶯歌區,文化路/文化路115巷(北側),YouBike2.0_Yingge Station (Wenhua Rd.),Yingge Dist,"Ln. 115, Wenhua Rd. Intersection (North)",500234041,25,19,20260819T214603,24.95536,121.35697,6,1,17,2,2026-08-20T03:36:12+08:00
新北市,New Taipei City,YouBike2.0_鳳七鶯歌路口,鶯歌區,鶯歌路101-107號(旁),YouBike2.0_Feng 7th Rd. & Yingge Rd. Intersection,Yingge Dist,"No. 101-107, Yingge Rd. (Side)",500234042,11,6,20260819T234403,24.96916,121.33193,5,1,6,0,2026-08-20T03:36:12+08:00
新北市,New Taipei City,YouBike2.0_國際一路112巷口,鶯歌區,國際一路167號(前),"YouBike2.0_Ln. 112, GuoJi 1st Rd.",Yingge Dist,"No. 167, GuoJi 1st Rd. (Front)",500234043,15,7,20260819T230303,24.97667,121.33579,8,1,4,3,2026-08-20T03:36:12+08:00
新北市,New Taipei City,YouBike2.0_臺鐵鳳鳴站,鶯歌區,鳳一路/鶯歌路口,YouBike2.0_Fengming Station,Yingge Dist,Feng 1st Rd. & YingGe Rd.,500234044,40,0,20260819T210005,24.97227,121.33674,0,0,0,0,2026-08-20T03:36:12+08:00
新北市,New Taipei City,YouBike2.0_鶯歌陶瓷老街,鶯歌區,重慶街/國慶街(西南側),YouBike2.0_YingGe Old Street,Yingge Dist,ChongQing St. & GuoQing St. (Southwest),500234045,33,20,20260819T224402,24.95219,121.351,12,1,19,1,2026-08-20T03:36:12+08:00
新北市,New Taipei City,YouBike2.0_鶯歌火車站(仁愛路62號),鶯歌區,仁愛路62號(東側),"YouBike2.0_YingGe Station (No. 62, RenAi Rd.)",Yingge Dist,"No. 62, RenAi Rd. (East)",500234046,42,6,20260820T011204,24.95505,121.35407,35,1,6,0,2026-08-20T03:36:12+08:00
新北市,New Taipei City,YouBike2.0_臺鐵鳳鳴站(鶯歌路),鶯歌區,鶯歌路276號(對面),YouBike2.0_Fengming Station (YingGe Rd.),Yingge Dist,"No. 276, YingGe Rd. (Opposite)",500234047,20,10,20260820T003802,24.97189,121.33651,10,1,10,0,2026-08-20T03:36:12+08:00
新北市,New Taipei City,YouBike2.0_光明育智路口,鶯歌區,光明街126號(東南側),YouBike2.0_GuangMing St. & YuZhi Rd. Intersection,Yingge Dist,"No. 126, GuangMing St. (Southeast)",500234048,14,4,20260820T005902,24.95587,121.3456,10,1,4,0,2026-08-20T03:36:12+08:00
新北市,New Taipei City,YouBike2.0_新鳳公園,鶯歌區,鶯桃路二段60號(對側),YouBike2.0_XinFeng Park,Yingge Dist,"No. 60, Sec. 2, YingTao Rd. (Opposite)",500234049,14,8,20260820T013503,24.9732,121.32474,5,1,8,0,2026-08-20T03:36:12+08:00
新北市,New Taipei City,YouBike2.0_鳳鳴機器人公園,鶯歌區,鳳鳴路/福安街7巷24弄口,YouBike2.0_FengMing Robot Park,Yingge Dist,"FengMing Rd. & Aly. 24, Ln. 7, FuAn St.",500234050,17,3,20260820T003102,24.96618,121.33465,14,1,3,0,2026-08-20T03:36:12+08:00
新北市,New Taipei City,YouBike2.0_龍五鳳七路口,鶯歌區,龍五路/鳳七路口,YouBike2.0_Long 5th Rd. & Feng 7th Rd. Intersection,Yingge Dist,Long 5th Rd. & Feng 7th Rd. Intersection,500234051,30,24,20260820T001204,24.97043,121.33101,6,1,22,2,2026-08-20T03:36:12+08:00
新北市,New Taipei City,YouBike2.0_龍鳳夜市,鶯歌區,鳳三路/龍三路(東南側),YouBike2.0_LongFeng Night Market,Yingge Dist,Feng 3rd Rd. & Long 3rd Rd. (Southeast),500234052,30,8,20260819T221603,24.97329,121.33331,22,1,8,0,2026-08-20T03:36:12+08:00
新北市,New Taipei City,YouBike2.0_中湖市民活動中心,鶯歌區,中湖街21號,YouBike2.0_Zhonghu Civic Activity Center,Yingge Dist,"No. 21, ZhongHu St.",500234053,20,4,20260819T210603,24.97298,121.3472,16,1,4,0,2026-08-20T03:36:12+08:00
新北市,New Taipei City,YouBike2.0_鳳一鳳吉一街口,鶯歌區,鳳吉一街259號(旁),YouBike2.0_Feng 1st Rd. & FengJi 1st St. Intersection,Yingge Dist,"No. 259, FengJi 1st St. (Side)",500234054,20,12,20260820T032503,24.97677,121.3317,8,1,11,1,2026-08-20T03:36:12+08:00
新北市,New Taipei City,YouBike2.0_鳳五路122號前,鶯歌區,鳳五路122號前,"YouBike2.0_No. 122, Feng 5th Rd.",Yingge Dist,"No. 122, Feng 5th Rd. (Front)",500234055,18,8,20260819T225103,24.97316,121.32991,9,1,7,1,2026-08-20T03:36:12+08:00
新北市,New Taipei City,YouBike2.0_建國永昌街口,鶯歌區,建國路546號(對面),YouBike2.0_JianGuo Rd. & YongChang St. Intersection,Yingge Dist,"No. 546, JianGuo Rd. (Opposite)",500234056,17,4,20260819T191303,24.95031,121.33831,13,1,2,2,2026-08-20T03:36:12+08:00
新北市,New Taipei City,YouBike2.0_捷運鶯歌車站,鶯歌區,館前路300號(對側),YouBike2.0_MRT Yingge Sta.,Yingge Dist,"No. 300, GuanQian Rd. (Opposite)",500234057,34,14,20260819T224003,24.95322,121.35668,20,1,14,0,2026-08-20T03:36:12+08:00
新北市,New Taipei City,YouBike2.0_鳳三龍七路口,鶯歌區,鳳三路68號,YouBike2.0_Feng 3rd Rd. & Long 7th Rd. Intersection,Yingge Dist,"No. 68, Feng 3rd Rd.",500234058,18,6,20260820T001402,24.97204,121.33467,12,1,6,0,2026-08-20T03:36:12+08:00
新北市,New Taipei City,YouBike2.0_捷運國華站,鶯歌區,國華路45號(對側),YouBike2.0_MRT Guohua Sta.,Yingge Dist,"No. 45, GuoHua Rd. (Opposite)",500234059,24,9,20260820T002002,24.95535,121.34251,15,1,9,0,2026-08-20T03:36:12+08:00
新北市,New Taipei City,YouBike2.0_捷運陶瓷老街站,鶯歌區,捷運陶瓷老街站(重慶街側),YouBike2.0_MRT Ceramics Old Street Sta.,Yingge Dist,MRT Ceramics Old Street Sta. (ChongQing St.),500234060,36,17,20260819T230204,24.95212,121.35065,19,1,17,0,2026-08-20T03:36:12+08:00
新北市,New Taipei City,YouBike2.0_捷運永吉公園站,鶯歌區,鶯桃路296巷口,YouBike2.0_MRT Yongji Park Sta.,Yingge Dist,"Ln. 296, YingTao Rd. Intersection",500234061,47,14,20260820T002203,24.96048,121.33476,33,1,13,1,2026-08-20T03:36:12+08:00
新北市,New Taipei City,YouBike2.0_捷運鶯桃福德站,鶯歌區,福德一路20號(對側),YouBike2.0_MRT Yingtao Fude Sta.,Yingge Dist,"No. 20, FuDe 1st Rd. (Opposite)",500234062,75,16,20260819T231003,24.96704,121.33044,58,1,16,0,2026-08-20T03:36:12+08:00
新北市,New Taipei City,YouBike2.0_捷運國華站(2號出口),鶯歌區,國華路97號(對側),YouBike2.0_MRT Guohua Sta.(Exit 2),Yingge Dist,"No. 97, GuoHua Rd. (Opposite)",500234063,60,18,20260819T192004,24.95374,121.34301,42,1,18,0,2026-08-20T03:36:12+08:00
新北市,New Taipei City,YouBike2.0_鶯歌山水步道停車場,鶯歌區,觀景涼亭停車場,YouBike2.0_YingGe Riverside Trail Car Park,Yingge Dist,YingGe Riverside Trail Car Park,500234064,24,6,20260819T215802,24.93205,121.32825,18,1,5,1,2026-08-20T03:36:12+08:00
新北市,New Taipei City,YouBike2.0_鶯歌環河自行車道,鶯歌區,環河路/甲三街(南側自行車道),YouBike2.0_YingGe Riverside Cycling Route,Yingge Dist,Huanhe Rd. & Jia 3rd St. (South),500234065,20,12,20260819T213204,24.92967,121.33837,8,1,12,0,2026-08-20T03:36:12+08:00
新北市,New Taipei City,YouBike2.0_鶯歌火車站(仁愛路),鶯歌區,仁愛路55號對側,YouBike2.0_Yingge Railway Station(Ren’ai Rd.),Yingge Dist,"No.55, Ren’ai Rd., Yingge Dist.(opposite)",500234001,69,5,20260820T011602,24.95559,121.35441,62,1,5,0,2026-08-20T03:57:07+08:00
新北市,New Taipei City,YouBike2.0_新北市立圖書館鶯歌分館,鶯歌區,中山路150號,YouBike2.0_New Taipei City Library Yingge Branch,Yingge Dist,"No.150, Zhongshan Rd.",500234002,20,5,20260820T004504,24.9572,121.34946,14,1,5,0,2026-08-20T03:57:07+08:00
新北市,New Taipei City,YouBike2.0_文化館前路口,鶯歌區,文化路407號旁,YouBike2.0_Yingge Ceramics Museum,Yingge Dist,"No. 407, Wenhua Rd.",500234003,44,10,20260819T230602,24.94948,121.35291,34,1,9,1,2026-08-20T03:57:07+08:00
新北市,New Taipei City,YouBike2.0_鶯歌國民運動中心,鶯歌區,館前路250號運動中心前,YouBike2.0_Yingge Civil Sports Center,Yingge Dist,"No.250, Guanqian Rd., Yingge Dist.",500234004,38,15,20260819T224303,24.95139,121.35733,22,1,13,2,2026-08-20T03:57:07+08:00
新北市,New Taipei City,YouBike2.0_尖山國中,鶯歌區,國中街1號,YouBike2.0_Municipal Jianshan Junior High School,Yingge Dist,"No.1, Guozhong St., Yingge Dist(sidewalk)",500234005,20,4,20260819T210503,24.94381,121.34207,16,1,4,0,2026-08-20T03:57:07+08:00
新北市,New Taipei City,YouBike2.0_新北市立鶯歌高級工商職業學校,鶯歌區,中正三路154號,YouBike2.0_New Taipei Municipal Yingge Vocational High School,Yingge Dist,"No. 154, Zhongzheng 3rd. Rd",500234006,56,2,20260820T000902,24.93923,121.33488,54,1,2,0,2026-08-20T03:57:07+08:00
新北市,New Taipei City,YouBike2.0_鶯歌國中,鶯歌區,鶯桃路39-5號對側,YouBike2.0_Yingge Junior High chool,Yingge Dist,"No.39-5, Yingtao Rd.(opposite)",500234007,30,8,20260819T222203,24.95119,121.34256,21,1,7,1,2026-08-20T03:57:07+08:00
新北市,New Taipei City,YouBike2.0_永吉國小,鶯歌區,德昌二街39號對側,YouBike2.0_Yongchi elementary school,Yingge Dist,"No.39, Dechang 2nd St., Yingge Dist.",500234008,20,13,20260820T014903,24.95865,121.33308,7,1,12,1,2026-08-20T03:57:07+08:00
新北市,New Taipei City,YouBike2.0_鳳祥公園,鶯歌區,鶯桃路365巷130號對側,YouBike2.0_Fengxiang Park,Yingge Dist,"No.130, Ln. 365, Yingtao Rd., Yingge Dist.",500234009,20,10,20260820T010102,24.96283,121.33025,9,1,8,2,2026-08-20T03:57:07+08:00
新北市,New Taipei City,YouBike2.0_鳳鳴國小,鶯歌區,永和街120號,YouBike2.0_Fengming Elementary School,Yingge Dist,"No.120, Yonghe St., Yingge Dist.",500234010,20,9,20260820T004603,24.9692,121.3347,11,1,8,1,2026-08-20T03:57:07+08:00
新北市,New Taipei City,YouBike2.0_國際二國際一路口,鶯歌區,國際二路與國際一路口,YouBike2.0_Guoji 2nd Guoji 1st Intersection,Yingge Dist,"Guoji 2nd Rd./Guoji 1st Rd., Yingge Dist.",500234011,20,6,20260819T183603,24.97577,121.3353,14,1,4,2,2026-08-20T03:57:07+08:00
新北市,New Taipei City,YouBike2.0_鳳福公園,鶯歌區,鳳吉一街186號(對面),YouBike2.0_Fengfu Park,Yingge Dist,"No. 186, Fengji 1st St., Yingge Dist.(opposite)",500234012,20,10,20260820T014003,24.97572,121.32938,10,1,10,0,2026-08-20T03:57:07+08:00
新北市,New Taipei City,YouBike2.0_尖山公園,鶯歌區,鶯歌區尖山路161號對面,YouBike2.0_Jianshan Park,Yingge Dist,"No.161, Jianshan Rd.(opposite)",500234013,29,24,20260819T230303,24.9482,121.346,5,1,21,3,2026-08-20T03:57:07+08:00
新北市,New Taipei City,YouBike2.0_永昌里兒一公園,鶯歌區,鶯桃路182巷96弄36-38號對側,YouBike2.0_Yongchang Village Children Park (No.1),Yingge Dist,"No.36-38, Aly. 96, Ln. 182, Yingtao Rd.(oppsite)",500234014,20,11,20260819T232502,24.956649374562204,121.33959628800724,9,1,10,1,2026-08-20T03:57:07+08:00
新北市,New Taipei City,YouBike2.0_南雅育智路口,鶯歌區,南雅路491號(對面),YouBike2.0_Nanya & Yuzhi Rd. Intersection,Yingge Dist,"No.491, Nanya Rd., Yingge Dist.(opposite)",500234015,22,7,20260820T025202,24.954,121.346,14,1,6,1,2026-08-20T03:57:07+08:00
新北市,New Taipei City,YouBike2.0_國中二甲路口,鶯歌區,國中街175號(前),YouBike2.0_Guozhong & Erjia Intersection,Yingge Dist,"No. 175, Guozhong St., Yingge Dist.",500234016,20,9,20260820T002702,24.939489067109363,121.33868650698288,11,1,7,2,2026-08-20T03:57:07+08:00
新北市,New Taipei City,YouBike2.0_鶯歌永利街,鶯歌區,永利街16號(對面),YouBike2.0_Yingge Yongli St.,Yingge Dist,"No. 16, Yongli St. Yingge Dist.",500234017,15,10,20260820T002402,24.95495,121.33911,4,1,9,1,2026-08-20T03:57:07+08:00
新北市,New Taipei City,YouBike2.0_二橋虹橋公園,鶯歌區,中正三路400號(對面),YouBike2.0_Erqiaoshiguanghongqiao Park,Yingge Dist,"No. 400, Zhongzheng 3rd Rd.(Opposite)",500234018,10,5,20260819T235803,24.93453,121.32595,5,1,5,0,2026-08-20T03:57:07+08:00
新北市,New Taipei City,YouBike2.0_鳳吉四鳳七路口(捷士匯社區),鶯歌區,鳳吉四街57-75號(旁),YouBike2.0_Fengji 4th & Feng 7th Rd. Intersection,Yingge Dist,"No. 57-75, Fengji 4th St.",500234021,40,22,20260820T000102,24.97383,121.32769,18,1,22,0,2026-08-20T03:57:07+08:00
新北市,New Taipei City,YouBike2.0_鶯歌老街第二停車場,鶯歌區,尖山埔路27-31號(對面),YouBike2.0_Yingge Old Street 2nd Parking Lot,Yingge Dist,"No. 27-31, Jianshanpu Rd.(Opposite)",500234022,20,7,20260819T195304,24.94895,121.34227,13,1,7,0,2026-08-20T03:57:07+08:00
新北市,New Taipei City,YouBike2.0_建國中正一路口(北鶯社區),鶯歌區,建國路6號(對面空地),YouBike2.0_Jianguo Zhongzheng 1st Rd. Intersection,Yingge Dist,"No. 6, Jianguo Rd.(Opposite)",500234023,20,9,20260819T202802,24.95658,121.35692,11,1,8,1,2026-08-20T03:57:07+08:00
新北市,New Taipei City,YouBike2.0_三鶯水資源回收中心,鶯歌區,館前路360號(旁),YouBike2.0_Sanying Water Recycling Center,Yingge Dist,"No. 360, Guanqian Rd.",500234024,14,7,20260819T215603,24.95535,121.35996,6,1,5,2,2026-08-20T03:57:07+08:00
新北市,New Taipei City,YouBike2.0_永和街65巷口,鶯歌區,永和街75號,"YouBike2.0_Ln. 65, Yonghe St. Intersection",Yingge Dist,"No. 75, Yonghe St.",500234025,37,18,20260820T010003,24.96798,121.3331413,19,1,14,4,2026-08-20T03:57:07+08:00
新北市,New Taipei City,YouBike2.0_鶯歌陶瓷博物館,鶯歌區,文化路200號(旁),YouBike2.0_Yingge Ceramics Museum(Wenhua Rd.),Yingge Dist,"No. 200, Wenhua Rd.",500234026,22,3,20260819T224604,24.95012,121.35245,19,1,3,0,2026-08-20T03:57:07+08:00
新北市,New Taipei City,YouBike2.0_礫間停車場,鶯歌區,礫間停車場,YouBike2.0_Lijian Parking,Yingge Dist,Lijian Parking,500234028,20,9,20260819T224303,24.9518,121.35445,11,1,8,1,2026-08-20T03:57:07+08:00
新北市,New Taipei City,YouBike2.0_北鶯停車場,鶯歌區,北鶯停車場,YouBike2.0_Beiying Parking,Yingge Dist,Beiying Parking,500234029,20,10,20260819T130204,24.95567,121.35992,10,1,10,0,2026-08-20T03:57:07+08:00
新北市,New Taipei City,YouBike2.0_育英建國路口,鶯歌區,建國路280號(旁),YouBike2.0_Yuying Jianguo Rd. Intersection,Yingge Dist,"No. 280, Jianguo Rd.",500234030,12,5,20260819T225903,24.95356,121.34693,6,1,5,0,2026-08-20T03:57:07+08:00
新北市,New Taipei City,YouBike2.0_中正一仁愛路口,鶯歌區,中正一路181號(對面),YouBike2.0_Zhongzheng 1st & Ren'ai Rd Intersection,Yingge Dist,"No. 181, Zhongzheng 1st Rd.(Opposite)",500234031,15,5,20260819T202003,24.95672,121.3532,10,1,3,2,2026-08-20T03:57:07+08:00
新北市,New Taipei City,YouBike2.0_建國國小,鶯歌區,育英街19號(旁),YouBike2.0_Jianguo Elementary School,Yingge Dist,"No. 19, Yuying St.",500234032,15,5,20260820T000604,24.95521,121.34727,10,1,5,0,2026-08-20T03:57:07+08:00
新北市,New Taipei City,YouBike2.0_光明橋,鶯歌區,永明街78號(旁),YouBike2.0_Guang-ming bridge,Yingge Dist,"No. 78, Yongming St., Yingge Dist.(side)",500234033,14,6,20260820T002616,24.95577,121.34128,8,1,4,2,2026-08-20T03:57:07+08:00
新北市,New Taipei City,YouBike2.0_二橋派出所,鶯歌區,高職西街/中正三路口(西北側),YouBike2.0_Erqiao Police Station,Yingge Dist,"Gaozhi W. St. & Zhongzheng 3rd Rd., Yingge Dist. (west side)",500234034,11,3,20260820T002402,24.94216,121.33884,7,1,1,2,2026-08-20T03:57:07+08:00
新北市,New Taipei City,YouBike2.0_國中高職東街口,鶯歌區,國中路113至117-3號(對面),YouBike2.0_Guozhong & Gaozhi E. Intersection,Yingge Dist,"No. 113, Guozhong St., Yingge Dist.(opposite)",500234035,15,5,20260819T213703,24.94117,121.34116,10,1,4,1,2026-08-20T03:57:07+08:00
新北市,New Taipei City,YouBike2.0_尖山路高厝巷口,鶯歌區,尖山路276-5號(旁),YouBike2.0_Gaocuo Ln. Jianshan Rd.,Yingge Dist,"No. 276-5, Jianshan Rd. (Side)",500234036,15,7,20260820T000502,24.94495,121.34102,7,1,7,0,2026-08-20T03:57:07+08:00
新北市,New Taipei City,YouBike2.0_公八停車場,鶯歌區,國華路53號(對面),YouBike2.0_Public 8th Parking Lot,Yingge Dist,"No.53, Guohua Rd. (opposite)",500234037,15,8,20260820T010402,24.95515,121.34285,6,1,8,0,2026-08-20T03:57:07+08:00
新北市,New Taipei City,YouBike2.0_龍三鳳鳴路口,鶯歌區,鳳鳴路541號,YouBike2.0_Long 3rd. Rd. & Fengming Rd. Intersection,Yingge Dist,"No. 541, Fengming Rd.",500234038,18,9,20260820T032102,24.97286,121.33137,9,1,9,0,2026-08-20T03:57:07+08:00
新北市,New Taipei City,YouBike2.0_鳳福鳳三路口,鶯歌區,鳳三路360號,YouBike2.0_Fengfu Rd. & Feng 3rd. Rd. Intersection,Yingge Dist,"No. 360, Feng 3rd Rd.",500234039,22,7,20260820T033105,24.97567,121.33143,15,1,7,0,2026-08-20T03:57:07+08:00
新北市,New Taipei City,YouBike2.0_北鶯公園,鶯歌區,成功街20巷19號(旁),YouBike2.0_Beiying Park,Yingge Dist,"No. 19, Ln. 20, Chenggong St. (Side)",500234040,15,9,20260820T004103,24.95777,121.35942,6,1,7,2,2026-08-20T03:57:07+08:00
新北市,New Taipei City,YouBike2.0_鶯歌火車站(文化路),鶯歌區,文化路/文化路115巷(北側),YouBike2.0_Yingge Station (Wenhua Rd.),Yingge Dist,"Ln. 115, Wenhua Rd. Intersection (North)",500234041,25,19,20260819T214603,24.95536,121.35697,6,1,17,2,2026-08-20T03:57:07+08:00
新北市,New Taipei City,YouBike2.0_鳳七鶯歌路口,鶯歌區,鶯歌路101-107號(旁),YouBike2.0_Feng 7th Rd. & Yingge Rd. Intersection,Yingge Dist,"No. 101-107, Yingge Rd. (Side)",500234042,11,6,20260819T234403,24.96916,121.33193,5,1,6,0,2026-08-20T03:57:07+08:00
新北市,New Taipei City,YouBike2.0_國際一路112巷口,鶯歌區,國際一路167號(前),"YouBike2.0_Ln. 112, GuoJi 1st Rd.",Yingge Dist,"No. 167, GuoJi 1st Rd. (Front)",500234043,15,7,20260819T230303,24.97667,121.33579,8,1,4,3,2026-08-20T03:57:07+08:00
新北市,New Taipei City,YouBike2.0_臺鐵鳳鳴站,鶯歌區,鳳一路/鶯歌路口,YouBike2.0_Fengming Station,Yingge Dist,Feng 1st Rd. & YingGe Rd.,500234044,40,0,20260819T210005,24.97227,121.33674,0,0,0,0,2026-08-20T03:57:07+08:00
新北市,New Taipei City,YouBike2.0_鶯歌陶瓷老街,鶯歌區,重慶街/國慶街(西南側),YouBike2.0_YingGe Old Street,Yingge Dist,ChongQing St. & GuoQing St. (Southwest),500234045,33,20,20260819T224402,24.95219,121.351,12,1,19,1,2026-08-20T03:57:07+08:00
新北市,New Taipei City,YouBike2.0_鶯歌火車站(仁愛路62號),鶯歌區,仁愛路62號(東側),"YouBike2.0_YingGe Station (No. 62, RenAi Rd.)",Yingge Dist,"No. 62, RenAi Rd. (East)",500234046,42,6,20260820T011204,24.95505,121.35407,35,1,6,0,2026-08-20T03:57:07+08:00
新北市,New Taipei City,YouBike2.0_臺鐵鳳鳴站(鶯歌路),鶯歌區,鶯歌路276號(對面),YouBike2.0_Fengming Station (YingGe Rd.),Yingge Dist,"No. 276, YingGe Rd. (Opposite)",500234047,20,10,20260820T003802,24.97189,121.33651,10,1,10,0,2026-08-20T03:57:07+08:00
新北市,New Taipei City,YouBike2.0_光明育智路口,鶯歌區,光明街126號(東南側),YouBike2.0_GuangMing St. & YuZhi Rd. Intersection,Yingge Dist,"No. 126, GuangMing St. (Southeast)",500234048,14,4,20260820T005902,24.95587,121.3456,10,1,4,0,2026-08-20T03:57:07+08:00
新北市,New Taipei City,YouBike2.0_新鳳公園,鶯歌區,鶯桃路二段60號(對側),YouBike2.0_XinFeng Park,Yingge Dist,"No. 60, Sec. 2, YingTao Rd. (Opposite)",500234049,14,8,20260820T013503,24.9732,121.32474,5,1,8,0,2026-08-20T03:57:07+08:00
新北市,New Taipei City,YouBike2.0_鳳鳴機器人公園,鶯歌區,鳳鳴路/福安街7巷24弄口,YouBike2.0_FengMing Robot Park,Yingge Dist,"FengMing Rd. & Aly. 24, Ln. 7, FuAn St.",500234050,17,3,20260820T003102,24.96618,121.33465,14,1,3,0,2026-08-20T03:57:07+08:00
新北市,New Taipei City,YouBike2.0_龍五鳳七路口,鶯歌區,龍五路/鳳七路口,YouBike2.0_Long 5th Rd. & Feng 7th Rd. Intersection,Yingge Dist,Long 5th Rd. & Feng 7th Rd. Intersection,500234051,30,24,20260820T001204,24.97043,121.33101,6,1,22,2,2026-08-20T03:57:07+08:00
新北市,New Taipei City,YouBike2.0_龍鳳夜市,鶯歌區,鳳三路/龍三路(東南側),YouBike2.0_LongFeng Night Market,Yingge Dist,Feng 3rd Rd. & Long 3rd Rd. (Southeast),500234052,30,8,20260819T221603,24.97329,121.33331,22,1,8,0,2026-08-20T03:57:07+08:00
新北市,New Taipei City,YouBike2.0_中湖市民活動中心,鶯歌區,中湖街21號,YouBike2.0_Zhonghu Civic Activity Center,Yingge Dist,"No. 21, ZhongHu St.",500234053,20,4,20260819T210603,24.97298,121.3472,16,1,4,0,2026-08-20T03:57:07+08:00
新北市,New Taipei City,YouBike2.0_鳳一鳳吉一街口,鶯歌區,鳳吉一街259號(旁),YouBike2.0_Feng 1st Rd. & FengJi 1st St. Intersection,Yingge Dist,"No. 259, FengJi 1st St. (Side)",500234054,20,12,20260820T032503,24.97677,121.3317,8,1,11,1,2026-08-20T03:57:07+08:00
新北市,New Taipei City,YouBike2.0_鳳五路122號前,鶯歌區,鳳五路122號前,"YouBike2.0_No. 122, Feng 5th Rd.",Yingge Dist,"No. 122, Feng 5th Rd. (Front)",500234055,18,8,20260819T225103,24.97316,121.32991,9,1,7,1,2026-08-20T03:57:07+08:00
新北市,New Taipei City,YouBike2.0_建國永昌街口,鶯歌區,建國路546號(對面),YouBike2.0_JianGuo Rd. & YongChang St. Intersection,Yingge Dist,"No. 546, JianGuo Rd. (Opposite)",500234056,17,4,20260819T191303,24.95031,121.33831,13,1,2,2,2026-08-20T03:57:07+08:00
新北市,New Taipei City,YouBike2.0_捷運鶯歌車站,鶯歌區,館前路300號(對側),YouBike2.0_MRT Yingge Sta.,Yingge Dist,"No. 300, GuanQian Rd. (Opposite)",500234057,34,14,20260819T224003,24.95322,121.35668,20,1,14,0,2026-08-20T03:57:07+08:00
新北市,New Taipei City,YouBike2.0_鳳三龍七路口,鶯歌區,鳳三路68號,YouBike2.0_Feng 3rd Rd. & Long 7th Rd. Intersection,Yingge Dist,"No. 68, Feng 3rd Rd.",500234058,18,6,20260820T001402,24.97204,121.33467,12,1,6,0,2026-08-20T03:57:07+08:00
新北市,New Taipei City,YouBike2.0_捷運國華站,鶯歌區,國華路45號(對側),YouBike2.0_MRT Guohua Sta.,Yingge Dist,"No. 45, GuoHua Rd. (Opposite)",500234059,24,9,20260820T002002,24.95535,121.34251,15,1,9,0,2026-08-20T03:57:07+08:00
新北市,New Taipei City,YouBike2.0_捷運陶瓷老街站,鶯歌區,捷運陶瓷老街站(重慶街側),YouBike2.0_MRT Ceramics Old Street Sta.,Yingge Dist,MRT Ceramics Old Street Sta. (ChongQing St.),500234060,36,17,20260819T230204,24.95212,121.35065,19,1,17,0,2026-08-20T03:57:07+08:00
新北市,New Taipei City,YouBike2.0_捷運永吉公園站,鶯歌區,鶯桃路296巷口,YouBike2.0_MRT Yongji Park Sta.,Yingge Dist,"Ln. 296, YingTao Rd. Intersection",500234061,47,14,20260820T002203,24.96048,121.33476,33,1,13,1,2026-08-20T03:57:07+08:00
新北市,New Taipei City,YouBike2.0_捷運鶯桃福德站,鶯歌區,福德一路20號(對側),YouBike2.0_MRT Yingtao Fude Sta.,Yingge Dist,"No. 20, FuDe 1st Rd. (Opposite)",500234062,75,16,20260819T231003,24.96704,121.33044,58,1,16,0,2026-08-20T03:57:07+08:00
新北市,New Taipei City,YouBike2.0_捷運國華站(2號出口),鶯歌區,國華路97號(對側),YouBike2.0_MRT Guohua Sta.(Exit 2),Yingge Dist,"No. 97, GuoHua Rd. (Opposite)",500234063,60,18,20260819T192004,24.95374,121.34301,42,1,18,0,2026-08-20T03:57:07+08:00
新北市,New Taipei City,YouBike2.0_鶯歌山水步道停車場,鶯歌區,觀景涼亭停車場,YouBike2.0_YingGe Riverside Trail Car Park,Yingge Dist,YingGe Riverside Trail Car Park,500234064,24,6,20260819T215802,24.93205,121.32825,18,1,5,1,2026-08-20T03:57:07+08:00
新北市,New Taipei City,YouBike2.0_鶯歌環河自行車道,鶯歌區,環河路/甲三街(南側自行車道),YouBike2.0_YingGe Riverside Cycling Route,Yingge Dist,Huanhe Rd. & Jia 3rd St. (South),500234065,20,12,20260819T213204,24.92967,121.33837,8,1,12,0,2026-08-20T03:57:07+08:00
新北市,New Taipei City,YouBike2.0_鶯歌火車站(仁愛路),鶯歌區,仁愛路55號對側,YouBike2.0_Yingge Railway Station(Ren’ai Rd.),Yingge Dist,"No.55, Ren’ai Rd., Yingge Dist.(opposite)",500234001,69,5,20260820T011602,24.95559,121.35441,62,1,5,0,2026-08-20T04:22:08+08:00
新北市,New Taipei City,YouBike2.0_新北市立圖書館鶯歌分館,鶯歌區,中山路150號,YouBike2.0_New Taipei City Library Yingge Branch,Yingge Dist,"No.150, Zhongshan Rd.",500234002,20,5,20260820T004504,24.9572,121.34946,14,1,5,0,2026-08-20T04:22:08+08:00
新北市,New Taipei City,YouBike2.0_文化館前路口,鶯歌區,文化路407號旁,YouBike2.0_Yingge Ceramics Museum,Yingge Dist,"No. 407, Wenhua Rd.",500234003,44,10,20260819T230602,24.94948,121.35291,34,1,9,1,2026-08-20T04:22:08+08:00
新北市,New Taipei City,YouBike2.0_鶯歌國民運動中心,鶯歌區,館前路250號運動中心前,YouBike2.0_Yingge Civil Sports Center,Yingge Dist,"No.250, Guanqian Rd., Yingge Dist.",500234004,38,15,20260819T224303,24.95139,121.35733,22,1,13,2,2026-08-20T04:22:08+08:00
新北市,New Taipei City,YouBike2.0_尖山國中,鶯歌區,國中街1號,YouBike2.0_Municipal Jianshan Junior High School,Yingge Dist,"No.1, Guozhong St., Yingge Dist(sidewalk)",500234005,20,4,20260819T210503,24.94381,121.34207,16,1,4,0,2026-08-20T04:22:08+08:00
新北市,New Taipei City,YouBike2.0_新北市立鶯歌高級工商職業學校,鶯歌區,中正三路154號,YouBike2.0_New Taipei Municipal Yingge Vocational High School,Yingge Dist,"No. 154, Zhongzheng 3rd. Rd",500234006,56,3,20260820T041403,24.93923,121.33488,53,1,3,0,2026-08-20T04:22:08+08:00
新北市,New Taipei City,YouBike2.0_鶯歌國中,鶯歌區,鶯桃路39-5號對側,YouBike2.0_Yingge Junior High chool,Yingge Dist,"No.39-5, Yingtao Rd.(opposite)",500234007,30,8,20260819T222203,24.95119,121.34256,21,1,7,1,2026-08-20T04:22:08+08:00
新北市,New Taipei City,YouBike2.0_永吉國小,鶯歌區,德昌二街39號對側,YouBike2.0_Yongchi elementary school,Yingge Dist,"No.39, Dechang 2nd St., Yingge Dist.",500234008,20,13,20260820T014903,24.95865,121.33308,7,1,12,1,2026-08-20T04:22:08+08:00
新北市,New Taipei City,YouBike2.0_鳳祥公園,鶯歌區,鶯桃路365巷130號對側,YouBike2.0_Fengxiang Park,Yingge Dist,"No.130, Ln. 365, Yingtao Rd., Yingge Dist.",500234009,20,10,20260820T010102,24.96283,121.33025,9,1,8,2,2026-08-20T04:22:08+08:00
新北市,New Taipei City,YouBike2.0_鳳鳴國小,鶯歌區,永和街120號,YouBike2.0_Fengming Elementary School,Yingge Dist,"No.120, Yonghe St., Yingge Dist.",500234010,20,9,20260820T004603,24.9692,121.3347,11,1,8,1,2026-08-20T04:22:08+08:00
新北市,New Taipei City,YouBike2.0_國際二國際一路口,鶯歌區,國際二路與國際一路口,YouBike2.0_Guoji 2nd Guoji 1st Intersection,Yingge Dist,"Guoji 2nd Rd./Guoji 1st Rd., Yingge Dist.",500234011,20,6,20260819T183603,24.97577,121.3353,14,1,4,2,2026-08-20T04:22:08+08:00
新北市,New Taipei City,YouBike2.0_鳳福公園,鶯歌區,鳳吉一街186號(對面),YouBike2.0_Fengfu Park,Yingge Dist,"No. 186, Fengji 1st St., Yingge Dist.(opposite)",500234012,20,10,20260820T014003,24.97572,121.32938,10,1,10,0,2026-08-20T04:22:08+08:00
新北市,New Taipei City,YouBike2.0_尖山公園,鶯歌區,鶯歌區尖山路161號對面,YouBike2.0_Jianshan Park,Yingge Dist,"No.161, Jianshan Rd.(opposite)",500234013,29,23,20260820T040703,24.9482,121.346,6,1,20,3,2026-08-20T04:22:08+08:00
新北市,New Taipei City,YouBike2.0_永昌里兒一公園,鶯歌區,鶯桃路182巷96弄36-38號對側,YouBike2.0_Yongchang Village Children Park (No.1),Yingge Dist,"No.36-38, Aly. 96, Ln. 182, Yingtao Rd.(oppsite)",500234014,20,11,20260819T232502,24.956649374562204,121.33959628800724,9,1,10,1,2026-08-20T04:22:08+08:00
新北市,New Taipei City,YouBike2.0_南雅育智路口,鶯歌區,南雅路491號(對面),YouBike2.0_Nanya & Yuzhi Rd. Intersection,Yingge Dist,"No.491, Nanya Rd., Yingge Dist.(opposite)",500234015,22,7,20260820T025202,24.954,121.346,14,1,6,1,2026-08-20T04:22:08+08:00
新北市,New Taipei City,YouBike2.0_國中二甲路口,鶯歌區,國中街175號(前),YouBike2.0_Guozhong & Erjia Intersection,Yingge Dist,"No. 175, Guozhong St., Yingge Dist.",500234016,20,9,20260820T002702,24.939489067109363,121.33868650698288,11,1,7,2,2026-08-20T04:22:08+08:00
新北市,New Taipei City,YouBike2.0_鶯歌永利街,鶯歌區,永利街16號(對面),YouBike2.0_Yingge Yongli St.,Yingge Dist,"No. 16, Yongli St. Yingge Dist.",500234017,15,10,20260820T002402,24.95495,121.33911,4,1,9,1,2026-08-20T04:22:08+08:00
新北市,New Taipei City,YouBike2.0_二橋虹橋公園,鶯歌區,中正三路400號(對面),YouBike2.0_Erqiaoshiguanghongqiao Park,Yingge Dist,"No. 400, Zhongzheng 3rd Rd.(Opposite)",500234018,10,5,20260819T235803,24.93453,121.32595,5,1,5,0,2026-08-20T04:22:08+08:00
新北市,New Taipei City,YouBike2.0_鳳吉四鳳七路口(捷士匯社區),鶯歌區,鳳吉四街57-75號(旁),YouBike2.0_Fengji 4th & Feng 7th Rd. Intersection,Yingge Dist,"No. 57-75, Fengji 4th St.",500234021,40,22,20260820T000102,24.97383,121.32769,18,1,22,0,2026-08-20T04:22:08+08:00
新北市,New Taipei City,YouBike2.0_鶯歌老街第二停車場,鶯歌區,尖山埔路27-31號(對面),YouBike2.0_Yingge Old Street 2nd Parking Lot,Yingge Dist,"No. 27-31, Jianshanpu Rd.(Opposite)",500234022,20,7,20260819T195304,24.94895,121.34227,13,1,7,0,2026-08-20T04:22:08+08:00
新北市,New Taipei City,YouBike2.0_建國中正一路口(北鶯社區),鶯歌區,建國路6號(對面空地),YouBike2.0_Jianguo Zhongzheng 1st Rd. Intersection,Yingge Dist,"No. 6, Jianguo Rd.(Opposite)",500234023,20,9,20260819T202802,24.95658,121.35692,11,1,8,1,2026-08-20T04:22:08+08:00
新北市,New Taipei City,YouBike2.0_三鶯水資源回收中心,鶯歌區,館前路360號(旁),YouBike2.0_Sanying Water Recycling Center,Yingge Dist,"No. 360, Guanqian Rd.",500234024,14,7,20260819T215603,24.95535,121.35996,6,1,5,2,2026-08-20T04:22:08+08:00
新北市,New Taipei City,YouBike2.0_永和街65巷口,鶯歌區,永和街75號,"YouBike2.0_Ln. 65, Yonghe St. Intersection",Yingge Dist,"No. 75, Yonghe St.",500234025,37,18,20260820T010003,24.96798,121.3331413,19,1,14,4,2026-08-20T04:22:08+08:00
新北市,New Taipei City,YouBike2.0_鶯歌陶瓷博物館,鶯歌區,文化路200號(旁),YouBike2.0_Yingge Ceramics Museum(Wenhua Rd.),Yingge Dist,"No. 200, Wenhua Rd.",500234026,22,3,20260819T224604,24.95012,121.35245,19,1,3,0,2026-08-20T04:22:08+08:00
新北市,New Taipei City,YouBike2.0_礫間停車場,鶯歌區,礫間停車場,YouBike2.0_Lijian Parking,Yingge Dist,Lijian Parking,500234028,20,9,20260819T224303,24.9518,121.35445,11,1,8,1,2026-08-20T04:22:08+08:00
新北市,New Taipei City,YouBike2.0_北鶯停車場,鶯歌區,北鶯停車場,YouBike2.0_Beiying Parking,Yingge Dist,Beiying Parking,500234029,20,10,20260819T130204,24.95567,121.35992,10,1,10,0,2026-08-20T04:22:08+08:00
新北市,New Taipei City,YouBike2.0_育英建國路口,鶯歌區,建國路280號(旁),YouBike2.0_Yuying Jianguo Rd. Intersection,Yingge Dist,"No. 280, Jianguo Rd.",500234030,12,5,20260819T225903,24.95356,121.34693,6,1,5,0,2026-08-20T04:22:08+08:00
新北市,New Taipei City,YouBike2.0_中正一仁愛路口,鶯歌區,中正一路181號(對面),YouBike2.0_Zhongzheng 1st & Ren'ai Rd Intersection,Yingge Dist,"No. 181, Zhongzheng 1st Rd.(Opposite)",500234031,15,5,20260819T202003,24.95672,121.3532,10,1,3,2,2026-08-20T04:22:08+08:00
新北市,New Taipei City,YouBike2.0_建國國小,鶯歌區,育英街19號(旁),YouBike2.0_Jianguo Elementary School,Yingge Dist,"No. 19, Yuying St.",500234032,15,5,20260820T000604,24.95521,121.34727,10,1,5,0,2026-08-20T04:22:08+08:00
新北市,New Taipei City,YouBike2.0_光明橋,鶯歌區,永明街78號(旁),YouBike2.0_Guang-ming bridge,Yingge Dist,"No. 78, Yongming St., Yingge Dist.(side)",500234033,14,6,20260820T002616,24.95577,121.34128,8,1,4,2,2026-08-20T04:22:08+08:00
新北市,New Taipei City,YouBike2.0_二橋派出所,鶯歌區,高職西街/中正三路口(西北側),YouBike2.0_Erqiao Police Station,Yingge Dist,"Gaozhi W. St. & Zhongzheng 3rd Rd., Yingge Dist. (west side)",500234034,11,3,20260820T002402,24.94216,121.33884,7,1,1,2,2026-08-20T04:22:08+08:00
新北市,New Taipei City,YouBike2.0_國中高職東街口,鶯歌區,國中路113至117-3號(對面),YouBike2.0_Guozhong & Gaozhi E. Intersection,Yingge Dist,"No. 113, Guozhong St., Yingge Dist.(opposite)",500234035,15,5,20260819T213703,24.94117,121.34116,10,1,4,1,2026-08-20T04:22:08+08:00
新北市,New Taipei City,YouBike2.0_尖山路高厝巷口,鶯歌區,尖山路276-5號(旁),YouBike2.0_Gaocuo Ln. Jianshan Rd.,Yingge Dist,"No. 276-5, Jianshan Rd. (Side)",500234036,15,7,20260820T000502,24.94495,121.34102,7,1,7,0,2026-08-20T04:22:08+08:00
新北市,New Taipei City,YouBike2.0_公八停車場,鶯歌區,國華路53號(對面),YouBike2.0_Public 8th Parking Lot,Yingge Dist,"No.53, Guohua Rd. (opposite)",500234037,15,8,20260820T010402,24.95515,121.34285,6,1,8,0,2026-08-20T04:22:08+08:00
新北市,New Taipei City,YouBike2.0_龍三鳳鳴路口,鶯歌區,鳳鳴路541號,YouBike2.0_Long 3rd. Rd. & Fengming Rd. Intersection,Yingge Dist,"No. 541, Fengming Rd.",500234038,18,9,20260820T032102,24.97286,121.33137,9,1,9,0,2026-08-20T04:22:08+08:00
新北市,New Taipei City,YouBike2.0_鳳福鳳三路口,鶯歌區,鳳三路360號,YouBike2.0_Fengfu Rd. & Feng 3rd. Rd. Intersection,Yingge Dist,"No. 360, Feng 3rd Rd.",500234039,22,7,20260820T033105,24.97567,121.33143,15,1,7,0,2026-08-20T04:22:08+08:00
新北市,New Taipei City,YouBike2.0_北鶯公園,鶯歌區,成功街20巷19號(旁),YouBike2.0_Beiying Park,Yingge Dist,"No. 19, Ln. 20, Chenggong St. (Side)",500234040,15,9,20260820T004103,24.95777,121.35942,6,1,7,2,2026-08-20T04:22:08+08:00
新北市,New Taipei City,YouBike2.0_鶯歌火車站(文化路),鶯歌區,文化路/文化路115巷(北側),YouBike2.0_Yingge Station (Wenhua Rd.),Yingge Dist,"Ln. 115, Wenhua Rd. Intersection (North)",500234041,25,19,20260819T214603,24.95536,121.35697,6,1,17,2,2026-08-20T04:22:08+08:00
新北市,New Taipei City,YouBike2.0_鳳七鶯歌路口,鶯歌區,鶯歌路101-107號(旁),YouBike2.0_Feng 7th Rd. & Yingge Rd. Intersection,Yingge Dist,"No. 101-107, Yingge Rd. (Side)",500234042,11,6,20260819T234403,24.96916,121.33193,5,1,6,0,2026-08-20T04:22:08+08:00
新北市,New Taipei City,YouBike2.0_國際一路112巷口,鶯歌區,國際一路167號(前),"YouBike2.0_Ln. 112, GuoJi 1st Rd.",Yingge Dist,"No. 167, GuoJi 1st Rd. (Front)",500234043,15,7,20260819T230303,24.97667,121.33579,8,1,4,3,2026-08-20T04:22:08+08:00
新北市,New Taipei City,YouBike2.0_臺鐵鳳鳴站,鶯歌區,鳳一路/鶯歌路口,YouBike2.0_Fengming Station,Yingge Dist,Feng 1st Rd. & YingGe Rd.,500234044,40,0,20260819T210005,24.97227,121.33674,0,0,0,0,2026-08-20T04:22:08+08:00
新北市,New Taipei City,YouBike2.0_鶯歌陶瓷老街,鶯歌區,重慶街/國慶街(西南側),YouBike2.0_YingGe Old Street,Yingge Dist,ChongQing St. & GuoQing St. (Southwest),500234045,33,20,20260819T224402,24.95219,121.351,12,1,19,1,2026-08-20T04:22:08+08:00
新北市,New Taipei City,YouBike2.0_鶯歌火車站(仁愛路62號),鶯歌區,仁愛路62號(東側),"YouBike2.0_YingGe Station (No. 62, RenAi Rd.)",Yingge Dist,"No. 62, RenAi Rd. (East)",500234046,42,6,20260820T011204,24.95505,121.35407,35,1,6,0,2026-08-20T04:22:08+08:00
新北市,New Taipei City,YouBike2.0_臺鐵鳳鳴站(鶯歌路),鶯歌區,鶯歌路276號(對面),YouBike2.0_Fengming Station (YingGe Rd.),Yingge Dist,"No. 276, YingGe Rd. (Opposite)",500234047,20,10,20260820T003802,24.97189,121.33651,10,1,10,0,2026-08-20T04:22:08+08:00
新北市,New Taipei City,YouBike2.0_光明育智路口,鶯歌區,光明街126號(東南側),YouBike2.0_GuangMing St. & YuZhi Rd. Intersection,Yingge Dist,"No. 126, GuangMing St. (Southeast)",500234048,14,4,20260820T005902,24.95587,121.3456,10,1,4,0,2026-08-20T04:22:08+08:00
新北市,New Taipei City,YouBike2.0_新鳳公園,鶯歌區,鶯桃路二段60號(對側),YouBike2.0_XinFeng Park,Yingge Dist,"No. 60, Sec. 2, YingTao Rd. (Opposite)",500234049,14,8,20260820T041703,24.9732,121.32474,5,1,8,0,2026-08-20T04:22:08+08:00
新北市,New Taipei City,YouBike2.0_鳳鳴機器人公園,鶯歌區,鳳鳴路/福安街7巷24弄口,YouBike2.0_FengMing Robot Park,Yingge Dist,"FengMing Rd. & Aly. 24, Ln. 7, FuAn St.",500234050,17,3,20260820T003102,24.96618,121.33465,14,1,3,0,2026-08-20T04:22:08+08:00
新北市,New Taipei City,YouBike2.0_龍五鳳七路口,鶯歌區,龍五路/鳳七路口,YouBike2.0_Long 5th Rd. & Feng 7th Rd. Intersection,Yingge Dist,Long 5th Rd. & Feng 7th Rd. Intersection,500234051,30,24,20260820T001204,24.97043,121.33101,6,1,22,2,2026-08-20T04:22:08+08:00
新北市,New Taipei City,YouBike2.0_龍鳳夜市,鶯歌區,鳳三路/龍三路(東南側),YouBike2.0_LongFeng Night Market,Yingge Dist,Feng 3rd Rd. & Long 3rd Rd. (Southeast),500234052,30,8,20260819T221603,24.97329,121.33331,22,1,8,0,2026-08-20T04:22:08+08:00
新北市,New Taipei City,YouBike2.0_中湖市民活動中心,鶯歌區,中湖街21號,YouBike2.0_Zhonghu Civic Activity Center,Yingge Dist,"No. 21, ZhongHu St.",500234053,20,4,20260819T210603,24.97298,121.3472,16,1,4,0,2026-08-20T04:22:08+08:00
新北市,New Taipei City,YouBike2.0_鳳一鳳吉一街口,鶯歌區,鳳吉一街259號(旁),YouBike2.0_Feng 1st Rd. & FengJi 1st St. Intersection,Yingge Dist,"No. 259, FengJi 1st St. (Side)",500234054,20,12,20260820T032503,24.97677,121.3317,8,1,11,1,2026-08-20T04:22:08+08:00
新北市,New Taipei City,YouBike2.0_鳳五路122號前,鶯歌區,鳳五路122號前,"YouBike2.0_No. 122, Feng 5th Rd.",Yingge Dist,"No. 122, Feng 5th Rd. (Front)",500234055,18,8,20260819T225103,24.97316,121.32991,9,1,7,1,2026-08-20T04:22:08+08:00
新北市,New Taipei City,YouBike2.0_建國永昌街口,鶯歌區,建國路546號(對面),YouBike2.0_JianGuo Rd. & YongChang St. Intersection,Yingge Dist,"No. 546, JianGuo Rd. (Opposite)",500234056,17,4,20260819T191303,24.95031,121.33831,13,1,2,2,2026-08-20T04:22:08+08:00
新北市,New Taipei City,YouBike2.0_捷運鶯歌車站,鶯歌區,館前路300號(對側),YouBike2.0_MRT Yingge Sta.,Yingge Dist,"No. 300, GuanQian Rd. (Opposite)",500234057,34,14,20260819T224003,24.95322,121.35668,20,1,14,0,2026-08-20T04:22:08+08:00
新北市,New Taipei City,YouBike2.0_鳳三龍七路口,鶯歌區,鳳三路68號,YouBike2.0_Feng 3rd Rd. & Long 7th Rd. Intersection,Yingge Dist,"No. 68, Feng 3rd Rd.",500234058,18,6,20260820T001402,24.97204,121.33467,12,1,6,0,2026-08-20T04:22:08+08:00
新北市,New Taipei City,YouBike2.0_捷運國華站,鶯歌區,國華路45號(對側),YouBike2.0_MRT Guohua Sta.,Yingge Dist,"No. 45, GuoHua Rd. (Opposite)",500234059,24,9,20260820T002002,24.95535,121.34251,15,1,9,0,2026-08-20T04:22:08+08:00
新北市,New Taipei City,YouBike2.0_捷運陶瓷老街站,鶯歌區,捷運陶瓷老街站(重慶街側),YouBike2.0_MRT Ceramics Old Street Sta.,Yingge Dist,MRT Ceramics Old Street Sta. (ChongQing St.),500234060,36,17,20260819T230204,24.95212,121.35065,19,1,17,0,2026-08-20T04:22:08+08:00
新北市,New Taipei City,YouBike2.0_捷運永吉公園站,鶯歌區,鶯桃路296巷口,YouBike2.0_MRT Yongji Park Sta.,Yingge Dist,"Ln. 296, YingTao Rd. Intersection",500234061,47,14,20260820T002203,24.96048,121.33476,33,1,13,1,2026-08-20T04:22:08+08:00
新北市,New Taipei City,YouBike2.0_捷運鶯桃福德站,鶯歌區,福德一路20號(對側),YouBike2.0_MRT Yingtao Fude Sta.,Yingge Dist,"No. 20, FuDe 1st Rd. (Opposite)",500234062,75,16,20260819T231003,24.96704,121.33044,58,1,16,0,2026-08-20T04:22:08+08:00
新北市,New Taipei City,YouBike2.0_捷運國華站(2號出口),鶯歌區,國華路97號(對側),YouBike2.0_MRT Guohua Sta.(Exit 2),Yingge Dist,"No. 97, GuoHua Rd. (Opposite)",500234063,60,18,20260819T192004,24.95374,121.34301,42,1,18,0,2026-08-20T04:22:08+08:00
新北市,New Taipei City,YouBike2.0_鶯歌山水步道停車場,鶯歌區,觀景涼亭停車場,YouBike2.0_YingGe Riverside Trail Car Park,Yingge Dist,YingGe Riverside Trail Car Park,500234064,24,6,20260819T215802,24.93205,121.32825,18,1,5,1,2026-08-20T04:22:08+08:00
新北市,New Taipei City,YouBike2.0_鶯歌環河自行車道,鶯歌區,環河路/甲三街(南側自行車道),YouBike2.0_YingGe Riverside Cycling Route,Yingge Dist,Huanhe Rd. & Jia 3rd St. (South),500234065,20,12,20260819T213204,24.92967,121.33837,8,1,12,0,2026-08-20T04:22:08+08:00
新北市,New Taipei City,YouBike2.0_鶯歌火車站(仁愛路),鶯歌區,仁愛路55號對側,YouBike2.0_Yingge Railway Station(Ren’ai Rd.),Yingge Dist,"No.55, Ren’ai Rd., Yingge Dist.(opposite)",500234001,69,3,20260820T043403,24.95559,121.35441,64,1,3,0,2026-08-20T04:51:46+08:00
新北市,New Taipei City,YouBike2.0_新北市立圖書館鶯歌分館,鶯歌區,中山路150號,YouBike2.0_New Taipei City Library Yingge Branch,Yingge Dist,"No.150, Zhongshan Rd.",500234002,20,5,20260820T004504,24.9572,121.34946,14,1,5,0,2026-08-20T04:51:46+08:00
新北市,New Taipei City,YouBike2.0_文化館前路口,鶯歌區,文化路407號旁,YouBike2.0_Yingge Ceramics Museum,Yingge Dist,"No. 407, Wenhua Rd.",500234003,44,10,20260819T230602,24.94948,121.35291,34,1,9,1,2026-08-20T04:51:46+08:00
新北市,New Taipei City,YouBike2.0_鶯歌國民運動中心,鶯歌區,館前路250號運動中心前,YouBike2.0_Yingge Civil Sports Center,Yingge Dist,"No.250, Guanqian Rd., Yingge Dist.",500234004,38,15,20260819T224303,24.95139,121.35733,22,1,13,2,2026-08-20T04:51:46+08:00
新北市,New Taipei City,YouBike2.0_尖山國中,鶯歌區,國中街1號,YouBike2.0_Municipal Jianshan Junior High School,Yingge Dist,"No.1, Guozhong St., Yingge Dist(sidewalk)",500234005,20,4,20260819T210503,24.94381,121.34207,16,1,4,0,2026-08-20T04:51:46+08:00
新北市,New Taipei City,YouBike2.0_新北市立鶯歌高級工商職業學校,鶯歌區,中正三路154號,YouBike2.0_New Taipei Municipal Yingge Vocational High School,Yingge Dist,"No. 154, Zhongzheng 3rd. Rd",500234006,56,3,20260820T041403,24.93923,121.33488,53,1,3,0,2026-08-20T04:51:46+08:00
新北市,New Taipei City,YouBike2.0_鶯歌國中,鶯歌區,鶯桃路39-5號對側,YouBike2.0_Yingge Junior High chool,Yingge Dist,"No.39-5, Yingtao Rd.(opposite)",500234007,30,8,20260819T222203,24.95119,121.34256,21,1,7,1,2026-08-20T04:51:46+08:00
新北市,New Taipei City,YouBike2.0_永吉國小,鶯歌區,德昌二街39號對側,YouBike2.0_Yongchi elementary school,Yingge Dist,"No.39, Dechang 2nd St., Yingge Dist.",500234008,20,14,20260820T043602,24.95865,121.33308,6,1,13,1,2026-08-20T04:51:46+08:00
新北市,New Taipei City,YouBike2.0_鳳祥公園,鶯歌區,鶯桃路365巷130號對側,YouBike2.0_Fengxiang Park,Yingge Dist,"No.130, Ln. 365, Yingtao Rd., Yingge Dist.",500234009,20,10,20260820T044803,24.96283,121.33025,9,1,8,2,2026-08-20T04:51:46+08:00
新北市,New Taipei City,YouBike2.0_鳳鳴國小,鶯歌區,永和街120號,YouBike2.0_Fengming Elementary School,Yingge Dist,"No.120, Yonghe St., Yingge Dist.",500234010,20,9,20260820T004603,24.9692,121.3347,11,1,8,1,2026-08-20T04:51:46+08:00
新北市,New Taipei City,YouBike2.0_國際二國際一路口,鶯歌區,國際二路與國際一路口,YouBike2.0_Guoji 2nd Guoji 1st Intersection,Yingge Dist,"Guoji 2nd Rd./Guoji 1st Rd., Yingge Dist.",500234011,20,6,20260819T183603,24.97577,121.3353,14,1,4,2,2026-08-20T04:51:46+08:00
新北市,New Taipei City,YouBike2.0_鳳福公園,鶯歌區,鳳吉一街186號(對面),YouBike2.0_Fengfu Park,Yingge Dist,"No. 186, Fengji 1st St., Yingge Dist.(opposite)",500234012,20,10,20260820T014003,24.97572,121.32938,10,1,10,0,2026-08-20T04:51:46+08:00
新北市,New Taipei City,YouBike2.0_尖山公園,鶯歌區,鶯歌區尖山路161號對面,YouBike2.0_Jianshan Park,Yingge Dist,"No.161, Jianshan Rd.(opposite)",500234013,29,23,20260820T040703,24.9482,121.346,6,1,20,3,2026-08-20T04:51:46+08:00
新北市,New Taipei City,YouBike2.0_永昌里兒一公園,鶯歌區,鶯桃路182巷96弄36-38號對側,YouBike2.0_Yongchang Village Children Park (No.1),Yingge Dist,"No.36-38, Aly. 96, Ln. 182, Yingtao Rd.(oppsite)",500234014,20,11,20260819T232502,24.956649374562204,121.33959628800724,9,1,10,1,2026-08-20T04:51:46+08:00
新北市,New Taipei City,YouBike2.0_南雅育智路口,鶯歌區,南雅路491號(對面),YouBike2.0_Nanya & Yuzhi Rd. Intersection,Yingge Dist,"No.491, Nanya Rd., Yingge Dist.(opposite)",500234015,22,6,20260820T044703,24.954,121.346,15,1,6,0,2026-08-20T04:51:46+08:00
新北市,New Taipei City,YouBike2.0_國中二甲路口,鶯歌區,國中街175號(前),YouBike2.0_Guozhong & Erjia Intersection,Yingge Dist,"No. 175, Guozhong St., Yingge Dist.",500234016,20,9,20260820T002702,24.939489067109363,121.33868650698288,11,1,7,2,2026-08-20T04:51:46+08:00
新北市,New Taipei City,YouBike2.0_鶯歌永利街,鶯歌區,永利街16號(對面),YouBike2.0_Yingge Yongli St.,Yingge Dist,"No. 16, Yongli St. Yingge Dist.",500234017,15,10,20260820T002402,24.95495,121.33911,4,1,9,1,2026-08-20T04:51:46+08:00
新北市,New Taipei City,YouBike2.0_二橋虹橋公園,鶯歌區,中正三路400號(對面),YouBike2.0_Erqiaoshiguanghongqiao Park,Yingge Dist,"No. 400, Zhongzheng 3rd Rd.(Opposite)",500234018,10,5,20260819T235803,24.93453,121.32595,5,1,5,0,2026-08-20T04:51:46+08:00
新北市,New Taipei City,YouBike2.0_鳳吉四鳳七路口(捷士匯社區),鶯歌區,鳳吉四街57-75號(旁),YouBike2.0_Fengji 4th & Feng 7th Rd. Intersection,Yingge Dist,"No. 57-75, Fengji 4th St.",500234021,40,22,20260820T000102,24.97383,121.32769,18,1,22,0,2026-08-20T04:51:46+08:00
新北市,New Taipei City,YouBike2.0_鶯歌老街第二停車場,鶯歌區,尖山埔路27-31號(對面),YouBike2.0_Yingge Old Street 2nd Parking Lot,Yingge Dist,"No. 27-31, Jianshanpu Rd.(Opposite)",500234022,20,7,20260819T195304,24.94895,121.34227,13,1,7,0,2026-08-20T04:51:46+08:00
新北市,New Taipei City,YouBike2.0_建國中正一路口(北鶯社區),鶯歌區,建國路6號(對面空地),YouBike2.0_Jianguo Zhongzheng 1st Rd. Intersection,Yingge Dist,"No. 6, Jianguo Rd.(Opposite)",500234023,20,8,20260820T044503,24.95658,121.35692,12,1,7,1,2026-08-20T04:51:46+08:00
新北市,New Taipei City,YouBike2.0_三鶯水資源回收中心,鶯歌區,館前路360號(旁),YouBike2.0_Sanying Water Recycling Center,Yingge Dist,"No. 360, Guanqian Rd.",500234024,14,7,20260819T215603,24.95535,121.35996,6,1,5,2,2026-08-20T04:51:46+08:00
新北市,New Taipei City,YouBike2.0_永和街65巷口,鶯歌區,永和街75號,"YouBike2.0_Ln. 65, Yonghe St. Intersection",Yingge Dist,"No. 75, Yonghe St.",500234025,37,18,20260820T010003,24.96798,121.3331413,19,1,14,4,2026-08-20T04:51:46+08:00
新北市,New Taipei City,YouBike2.0_鶯歌陶瓷博物館,鶯歌區,文化路200號(旁),YouBike2.0_Yingge Ceramics Museum(Wenhua Rd.),Yingge Dist,"No. 200, Wenhua Rd.",500234026,22,3,20260819T224604,24.95012,121.35245,19,1,3,0,2026-08-20T04:51:46+08:00
新北市,New Taipei City,YouBike2.0_礫間停車場,鶯歌區,礫間停車場,YouBike2.0_Lijian Parking,Yingge Dist,Lijian Parking,500234028,20,9,20260819T224303,24.9518,121.35445,11,1,8,1,2026-08-20T04:51:46+08:00
新北市,New Taipei City,YouBike2.0_北鶯停車場,鶯歌區,北鶯停車場,YouBike2.0_Beiying Parking,Yingge Dist,Beiying Parking,500234029,20,10,20260819T130204,24.95567,121.35992,10,1,10,0,2026-08-20T04:51:46+08:00
新北市,New Taipei City,YouBike2.0_育英建國路口,鶯歌區,建國路280號(旁),YouBike2.0_Yuying Jianguo Rd. Intersection,Yingge Dist,"No. 280, Jianguo Rd.",500234030,12,5,20260819T225903,24.95356,121.34693,6,1,5,0,2026-08-20T04:51:46+08:00
新北市,New Taipei City,YouBike2.0_中正一仁愛路口,鶯歌區,中正一路181號(對面),YouBike2.0_Zhongzheng 1st & Ren'ai Rd Intersection,Yingge Dist,"No. 181, Zhongzheng 1st Rd.(Opposite)",500234031,15,5,20260819T202003,24.95672,121.3532,10,1,3,2,2026-08-20T04:51:46+08:00
新北市,New Taipei City,YouBike2.0_建國國小,鶯歌區,育英街19號(旁),YouBike2.0_Jianguo Elementary School,Yingge Dist,"No. 19, Yuying St.",500234032,15,5,20260820T000604,24.95521,121.34727,10,1,5,0,2026-08-20T04:51:46+08:00
新北市,New Taipei City,YouBike2.0_光明橋,鶯歌區,永明街78號(旁),YouBike2.0_Guang-ming bridge,Yingge Dist,"No. 78, Yongming St., Yingge Dist.(side)",500234033,14,6,20260820T002616,24.95577,121.34128,8,1,4,2,2026-08-20T04:51:46+08:00
新北市,New Taipei City,YouBike2.0_二橋派出所,鶯歌區,高職西街/中正三路口(西北側),YouBike2.0_Erqiao Police Station,Yingge Dist,"Gaozhi W. St. & Zhongzheng 3rd Rd., Yingge Dist. (west side)",500234034,11,3,20260820T002402,24.94216,121.33884,7,1,1,2,2026-08-20T04:51:46+08:00
新北市,New Taipei City,YouBike2.0_國中高職東街口,鶯歌區,國中路113至117-3號(對面),YouBike2.0_Guozhong & Gaozhi E. Intersection,Yingge Dist,"No. 113, Guozhong St., Yingge Dist.(opposite)",500234035,15,5,20260819T213703,24.94117,121.34116,10,1,4,1,2026-08-20T04:51:46+08:00
新北市,New Taipei City,YouBike2.0_尖山路高厝巷口,鶯歌區,尖山路276-5號(旁),YouBike2.0_Gaocuo Ln. Jianshan Rd.,Yingge Dist,"No. 276-5, Jianshan Rd. (Side)",500234036,15,7,20260820T000502,24.94495,121.34102,7,1,7,0,2026-08-20T04:51:46+08:00
新北市,New Taipei City,YouBike2.0_公八停車場,鶯歌區,國華路53號(對面),YouBike2.0_Public 8th Parking Lot,Yingge Dist,"No.53, Guohua Rd. (opposite)",500234037,15,8,20260820T010402,24.95515,121.34285,6,1,8,0,2026-08-20T04:51:46+08:00
新北市,New Taipei City,YouBike2.0_龍三鳳鳴路口,鶯歌區,鳳鳴路541號,YouBike2.0_Long 3rd. Rd. & Fengming Rd. Intersection,Yingge Dist,"No. 541, Fengming Rd.",500234038,18,9,20260820T032102,24.97286,121.33137,9,1,9,0,2026-08-20T04:51:46+08:00
新北市,New Taipei City,YouBike2.0_鳳福鳳三路口,鶯歌區,鳳三路360號,YouBike2.0_Fengfu Rd. & Feng 3rd. Rd. Intersection,Yingge Dist,"No. 360, Feng 3rd Rd.",500234039,22,6,20260820T042503,24.97567,121.33143,16,1,6,0,2026-08-20T04:51:46+08:00
新北市,New Taipei City,YouBike2.0_北鶯公園,鶯歌區,成功街20巷19號(旁),YouBike2.0_Beiying Park,Yingge Dist,"No. 19, Ln. 20, Chenggong St. (Side)",500234040,15,9,20260820T004103,24.95777,121.35942,6,1,7,2,2026-08-20T04:51:46+08:00
新北市,New Taipei City,YouBike2.0_鶯歌火車站(文化路),鶯歌區,文化路/文化路115巷(北側),YouBike2.0_Yingge Station (Wenhua Rd.),Yingge Dist,"Ln. 115, Wenhua Rd. Intersection (North)",500234041,25,19,20260819T214603,24.95536,121.35697,6,1,17,2,2026-08-20T04:51:46+08:00
新北市,New Taipei City,YouBike2.0_鳳七鶯歌路口,鶯歌區,鶯歌路101-107號(旁),YouBike2.0_Feng 7th Rd. & Yingge Rd. Intersection,Yingge Dist,"No. 101-107, Yingge Rd. (Side)",500234042,11,6,20260819T234403,24.96916,121.33193,5,1,6,0,2026-08-20T04:51:46+08:00
新北市,New Taipei City,YouBike2.0_國際一路112巷口,鶯歌區,國際一路167號(前),"YouBike2.0_Ln. 112, GuoJi 1st Rd.",Yingge Dist,"No. 167, GuoJi 1st Rd. (Front)",500234043,15,7,20260819T230303,24.97667,121.33579,8,1,4,3,2026-08-20T04:51:46+08:00
新北市,New Taipei City,YouBike2.0_臺鐵鳳鳴站,鶯歌區,鳳一路/鶯歌路口,YouBike2.0_Fengming Station,Yingge Dist,Feng 1st Rd. & YingGe Rd.,500234044,40,0,20260819T210005,24.97227,121.33674,0,0,0,0,2026-08-20T04:51:46+08:00
新北市,New Taipei City,YouBike2.0_鶯歌陶瓷老街,鶯歌區,重慶街/國慶街(西南側),YouBike2.0_YingGe Old Street,Yingge Dist,ChongQing St. & GuoQing St. (Southwest),500234045,33,20,20260819T224402,24.95219,121.351,12,1,19,1,2026-08-20T04:51:46+08:00
新北市,New Taipei City,YouBike2.0_鶯歌火車站(仁愛路62號),鶯歌區,仁愛路62號(東側),"YouBike2.0_YingGe Station (No. 62, RenAi Rd.)",Yingge Dist,"No. 62, RenAi Rd. (East)",500234046,42,6,20260820T011204,24.95505,121.35407,35,1,6,0,2026-08-20T04:51:46+08:00
新北市,New Taipei City,YouBike2.0_臺鐵鳳鳴站(鶯歌路),鶯歌區,鶯歌路276號(對面),YouBike2.0_Fengming Station (YingGe Rd.),Yingge Dist,"No. 276, YingGe Rd. (Opposite)",500234047,20,10,20260820T003802,24.97189,121.33651,10,1,10,0,2026-08-20T04:51:46+08:00
新北市,New Taipei City,YouBike2.0_光明育智路口,鶯歌區,光明街126號(東南側),YouBike2.0_GuangMing St. & YuZhi Rd. Intersection,Yingge Dist,"No. 126, GuangMing St. (Southeast)",500234048,14,4,20260820T005902,24.95587,121.3456,10,1,4,0,2026-08-20T04:51:46+08:00
新北市,New Taipei City,YouBike2.0_新鳳公園,鶯歌區,鶯桃路二段60號(對側),YouBike2.0_XinFeng Park,Yingge Dist,"No. 60, Sec. 2, YingTao Rd. (Opposite)",500234049,14,8,20260820T041703,24.9732,121.32474,5,1,8,0,2026-08-20T04:51:46+08:00
新北市,New Taipei City,YouBike2.0_鳳鳴機器人公園,鶯歌區,鳳鳴路/福安街7巷24弄口,YouBike2.0_FengMing Robot Park,Yingge Dist,"FengMing Rd. & Aly. 24, Ln. 7, FuAn St.",500234050,17,3,20260820T003102,24.96618,121.33465,14,1,3,0,2026-08-20T04:51:46+08:00
新北市,New Taipei City,YouBike2.0_龍五鳳七路口,鶯歌區,龍五路/鳳七路口,YouBike2.0_Long 5th Rd. & Feng 7th Rd. Intersection,Yingge Dist,Long 5th Rd. & Feng 7th Rd. Intersection,500234051,30,24,20260820T001204,24.97043,121.33101,6,1,22,2,2026-08-20T04:51:46+08:00
新北市,New Taipei City,YouBike2.0_龍鳳夜市,鶯歌區,鳳三路/龍三路(東南側),YouBike2.0_LongFeng Night Market,Yingge Dist,Feng 3rd Rd. & Long 3rd Rd. (Southeast),500234052,30,8,20260819T221603,24.97329,121.33331,22,1,8,0,2026-08-20T04:51:46+08:00
新北市,New Taipei City,YouBike2.0_中湖市民活動中心,鶯歌區,中湖街21號,YouBike2.0_Zhonghu Civic Activity Center,Yingge Dist,"No. 21, ZhongHu St.",500234053,20,4,20260819T210603,24.97298,121.3472,16,1,4,0,2026-08-20T04:51:46+08:00
新北市,New Taipei City,YouBike2.0_鳳一鳳吉一街口,鶯歌區,鳳吉一街259號(旁),YouBike2.0_Feng 1st Rd. & FengJi 1st St. Intersection,Yingge Dist,"No. 259, FengJi 1st St. (Side)",500234054,20,12,20260820T032503,24.97677,121.3317,8,1,11,1,2026-08-20T04:51:46+08:00
新北市,New Taipei City,YouBike2.0_鳳五路122號前,鶯歌區,鳳五路122號前,"YouBike2.0_No. 122, Feng 5th Rd.",Yingge Dist,"No. 122, Feng 5th Rd. (Front)",500234055,18,8,20260819T225103,24.97316,121.32991,9,1,7,1,2026-08-20T04:51:46+08:00
新北市,New Taipei City,YouBike2.0_建國永昌街口,鶯歌區,建國路546號(對面),YouBike2.0_JianGuo Rd. & YongChang St. Intersection,Yingge Dist,"No. 546, JianGuo Rd. (Opposite)",500234056,17,4,20260819T191303,24.95031,121.33831,13,1,2,2,2026-08-20T04:51:46+08:00
新北市,New Taipei City,YouBike2.0_捷運鶯歌車站,鶯歌區,館前路300號(對側),YouBike2.0_MRT Yingge Sta.,Yingge Dist,"No. 300, GuanQian Rd. (Opposite)",500234057,34,14,20260819T224003,24.95322,121.35668,20,1,14,0,2026-08-20T04:51:46+08:00
新北市,New Taipei City,YouBike2.0_鳳三龍七路口,鶯歌區,鳳三路68號,YouBike2.0_Feng 3rd Rd. & Long 7th Rd. Intersection,Yingge Dist,"No. 68, Feng 3rd Rd.",500234058,18,6,20260820T001402,24.97204,121.33467,12,1,6,0,2026-08-20T04:51:46+08:00
新北市,New Taipei City,YouBike2.0_捷運國華站,鶯歌區,國華路45號(對側),YouBike2.0_MRT Guohua Sta.,Yingge Dist,"No. 45, GuoHua Rd. (Opposite)",500234059,24,9,20260820T002002,24.95535,121.34251,15,1,9,0,2026-08-20T04:51:46+08:00
新北市,New Taipei City,YouBike2.0_捷運陶瓷老街站,鶯歌區,捷運陶瓷老街站(重慶街側),YouBike2.0_MRT Ceramics Old Street Sta.,Yingge Dist,MRT Ceramics Old Street Sta. (ChongQing St.),500234060,36,17,20260819T230204,24.95212,121.35065,19,1,17,0,2026-08-20T04:51:46+08:00
新北市,New Taipei City,YouBike2.0_捷運永吉公園站,鶯歌區,鶯桃路296巷口,YouBike2.0_MRT Yongji Park Sta.,Yingge Dist,"Ln. 296, YingTao Rd. Intersection",500234061,47,14,20260820T002203,24.96048,121.33476,33,1,13,1,2026-08-20T04:51:46+08:00
新北市,New Taipei City,YouBike2.0_捷運鶯桃福德站,鶯歌區,福德一路20號(對側),YouBike2.0_MRT Yingtao Fude Sta.,Yingge Dist,"No. 20, FuDe 1st Rd. (Opposite)",500234062,75,16,20260819T231003,24.96704,121.33044,58,1,16,0,2026-08-20T04:51:46+08:00
新北市,New Taipei City,YouBike2.0_捷運國華站(2號出口),鶯歌區,國華路97號(對側),YouBike2.0_MRT Guohua Sta.(Exit 2),Yingge Dist,"No. 97, GuoHua Rd. (Opposite)",500234063,60,18,20260819T192004,24.95374,121.34301,42,1,18,0,2026-08-20T04:51:46+08:00
新北市,New Taipei City,YouBike2.0_鶯歌山水步道停車場,鶯歌區,觀景涼亭停車場,YouBike2.0_YingGe Riverside Trail Car Park,Yingge Dist,YingGe Riverside Trail Car Park,500234064,24,6,20260819T215802,24.93205,121.32825,18,1,5,1,2026-08-20T04:51:46+08:00
新北市,New Taipei City,YouBike2.0_鶯歌環河自行車道,鶯歌區,環河路/甲三街(南側自行車道),YouBike2.0_YingGe Riverside Cycling Route,Yingge Dist,Huanhe Rd. & Jia 3rd St. (South),500234065,20,12,20260819T213204,24.92967,121.33837,8,1,12,0,2026-08-20T04:51:46+08:00
新北市,New Taipei City,YouBike2.0_鶯歌火車站(仁愛路),鶯歌區,仁愛路55號對側,YouBike2.0_Yingge Railway Station(Ren’ai Rd.),Yingge Dist,"No.55, Ren’ai Rd., Yingge Dist.(opposite)",500234001,69,5,20260820T050502,24.95559,121.35441,62,1,5,0,2026-08-20T05:17:31+08:00
新北市,New Taipei City,YouBike2.0_新北市立圖書館鶯歌分館,鶯歌區,中山路150號,YouBike2.0_New Taipei City Library Yingge Branch,Yingge Dist,"No.150, Zhongshan Rd.",500234002,20,4,20260820T050502,24.9572,121.34946,15,1,4,0,2026-08-20T05:17:31+08:00
新北市,New Taipei City,YouBike2.0_文化館前路口,鶯歌區,文化路407號旁,YouBike2.0_Yingge Ceramics Museum,Yingge Dist,"No. 407, Wenhua Rd.",500234003,44,11,20260820T051102,24.94948,121.35291,33,1,10,1,2026-08-20T05:17:31+08:00
新北市,New Taipei City,YouBike2.0_鶯歌國民運動中心,鶯歌區,館前路250號運動中心前,YouBike2.0_Yingge Civil Sports Center,Yingge Dist,"No.250, Guanqian Rd., Yingge Dist.",500234004,38,15,20260819T224303,24.95139,121.35733,22,1,13,2,2026-08-20T05:17:31+08:00
新北市,New Taipei City,YouBike2.0_尖山國中,鶯歌區,國中街1號,YouBike2.0_Municipal Jianshan Junior High School,Yingge Dist,"No.1, Guozhong St., Yingge Dist(sidewalk)",500234005,20,4,20260819T210503,24.94381,121.34207,16,1,4,0,2026-08-20T05:17:31+08:00
新北市,New Taipei City,YouBike2.0_新北市立鶯歌高級工商職業學校,鶯歌區,中正三路154號,YouBike2.0_New Taipei Municipal Yingge Vocational High School,Yingge Dist,"No. 154, Zhongzheng 3rd. Rd",500234006,56,3,20260820T041403,24.93923,121.33488,53,1,3,0,2026-08-20T05:17:31+08:00
新北市,New Taipei City,YouBike2.0_鶯歌國中,鶯歌區,鶯桃路39-5號對側,YouBike2.0_Yingge Junior High chool,Yingge Dist,"No.39-5, Yingtao Rd.(opposite)",500234007,30,8,20260819T222203,24.95119,121.34256,21,1,7,1,2026-08-20T05:17:31+08:00
新北市,New Taipei City,YouBike2.0_永吉國小,鶯歌區,德昌二街39號對側,YouBike2.0_Yongchi elementary school,Yingge Dist,"No.39, Dechang 2nd St., Yingge Dist.",500234008,20,14,20260820T043602,24.95865,121.33308,6,1,13,1,2026-08-20T05:17:31+08:00
新北市,New Taipei City,YouBike2.0_鳳祥公園,鶯歌區,鶯桃路365巷130號對側,YouBike2.0_Fengxiang Park,Yingge Dist,"No.130, Ln. 365, Yingtao Rd., Yingge Dist.",500234009,20,10,20260820T044803,24.96283,121.33025,9,1,8,2,2026-08-20T05:17:31+08:00
新北市,New Taipei City,YouBike2.0_鳳鳴國小,鶯歌區,永和街120號,YouBike2.0_Fengming Elementary School,Yingge Dist,"No.120, Yonghe St., Yingge Dist.",500234010,20,9,20260820T004603,24.9692,121.3347,11,1,8,1,2026-08-20T05:17:31+08:00
新北市,New Taipei City,YouBike2.0_國際二國際一路口,鶯歌區,國際二路與國際一路口,YouBike2.0_Guoji 2nd Guoji 1st Intersection,Yingge Dist,"Guoji 2nd Rd./Guoji 1st Rd., Yingge Dist.",500234011,20,5,20260820T045902,24.97577,121.3353,15,1,3,2,2026-08-20T05:17:31+08:00
新北市,New Taipei City,YouBike2.0_鳳福公園,鶯歌區,鳳吉一街186號(對面),YouBike2.0_Fengfu Park,Yingge Dist,"No. 186, Fengji 1st St., Yingge Dist.(opposite)",500234012,20,9,20260820T045402,24.97572,121.32938,11,1,9,0,2026-08-20T05:17:31+08:00
新北市,New Taipei City,YouBike2.0_尖山公園,鶯歌區,鶯歌區尖山路161號對面,YouBike2.0_Jianshan Park,Yingge Dist,"No.161, Jianshan Rd.(opposite)",500234013,29,23,20260820T040703,24.9482,121.346,6,1,20,3,2026-08-20T05:17:31+08:00
新北市,New Taipei City,YouBike2.0_永昌里兒一公園,鶯歌區,鶯桃路182巷96弄36-38號對側,YouBike2.0_Yongchang Village Children Park (No.1),Yingge Dist,"No.36-38, Aly. 96, Ln. 182, Yingtao Rd.(oppsite)",500234014,20,11,20260819T232502,24.956649374562204,121.33959628800724,9,1,10,1,2026-08-20T05:17:31+08:00
新北市,New Taipei City,YouBike2.0_南雅育智路口,鶯歌區,南雅路491號(對面),YouBike2.0_Nanya & Yuzhi Rd. Intersection,Yingge Dist,"No.491, Nanya Rd., Yingge Dist.(opposite)",500234015,22,6,20260820T044703,24.954,121.346,15,1,6,0,2026-08-20T05:17:31+08:00
新北市,New Taipei City,YouBike2.0_國中二甲路口,鶯歌區,國中街175號(前),YouBike2.0_Guozhong & Erjia Intersection,Yingge Dist,"No. 175, Guozhong St., Yingge Dist.",500234016,20,9,20260820T002702,24.939489067109363,121.33868650698288,11,1,7,2,2026-08-20T05:17:31+08:00
新北市,New Taipei City,YouBike2.0_鶯歌永利街,鶯歌區,永利街16號(對面),YouBike2.0_Yingge Yongli St.,Yingge Dist,"No. 16, Yongli St. Yingge Dist.",500234017,15,9,20260820T045603,24.95495,121.33911,5,1,8,1,2026-08-20T05:17:31+08:00
新北市,New Taipei City,YouBike2.0_二橋虹橋公園,鶯歌區,中正三路400號(對面),YouBike2.0_Erqiaoshiguanghongqiao Park,Yingge Dist,"No. 400, Zhongzheng 3rd Rd.(Opposite)",500234018,10,5,20260819T235803,24.93453,121.32595,5,1,5,0,2026-08-20T05:17:31+08:00
新北市,New Taipei City,YouBike2.0_鳳吉四鳳七路口(捷士匯社區),鶯歌區,鳳吉四街57-75號(旁),YouBike2.0_Fengji 4th & Feng 7th Rd. Intersection,Yingge Dist,"No. 57-75, Fengji 4th St.",500234021,40,22,20260820T000102,24.97383,121.32769,18,1,22,0,2026-08-20T05:17:31+08:00
新北市,New Taipei City,YouBike2.0_鶯歌老街第二停車場,鶯歌區,尖山埔路27-31號(對面),YouBike2.0_Yingge Old Street 2nd Parking Lot,Yingge Dist,"No. 27-31, Jianshanpu Rd.(Opposite)",500234022,20,7,20260819T195304,24.94895,121.34227,13,1,7,0,2026-08-20T05:17:31+08:00
新北市,New Taipei City,YouBike2.0_建國中正一路口(北鶯社區),鶯歌區,建國路6號(對面空地),YouBike2.0_Jianguo Zhongzheng 1st Rd. Intersection,Yingge Dist,"No. 6, Jianguo Rd.(Opposite)",500234023,20,8,20260820T044503,24.95658,121.35692,12,1,7,1,2026-08-20T05:17:31+08:00
新北市,New Taipei City,YouBike2.0_三鶯水資源回收中心,鶯歌區,館前路360號(旁),YouBike2.0_Sanying Water Recycling Center,Yingge Dist,"No. 360, Guanqian Rd.",500234024,14,7,20260819T215603,24.95535,121.35996,6,1,5,2,2026-08-20T05:17:31+08:00
新北市,New Taipei City,YouBike2.0_永和街65巷口,鶯歌區,永和街75號,"YouBike2.0_Ln. 65, Yonghe St. Intersection",Yingge Dist,"No. 75, Yonghe St.",500234025,37,18,20260820T010003,24.96798,121.3331413,19,1,14,4,2026-08-20T05:17:31+08:00
新北市,New Taipei City,YouBike2.0_鶯歌陶瓷博物館,鶯歌區,文化路200號(旁),YouBike2.0_Yingge Ceramics Museum(Wenhua Rd.),Yingge Dist,"No. 200, Wenhua Rd.",500234026,22,3,20260819T224604,24.95012,121.35245,19,1,3,0,2026-08-20T05:17:31+08:00
新北市,New Taipei City,YouBike2.0_礫間停車場,鶯歌區,礫間停車場,YouBike2.0_Lijian Parking,Yingge Dist,Lijian Parking,500234028,20,9,20260819T224303,24.9518,121.35445,11,1,8,1,2026-08-20T05:17:31+08:00
新北市,New Taipei City,YouBike2.0_北鶯停車場,鶯歌區,北鶯停車場,YouBike2.0_Beiying Parking,Yingge Dist,Beiying Parking,500234029,20,10,20260819T130204,24.95567,121.35992,10,1,10,0,2026-08-20T05:17:31+08:00
新北市,New Taipei City,YouBike2.0_育英建國路口,鶯歌區,建國路280號(旁),YouBike2.0_Yuying Jianguo Rd. Intersection,Yingge Dist,"No. 280, Jianguo Rd.",500234030,12,5,20260819T225903,24.95356,121.34693,6,1,5,0,2026-08-20T05:17:31+08:00
新北市,New Taipei City,YouBike2.0_中正一仁愛路口,鶯歌區,中正一路181號(對面),YouBike2.0_Zhongzheng 1st & Ren'ai Rd Intersection,Yingge Dist,"No. 181, Zhongzheng 1st Rd.(Opposite)",500234031,15,5,20260819T202003,24.95672,121.3532,10,1,3,2,2026-08-20T05:17:31+08:00
新北市,New Taipei City,YouBike2.0_建國國小,鶯歌區,育英街19號(旁),YouBike2.0_Jianguo Elementary School,Yingge Dist,"No. 19, Yuying St.",500234032,15,5,20260820T000604,24.95521,121.34727,10,1,5,0,2026-08-20T05:17:31+08:00
新北市,New Taipei City,YouBike2.0_光明橋,鶯歌區,永明街78號(旁),YouBike2.0_Guang-ming bridge,Yingge Dist,"No. 78, Yongming St., Yingge Dist.(side)",500234033,14,6,20260820T002616,24.95577,121.34128,8,1,4,2,2026-08-20T05:17:31+08:00
新北市,New Taipei City,YouBike2.0_二橋派出所,鶯歌區,高職西街/中正三路口(西北側),YouBike2.0_Erqiao Police Station,Yingge Dist,"Gaozhi W. St. & Zhongzheng 3rd Rd., Yingge Dist. (west side)",500234034,11,3,20260820T002402,24.94216,121.33884,7,1,1,2,2026-08-20T05:17:31+08:00
新北市,New Taipei City,YouBike2.0_國中高職東街口,鶯歌區,國中路113至117-3號(對面),YouBike2.0_Guozhong & Gaozhi E. Intersection,Yingge Dist,"No. 113, Guozhong St., Yingge Dist.(opposite)",500234035,15,4,20260820T051203,24.94117,121.34116,11,1,3,1,2026-08-20T05:17:31+08:00
新北市,New Taipei City,YouBike2.0_尖山路高厝巷口,鶯歌區,尖山路276-5號(旁),YouBike2.0_Gaocuo Ln. Jianshan Rd.,Yingge Dist,"No. 276-5, Jianshan Rd. (Side)",500234036,15,7,20260820T000502,24.94495,121.34102,7,1,7,0,2026-08-20T05:17:31+08:00
新北市,New Taipei City,YouBike2.0_公八停車場,鶯歌區,國華路53號(對面),YouBike2.0_Public 8th Parking Lot,Yingge Dist,"No.53, Guohua Rd. (opposite)",500234037,15,8,20260820T010402,24.95515,121.34285,6,1,8,0,2026-08-20T05:17:31+08:00
新北市,New Taipei City,YouBike2.0_龍三鳳鳴路口,鶯歌區,鳳鳴路541號,YouBike2.0_Long 3rd. Rd. & Fengming Rd. Intersection,Yingge Dist,"No. 541, Fengming Rd.",500234038,18,9,20260820T032102,24.97286,121.33137,9,1,9,0,2026-08-20T05:17:31+08:00
新北市,New Taipei City,YouBike2.0_鳳福鳳三路口,鶯歌區,鳳三路360號,YouBike2.0_Fengfu Rd. & Feng 3rd. Rd. Intersection,Yingge Dist,"No. 360, Feng 3rd Rd.",500234039,22,7,20260820T045504,24.97567,121.33143,15,1,7,0,2026-08-20T05:17:31+08:00
新北市,New Taipei City,YouBike2.0_北鶯公園,鶯歌區,成功街20巷19號(旁),YouBike2.0_Beiying Park,Yingge Dist,"No. 19, Ln. 20, Chenggong St. (Side)",500234040,15,9,20260820T004103,24.95777,121.35942,6,1,7,2,2026-08-20T05:17:31+08:00
新北市,New Taipei City,YouBike2.0_鶯歌火車站(文化路),鶯歌區,文化路/文化路115巷(北側),YouBike2.0_Yingge Station (Wenhua Rd.),Yingge Dist,"Ln. 115, Wenhua Rd. Intersection (North)",500234041,25,19,20260819T214603,24.95536,121.35697,6,1,17,2,2026-08-20T05:17:31+08:00
新北市,New Taipei City,YouBike2.0_鳳七鶯歌路口,鶯歌區,鶯歌路101-107號(旁),YouBike2.0_Feng 7th Rd. & Yingge Rd. Intersection,Yingge Dist,"No. 101-107, Yingge Rd. (Side)",500234042,11,6,20260819T234403,24.96916,121.33193,5,1,6,0,2026-08-20T05:17:31+08:00
新北市,New Taipei City,YouBike2.0_國際一路112巷口,鶯歌區,國際一路167號(前),"YouBike2.0_Ln. 112, GuoJi 1st Rd.",Yingge Dist,"No. 167, GuoJi 1st Rd. (Front)",500234043,15,6,20260820T050103,24.97667,121.33579,9,1,3,3,2026-08-20T05:17:31+08:00
新北市,New Taipei City,YouBike2.0_臺鐵鳳鳴站,鶯歌區,鳳一路/鶯歌路口,YouBike2.0_Fengming Station,Yingge Dist,Feng 1st Rd. & YingGe Rd.,500234044,40,0,20260819T210005,24.97227,121.33674,0,0,0,0,2026-08-20T05:17:31+08:00
新北市,New Taipei City,YouBike2.0_鶯歌陶瓷老街,鶯歌區,重慶街/國慶街(西南側),YouBike2.0_YingGe Old Street,Yingge Dist,ChongQing St. & GuoQing St. (Southwest),500234045,33,21,20260820T050103,24.95219,121.351,11,1,19,2,2026-08-20T05:17:31+08:00
新北市,New Taipei City,YouBike2.0_鶯歌火車站(仁愛路62號),鶯歌區,仁愛路62號(東側),"YouBike2.0_YingGe Station (No. 62, RenAi Rd.)",Yingge Dist,"No. 62, RenAi Rd. (East)",500234046,42,6,20260820T011204,24.95505,121.35407,35,1,6,0,2026-08-20T05:17:31+08:00
新北市,New Taipei City,YouBike2.0_臺鐵鳳鳴站(鶯歌路),鶯歌區,鶯歌路276號(對面),YouBike2.0_Fengming Station (YingGe Rd.),Yingge Dist,"No. 276, YingGe Rd. (Opposite)",500234047,20,11,20260820T050904,24.97189,121.33651,9,1,11,0,2026-08-20T05:17:31+08:00
新北市,New Taipei City,YouBike2.0_光明育智路口,鶯歌區,光明街126號(東南側),YouBike2.0_GuangMing St. & YuZhi Rd. Intersection,Yingge Dist,"No. 126, GuangMing St. (Southeast)",500234048,14,4,20260820T005902,24.95587,121.3456,10,1,4,0,2026-08-20T05:17:31+08:00
新北市,New Taipei City,YouBike2.0_新鳳公園,鶯歌區,鶯桃路二段60號(對側),YouBike2.0_XinFeng Park,Yingge Dist,"No. 60, Sec. 2, YingTao Rd. (Opposite)",500234049,14,8,20260820T041703,24.9732,121.32474,5,1,8,0,2026-08-20T05:17:31+08:00
新北市,New Taipei City,YouBike2.0_鳳鳴機器人公園,鶯歌區,鳳鳴路/福安街7巷24弄口,YouBike2.0_FengMing Robot Park,Yingge Dist,"FengMing Rd. & Aly. 24, Ln. 7, FuAn St.",500234050,17,3,20260820T003102,24.96618,121.33465,14,1,3,0,2026-08-20T05:17:31+08:00
新北市,New Taipei City,YouBike2.0_龍五鳳七路口,鶯歌區,龍五路/鳳七路口,YouBike2.0_Long 5th Rd. & Feng 7th Rd. Intersection,Yingge Dist,Long 5th Rd. & Feng 7th Rd. Intersection,500234051,30,23,20260820T051404,24.97043,121.33101,7,1,21,2,2026-08-20T05:17:31+08:00
新北市,New Taipei City,YouBike2.0_龍鳳夜市,鶯歌區,鳳三路/龍三路(東南側),YouBike2.0_LongFeng Night Market,Yingge Dist,Feng 3rd Rd. & Long 3rd Rd. (Southeast),500234052,30,8,20260819T221603,24.97329,121.33331,22,1,8,0,2026-08-20T05:17:31+08:00
新北市,New Taipei City,YouBike2.0_中湖市民活動中心,鶯歌區,中湖街21號,YouBike2.0_Zhonghu Civic Activity Center,Yingge Dist,"No. 21, ZhongHu St.",500234053,20,4,20260819T210603,24.97298,121.3472,16,1,4,0,2026-08-20T05:17:31+08:00
新北市,New Taipei City,YouBike2.0_鳳一鳳吉一街口,鶯歌區,鳳吉一街259號(旁),YouBike2.0_Feng 1st Rd. & FengJi 1st St. Intersection,Yingge Dist,"No. 259, FengJi 1st St. (Side)",500234054,20,12,20260820T032503,24.97677,121.3317,8,1,11,1,2026-08-20T05:17:31+08:00
新北市,New Taipei City,YouBike2.0_鳳五路122號前,鶯歌區,鳳五路122號前,"YouBike2.0_No. 122, Feng 5th Rd.",Yingge Dist,"No. 122, Feng 5th Rd. (Front)",500234055,18,8,20260819T225103,24.97316,121.32991,9,1,7,1,2026-08-20T05:17:31+08:00
新北市,New Taipei City,YouBike2.0_建國永昌街口,鶯歌區,建國路546號(對面),YouBike2.0_JianGuo Rd. & YongChang St. Intersection,Yingge Dist,"No. 546, JianGuo Rd. (Opposite)",500234056,17,4,20260819T191303,24.95031,121.33831,13,1,2,2,2026-08-20T05:17:31+08:00
新北市,New Taipei City,YouBike2.0_捷運鶯歌車站,鶯歌區,館前路300號(對側),YouBike2.0_MRT Yingge Sta.,Yingge Dist,"No. 300, GuanQian Rd. (Opposite)",500234057,34,14,20260819T224003,24.95322,121.35668,20,1,14,0,2026-08-20T05:17:31+08:00
新北市,New Taipei City,YouBike2.0_鳳三龍七路口,鶯歌區,鳳三路68號,YouBike2.0_Feng 3rd Rd. & Long 7th Rd. Intersection,Yingge Dist,"No. 68, Feng 3rd Rd.",500234058,18,6,20260820T001402,24.97204,121.33467,12,1,6,0,2026-08-20T05:17:31+08:00
新北市,New Taipei City,YouBike2.0_捷運國華站,鶯歌區,國華路45號(對側),YouBike2.0_MRT Guohua Sta.,Yingge Dist,"No. 45, GuoHua Rd. (Opposite)",500234059,24,9,20260820T002002,24.95535,121.34251,15,1,9,0,2026-08-20T05:17:31+08:00
新北市,New Taipei City,YouBike2.0_捷運陶瓷老街站,鶯歌區,捷運陶瓷老街站(重慶街側),YouBike2.0_MRT Ceramics Old Street Sta.,Yingge Dist,MRT Ceramics Old Street Sta. (ChongQing St.),500234060,36,17,20260819T230204,24.95212,121.35065,19,1,17,0,2026-08-20T05:17:31+08:00
新北市,New Taipei City,YouBike2.0_捷運永吉公園站,鶯歌區,鶯桃路296巷口,YouBike2.0_MRT Yongji Park Sta.,Yingge Dist,"Ln. 296, YingTao Rd. Intersection",500234061,47,14,20260820T002203,24.96048,121.33476,33,1,13,1,2026-08-20T05:17:31+08:00
新北市,New Taipei City,YouBike2.0_捷運鶯桃福德站,鶯歌區,福德一路20號(對側),YouBike2.0_MRT Yingtao Fude Sta.,Yingge Dist,"No. 20, FuDe 1st Rd. (Opposite)",500234062,75,16,20260819T231003,24.96704,121.33044,58,1,16,0,2026-08-20T05:17:31+08:00
新北市,New Taipei City,YouBike2.0_捷運國華站(2號出口),鶯歌區,國華路97號(對側),YouBike2.0_MRT Guohua Sta.(Exit 2),Yingge Dist,"No. 97, GuoHua Rd. (Opposite)",500234063,60,18,20260819T192004,24.95374,121.34301,42,1,18,0,2026-08-20T05:17:31+08:00
新北市,New Taipei City,YouBike2.0_鶯歌山水步道停車場,鶯歌區,觀景涼亭停車場,YouBike2.0_YingGe Riverside Trail Car Park,Yingge Dist,YingGe Riverside Trail Car Park,500234064,24,6,20260819T215802,24.93205,121.32825,18,1,5,1,2026-08-20T05:17:31+08:00
新北市,New Taipei City,YouBike2.0_鶯歌環河自行車道,鶯歌區,環河路/甲三街(南側自行車道),YouBike2.0_YingGe Riverside Cycling Route,Yingge Dist,Huanhe Rd. & Jia 3rd St. (South),500234065,20,12,20260819T213204,24.92967,121.33837,8,1,12,0,2026-08-20T05:17:31+08:00
新北市,New Taipei City,YouBike2.0_鶯歌火車站(仁愛路),鶯歌區,仁愛路55號對側,YouBike2.0_Yingge Railway Station(Ren’ai Rd.),Yingge Dist,"No.55, Ren’ai Rd., Yingge Dist.(opposite)",500234001,69,9,20260820T054002,24.95559,121.35441,58,1,9,0,2026-08-20T05:47:36+08:00
新北市,New Taipei City,YouBike2.0_新北市立圖書館鶯歌分館,鶯歌區,中山路150號,YouBike2.0_New Taipei City Library Yingge Branch,Yingge Dist,"No.150, Zhongshan Rd.",500234002,20,1,20260820T053103,24.9572,121.34946,18,1,1,0,2026-08-20T05:47:36+08:00
新北市,New Taipei City,YouBike2.0_文化館前路口,鶯歌區,文化路407號旁,YouBike2.0_Yingge Ceramics Museum,Yingge Dist,"No. 407, Wenhua Rd.",500234003,44,11,20260820T051102,24.94948,121.35291,33,1,10,1,2026-08-20T05:47:36+08:00
新北市,New Taipei City,YouBike2.0_鶯歌國民運動中心,鶯歌區,館前路250號運動中心前,YouBike2.0_Yingge Civil Sports Center,Yingge Dist,"No.250, Guanqian Rd., Yingge Dist.",500234004,38,15,20260819T224303,24.95139,121.35733,22,1,13,2,2026-08-20T05:47:36+08:00
新北市,New Taipei City,YouBike2.0_尖山國中,鶯歌區,國中街1號,YouBike2.0_Municipal Jianshan Junior High School,Yingge Dist,"No.1, Guozhong St., Yingge Dist(sidewalk)",500234005,20,4,20260819T210503,24.94381,121.34207,16,1,4,0,2026-08-20T05:47:36+08:00
新北市,New Taipei City,YouBike2.0_新北市立鶯歌高級工商職業學校,鶯歌區,中正三路154號,YouBike2.0_New Taipei Municipal Yingge Vocational High School,Yingge Dist,"No. 154, Zhongzheng 3rd. Rd",500234006,56,3,20260820T041403,24.93923,121.33488,53,1,3,0,2026-08-20T05:47:36+08:00
新北市,New Taipei City,YouBike2.0_鶯歌國中,鶯歌區,鶯桃路39-5號對側,YouBike2.0_Yingge Junior High chool,Yingge Dist,"No.39-5, Yingtao Rd.(opposite)",500234007,30,5,20260820T053603,24.95119,121.34256,24,1,4,1,2026-08-20T05:47:36+08:00
新北市,New Taipei City,YouBike2.0_永吉國小,鶯歌區,德昌二街39號對側,YouBike2.0_Yongchi elementary school,Yingge Dist,"No.39, Dechang 2nd St., Yingge Dist.",500234008,20,14,20260820T043602,24.95865,121.33308,6,1,13,1,2026-08-20T05:47:36+08:00
新北市,New Taipei City,YouBike2.0_鳳祥公園,鶯歌區,鶯桃路365巷130號對側,YouBike2.0_Fengxiang Park,Yingge Dist,"No.130, Ln. 365, Yingtao Rd., Yingge Dist.",500234009,20,10,20260820T044803,24.96283,121.33025,9,1,8,2,2026-08-20T05:47:36+08:00
新北市,New Taipei City,YouBike2.0_鳳鳴國小,鶯歌區,永和街120號,YouBike2.0_Fengming Elementary School,Yingge Dist,"No.120, Yonghe St., Yingge Dist.",500234010,20,9,20260820T004603,24.9692,121.3347,11,1,8,1,2026-08-20T05:47:36+08:00
新北市,New Taipei City,YouBike2.0_國際二國際一路口,鶯歌區,國際二路與國際一路口,YouBike2.0_Guoji 2nd Guoji 1st Intersection,Yingge Dist,"Guoji 2nd Rd./Guoji 1st Rd., Yingge Dist.",500234011,20,5,20260820T045902,24.97577,121.3353,15,1,3,2,2026-08-20T05:47:36+08:00
新北市,New Taipei City,YouBike2.0_鳳福公園,鶯歌區,鳳吉一街186號(對面),YouBike2.0_Fengfu Park,Yingge Dist,"No. 186, Fengji 1st St., Yingge Dist.(opposite)",500234012,20,10,20260820T052202,24.97572,121.32938,10,1,10,0,2026-08-20T05:47:36+08:00
新北市,New Taipei City,YouBike2.0_尖山公園,鶯歌區,鶯歌區尖山路161號對面,YouBike2.0_Jianshan Park,Yingge Dist,"No.161, Jianshan Rd.(opposite)",500234013,29,22,20260820T052004,24.9482,121.346,7,1,19,3,2026-08-20T05:47:36+08:00
新北市,New Taipei City,YouBike2.0_永昌里兒一公園,鶯歌區,鶯桃路182巷96弄36-38號對側,YouBike2.0_Yongchang Village Children Park (No.1),Yingge Dist,"No.36-38, Aly. 96, Ln. 182, Yingtao Rd.(oppsite)",500234014,20,10,20260820T053103,24.956649374562204,121.33959628800724,10,1,9,1,2026-08-20T05:47:36+08:00
新北市,New Taipei City,YouBike2.0_南雅育智路口,鶯歌區,南雅路491號(對面),YouBike2.0_Nanya & Yuzhi Rd. Intersection,Yingge Dist,"No.491, Nanya Rd., Yingge Dist.(opposite)",500234015,22,6,20260820T044703,24.954,121.346,15,1,6,0,2026-08-20T05:47:36+08:00
新北市,New Taipei City,YouBike2.0_國中二甲路口,鶯歌區,國中街175號(前),YouBike2.0_Guozhong & Erjia Intersection,Yingge Dist,"No. 175, Guozhong St., Yingge Dist.",500234016,20,9,20260820T002702,24.939489067109363,121.33868650698288,11,1,7,2,2026-08-20T05:47:36+08:00
新北市,New Taipei City,YouBike2.0_鶯歌永利街,鶯歌區,永利街16號(對面),YouBike2.0_Yingge Yongli St.,Yingge Dist,"No. 16, Yongli St. Yingge Dist.",500234017,15,10,20260820T053003,24.95495,121.33911,4,1,9,1,2026-08-20T05:47:36+08:00
新北市,New Taipei City,YouBike2.0_二橋虹橋公園,鶯歌區,中正三路400號(對面),YouBike2.0_Erqiaoshiguanghongqiao Park,Yingge Dist,"No. 400, Zhongzheng 3rd Rd.(Opposite)",500234018,10,5,20260819T235803,24.93453,121.32595,5,1,5,0,2026-08-20T05:47:36+08:00
新北市,New Taipei City,YouBike2.0_鳳吉四鳳七路口(捷士匯社區),鶯歌區,鳳吉四街57-75號(旁),YouBike2.0_Fengji 4th & Feng 7th Rd. Intersection,Yingge Dist,"No. 57-75, Fengji 4th St.",500234021,40,22,20260820T054402,24.97383,121.32769,18,1,22,0,2026-08-20T05:47:36+08:00
新北市,New Taipei City,YouBike2.0_鶯歌老街第二停車場,鶯歌區,尖山埔路27-31號(對面),YouBike2.0_Yingge Old Street 2nd Parking Lot,Yingge Dist,"No. 27-31, Jianshanpu Rd.(Opposite)",500234022,20,7,20260819T195304,24.94895,121.34227,13,1,7,0,2026-08-20T05:47:36+08:00
新北市,New Taipei City,YouBike2.0_建國中正一路口(北鶯社區),鶯歌區,建國路6號(對面空地),YouBike2.0_Jianguo Zhongzheng 1st Rd. Intersection,Yingge Dist,"No. 6, Jianguo Rd.(Opposite)",500234023,20,8,20260820T044503,24.95658,121.35692,12,1,7,1,2026-08-20T05:47:36+08:00
新北市,New Taipei City,YouBike2.0_三鶯水資源回收中心,鶯歌區,館前路360號(旁),YouBike2.0_Sanying Water Recycling Center,Yingge Dist,"No. 360, Guanqian Rd.",500234024,14,7,20260819T215603,24.95535,121.35996,6,1,5,2,2026-08-20T05:47:36+08:00
新北市,New Taipei City,YouBike2.0_永和街65巷口,鶯歌區,永和街75號,"YouBike2.0_Ln. 65, Yonghe St. Intersection",Yingge Dist,"No. 75, Yonghe St.",500234025,37,15,20260820T053903,24.96798,121.3331413,22,1,11,4,2026-08-20T05:47:36+08:00
新北市,New Taipei City,YouBike2.0_鶯歌陶瓷博物館,鶯歌區,文化路200號(旁),YouBike2.0_Yingge Ceramics Museum(Wenhua Rd.),Yingge Dist,"No. 200, Wenhua Rd.",500234026,22,3,20260819T224604,24.95012,121.35245,19,1,3,0,2026-08-20T05:47:36+08:00
新北市,New Taipei City,YouBike2.0_礫間停車場,鶯歌區,礫間停車場,YouBike2.0_Lijian Parking,Yingge Dist,Lijian Parking,500234028,20,9,20260819T224303,24.9518,121.35445,11,1,8,1,2026-08-20T05:47:36+08:00
新北市,New Taipei City,YouBike2.0_北鶯停車場,鶯歌區,北鶯停車場,YouBike2.0_Beiying Parking,Yingge Dist,Beiying Parking,500234029,20,10,20260819T130204,24.95567,121.35992,10,1,10,0,2026-08-20T05:47:36+08:00
新北市,New Taipei City,YouBike2.0_育英建國路口,鶯歌區,建國路280號(旁),YouBike2.0_Yuying Jianguo Rd. Intersection,Yingge Dist,"No. 280, Jianguo Rd.",500234030,12,5,20260819T225903,24.95356,121.34693,6,1,5,0,2026-08-20T05:47:36+08:00
新北市,New Taipei City,YouBike2.0_中正一仁愛路口,鶯歌區,中正一路181號(對面),YouBike2.0_Zhongzheng 1st & Ren'ai Rd Intersection,Yingge Dist,"No. 181, Zhongzheng 1st Rd.(Opposite)",500234031,15,4,20260820T053103,24.95672,121.3532,11,1,3,1,2026-08-20T05:47:36+08:00
新北市,New Taipei City,YouBike2.0_建國國小,鶯歌區,育英街19號(旁),YouBike2.0_Jianguo Elementary School,Yingge Dist,"No. 19, Yuying St.",500234032,15,4,20260820T052602,24.95521,121.34727,11,1,4,0,2026-08-20T05:47:36+08:00
新北市,New Taipei City,YouBike2.0_光明橋,鶯歌區,永明街78號(旁),YouBike2.0_Guang-ming bridge,Yingge Dist,"No. 78, Yongming St., Yingge Dist.(side)",500234033,14,6,20260820T002616,24.95577,121.34128,8,1,4,2,2026-08-20T05:47:36+08:00
新北市,New Taipei City,YouBike2.0_二橋派出所,鶯歌區,高職西街/中正三路口(西北側),YouBike2.0_Erqiao Police Station,Yingge Dist,"Gaozhi W. St. & Zhongzheng 3rd Rd., Yingge Dist. (west side)",500234034,11,3,20260820T054402,24.94216,121.33884,7,1,2,1,2026-08-20T05:47:36+08:00
新北市,New Taipei City,YouBike2.0_國中高職東街口,鶯歌區,國中路113至117-3號(對面),YouBike2.0_Guozhong & Gaozhi E. Intersection,Yingge Dist,"No. 113, Guozhong St., Yingge Dist.(opposite)",500234035,15,4,20260820T051203,24.94117,121.34116,11,1,3,1,2026-08-20T05:47:36+08:00
新北市,New Taipei City,YouBike2.0_尖山路高厝巷口,鶯歌區,尖山路276-5號(旁),YouBike2.0_Gaocuo Ln. Jianshan Rd.,Yingge Dist,"No. 276-5, Jianshan Rd. (Side)",500234036,15,6,20260820T053703,24.94495,121.34102,8,1,6,0,2026-08-20T05:47:36+08:00
新北市,New Taipei City,YouBike2.0_公八停車場,鶯歌區,國華路53號(對面),YouBike2.0_Public 8th Parking Lot,Yingge Dist,"No.53, Guohua Rd. (opposite)",500234037,15,6,20260820T053103,24.95515,121.34285,8,1,6,0,2026-08-20T05:47:36+08:00
新北市,New Taipei City,YouBike2.0_龍三鳳鳴路口,鶯歌區,鳳鳴路541號,YouBike2.0_Long 3rd. Rd. & Fengming Rd. Intersection,Yingge Dist,"No. 541, Fengming Rd.",500234038,18,8,20260820T052004,24.97286,121.33137,10,1,8,0,2026-08-20T05:47:36+08:00
新北市,New Taipei City,YouBike2.0_鳳福鳳三路口,鶯歌區,鳳三路360號,YouBike2.0_Fengfu Rd. & Feng 3rd. Rd. Intersection,Yingge Dist,"No. 360, Feng 3rd Rd.",500234039,22,6,20260820T053903,24.97567,121.33143,16,1,6,0,2026-08-20T05:47:36+08:00
新北市,New Taipei City,YouBike2.0_北鶯公園,鶯歌區,成功街20巷19號(旁),YouBike2.0_Beiying Park,Yingge Dist,"No. 19, Ln. 20, Chenggong St. (Side)",500234040,15,9,20260820T004103,24.95777,121.35942,6,1,7,2,2026-08-20T05:47:36+08:00
新北市,New Taipei City,YouBike2.0_鶯歌火車站(文化路),鶯歌區,文化路/文化路115巷(北側),YouBike2.0_Yingge Station (Wenhua Rd.),Yingge Dist,"Ln. 115, Wenhua Rd. Intersection (North)",500234041,25,19,20260819T214603,24.95536,121.35697,6,1,17,2,2026-08-20T05:47:36+08:00
新北市,New Taipei City,YouBike2.0_鳳七鶯歌路口,鶯歌區,鶯歌路101-107號(旁),YouBike2.0_Feng 7th Rd. & Yingge Rd. Intersection,Yingge Dist,"No. 101-107, Yingge Rd. (Side)",500234042,11,6,20260819T234403,24.96916,121.33193,5,1,6,0,2026-08-20T05:47:36+08:00
新北市,New Taipei City,YouBike2.0_國際一路112巷口,鶯歌區,國際一路167號(前),"YouBike2.0_Ln. 112, GuoJi 1st Rd.",Yingge Dist,"No. 167, GuoJi 1st Rd. (Front)",500234043,15,6,20260820T050103,24.97667,121.33579,9,1,3,3,2026-08-20T05:47:36+08:00
新北市,New Taipei City,YouBike2.0_臺鐵鳳鳴站,鶯歌區,鳳一路/鶯歌路口,YouBike2.0_Fengming Station,Yingge Dist,Feng 1st Rd. & YingGe Rd.,500234044,40,0,20260819T210005,24.97227,121.33674,0,0,0,0,2026-08-20T05:47:36+08:00
新北市,New Taipei City,YouBike2.0_鶯歌陶瓷老街,鶯歌區,重慶街/國慶街(西南側),YouBike2.0_YingGe Old Street,Yingge Dist,ChongQing St. & GuoQing St. (Southwest),500234045,33,21,20260820T050103,24.95219,121.351,11,1,19,2,2026-08-20T05:47:36+08:00
新北市,New Taipei City,YouBike2.0_鶯歌火車站(仁愛路62號),鶯歌區,仁愛路62號(東側),"YouBike2.0_YingGe Station (No. 62, RenAi Rd.)",Yingge Dist,"No. 62, RenAi Rd. (East)",500234046,42,11,20260820T054202,24.95505,121.35407,30,1,11,0,2026-08-20T05:47:36+08:00
新北市,New Taipei City,YouBike2.0_臺鐵鳳鳴站(鶯歌路),鶯歌區,鶯歌路276號(對面),YouBike2.0_Fengming Station (YingGe Rd.),Yingge Dist,"No. 276, YingGe Rd. (Opposite)",500234047,20,9,20260820T054402,24.97189,121.33651,11,1,9,0,2026-08-20T05:47:36+08:00
新北市,New Taipei City,YouBike2.0_光明育智路口,鶯歌區,光明街126號(東南側),YouBike2.0_GuangMing St. & YuZhi Rd. Intersection,Yingge Dist,"No. 126, GuangMing St. (Southeast)",500234048,14,4,20260820T005902,24.95587,121.3456,10,1,4,0,2026-08-20T05:47:36+08:00
新北市,New Taipei City,YouBike2.0_新鳳公園,鶯歌區,鶯桃路二段60號(對側),YouBike2.0_XinFeng Park,Yingge Dist,"No. 60, Sec. 2, YingTao Rd. (Opposite)",500234049,14,8,20260820T041703,24.9732,121.32474,5,1,8,0,2026-08-20T05:47:36+08:00
新北市,New Taipei City,YouBike2.0_鳳鳴機器人公園,鶯歌區,鳳鳴路/福安街7巷24弄口,YouBike2.0_FengMing Robot Park,Yingge Dist,"FengMing Rd. & Aly. 24, Ln. 7, FuAn St.",500234050,17,3,20260820T003102,24.96618,121.33465,14,1,3,0,2026-08-20T05:47:36+08:00
新北市,New Taipei City,YouBike2.0_龍五鳳七路口,鶯歌區,龍五路/鳳七路口,YouBike2.0_Long 5th Rd. & Feng 7th Rd. Intersection,Yingge Dist,Long 5th Rd. & Feng 7th Rd. Intersection,500234051,30,23,20260820T052202,24.97043,121.33101,7,1,21,2,2026-08-20T05:47:36+08:00
新北市,New Taipei City,YouBike2.0_龍鳳夜市,鶯歌區,鳳三路/龍三路(東南側),YouBike2.0_LongFeng Night Market,Yingge Dist,Feng 3rd Rd. & Long 3rd Rd. (Southeast),500234052,30,8,20260819T221603,24.97329,121.33331,22,1,8,0,2026-08-20T05:47:36+08:00
新北市,New Taipei City,YouBike2.0_中湖市民活動中心,鶯歌區,中湖街21號,YouBike2.0_Zhonghu Civic Activity Center,Yingge Dist,"No. 21, ZhongHu St.",500234053,20,4,20260819T210603,24.97298,121.3472,16,1,4,0,2026-08-20T05:47:36+08:00
新北市,New Taipei City,YouBike2.0_鳳一鳳吉一街口,鶯歌區,鳳吉一街259號(旁),YouBike2.0_Feng 1st Rd. & FengJi 1st St. Intersection,Yingge Dist,"No. 259, FengJi 1st St. (Side)",500234054,20,10,20260820T052503,24.97677,121.3317,10,1,9,1,2026-08-20T05:47:36+08:00
新北市,New Taipei City,YouBike2.0_鳳五路122號前,鶯歌區,鳳五路122號前,"YouBike2.0_No. 122, Feng 5th Rd.",Yingge Dist,"No. 122, Feng 5th Rd. (Front)",500234055,18,8,20260819T225103,24.97316,121.32991,9,1,7,1,2026-08-20T05:47:36+08:00
新北市,New Taipei City,YouBike2.0_建國永昌街口,鶯歌區,建國路546號(對面),YouBike2.0_JianGuo Rd. & YongChang St. Intersection,Yingge Dist,"No. 546, JianGuo Rd. (Opposite)",500234056,17,4,20260819T191303,24.95031,121.33831,13,1,2,2,2026-08-20T05:47:36+08:00
新北市,New Taipei City,YouBike2.0_捷運鶯歌車站,鶯歌區,館前路300號(對側),YouBike2.0_MRT Yingge Sta.,Yingge Dist,"No. 300, GuanQian Rd. (Opposite)",500234057,34,14,20260819T224003,24.95322,121.35668,20,1,14,0,2026-08-20T05:47:36+08:00
新北市,New Taipei City,YouBike2.0_鳳三龍七路口,鶯歌區,鳳三路68號,YouBike2.0_Feng 3rd Rd. & Long 7th Rd. Intersection,Yingge Dist,"No. 68, Feng 3rd Rd.",500234058,18,9,20260820T052602,24.97204,121.33467,9,1,8,1,2026-08-20T05:47:36+08:00
新北市,New Taipei City,YouBike2.0_捷運國華站,鶯歌區,國華路45號(對側),YouBike2.0_MRT Guohua Sta.,Yingge Dist,"No. 45, GuoHua Rd. (Opposite)",500234059,24,9,20260820T002002,24.95535,121.34251,15,1,9,0,2026-08-20T05:47:36+08:00
新北市,New Taipei City,YouBike2.0_捷運陶瓷老街站,鶯歌區,捷運陶瓷老街站(重慶街側),YouBike2.0_MRT Ceramics Old Street Sta.,Yingge Dist,MRT Ceramics Old Street Sta. (ChongQing St.),500234060,36,17,20260819T230204,24.95212,121.35065,19,1,17,0,2026-08-20T05:47:36+08:00
新北市,New Taipei City,YouBike2.0_捷運永吉公園站,鶯歌區,鶯桃路296巷口,YouBike2.0_MRT Yongji Park Sta.,Yingge Dist,"Ln. 296, YingTao Rd. Intersection",500234061,47,14,20260820T002203,24.96048,121.33476,33,1,13,1,2026-08-20T05:47:36+08:00
新北市,New Taipei City,YouBike2.0_捷運鶯桃福德站,鶯歌區,福德一路20號(對側),YouBike2.0_MRT Yingtao Fude Sta.,Yingge Dist,"No. 20, FuDe 1st Rd. (Opposite)",500234062,75,16,20260819T231003,24.96704,121.33044,58,1,16,0,2026-08-20T05:47:36+08:00
新北市,New Taipei City,YouBike2.0_捷運國華站(2號出口),鶯歌區,國華路97號(對側),YouBike2.0_MRT Guohua Sta.(Exit 2),Yingge Dist,"No. 97, GuoHua Rd. (Opposite)",500234063,60,19,20260820T054003,24.95374,121.34301,41,1,19,0,2026-08-20T05:47:36+08:00
新北市,New Taipei City,YouBike2.0_鶯歌山水步道停車場,鶯歌區,觀景涼亭停車場,YouBike2.0_YingGe Riverside Trail Car Park,Yingge Dist,YingGe Riverside Trail Car Park,500234064,24,6,20260819T215802,24.93205,121.32825,18,1,5,1,2026-08-20T05:47:36+08:00
新北市,New Taipei City,YouBike2.0_鶯歌環河自行車道,鶯歌區,環河路/甲三街(南側自行車道),YouBike2.0_YingGe Riverside Cycling Route,Yingge Dist,Huanhe Rd. & Jia 3rd St. (South),500234065,20,12,20260819T213204,24.92967,121.33837,8,1,12,0,2026-08-20T05:47:36+08:00
新北市,New Taipei City,YouBike2.0_鶯歌火車站(仁愛路),鶯歌區,仁愛路55號對側,YouBike2.0_Yingge Railway Station(Ren’ai Rd.),Yingge Dist,"No.55, Ren’ai Rd., Yingge Dist.(opposite)",500234001,69,12,20260820T060603,24.95559,121.35441,55,1,12,0,2026-08-20T06:15:32+08:00
新北市,New Taipei City,YouBike2.0_新北市立圖書館鶯歌分館,鶯歌區,中山路150號,YouBike2.0_New Taipei City Library Yingge Branch,Yingge Dist,"No.150, Zhongshan Rd.",500234002,20,0,20260820T055815,24.9572,121.34946,19,1,0,0,2026-08-20T06:15:32+08:00
新北市,New Taipei City,YouBike2.0_文化館前路口,鶯歌區,文化路407號旁,YouBike2.0_Yingge Ceramics Museum,Yingge Dist,"No. 407, Wenhua Rd.",500234003,44,11,20260820T051102,24.94948,121.35291,33,1,10,1,2026-08-20T06:15:32+08:00
新北市,New Taipei City,YouBike2.0_鶯歌國民運動中心,鶯歌區,館前路250號運動中心前,YouBike2.0_Yingge Civil Sports Center,Yingge Dist,"No.250, Guanqian Rd., Yingge Dist.",500234004,38,17,20260820T060603,24.95139,121.35733,20,1,15,2,2026-08-20T06:15:32+08:00
新北市,New Taipei City,YouBike2.0_尖山國中,鶯歌區,國中街1號,YouBike2.0_Municipal Jianshan Junior High School,Yingge Dist,"No.1, Guozhong St., Yingge Dist(sidewalk)",500234005,20,3,20260820T060903,24.94381,121.34207,17,1,3,0,2026-08-20T06:15:32+08:00
新北市,New Taipei City,YouBike2.0_新北市立鶯歌高級工商職業學校,鶯歌區,中正三路154號,YouBike2.0_New Taipei Municipal Yingge Vocational High School,Yingge Dist,"No. 154, Zhongzheng 3rd. Rd",500234006,56,3,20260820T041403,24.93923,121.33488,53,1,3,0,2026-08-20T06:15:32+08:00
新北市,New Taipei City,YouBike2.0_鶯歌國中,鶯歌區,鶯桃路39-5號對側,YouBike2.0_Yingge Junior High chool,Yingge Dist,"No.39-5, Yingtao Rd.(opposite)",500234007,30,3,20260820T055003,24.95119,121.34256,26,1,2,1,2026-08-20T06:15:32+08:00
新北市,New Taipei City,YouBike2.0_永吉國小,鶯歌區,德昌二街39號對側,YouBike2.0_Yongchi elementary school,Yingge Dist,"No.39, Dechang 2nd St., Yingge Dist.",500234008,20,14,20260820T043602,24.95865,121.33308,6,1,13,1,2026-08-20T06:15:32+08:00
新北市,New Taipei City,YouBike2.0_鳳祥公園,鶯歌區,鶯桃路365巷130號對側,YouBike2.0_Fengxiang Park,Yingge Dist,"No.130, Ln. 365, Yingtao Rd., Yingge Dist.",500234009,20,10,20260820T044803,24.96283,121.33025,9,1,8,2,2026-08-20T06:15:32+08:00
新北市,New Taipei City,YouBike2.0_鳳鳴國小,鶯歌區,永和街120號,YouBike2.0_Fengming Elementary School,Yingge Dist,"No.120, Yonghe St., Yingge Dist.",500234010,20,8,20260820T060203,24.9692,121.3347,12,1,8,0,2026-08-20T06:15:32+08:00
新北市,New Taipei City,YouBike2.0_國際二國際一路口,鶯歌區,國際二路與國際一路口,YouBike2.0_Guoji 2nd Guoji 1st Intersection,Yingge Dist,"Guoji 2nd Rd./Guoji 1st Rd., Yingge Dist.",500234011,20,5,20260820T045902,24.97577,121.3353,15,1,3,2,2026-08-20T06:15:32+08:00
新北市,New Taipei City,YouBike2.0_鳳福公園,鶯歌區,鳳吉一街186號(對面),YouBike2.0_Fengfu Park,Yingge Dist,"No. 186, Fengji 1st St., Yingge Dist.(opposite)",500234012,20,7,20260820T060903,24.97572,121.32938,13,1,7,0,2026-08-20T06:15:32+08:00
新北市,New Taipei City,YouBike2.0_尖山公園,鶯歌區,鶯歌區尖山路161號對面,YouBike2.0_Jianshan Park,Yingge Dist,"No.161, Jianshan Rd.(opposite)",500234013,29,21,20260820T061302,24.9482,121.346,8,1,18,3,2026-08-20T06:15:32+08:00
新北市,New Taipei City,YouBike2.0_永昌里兒一公園,鶯歌區,鶯桃路182巷96弄36-38號對側,YouBike2.0_Yongchang Village Children Park (No.1),Yingge Dist,"No.36-38, Aly. 96, Ln. 182, Yingtao Rd.(oppsite)",500234014,20,10,20260820T053103,24.956649374562204,121.33959628800724,10,1,9,1,2026-08-20T06:15:32+08:00
新北市,New Taipei City,YouBike2.0_南雅育智路口,鶯歌區,南雅路491號(對面),YouBike2.0_Nanya & Yuzhi Rd. Intersection,Yingge Dist,"No.491, Nanya Rd., Yingge Dist.(opposite)",500234015,22,4,20260820T060103,24.954,121.346,17,1,4,0,2026-08-20T06:15:32+08:00
新北市,New Taipei City,YouBike2.0_國中二甲路口,鶯歌區,國中街175號(前),YouBike2.0_Guozhong & Erjia Intersection,Yingge Dist,"No. 175, Guozhong St., Yingge Dist.",500234016,20,9,20260820T002702,24.939489067109363,121.33868650698288,11,1,7,2,2026-08-20T06:15:32+08:00
新北市,New Taipei City,YouBike2.0_鶯歌永利街,鶯歌區,永利街16號(對面),YouBike2.0_Yingge Yongli St.,Yingge Dist,"No. 16, Yongli St. Yingge Dist.",500234017,15,10,20260820T053003,24.95495,121.33911,4,1,9,1,2026-08-20T06:15:32+08:00
新北市,New Taipei City,YouBike2.0_二橋虹橋公園,鶯歌區,中正三路400號(對面),YouBike2.0_Erqiaoshiguanghongqiao Park,Yingge Dist,"No. 400, Zhongzheng 3rd Rd.(Opposite)",500234018,10,5,20260819T235803,24.93453,121.32595,5,1,5,0,2026-08-20T06:15:32+08:00
新北市,New Taipei City,YouBike2.0_鳳吉四鳳七路口(捷士匯社區),鶯歌區,鳳吉四街57-75號(旁),YouBike2.0_Fengji 4th & Feng 7th Rd. Intersection,Yingge Dist,"No. 57-75, Fengji 4th St.",500234021,40,21,20260820T055102,24.97383,121.32769,19,1,21,0,2026-08-20T06:15:32+08:00
新北市,New Taipei City,YouBike2.0_鶯歌老街第二停車場,鶯歌區,尖山埔路27-31號(對面),YouBike2.0_Yingge Old Street 2nd Parking Lot,Yingge Dist,"No. 27-31, Jianshanpu Rd.(Opposite)",500234022,20,7,20260819T195304,24.94895,121.34227,13,1,7,0,2026-08-20T06:15:32+08:00
新北市,New Taipei City,YouBike2.0_建國中正一路口(北鶯社區),鶯歌區,建國路6號(對面空地),YouBike2.0_Jianguo Zhongzheng 1st Rd. Intersection,Yingge Dist,"No. 6, Jianguo Rd.(Opposite)",500234023,20,8,20260820T044503,24.95658,121.35692,12,1,7,1,2026-08-20T06:15:32+08:00
新北市,New Taipei City,YouBike2.0_三鶯水資源回收中心,鶯歌區,館前路360號(旁),YouBike2.0_Sanying Water Recycling Center,Yingge Dist,"No. 360, Guanqian Rd.",500234024,14,7,20260819T215603,24.95535,121.35996,6,1,5,2,2026-08-20T06:15:32+08:00
新北市,New Taipei City,YouBike2.0_永和街65巷口,鶯歌區,永和街75號,"YouBike2.0_Ln. 65, Yonghe St. Intersection",Yingge Dist,"No. 75, Yonghe St.",500234025,37,15,20260820T060802,24.96798,121.3331413,22,1,12,3,2026-08-20T06:15:32+08:00
新北市,New Taipei City,YouBike2.0_鶯歌陶瓷博物館,鶯歌區,文化路200號(旁),YouBike2.0_Yingge Ceramics Museum(Wenhua Rd.),Yingge Dist,"No. 200, Wenhua Rd.",500234026,22,4,20260820T060004,24.95012,121.35245,18,1,4,0,2026-08-20T06:15:32+08:00
新北市,New Taipei City,YouBike2.0_礫間停車場,鶯歌區,礫間停車場,YouBike2.0_Lijian Parking,Yingge Dist,Lijian Parking,500234028,20,9,20260819T224303,24.9518,121.35445,11,1,8,1,2026-08-20T06:15:32+08:00
新北市,New Taipei City,YouBike2.0_北鶯停車場,鶯歌區,北鶯停車場,YouBike2.0_Beiying Parking,Yingge Dist,Beiying Parking,500234029,20,10,20260819T130204,24.95567,121.35992,10,1,10,0,2026-08-20T06:15:32+08:00
新北市,New Taipei City,YouBike2.0_育英建國路口,鶯歌區,建國路280號(旁),YouBike2.0_Yuying Jianguo Rd. Intersection,Yingge Dist,"No. 280, Jianguo Rd.",500234030,12,5,20260819T225903,24.95356,121.34693,6,1,5,0,2026-08-20T06:15:32+08:00
新北市,New Taipei City,YouBike2.0_中正一仁愛路口,鶯歌區,中正一路181號(對面),YouBike2.0_Zhongzheng 1st & Ren'ai Rd Intersection,Yingge Dist,"No. 181, Zhongzheng 1st Rd.(Opposite)",500234031,15,3,20260820T060004,24.95672,121.3532,12,1,2,1,2026-08-20T06:15:32+08:00
新北市,New Taipei City,YouBike2.0_建國國小,鶯歌區,育英街19號(旁),YouBike2.0_Jianguo Elementary School,Yingge Dist,"No. 19, Yuying St.",500234032,15,4,20260820T052602,24.95521,121.34727,11,1,4,0,2026-08-20T06:15:32+08:00
新北市,New Taipei City,YouBike2.0_光明橋,鶯歌區,永明街78號(旁),YouBike2.0_Guang-ming bridge,Yingge Dist,"No. 78, Yongming St., Yingge Dist.(side)",500234033,14,7,20260820T060903,24.95577,121.34128,7,1,5,2,2026-08-20T06:15:32+08:00
新北市,New Taipei City,YouBike2.0_二橋派出所,鶯歌區,高職西街/中正三路口(西北側),YouBike2.0_Erqiao Police Station,Yingge Dist,"Gaozhi W. St. & Zhongzheng 3rd Rd., Yingge Dist. (west side)",500234034,11,3,20260820T054402,24.94216,121.33884,7,1,2,1,2026-08-20T06:15:32+08:00
新北市,New Taipei City,YouBike2.0_國中高職東街口,鶯歌區,國中路113至117-3號(對面),YouBike2.0_Guozhong & Gaozhi E. Intersection,Yingge Dist,"No. 113, Guozhong St., Yingge Dist.(opposite)",500234035,15,4,20260820T051203,24.94117,121.34116,11,1,3,1,2026-08-20T06:15:32+08:00
新北市,New Taipei City,YouBike2.0_尖山路高厝巷口,鶯歌區,尖山路276-5號(旁),YouBike2.0_Gaocuo Ln. Jianshan Rd.,Yingge Dist,"No. 276-5, Jianshan Rd. (Side)",500234036,15,3,20260820T061003,24.94495,121.34102,11,1,3,0,2026-08-20T06:15:32+08:00
新北市,New Taipei City,YouBike2.0_公八停車場,鶯歌區,國華路53號(對面),YouBike2.0_Public 8th Parking Lot,Yingge Dist,"No.53, Guohua Rd. (opposite)",500234037,15,7,20260820T055602,24.95515,121.34285,7,1,6,1,2026-08-20T06:15:32+08:00
新北市,New Taipei City,YouBike2.0_龍三鳳鳴路口,鶯歌區,鳳鳴路541號,YouBike2.0_Long 3rd. Rd. & Fengming Rd. Intersection,Yingge Dist,"No. 541, Fengming Rd.",500234038,18,7,20260820T061102,24.97286,121.33137,11,1,7,0,2026-08-20T06:15:32+08:00
新北市,New Taipei City,YouBike2.0_鳳福鳳三路口,鶯歌區,鳳三路360號,YouBike2.0_Fengfu Rd. & Feng 3rd. Rd. Intersection,Yingge Dist,"No. 360, Feng 3rd Rd.",500234039,22,3,20260820T060903,24.97567,121.33143,19,1,3,0,2026-08-20T06:15:32+08:00
新北市,New Taipei City,YouBike2.0_北鶯公園,鶯歌區,成功街20巷19號(旁),YouBike2.0_Beiying Park,Yingge Dist,"No. 19, Ln. 20, Chenggong St. (Side)",500234040,15,9,20260820T004103,24.95777,121.35942,6,1,7,2,2026-08-20T06:15:32+08:00
新北市,New Taipei City,YouBike2.0_鶯歌火車站(文化路),鶯歌區,文化路/文化路115巷(北側),YouBike2.0_Yingge Station (Wenhua Rd.),Yingge Dist,"Ln. 115, Wenhua Rd. Intersection (North)",500234041,25,19,20260819T214603,24.95536,121.35697,6,1,17,2,2026-08-20T06:15:32+08:00
新北市,New Taipei City,YouBike2.0_鳳七鶯歌路口,鶯歌區,鶯歌路101-107號(旁),YouBike2.0_Feng 7th Rd. & Yingge Rd. Intersection,Yingge Dist,"No. 101-107, Yingge Rd. (Side)",500234042,11,6,20260819T234403,24.96916,121.33193,5,1,6,0,2026-08-20T06:15:32+08:00
新北市,New Taipei City,YouBike2.0_國際一路112巷口,鶯歌區,國際一路167號(前),"YouBike2.0_Ln. 112, GuoJi 1st Rd.",Yingge Dist,"No. 167, GuoJi 1st Rd. (Front)",500234043,15,6,20260820T050103,24.97667,121.33579,9,1,3,3,2026-08-20T06:15:32+08:00
新北市,New Taipei City,YouBike2.0_臺鐵鳳鳴站,鶯歌區,鳳一路/鶯歌路口,YouBike2.0_Fengming Station,Yingge Dist,Feng 1st Rd. & YingGe Rd.,500234044,40,0,20260819T210005,24.97227,121.33674,0,0,0,0,2026-08-20T06:15:32+08:00
新北市,New Taipei City,YouBike2.0_鶯歌陶瓷老街,鶯歌區,重慶街/國慶街(西南側),YouBike2.0_YingGe Old Street,Yingge Dist,ChongQing St. & GuoQing St. (Southwest),500234045,33,21,20260820T050103,24.95219,121.351,11,1,19,2,2026-08-20T06:15:32+08:00
新北市,New Taipei City,YouBike2.0_鶯歌火車站(仁愛路62號),鶯歌區,仁愛路62號(東側),"YouBike2.0_YingGe Station (No. 62, RenAi Rd.)",Yingge Dist,"No. 62, RenAi Rd. (East)",500234046,42,13,20260820T060302,24.95505,121.35407,28,1,13,0,2026-08-20T06:15:32+08:00
新北市,New Taipei City,YouBike2.0_臺鐵鳳鳴站(鶯歌路),鶯歌區,鶯歌路276號(對面),YouBike2.0_Fengming Station (YingGe Rd.),Yingge Dist,"No. 276, YingGe Rd. (Opposite)",500234047,20,8,20260820T061404,24.97189,121.33651,10,1,8,0,2026-08-20T06:15:32+08:00
新北市,New Taipei City,YouBike2.0_光明育智路口,鶯歌區,光明街126號(東南側),YouBike2.0_GuangMing St. & YuZhi Rd. Intersection,Yingge Dist,"No. 126, GuangMing St. (Southeast)",500234048,14,2,20260820T060603,24.95587,121.3456,12,1,2,0,2026-08-20T06:15:32+08:00
新北市,New Taipei City,YouBike2.0_新鳳公園,鶯歌區,鶯桃路二段60號(對側),YouBike2.0_XinFeng Park,Yingge Dist,"No. 60, Sec. 2, YingTao Rd. (Opposite)",500234049,14,7,20260820T061003,24.9732,121.32474,6,1,7,0,2026-08-20T06:15:32+08:00
新北市,New Taipei City,YouBike2.0_鳳鳴機器人公園,鶯歌區,鳳鳴路/福安街7巷24弄口,YouBike2.0_FengMing Robot Park,Yingge Dist,"FengMing Rd. & Aly. 24, Ln. 7, FuAn St.",500234050,17,3,20260820T003102,24.96618,121.33465,14,1,3,0,2026-08-20T06:15:32+08:00
新北市,New Taipei City,YouBike2.0_龍五鳳七路口,鶯歌區,龍五路/鳳七路口,YouBike2.0_Long 5th Rd. & Feng 7th Rd. Intersection,Yingge Dist,Long 5th Rd. & Feng 7th Rd. Intersection,500234051,30,22,20260820T061102,24.97043,121.33101,8,1,20,2,2026-08-20T06:15:32+08:00
新北市,New Taipei City,YouBike2.0_龍鳳夜市,鶯歌區,鳳三路/龍三路(東南側),YouBike2.0_LongFeng Night Market,Yingge Dist,Feng 3rd Rd. & Long 3rd Rd. (Southeast),500234052,30,9,20260820T055203,24.97329,121.33331,21,1,9,0,2026-08-20T06:15:32+08:00
新北市,New Taipei City,YouBike2.0_中湖市民活動中心,鶯歌區,中湖街21號,YouBike2.0_Zhonghu Civic Activity Center,Yingge Dist,"No. 21, ZhongHu St.",500234053,20,4,20260819T210603,24.97298,121.3472,16,1,4,0,2026-08-20T06:15:32+08:00
新北市,New Taipei City,YouBike2.0_鳳一鳳吉一街口,鶯歌區,鳳吉一街259號(旁),YouBike2.0_Feng 1st Rd. & FengJi 1st St. Intersection,Yingge Dist,"No. 259, FengJi 1st St. (Side)",500234054,20,10,20260820T052503,24.97677,121.3317,10,1,9,1,2026-08-20T06:15:32+08:00
新北市,New Taipei City,YouBike2.0_鳳五路122號前,鶯歌區,鳳五路122號前,"YouBike2.0_No. 122, Feng 5th Rd.",Yingge Dist,"No. 122, Feng 5th Rd. (Front)",500234055,18,6,20260820T060603,24.97316,121.32991,11,1,5,1,2026-08-20T06:15:32+08:00
新北市,New Taipei City,YouBike2.0_建國永昌街口,鶯歌區,建國路546號(對面),YouBike2.0_JianGuo Rd. & YongChang St. Intersection,Yingge Dist,"No. 546, JianGuo Rd. (Opposite)",500234056,17,4,20260819T191303,24.95031,121.33831,13,1,2,2,2026-08-20T06:15:32+08:00
新北市,New Taipei City,YouBike2.0_捷運鶯歌車站,鶯歌區,館前路300號(對側),YouBike2.0_MRT Yingge Sta.,Yingge Dist,"No. 300, GuanQian Rd. (Opposite)",500234057,34,16,20260820T060903,24.95322,121.35668,18,1,16,0,2026-08-20T06:15:32+08:00
新北市,New Taipei City,YouBike2.0_鳳三龍七路口,鶯歌區,鳳三路68號,YouBike2.0_Feng 3rd Rd. & Long 7th Rd. Intersection,Yingge Dist,"No. 68, Feng 3rd Rd.",500234058,18,12,20260820T061302,24.97204,121.33467,6,1,11,1,2026-08-20T06:15:32+08:00
新北市,New Taipei City,YouBike2.0_捷運國華站,鶯歌區,國華路45號(對側),YouBike2.0_MRT Guohua Sta.,Yingge Dist,"No. 45, GuoHua Rd. (Opposite)",500234059,24,10,20260820T055602,24.95535,121.34251,14,1,10,0,2026-08-20T06:15:32+08:00
新北市,New Taipei City,YouBike2.0_捷運陶瓷老街站,鶯歌區,捷運陶瓷老街站(重慶街側),YouBike2.0_MRT Ceramics Old Street Sta.,Yingge Dist,MRT Ceramics Old Street Sta. (ChongQing St.),500234060,36,17,20260819T230204,24.95212,121.35065,19,1,17,0,2026-08-20T06:15:32+08:00
新北市,New Taipei City,YouBike2.0_捷運永吉公園站,鶯歌區,鶯桃路296巷口,YouBike2.0_MRT Yongji Park Sta.,Yingge Dist,"Ln. 296, YingTao Rd. Intersection",500234061,47,14,20260820T002203,24.96048,121.33476,33,1,13,1,2026-08-20T06:15:32+08:00
新北市,New Taipei City,YouBike2.0_捷運鶯桃福德站,鶯歌區,福德一路20號(對側),YouBike2.0_MRT Yingtao Fude Sta.,Yingge Dist,"No. 20, FuDe 1st Rd. (Opposite)",500234062,75,19,20260820T060703,24.96704,121.33044,55,1,18,1,2026-08-20T06:15:32+08:00
新北市,New Taipei City,YouBike2.0_捷運國華站(2號出口),鶯歌區,國華路97號(對側),YouBike2.0_MRT Guohua Sta.(Exit 2),Yingge Dist,"No. 97, GuoHua Rd. (Opposite)",500234063,60,19,20260820T054003,24.95374,121.34301,41,1,19,0,2026-08-20T06:15:32+08:00
新北市,New Taipei City,YouBike2.0_鶯歌山水步道停車場,鶯歌區,觀景涼亭停車場,YouBike2.0_YingGe Riverside Trail Car Park,Yingge Dist,YingGe Riverside Trail Car Park,500234064,24,6,20260819T215802,24.93205,121.32825,18,1,5,1,2026-08-20T06:15:32+08:00
新北市,New Taipei City,YouBike2.0_鶯歌環河自行車道,鶯歌區,環河路/甲三街(南側自行車道),YouBike2.0_YingGe Riverside Cycling Route,Yingge Dist,Huanhe Rd. & Jia 3rd St. (South),500234065,20,12,20260819T213204,24.92967,121.33837,8,1,12,0,2026-08-20T06:15:32+08:00
新北市,New Taipei City,YouBike2.0_鶯歌火車站(仁愛路),鶯歌區,仁愛路55號對側,YouBike2.0_Yingge Railway Station(Ren’ai Rd.),Yingge Dist,"No.55, Ren’ai Rd., Yingge Dist.(opposite)",500234001,69,13,20260820T064004,24.95559,121.35441,54,1,13,0,2026-08-20T06:48:11+08:00
新北市,New Taipei City,YouBike2.0_新北市立圖書館鶯歌分館,鶯歌區,中山路150號,YouBike2.0_New Taipei City Library Yingge Branch,Yingge Dist,"No.150, Zhongshan Rd.",500234002,20,0,20260820T055815,24.9572,121.34946,19,1,0,0,2026-08-20T06:48:11+08:00
新北市,New Taipei City,YouBike2.0_文化館前路口,鶯歌區,文化路407號旁,YouBike2.0_Yingge Ceramics Museum,Yingge Dist,"No. 407, Wenhua Rd.",500234003,44,11,20260820T051102,24.94948,121.35291,33,1,10,1,2026-08-20T06:48:11+08:00
新北市,New Taipei City,YouBike2.0_鶯歌國民運動中心,鶯歌區,館前路250號運動中心前,YouBike2.0_Yingge Civil Sports Center,Yingge Dist,"No.250, Guanqian Rd., Yingge Dist.",500234004,38,17,20260820T064103,24.95139,121.35733,21,1,14,3,2026-08-20T06:48:11+08:00
新北市,New Taipei City,YouBike2.0_尖山國中,鶯歌區,國中街1號,YouBike2.0_Municipal Jianshan Junior High School,Yingge Dist,"No.1, Guozhong St., Yingge Dist(sidewalk)",500234005,20,3,20260820T060903,24.94381,121.34207,17,1,3,0,2026-08-20T06:48:11+08:00
新北市,New Taipei City,YouBike2.0_新北市立鶯歌高級工商職業學校,鶯歌區,中正三路154號,YouBike2.0_New Taipei Municipal Yingge Vocational High School,Yingge Dist,"No. 154, Zhongzheng 3rd. Rd",500234006,56,4,20260820T063103,24.93923,121.33488,52,1,3,1,2026-08-20T06:48:11+08:00
新北市,New Taipei City,YouBike2.0_鶯歌國中,鶯歌區,鶯桃路39-5號對側,YouBike2.0_Yingge Junior High chool,Yingge Dist,"No.39-5, Yingtao Rd.(opposite)",500234007,30,3,20260820T055003,24.95119,121.34256,26,1,2,1,2026-08-20T06:48:11+08:00
新北市,New Taipei City,YouBike2.0_永吉國小,鶯歌區,德昌二街39號對側,YouBike2.0_Yongchi elementary school,Yingge Dist,"No.39, Dechang 2nd St., Yingge Dist.",500234008,20,15,20260820T064103,24.95865,121.33308,5,1,13,2,2026-08-20T06:48:11+08:00
新北市,New Taipei City,YouBike2.0_鳳祥公園,鶯歌區,鶯桃路365巷130號對側,YouBike2.0_Fengxiang Park,Yingge Dist,"No.130, Ln. 365, Yingtao Rd., Yingge Dist.",500234009,20,10,20260820T044803,24.96283,121.33025,9,1,8,2,2026-08-20T06:48:11+08:00
新北市,New Taipei City,YouBike2.0_鳳鳴國小,鶯歌區,永和街120號,YouBike2.0_Fengming Elementary School,Yingge Dist,"No.120, Yonghe St., Yingge Dist.",500234010,20,9,20260820T062503,24.9692,121.3347,11,1,9,0,2026-08-20T06:48:11+08:00
新北市,New Taipei City,YouBike2.0_國際二國際一路口,鶯歌區,國際二路與國際一路口,YouBike2.0_Guoji 2nd Guoji 1st Intersection,Yingge Dist,"Guoji 2nd Rd./Guoji 1st Rd., Yingge Dist.",500234011,20,5,20260820T045902,24.97577,121.3353,15,1,3,2,2026-08-20T06:48:11+08:00
新北市,New Taipei City,YouBike2.0_鳳福公園,鶯歌區,鳳吉一街186號(對面),YouBike2.0_Fengfu Park,Yingge Dist,"No. 186, Fengji 1st St., Yingge Dist.(opposite)",500234012,20,7,20260820T060903,24.97572,121.32938,13,1,7,0,2026-08-20T06:48:11+08:00
新北市,New Taipei City,YouBike2.0_尖山公園,鶯歌區,鶯歌區尖山路161號對面,YouBike2.0_Jianshan Park,Yingge Dist,"No.161, Jianshan Rd.(opposite)",500234013,29,21,20260820T064004,24.9482,121.346,8,1,18,3,2026-08-20T06:48:11+08:00
新北市,New Taipei City,YouBike2.0_永昌里兒一公園,鶯歌區,鶯桃路182巷96弄36-38號對側,YouBike2.0_Yongchang Village Children Park (No.1),Yingge Dist,"No.36-38, Aly. 96, Ln. 182, Yingtao Rd.(oppsite)",500234014,20,9,20260820T062503,24.956649374562204,121.33959628800724,11,1,8,1,2026-08-20T06:48:11+08:00
新北市,New Taipei City,YouBike2.0_南雅育智路口,鶯歌區,南雅路491號(對面),YouBike2.0_Nanya & Yuzhi Rd. Intersection,Yingge Dist,"No.491, Nanya Rd., Yingge Dist.(opposite)",500234015,22,3,20260820T063504,24.954,121.346,19,1,2,1,2026-08-20T06:48:11+08:00
新北市,New Taipei City,YouBike2.0_國中二甲路口,鶯歌區,國中街175號(前),YouBike2.0_Guozhong & Erjia Intersection,Yingge Dist,"No. 175, Guozhong St., Yingge Dist.",500234016,20,10,20260820T062902,24.939489067109363,121.33868650698288,10,1,8,2,2026-08-20T06:48:11+08:00
新北市,New Taipei City,YouBike2.0_鶯歌永利街,鶯歌區,永利街16號(對面),YouBike2.0_Yingge Yongli St.,Yingge Dist,"No. 16, Yongli St. Yingge Dist.",500234017,15,10,20260820T053003,24.95495,121.33911,4,1,9,1,2026-08-20T06:48:11+08:00
新北市,New Taipei City,YouBike2.0_二橋虹橋公園,鶯歌區,中正三路400號(對面),YouBike2.0_Erqiaoshiguanghongqiao Park,Yingge Dist,"No. 400, Zhongzheng 3rd Rd.(Opposite)",500234018,10,5,20260819T235803,24.93453,121.32595,5,1,5,0,2026-08-20T06:48:11+08:00
新北市,New Taipei City,YouBike2.0_鳳吉四鳳七路口(捷士匯社區),鶯歌區,鳳吉四街57-75號(旁),YouBike2.0_Fengji 4th & Feng 7th Rd. Intersection,Yingge Dist,"No. 57-75, Fengji 4th St.",500234021,40,20,20260820T062103,24.97383,121.32769,20,1,20,0,2026-08-20T06:48:11+08:00
新北市,New Taipei City,YouBike2.0_鶯歌老街第二停車場,鶯歌區,尖山埔路27-31號(對面),YouBike2.0_Yingge Old Street 2nd Parking Lot,Yingge Dist,"No. 27-31, Jianshanpu Rd.(Opposite)",500234022,20,7,20260819T195304,24.94895,121.34227,13,1,7,0,2026-08-20T06:48:11+08:00
新北市,New Taipei City,YouBike2.0_建國中正一路口(北鶯社區),鶯歌區,建國路6號(對面空地),YouBike2.0_Jianguo Zhongzheng 1st Rd. Intersection,Yingge Dist,"No. 6, Jianguo Rd.(Opposite)",500234023,20,7,20260820T061804,24.95658,121.35692,13,1,6,1,2026-08-20T06:48:11+08:00
新北市,New Taipei City,YouBike2.0_三鶯水資源回收中心,鶯歌區,館前路360號(旁),YouBike2.0_Sanying Water Recycling Center,Yingge Dist,"No. 360, Guanqian Rd.",500234024,14,9,20260820T063302,24.95535,121.35996,5,1,6,3,2026-08-20T06:48:11+08:00
新北市,New Taipei City,YouBike2.0_永和街65巷口,鶯歌區,永和街75號,"YouBike2.0_Ln. 65, Yonghe St. Intersection",Yingge Dist,"No. 75, Yonghe St.",500234025,37,12,20260820T064202,24.96798,121.3331413,25,1,9,3,2026-08-20T06:48:11+08:00
新北市,New Taipei City,YouBike2.0_鶯歌陶瓷博物館,鶯歌區,文化路200號(旁),YouBike2.0_Yingge Ceramics Museum(Wenhua Rd.),Yingge Dist,"No. 200, Wenhua Rd.",500234026,22,4,20260820T060004,24.95012,121.35245,18,1,4,0,2026-08-20T06:48:11+08:00
新北市,New Taipei City,YouBike2.0_礫間停車場,鶯歌區,礫間停車場,YouBike2.0_Lijian Parking,Yingge Dist,Lijian Parking,500234028,20,9,20260819T224303,24.9518,121.35445,11,1,8,1,2026-08-20T06:48:11+08:00
新北市,New Taipei City,YouBike2.0_北鶯停車場,鶯歌區,北鶯停車場,YouBike2.0_Beiying Parking,Yingge Dist,Beiying Parking,500234029,20,10,20260819T130204,24.95567,121.35992,10,1,10,0,2026-08-20T06:48:11+08:00
新北市,New Taipei City,YouBike2.0_育英建國路口,鶯歌區,建國路280號(旁),YouBike2.0_Yuying Jianguo Rd. Intersection,Yingge Dist,"No. 280, Jianguo Rd.",500234030,12,4,20260820T064403,24.95356,121.34693,7,1,4,0,2026-08-20T06:48:11+08:00
新北市,New Taipei City,YouBike2.0_中正一仁愛路口,鶯歌區,中正一路181號(對面),YouBike2.0_Zhongzheng 1st & Ren'ai Rd Intersection,Yingge Dist,"No. 181, Zhongzheng 1st Rd.(Opposite)",500234031,15,3,20260820T063902,24.95672,121.3532,12,1,1,2,2026-08-20T06:48:11+08:00
新北市,New Taipei City,YouBike2.0_建國國小,鶯歌區,育英街19號(旁),YouBike2.0_Jianguo Elementary School,Yingge Dist,"No. 19, Yuying St.",500234032,15,3,20260820T063203,24.95521,121.34727,12,1,3,0,2026-08-20T06:48:11+08:00
新北市,New Taipei City,YouBike2.0_光明橋,鶯歌區,永明街78號(旁),YouBike2.0_Guang-ming bridge,Yingge Dist,"No. 78, Yongming St., Yingge Dist.(side)",500234033,14,7,20260820T060903,24.95577,121.34128,7,1,5,2,2026-08-20T06:48:11+08:00
新北市,New Taipei City,YouBike2.0_二橋派出所,鶯歌區,高職西街/中正三路口(西北側),YouBike2.0_Erqiao Police Station,Yingge Dist,"Gaozhi W. St. & Zhongzheng 3rd Rd., Yingge Dist. (west side)",500234034,11,1,20260820T063803,24.94216,121.33884,10,1,0,1,2026-08-20T06:48:11+08:00
新北市,New Taipei City,YouBike2.0_國中高職東街口,鶯歌區,國中路113至117-3號(對面),YouBike2.0_Guozhong & Gaozhi E. Intersection,Yingge Dist,"No. 113, Guozhong St., Yingge Dist.(opposite)",500234035,15,3,20260820T063603,24.94117,121.34116,12,1,2,1,2026-08-20T06:48:11+08:00
新北市,New Taipei City,YouBike2.0_尖山路高厝巷口,鶯歌區,尖山路276-5號(旁),YouBike2.0_Gaocuo Ln. Jianshan Rd.,Yingge Dist,"No. 276-5, Jianshan Rd. (Side)",500234036,15,4,20260820T064004,24.94495,121.34102,10,1,4,0,2026-08-20T06:48:11+08:00
新北市,New Taipei City,YouBike2.0_公八停車場,鶯歌區,國華路53號(對面),YouBike2.0_Public 8th Parking Lot,Yingge Dist,"No.53, Guohua Rd. (opposite)",500234037,15,7,20260820T055602,24.95515,121.34285,7,1,6,1,2026-08-20T06:48:11+08:00
新北市,New Taipei City,YouBike2.0_龍三鳳鳴路口,鶯歌區,鳳鳴路541號,YouBike2.0_Long 3rd. Rd. & Fengming Rd. Intersection,Yingge Dist,"No. 541, Fengming Rd.",500234038,18,5,20260820T063902,24.97286,121.33137,13,1,5,0,2026-08-20T06:48:11+08:00
新北市,New Taipei City,YouBike2.0_鳳福鳳三路口,鶯歌區,鳳三路360號,YouBike2.0_Fengfu Rd. & Feng 3rd. Rd. Intersection,Yingge Dist,"No. 360, Feng 3rd Rd.",500234039,22,6,20260820T063402,24.97567,121.33143,16,1,6,0,2026-08-20T06:48:11+08:00
新北市,New Taipei City,YouBike2.0_北鶯公園,鶯歌區,成功街20巷19號(旁),YouBike2.0_Beiying Park,Yingge Dist,"No. 19, Ln. 20, Chenggong St. (Side)",500234040,15,9,20260820T004103,24.95777,121.35942,6,1,7,2,2026-08-20T06:48:11+08:00
新北市,New Taipei City,YouBike2.0_鶯歌火車站(文化路),鶯歌區,文化路/文化路115巷(北側),YouBike2.0_Yingge Station (Wenhua Rd.),Yingge Dist,"Ln. 115, Wenhua Rd. Intersection (North)",500234041,25,19,20260819T214603,24.95536,121.35697,6,1,17,2,2026-08-20T06:48:11+08:00
新北市,New Taipei City,YouBike2.0_鳳七鶯歌路口,鶯歌區,鶯歌路101-107號(旁),YouBike2.0_Feng 7th Rd. & Yingge Rd. Intersection,Yingge Dist,"No. 101-107, Yingge Rd. (Side)",500234042,11,4,20260820T062103,24.96916,121.33193,7,1,4,0,2026-08-20T06:48:11+08:00
新北市,New Taipei City,YouBike2.0_國際一路112巷口,鶯歌區,國際一路167號(前),"YouBike2.0_Ln. 112, GuoJi 1st Rd.",Yingge Dist,"No. 167, GuoJi 1st Rd. (Front)",500234043,15,5,20260820T061804,24.97667,121.33579,10,1,2,3,2026-08-20T06:48:11+08:00
新北市,New Taipei City,YouBike2.0_臺鐵鳳鳴站,鶯歌區,鳳一路/鶯歌路口,YouBike2.0_Fengming Station,Yingge Dist,Feng 1st Rd. & YingGe Rd.,500234044,40,0,20260819T210005,24.97227,121.33674,0,0,0,0,2026-08-20T06:48:11+08:00
新北市,New Taipei City,YouBike2.0_鶯歌陶瓷老街,鶯歌區,重慶街/國慶街(西南側),YouBike2.0_YingGe Old Street,Yingge Dist,ChongQing St. & GuoQing St. (Southwest),500234045,33,21,20260820T064202,24.95219,121.351,12,1,19,2,2026-08-20T06:48:11+08:00
新北市,New Taipei City,YouBike2.0_鶯歌火車站(仁愛路62號),鶯歌區,仁愛路62號(東側),"YouBike2.0_YingGe Station (No. 62, RenAi Rd.)",Yingge Dist,"No. 62, RenAi Rd. (East)",500234046,42,18,20260820T063803,24.95505,121.35407,23,1,18,0,2026-08-20T06:48:11+08:00
新北市,New Taipei City,YouBike2.0_臺鐵鳳鳴站(鶯歌路),鶯歌區,鶯歌路276號(對面),YouBike2.0_Fengming Station (YingGe Rd.),Yingge Dist,"No. 276, YingGe Rd. (Opposite)",500234047,20,16,20260820T064004,24.97189,121.33651,2,1,16,0,2026-08-20T06:48:11+08:00
新北市,New Taipei City,YouBike2.0_光明育智路口,鶯歌區,光明街126號(東南側),YouBike2.0_GuangMing St. & YuZhi Rd. Intersection,Yingge Dist,"No. 126, GuangMing St. (Southeast)",500234048,14,2,20260820T060603,24.95587,121.3456,12,1,2,0,2026-08-20T06:48:11+08:00
新北市,New Taipei City,YouBike2.0_新鳳公園,鶯歌區,鶯桃路二段60號(對側),YouBike2.0_XinFeng Park,Yingge Dist,"No. 60, Sec. 2, YingTao Rd. (Opposite)",500234049,14,10,20260820T063803,24.9732,121.32474,3,1,10,0,2026-08-20T06:48:11+08:00
新北市,New Taipei City,YouBike2.0_鳳鳴機器人公園,鶯歌區,鳳鳴路/福安街7巷24弄口,YouBike2.0_FengMing Robot Park,Yingge Dist,"FengMing Rd. & Aly. 24, Ln. 7, FuAn St.",500234050,17,0,20260820T063917,24.96618,121.33465,17,1,0,0,2026-08-20T06:48:11+08:00
新北市,New Taipei City,YouBike2.0_龍五鳳七路口,鶯歌區,龍五路/鳳七路口,YouBike2.0_Long 5th Rd. & Feng 7th Rd. Intersection,Yingge Dist,Long 5th Rd. & Feng 7th Rd. Intersection,500234051,30,18,20260820T064202,24.97043,121.33101,12,1,17,1,2026-08-20T06:48:11+08:00
新北市,New Taipei City,YouBike2.0_龍鳳夜市,鶯歌區,鳳三路/龍三路(東南側),YouBike2.0_LongFeng Night Market,Yingge Dist,Feng 3rd Rd. & Long 3rd Rd. (Southeast),500234052,30,9,20260820T055203,24.97329,121.33331,21,1,9,0,2026-08-20T06:48:11+08:00
新北市,New Taipei City,YouBike2.0_中湖市民活動中心,鶯歌區,中湖街21號,YouBike2.0_Zhonghu Civic Activity Center,Yingge Dist,"No. 21, ZhongHu St.",500234053,20,4,20260819T210603,24.97298,121.3472,16,1,4,0,2026-08-20T06:48:11+08:00
新北市,New Taipei City,YouBike2.0_鳳一鳳吉一街口,鶯歌區,鳳吉一街259號(旁),YouBike2.0_Feng 1st Rd. & FengJi 1st St. Intersection,Yingge Dist,"No. 259, FengJi 1st St. (Side)",500234054,20,9,20260820T062304,24.97677,121.3317,11,1,8,1,2026-08-20T06:48:11+08:00
新北市,New Taipei City,YouBike2.0_鳳五路122號前,鶯歌區,鳳五路122號前,"YouBike2.0_No. 122, Feng 5th Rd.",Yingge Dist,"No. 122, Feng 5th Rd. (Front)",500234055,18,2,20260820T063803,24.97316,121.32991,15,1,2,0,2026-08-20T06:48:11+08:00
新北市,New Taipei City,YouBike2.0_建國永昌街口,鶯歌區,建國路546號(對面),YouBike2.0_JianGuo Rd. & YongChang St. Intersection,Yingge Dist,"No. 546, JianGuo Rd. (Opposite)",500234056,17,4,20260819T191303,24.95031,121.33831,13,1,2,2,2026-08-20T06:48:11+08:00
新北市,New Taipei City,YouBike2.0_捷運鶯歌車站,鶯歌區,館前路300號(對側),YouBike2.0_MRT Yingge Sta.,Yingge Dist,"No. 300, GuanQian Rd. (Opposite)",500234057,34,16,20260820T063203,24.95322,121.35668,18,1,16,0,2026-08-20T06:48:11+08:00
新北市,New Taipei City,YouBike2.0_鳳三龍七路口,鶯歌區,鳳三路68號,YouBike2.0_Feng 3rd Rd. & Long 7th Rd. Intersection,Yingge Dist,"No. 68, Feng 3rd Rd.",500234058,18,15,20260820T064202,24.97204,121.33467,3,1,15,0,2026-08-20T06:48:11+08:00
新北市,New Taipei City,YouBike2.0_捷運國華站,鶯歌區,國華路45號(對側),YouBike2.0_MRT Guohua Sta.,Yingge Dist,"No. 45, GuoHua Rd. (Opposite)",500234059,24,10,20260820T055602,24.95535,121.34251,14,1,10,0,2026-08-20T06:48:11+08:00
新北市,New Taipei City,YouBike2.0_捷運陶瓷老街站,鶯歌區,捷運陶瓷老街站(重慶街側),YouBike2.0_MRT Ceramics Old Street Sta.,Yingge Dist,MRT Ceramics Old Street Sta. (ChongQing St.),500234060,36,17,20260819T230204,24.95212,121.35065,19,1,17,0,2026-08-20T06:48:11+08:00
新北市,New Taipei City,YouBike2.0_捷運永吉公園站,鶯歌區,鶯桃路296巷口,YouBike2.0_MRT Yongji Park Sta.,Yingge Dist,"Ln. 296, YingTao Rd. Intersection",500234061,47,14,20260820T002203,24.96048,121.33476,33,1,13,1,2026-08-20T06:48:11+08:00
新北市,New Taipei City,YouBike2.0_捷運鶯桃福德站,鶯歌區,福德一路20號(對側),YouBike2.0_MRT Yingtao Fude Sta.,Yingge Dist,"No. 20, FuDe 1st Rd. (Opposite)",500234062,75,21,20260820T064303,24.96704,121.33044,53,1,20,1,2026-08-20T06:48:11+08:00
新北市,New Taipei City,YouBike2.0_捷運國華站(2號出口),鶯歌區,國華路97號(對側),YouBike2.0_MRT Guohua Sta.(Exit 2),Yingge Dist,"No. 97, GuoHua Rd. (Opposite)",500234063,60,19,20260820T054003,24.95374,121.34301,41,1,19,0,2026-08-20T06:48:11+08:00
新北市,New Taipei City,YouBike2.0_鶯歌山水步道停車場,鶯歌區,觀景涼亭停車場,YouBike2.0_YingGe Riverside Trail Car Park,Yingge Dist,YingGe Riverside Trail Car Park,500234064,24,6,20260819T215802,24.93205,121.32825,18,1,5,1,2026-08-20T06:48:11+08:00
新北市,New Taipei City,YouBike2.0_鶯歌環河自行車道,鶯歌區,環河路/甲三街(南側自行車道),YouBike2.0_YingGe Riverside Cycling Route,Yingge Dist,Huanhe Rd. & Jia 3rd St. (South),500234065,20,11,20260820T063702,24.92967,121.33837,9,1,11,0,2026-08-20T06:48:11+08:00
新北市,New Taipei City,YouBike2.0_鶯歌火車站(仁愛路),鶯歌區,仁愛路55號對側,YouBike2.0_Yingge Railway Station(Ren’ai Rd.),Yingge Dist,"No.55, Ren’ai Rd., Yingge Dist.(opposite)",500234001,69,13,20260820T070904,24.95559,121.35441,54,1,12,1,2026-08-20T07:14:58+08:00
新北市,New Taipei City,YouBike2.0_新北市立圖書館鶯歌分館,鶯歌區,中山路150號,YouBike2.0_New Taipei City Library Yingge Branch,Yingge Dist,"No.150, Zhongshan Rd.",500234002,20,0,20260820T055815,24.9572,121.34946,19,1,0,0,2026-08-20T07:14:58+08:00
新北市,New Taipei City,YouBike2.0_文化館前路口,鶯歌區,文化路407號旁,YouBike2.0_Yingge Ceramics Museum,Yingge Dist,"No. 407, Wenhua Rd.",500234003,44,9,20260820T065204,24.94948,121.35291,35,1,8,1,2026-08-20T07:14:58+08:00
新北市,New Taipei City,YouBike2.0_鶯歌國民運動中心,鶯歌區,館前路250號運動中心前,YouBike2.0_Yingge Civil Sports Center,Yingge Dist,"No.250, Guanqian Rd., Yingge Dist.",500234004,38,16,20260820T070703,24.95139,121.35733,22,1,13,3,2026-08-20T07:14:58+08:00
新北市,New Taipei City,YouBike2.0_尖山國中,鶯歌區,國中街1號,YouBike2.0_Municipal Jianshan Junior High School,Yingge Dist,"No.1, Guozhong St., Yingge Dist(sidewalk)",500234005,20,2,20260820T065304,24.94381,121.34207,18,1,2,0,2026-08-20T07:14:58+08:00
新北市,New Taipei City,YouBike2.0_新北市立鶯歌高級工商職業學校,鶯歌區,中正三路154號,YouBike2.0_New Taipei Municipal Yingge Vocational High School,Yingge Dist,"No. 154, Zhongzheng 3rd. Rd",500234006,56,4,20260820T063103,24.93923,121.33488,52,1,3,1,2026-08-20T07:14:58+08:00
新北市,New Taipei City,YouBike2.0_鶯歌國中,鶯歌區,鶯桃路39-5號對側,YouBike2.0_Yingge Junior High chool,Yingge Dist,"No.39-5, Yingtao Rd.(opposite)",500234007,30,3,20260820T055003,24.95119,121.34256,26,1,2,1,2026-08-20T07:14:58+08:00
新北市,New Taipei City,YouBike2.0_永吉國小,鶯歌區,德昌二街39號對側,YouBike2.0_Yongchi elementary school,Yingge Dist,"No.39, Dechang 2nd St., Yingge Dist.",500234008,20,14,20260820T065003,24.95865,121.33308,6,1,12,2,2026-08-20T07:14:58+08:00
新北市,New Taipei City,YouBike2.0_鳳祥公園,鶯歌區,鶯桃路365巷130號對側,YouBike2.0_Fengxiang Park,Yingge Dist,"No.130, Ln. 365, Yingtao Rd., Yingge Dist.",500234009,20,11,20260820T064602,24.96283,121.33025,8,1,8,3,2026-08-20T07:14:58+08:00
新北市,New Taipei City,YouBike2.0_鳳鳴國小,鶯歌區,永和街120號,YouBike2.0_Fengming Elementary School,Yingge Dist,"No.120, Yonghe St., Yingge Dist.",500234010,20,5,20260820T065102,24.9692,121.3347,15,1,5,0,2026-08-20T07:14:58+08:00
新北市,New Taipei City,YouBike2.0_國際二國際一路口,鶯歌區,國際二路與國際一路口,YouBike2.0_Guoji 2nd Guoji 1st Intersection,Yingge Dist,"Guoji 2nd Rd./Guoji 1st Rd., Yingge Dist.",500234011,20,4,20260820T070603,24.97577,121.3353,16,1,2,2,2026-08-20T07:14:58+08:00
新北市,New Taipei City,YouBike2.0_鳳福公園,鶯歌區,鳳吉一街186號(對面),YouBike2.0_Fengfu Park,Yingge Dist,"No. 186, Fengji 1st St., Yingge Dist.(opposite)",500234012,20,7,20260820T070804,24.97572,121.32938,13,1,7,0,2026-08-20T07:14:58+08:00
新北市,New Taipei City,YouBike2.0_尖山公園,鶯歌區,鶯歌區尖山路161號對面,YouBike2.0_Jianshan Park,Yingge Dist,"No.161, Jianshan Rd.(opposite)",500234013,29,20,20260820T070603,24.9482,121.346,9,1,17,3,2026-08-20T07:14:58+08:00
新北市,New Taipei City,YouBike2.0_永昌里兒一公園,鶯歌區,鶯桃路182巷96弄36-38號對側,YouBike2.0_Yongchang Village Children Park (No.1),Yingge Dist,"No.36-38, Aly. 96, Ln. 182, Yingtao Rd.(oppsite)",500234014,20,8,20260820T064502,24.956649374562204,121.33959628800724,12,1,7,1,2026-08-20T07:14:58+08:00
新北市,New Taipei City,YouBike2.0_南雅育智路口,鶯歌區,南雅路491號(對面),YouBike2.0_Nanya & Yuzhi Rd. Intersection,Yingge Dist,"No.491, Nanya Rd., Yingge Dist.(opposite)",500234015,22,2,20260820T070302,24.954,121.346,20,1,1,1,2026-08-20T07:14:58+08:00
新北市,New Taipei City,YouBike2.0_國中二甲路口,鶯歌區,國中街175號(前),YouBike2.0_Guozhong & Erjia Intersection,Yingge Dist,"No. 175, Guozhong St., Yingge Dist.",500234016,20,10,20260820T062902,24.939489067109363,121.33868650698288,10,1,8,2,2026-08-20T07:14:58+08:00
新北市,New Taipei City,YouBike2.0_鶯歌永利街,鶯歌區,永利街16號(對面),YouBike2.0_Yingge Yongli St.,Yingge Dist,"No. 16, Yongli St. Yingge Dist.",500234017,15,9,20260820T065003,24.95495,121.33911,5,1,8,1,2026-08-20T07:14:58+08:00
新北市,New Taipei City,YouBike2.0_二橋虹橋公園,鶯歌區,中正三路400號(對面),YouBike2.0_Erqiaoshiguanghongqiao Park,Yingge Dist,"No. 400, Zhongzheng 3rd Rd.(Opposite)",500234018,10,5,20260819T235803,24.93453,121.32595,5,1,5,0,2026-08-20T07:14:58+08:00
新北市,New Taipei City,YouBike2.0_鳳吉四鳳七路口(捷士匯社區),鶯歌區,鳳吉四街57-75號(旁),YouBike2.0_Fengji 4th & Feng 7th Rd. Intersection,Yingge Dist,"No. 57-75, Fengji 4th St.",500234021,40,18,20260820T070804,24.97383,121.32769,22,1,18,0,2026-08-20T07:14:58+08:00
新北市,New Taipei City,YouBike2.0_鶯歌老街第二停車場,鶯歌區,尖山埔路27-31號(對面),YouBike2.0_Yingge Old Street 2nd Parking Lot,Yingge Dist,"No. 27-31, Jianshanpu Rd.(Opposite)",500234022,20,9,20260820T065504,24.94895,121.34227,11,1,8,1,2026-08-20T07:14:58+08:00
新北市,New Taipei City,YouBike2.0_建國中正一路口(北鶯社區),鶯歌區,建國路6號(對面空地),YouBike2.0_Jianguo Zhongzheng 1st Rd. Intersection,Yingge Dist,"No. 6, Jianguo Rd.(Opposite)",500234023,20,7,20260820T061804,24.95658,121.35692,13,1,6,1,2026-08-20T07:14:58+08:00
新北市,New Taipei City,YouBike2.0_三鶯水資源回收中心,鶯歌區,館前路360號(旁),YouBike2.0_Sanying Water Recycling Center,Yingge Dist,"No. 360, Guanqian Rd.",500234024,14,9,20260820T063302,24.95535,121.35996,5,1,6,3,2026-08-20T07:14:58+08:00
新北市,New Taipei City,YouBike2.0_永和街65巷口,鶯歌區,永和街75號,"YouBike2.0_Ln. 65, Yonghe St. Intersection",Yingge Dist,"No. 75, Yonghe St.",500234025,37,12,20260820T070102,24.96798,121.3331413,25,1,8,4,2026-08-20T07:14:58+08:00
新北市,New Taipei City,YouBike2.0_鶯歌陶瓷博物館,鶯歌區,文化路200號(旁),YouBike2.0_Yingge Ceramics Museum(Wenhua Rd.),Yingge Dist,"No. 200, Wenhua Rd.",500234026,22,6,20260820T070203,24.95012,121.35245,16,1,6,0,2026-08-20T07:14:58+08:00
新北市,New Taipei City,YouBike2.0_礫間停車場,鶯歌區,礫間停車場,YouBike2.0_Lijian Parking,Yingge Dist,Lijian Parking,500234028,20,9,20260819T224303,24.9518,121.35445,11,1,8,1,2026-08-20T07:14:58+08:00
新北市,New Taipei City,YouBike2.0_北鶯停車場,鶯歌區,北鶯停車場,YouBike2.0_Beiying Parking,Yingge Dist,Beiying Parking,500234029,20,10,20260819T130204,24.95567,121.35992,10,1,10,0,2026-08-20T07:14:58+08:00
新北市,New Taipei City,YouBike2.0_育英建國路口,鶯歌區,建國路280號(旁),YouBike2.0_Yuying Jianguo Rd. Intersection,Yingge Dist,"No. 280, Jianguo Rd.",500234030,12,4,20260820T064403,24.95356,121.34693,7,1,4,0,2026-08-20T07:14:58+08:00
新北市,New Taipei City,YouBike2.0_中正一仁愛路口,鶯歌區,中正一路181號(對面),YouBike2.0_Zhongzheng 1st & Ren'ai Rd Intersection,Yingge Dist,"No. 181, Zhongzheng 1st Rd.(Opposite)",500234031,15,3,20260820T063902,24.95672,121.3532,12,1,1,2,2026-08-20T07:14:58+08:00
新北市,New Taipei City,YouBike2.0_建國國小,鶯歌區,育英街19號(旁),YouBike2.0_Jianguo Elementary School,Yingge Dist,"No. 19, Yuying St.",500234032,15,1,20260820T065803,24.95521,121.34727,14,1,1,0,2026-08-20T07:14:58+08:00
新北市,New Taipei City,YouBike2.0_光明橋,鶯歌區,永明街78號(旁),YouBike2.0_Guang-ming bridge,Yingge Dist,"No. 78, Yongming St., Yingge Dist.(side)",500234033,14,5,20260820T070302,24.95577,121.34128,9,1,5,0,2026-08-20T07:14:58+08:00
新北市,New Taipei City,YouBike2.0_二橋派出所,鶯歌區,高職西街/中正三路口(西北側),YouBike2.0_Erqiao Police Station,Yingge Dist,"Gaozhi W. St. & Zhongzheng 3rd Rd., Yingge Dist. (west side)",500234034,11,1,20260820T065520,24.94216,121.33884,10,1,1,0,2026-08-20T07:14:58+08:00
新北市,New Taipei City,YouBike2.0_國中高職東街口,鶯歌區,國中路113至117-3號(對面),YouBike2.0_Guozhong & Gaozhi E. Intersection,Yingge Dist,"No. 113, Guozhong St., Yingge Dist.(opposite)",500234035,15,3,20260820T070403,24.94117,121.34116,12,1,2,1,2026-08-20T07:14:58+08:00
新北市,New Taipei City,YouBike2.0_尖山路高厝巷口,鶯歌區,尖山路276-5號(旁),YouBike2.0_Gaocuo Ln. Jianshan Rd.,Yingge Dist,"No. 276-5, Jianshan Rd. (Side)",500234036,15,4,20260820T064004,24.94495,121.34102,10,1,4,0,2026-08-20T07:14:58+08:00
新北市,New Taipei City,YouBike2.0_公八停車場,鶯歌區,國華路53號(對面),YouBike2.0_Public 8th Parking Lot,Yingge Dist,"No.53, Guohua Rd. (opposite)",500234037,15,6,20260820T070004,24.95515,121.34285,8,1,6,0,2026-08-20T07:14:58+08:00
新北市,New Taipei City,YouBike2.0_龍三鳳鳴路口,鶯歌區,鳳鳴路541號,YouBike2.0_Long 3rd. Rd. & Fengming Rd. Intersection,Yingge Dist,"No. 541, Fengming Rd.",500234038,18,0,20260820T070218,24.97286,121.33137,18,1,0,0,2026-08-20T07:14:58+08:00
新北市,New Taipei City,YouBike2.0_鳳福鳳三路口,鶯歌區,鳳三路360號,YouBike2.0_Fengfu Rd. & Feng 3rd. Rd. Intersection,Yingge Dist,"No. 360, Feng 3rd Rd.",500234039,22,7,20260820T070302,24.97567,121.33143,15,1,7,0,2026-08-20T07:14:58+08:00
新北市,New Taipei City,YouBike2.0_北鶯公園,鶯歌區,成功街20巷19號(旁),YouBike2.0_Beiying Park,Yingge Dist,"No. 19, Ln. 20, Chenggong St. (Side)",500234040,15,9,20260820T004103,24.95777,121.35942,6,1,7,2,2026-08-20T07:14:58+08:00
新北市,New Taipei City,YouBike2.0_鶯歌火車站(文化路),鶯歌區,文化路/文化路115巷(北側),YouBike2.0_Yingge Station (Wenhua Rd.),Yingge Dist,"Ln. 115, Wenhua Rd. Intersection (North)",500234041,25,19,20260819T214603,24.95536,121.35697,6,1,17,2,2026-08-20T07:14:58+08:00
新北市,New Taipei City,YouBike2.0_鳳七鶯歌路口,鶯歌區,鶯歌路101-107號(旁),YouBike2.0_Feng 7th Rd. & Yingge Rd. Intersection,Yingge Dist,"No. 101-107, Yingge Rd. (Side)",500234042,11,4,20260820T062103,24.96916,121.33193,7,1,4,0,2026-08-20T07:14:58+08:00
新北市,New Taipei City,YouBike2.0_國際一路112巷口,鶯歌區,國際一路167號(前),"YouBike2.0_Ln. 112, GuoJi 1st Rd.",Yingge Dist,"No. 167, GuoJi 1st Rd. (Front)",500234043,15,5,20260820T061804,24.97667,121.33579,10,1,2,3,2026-08-20T07:14:58+08:00
新北市,New Taipei City,YouBike2.0_臺鐵鳳鳴站,鶯歌區,鳳一路/鶯歌路口,YouBike2.0_Fengming Station,Yingge Dist,Feng 1st Rd. & YingGe Rd.,500234044,40,0,20260819T210005,24.97227,121.33674,0,0,0,0,2026-08-20T07:14:58+08:00
新北市,New Taipei City,YouBike2.0_鶯歌陶瓷老街,鶯歌區,重慶街/國慶街(西南側),YouBike2.0_YingGe Old Street,Yingge Dist,ChongQing St. & GuoQing St. (Southwest),500234045,33,18,20260820T070804,24.95219,121.351,15,1,18,0,2026-08-20T07:14:58+08:00
新北市,New Taipei City,YouBike2.0_鶯歌火車站(仁愛路62號),鶯歌區,仁愛路62號(東側),"YouBike2.0_YingGe Station (No. 62, RenAi Rd.)",Yingge Dist,"No. 62, RenAi Rd. (East)",500234046,42,19,20260820T064802,24.95505,121.35407,22,1,19,0,2026-08-20T07:14:58+08:00
新北市,New Taipei City,YouBike2.0_臺鐵鳳鳴站(鶯歌路),鶯歌區,鶯歌路276號(對面),YouBike2.0_Fengming Station (YingGe Rd.),Yingge Dist,"No. 276, YingGe Rd. (Opposite)",500234047,20,16,20260820T070804,24.97189,121.33651,2,1,14,2,2026-08-20T07:14:58+08:00
新北市,New Taipei City,YouBike2.0_光明育智路口,鶯歌區,光明街126號(東南側),YouBike2.0_GuangMing St. & YuZhi Rd. Intersection,Yingge Dist,"No. 126, GuangMing St. (Southeast)",500234048,14,1,20260820T065902,24.95587,121.3456,13,1,1,0,2026-08-20T07:14:58+08:00
新北市,New Taipei City,YouBike2.0_新鳳公園,鶯歌區,鶯桃路二段60號(對側),YouBike2.0_XinFeng Park,Yingge Dist,"No. 60, Sec. 2, YingTao Rd. (Opposite)",500234049,14,11,20260820T070804,24.9732,121.32474,2,1,11,0,2026-08-20T07:14:58+08:00
新北市,New Taipei City,YouBike2.0_鳳鳴機器人公園,鶯歌區,鳳鳴路/福安街7巷24弄口,YouBike2.0_FengMing Robot Park,Yingge Dist,"FengMing Rd. & Aly. 24, Ln. 7, FuAn St.",500234050,17,0,20260820T063917,24.96618,121.33465,17,1,0,0,2026-08-20T07:14:58+08:00
新北市,New Taipei City,YouBike2.0_龍五鳳七路口,鶯歌區,龍五路/鳳七路口,YouBike2.0_Long 5th Rd. & Feng 7th Rd. Intersection,Yingge Dist,Long 5th Rd. & Feng 7th Rd. Intersection,500234051,30,18,20260820T065504,24.97043,121.33101,12,1,17,1,2026-08-20T07:14:58+08:00
新北市,New Taipei City,YouBike2.0_龍鳳夜市,鶯歌區,鳳三路/龍三路(東南側),YouBike2.0_LongFeng Night Market,Yingge Dist,Feng 3rd Rd. & Long 3rd Rd. (Southeast),500234052,30,12,20260820T070102,24.97329,121.33331,18,1,12,0,2026-08-20T07:14:58+08:00
新北市,New Taipei City,YouBike2.0_中湖市民活動中心,鶯歌區,中湖街21號,YouBike2.0_Zhonghu Civic Activity Center,Yingge Dist,"No. 21, ZhongHu St.",500234053,20,4,20260819T210603,24.97298,121.3472,16,1,4,0,2026-08-20T07:14:58+08:00
新北市,New Taipei City,YouBike2.0_鳳一鳳吉一街口,鶯歌區,鳳吉一街259號(旁),YouBike2.0_Feng 1st Rd. & FengJi 1st St. Intersection,Yingge Dist,"No. 259, FengJi 1st St. (Side)",500234054,20,8,20260820T065402,24.97677,121.3317,12,1,7,1,2026-08-20T07:14:58+08:00
新北市,New Taipei City,YouBike2.0_鳳五路122號前,鶯歌區,鳳五路122號前,"YouBike2.0_No. 122, Feng 5th Rd.",Yingge Dist,"No. 122, Feng 5th Rd. (Front)",500234055,18,1,20260820T070904,24.97316,121.32991,16,1,1,0,2026-08-20T07:14:58+08:00
新北市,New Taipei City,YouBike2.0_建國永昌街口,鶯歌區,建國路546號(對面),YouBike2.0_JianGuo Rd. & YongChang St. Intersection,Yingge Dist,"No. 546, JianGuo Rd. (Opposite)",500234056,17,4,20260819T191303,24.95031,121.33831,13,1,2,2,2026-08-20T07:14:58+08:00
新北市,New Taipei City,YouBike2.0_捷運鶯歌車站,鶯歌區,館前路300號(對側),YouBike2.0_MRT Yingge Sta.,Yingge Dist,"No. 300, GuanQian Rd. (Opposite)",500234057,34,18,20260820T064904,24.95322,121.35668,16,1,18,0,2026-08-20T07:14:58+08:00
新北市,New Taipei City,YouBike2.0_鳳三龍七路口,鶯歌區,鳳三路68號,YouBike2.0_Feng 3rd Rd. & Long 7th Rd. Intersection,Yingge Dist,"No. 68, Feng 3rd Rd.",500234058,18,0,20260820T070818,24.97204,121.33467,18,1,0,0,2026-08-20T07:14:58+08:00
新北市,New Taipei City,YouBike2.0_捷運國華站,鶯歌區,國華路45號(對側),YouBike2.0_MRT Guohua Sta.,Yingge Dist,"No. 45, GuoHua Rd. (Opposite)",500234059,24,10,20260820T055602,24.95535,121.34251,14,1,10,0,2026-08-20T07:14:58+08:00
新北市,New Taipei City,YouBike2.0_捷運陶瓷老街站,鶯歌區,捷運陶瓷老街站(重慶街側),YouBike2.0_MRT Ceramics Old Street Sta.,Yingge Dist,MRT Ceramics Old Street Sta. (ChongQing St.),500234060,36,16,20260820T070403,24.95212,121.35065,20,1,16,0,2026-08-20T07:14:58+08:00
新北市,New Taipei City,YouBike2.0_捷運永吉公園站,鶯歌區,鶯桃路296巷口,YouBike2.0_MRT Yongji Park Sta.,Yingge Dist,"Ln. 296, YingTao Rd. Intersection",500234061,47,14,20260820T002203,24.96048,121.33476,33,1,13,1,2026-08-20T07:14:58+08:00
新北市,New Taipei City,YouBike2.0_捷運鶯桃福德站,鶯歌區,福德一路20號(對側),YouBike2.0_MRT Yingtao Fude Sta.,Yingge Dist,"No. 20, FuDe 1st Rd. (Opposite)",500234062,75,20,20260820T070102,24.96704,121.33044,54,1,19,1,2026-08-20T07:14:58+08:00
新北市,New Taipei City,YouBike2.0_捷運國華站(2號出口),鶯歌區,國華路97號(對側),YouBike2.0_MRT Guohua Sta.(Exit 2),Yingge Dist,"No. 97, GuoHua Rd. (Opposite)",500234063,60,19,20260820T054003,24.95374,121.34301,41,1,19,0,2026-08-20T07:14:58+08:00
新北市,New Taipei City,YouBike2.0_鶯歌山水步道停車場,鶯歌區,觀景涼亭停車場,YouBike2.0_YingGe Riverside Trail Car Park,Yingge Dist,YingGe Riverside Trail Car Park,500234064,24,6,20260819T215802,24.93205,121.32825,18,1,5,1,2026-08-20T07:14:58+08:00
新北市,New Taipei City,YouBike2.0_鶯歌環河自行車道,鶯歌區,環河路/甲三街(南側自行車道),YouBike2.0_YingGe Riverside Cycling Route,Yingge Dist,Huanhe Rd. & Jia 3rd St. (South),500234065,20,12,20260820T070804,24.92967,121.33837,8,1,12,0,2026-08-20T07:14:58+08:00
新北市,New Taipei City,YouBike2.0_鶯歌火車站(仁愛路),鶯歌區,仁愛路55號對側,YouBike2.0_Yingge Railway Station(Ren’ai Rd.),Yingge Dist,"No.55, Ren’ai Rd., Yingge Dist.(opposite)",500234001,69,20,20260820T073202,24.95559,121.35441,47,1,20,0,2026-08-20T07:38:21+08:00
新北市,New Taipei City,YouBike2.0_新北市立圖書館鶯歌分館,鶯歌區,中山路150號,YouBike2.0_New Taipei City Library Yingge Branch,Yingge Dist,"No.150, Zhongshan Rd.",500234002,20,0,20260820T055815,24.9572,121.34946,19,1,0,0,2026-08-20T07:38:21+08:00
新北市,New Taipei City,YouBike2.0_文化館前路口,鶯歌區,文化路407號旁,YouBike2.0_Yingge Ceramics Museum,Yingge Dist,"No. 407, Wenhua Rd.",500234003,44,7,20260820T072402,24.94948,121.35291,37,1,7,0,2026-08-20T07:38:21+08:00
新北市,New Taipei City,YouBike2.0_鶯歌國民運動中心,鶯歌區,館前路250號運動中心前,YouBike2.0_Yingge Civil Sports Center,Yingge Dist,"No.250, Guanqian Rd., Yingge Dist.",500234004,38,14,20260820T072603,24.95139,121.35733,24,1,12,2,2026-08-20T07:38:21+08:00
新北市,New Taipei City,YouBike2.0_尖山國中,鶯歌區,國中街1號,YouBike2.0_Municipal Jianshan Junior High School,Yingge Dist,"No.1, Guozhong St., Yingge Dist(sidewalk)",500234005,20,2,20260820T073402,24.94381,121.34207,18,1,1,1,2026-08-20T07:38:21+08:00
新北市,New Taipei City,YouBike2.0_新北市立鶯歌高級工商職業學校,鶯歌區,中正三路154號,YouBike2.0_New Taipei Municipal Yingge Vocational High School,Yingge Dist,"No. 154, Zhongzheng 3rd. Rd",500234006,56,4,20260820T073103,24.93923,121.33488,52,1,3,1,2026-08-20T07:38:21+08:00
新北市,New Taipei City,YouBike2.0_鶯歌國中,鶯歌區,鶯桃路39-5號對側,YouBike2.0_Yingge Junior High chool,Yingge Dist,"No.39-5, Yingtao Rd.(opposite)",500234007,30,6,20260820T072003,24.95119,121.34256,23,1,5,1,2026-08-20T07:38:21+08:00
新北市,New Taipei City,YouBike2.0_永吉國小,鶯歌區,德昌二街39號對側,YouBike2.0_Yongchi elementary school,Yingge Dist,"No.39, Dechang 2nd St., Yingge Dist.",500234008,20,14,20260820T065003,24.95865,121.33308,6,1,12,2,2026-08-20T07:38:21+08:00
新北市,New Taipei City,YouBike2.0_鳳祥公園,鶯歌區,鶯桃路365巷130號對側,YouBike2.0_Fengxiang Park,Yingge Dist,"No.130, Ln. 365, Yingtao Rd., Yingge Dist.",500234009,20,11,20260820T064602,24.96283,121.33025,8,1,8,3,2026-08-20T07:38:21+08:00
新北市,New Taipei City,YouBike2.0_鳳鳴國小,鶯歌區,永和街120號,YouBike2.0_Fengming Elementary School,Yingge Dist,"No.120, Yonghe St., Yingge Dist.",500234010,20,3,20260820T072503,24.9692,121.3347,17,1,3,0,2026-08-20T07:38:21+08:00
新北市,New Taipei City,YouBike2.0_國際二國際一路口,鶯歌區,國際二路與國際一路口,YouBike2.0_Guoji 2nd Guoji 1st Intersection,Yingge Dist,"Guoji 2nd Rd./Guoji 1st Rd., Yingge Dist.",500234011,20,4,20260820T070603,24.97577,121.3353,16,1,2,2,2026-08-20T07:38:21+08:00
新北市,New Taipei City,YouBike2.0_鳳福公園,鶯歌區,鳳吉一街186號(對面),YouBike2.0_Fengfu Park,Yingge Dist,"No. 186, Fengji 1st St., Yingge Dist.(opposite)",500234012,20,3,20260820T072804,24.97572,121.32938,17,1,3,0,2026-08-20T07:38:21+08:00
新北市,New Taipei City,YouBike2.0_尖山公園,鶯歌區,鶯歌區尖山路161號對面,YouBike2.0_Jianshan Park,Yingge Dist,"No.161, Jianshan Rd.(opposite)",500234013,29,19,20260820T073005,24.9482,121.346,10,1,16,3,2026-08-20T07:38:21+08:00
新北市,New Taipei City,YouBike2.0_永昌里兒一公園,鶯歌區,鶯桃路182巷96弄36-38號對側,YouBike2.0_Yongchang Village Children Park (No.1),Yingge Dist,"No.36-38, Aly. 96, Ln. 182, Yingtao Rd.(oppsite)",500234014,20,11,20260820T072603,24.956649374562204,121.33959628800724,9,1,9,2,2026-08-20T07:38:21+08:00
新北市,New Taipei City,YouBike2.0_南雅育智路口,鶯歌區,南雅路491號(對面),YouBike2.0_Nanya & Yuzhi Rd. Intersection,Yingge Dist,"No.491, Nanya Rd., Yingge Dist.(opposite)",500234015,22,0,20260820T073021,24.954,121.346,22,1,0,0,2026-08-20T07:38:21+08:00
新北市,New Taipei City,YouBike2.0_國中二甲路口,鶯歌區,國中街175號(前),YouBike2.0_Guozhong & Erjia Intersection,Yingge Dist,"No. 175, Guozhong St., Yingge Dist.",500234016,20,8,20260820T072903,24.939489067109363,121.33868650698288,12,1,6,2,2026-08-20T07:38:21+08:00
新北市,New Taipei City,YouBike2.0_鶯歌永利街,鶯歌區,永利街16號(對面),YouBike2.0_Yingge Yongli St.,Yingge Dist,"No. 16, Yongli St. Yingge Dist.",500234017,15,8,20260820T072402,24.95495,121.33911,6,1,7,1,2026-08-20T07:38:21+08:00
新北市,New Taipei City,YouBike2.0_二橋虹橋公園,鶯歌區,中正三路400號(對面),YouBike2.0_Erqiaoshiguanghongqiao Park,Yingge Dist,"No. 400, Zhongzheng 3rd Rd.(Opposite)",500234018,10,6,20260820T072402,24.93453,121.32595,4,1,5,1,2026-08-20T07:38:21+08:00
新北市,New Taipei City,YouBike2.0_鳳吉四鳳七路口(捷士匯社區),鶯歌區,鳳吉四街57-75號(旁),YouBike2.0_Fengji 4th & Feng 7th Rd. Intersection,Yingge Dist,"No. 57-75, Fengji 4th St.",500234021,40,17,20260820T071103,24.97383,121.32769,23,1,17,0,2026-08-20T07:38:21+08:00
新北市,New Taipei City,YouBike2.0_鶯歌老街第二停車場,鶯歌區,尖山埔路27-31號(對面),YouBike2.0_Yingge Old Street 2nd Parking Lot,Yingge Dist,"No. 27-31, Jianshanpu Rd.(Opposite)",500234022,20,13,20260820T073202,24.94895,121.34227,7,1,10,3,2026-08-20T07:38:21+08:00
新北市,New Taipei City,YouBike2.0_建國中正一路口(北鶯社區),鶯歌區,建國路6號(對面空地),YouBike2.0_Jianguo Zhongzheng 1st Rd. Intersection,Yingge Dist,"No. 6, Jianguo Rd.(Opposite)",500234023,20,7,20260820T061804,24.95658,121.35692,13,1,6,1,2026-08-20T07:38:21+08:00
新北市,New Taipei City,YouBike2.0_三鶯水資源回收中心,鶯歌區,館前路360號(旁),YouBike2.0_Sanying Water Recycling Center,Yingge Dist,"No. 360, Guanqian Rd.",500234024,14,9,20260820T063302,24.95535,121.35996,5,1,6,3,2026-08-20T07:38:21+08:00
新北市,New Taipei City,YouBike2.0_永和街65巷口,鶯歌區,永和街75號,"YouBike2.0_Ln. 65, Yonghe St. Intersection",Yingge Dist,"No. 75, Yonghe St.",500234025,37,13,20260820T073202,24.96798,121.3331413,24,1,9,4,2026-08-20T07:38:21+08:00
新北市,New Taipei City,YouBike2.0_鶯歌陶瓷博物館,鶯歌區,文化路200號(旁),YouBike2.0_Yingge Ceramics Museum(Wenhua Rd.),Yingge Dist,"No. 200, Wenhua Rd.",500234026,22,6,20260820T072903,24.95012,121.35245,16,1,5,1,2026-08-20T07:38:21+08:00
新北市,New Taipei City,YouBike2.0_礫間停車場,鶯歌區,礫間停車場,YouBike2.0_Lijian Parking,Yingge Dist,Lijian Parking,500234028,20,9,20260819T224303,24.9518,121.35445,11,1,8,1,2026-08-20T07:38:21+08:00
新北市,New Taipei City,YouBike2.0_北鶯停車場,鶯歌區,北鶯停車場,YouBike2.0_Beiying Parking,Yingge Dist,Beiying Parking,500234029,20,10,20260819T130204,24.95567,121.35992,10,1,10,0,2026-08-20T07:38:21+08:00
新北市,New Taipei City,YouBike2.0_育英建國路口,鶯歌區,建國路280號(旁),YouBike2.0_Yuying Jianguo Rd. Intersection,Yingge Dist,"No. 280, Jianguo Rd.",500234030,12,2,20260820T071902,24.95356,121.34693,9,1,2,0,2026-08-20T07:38:21+08:00
新北市,New Taipei City,YouBike2.0_中正一仁愛路口,鶯歌區,中正一路181號(對面),YouBike2.0_Zhongzheng 1st & Ren'ai Rd Intersection,Yingge Dist,"No. 181, Zhongzheng 1st Rd.(Opposite)",500234031,15,3,20260820T063902,24.95672,121.3532,12,1,1,2,2026-08-20T07:38:21+08:00
新北市,New Taipei City,YouBike2.0_建國國小,鶯歌區,育英街19號(旁),YouBike2.0_Jianguo Elementary School,Yingge Dist,"No. 19, Yuying St.",500234032,15,1,20260820T065803,24.95521,121.34727,14,1,1,0,2026-08-20T07:38:21+08:00
新北市,New Taipei City,YouBike2.0_光明橋,鶯歌區,永明街78號(旁),YouBike2.0_Guang-ming bridge,Yingge Dist,"No. 78, Yongming St., Yingge Dist.(side)",500234033,14,2,20260820T073202,24.95577,121.34128,12,1,2,0,2026-08-20T07:38:21+08:00
新北市,New Taipei City,YouBike2.0_二橋派出所,鶯歌區,高職西街/中正三路口(西北側),YouBike2.0_Erqiao Police Station,Yingge Dist,"Gaozhi W. St. & Zhongzheng 3rd Rd., Yingge Dist. (west side)",500234034,11,4,20260820T072704,24.94216,121.33884,7,1,4,0,2026-08-20T07:38:21+08:00
新北市,New Taipei City,YouBike2.0_國中高職東街口,鶯歌區,國中路113至117-3號(對面),YouBike2.0_Guozhong & Gaozhi E. Intersection,Yingge Dist,"No. 113, Guozhong St., Yingge Dist.(opposite)",500234035,15,5,20260820T072503,24.94117,121.34116,10,1,4,1,2026-08-20T07:38:21+08:00
新北市,New Taipei City,YouBike2.0_尖山路高厝巷口,鶯歌區,尖山路276-5號(旁),YouBike2.0_Gaocuo Ln. Jianshan Rd.,Yingge Dist,"No. 276-5, Jianshan Rd. (Side)",500234036,15,1,20260820T071602,24.94495,121.34102,13,1,1,0,2026-08-20T07:38:21+08:00
新北市,New Taipei City,YouBike2.0_公八停車場,鶯歌區,國華路53號(對面),YouBike2.0_Public 8th Parking Lot,Yingge Dist,"No.53, Guohua Rd. (opposite)",500234037,15,6,20260820T070004,24.95515,121.34285,8,1,6,0,2026-08-20T07:38:21+08:00
新北市,New Taipei City,YouBike2.0_龍三鳳鳴路口,鶯歌區,鳳鳴路541號,YouBike2.0_Long 3rd. Rd. & Fengming Rd. Intersection,Yingge Dist,"No. 541, Fengming Rd.",500234038,18,1,20260820T072704,24.97286,121.33137,17,1,1,0,2026-08-20T07:38:21+08:00
新北市,New Taipei City,YouBike2.0_鳳福鳳三路口,鶯歌區,鳳三路360號,YouBike2.0_Fengfu Rd. & Feng 3rd. Rd. Intersection,Yingge Dist,"No. 360, Feng 3rd Rd.",500234039,22,7,20260820T073103,24.97567,121.33143,15,1,7,0,2026-08-20T07:38:21+08:00
新北市,New Taipei City,YouBike2.0_北鶯公園,鶯歌區,成功街20巷19號(旁),YouBike2.0_Beiying Park,Yingge Dist,"No. 19, Ln. 20, Chenggong St. (Side)",500234040,15,8,20260820T072704,24.95777,121.35942,7,1,6,2,2026-08-20T07:38:21+08:00
新北市,New Taipei City,YouBike2.0_鶯歌火車站(文化路),鶯歌區,文化路/文化路115巷(北側),YouBike2.0_Yingge Station (Wenhua Rd.),Yingge Dist,"Ln. 115, Wenhua Rd. Intersection (North)",500234041,25,18,20260820T073103,24.95536,121.35697,7,1,16,2,2026-08-20T07:38:21+08:00
新北市,New Taipei City,YouBike2.0_鳳七鶯歌路口,鶯歌區,鶯歌路101-107號(旁),YouBike2.0_Feng 7th Rd. & Yingge Rd. Intersection,Yingge Dist,"No. 101-107, Yingge Rd. (Side)",500234042,11,3,20260820T071902,24.96916,121.33193,8,1,3,0,2026-08-20T07:38:21+08:00
新北市,New Taipei City,YouBike2.0_國際一路112巷口,鶯歌區,國際一路167號(前),"YouBike2.0_Ln. 112, GuoJi 1st Rd.",Yingge Dist,"No. 167, GuoJi 1st Rd. (Front)",500234043,15,5,20260820T061804,24.97667,121.33579,10,1,2,3,2026-08-20T07:38:21+08:00
新北市,New Taipei City,YouBike2.0_臺鐵鳳鳴站,鶯歌區,鳳一路/鶯歌路口,YouBike2.0_Fengming Station,Yingge Dist,Feng 1st Rd. & YingGe Rd.,500234044,40,0,20260819T210005,24.97227,121.33674,0,0,0,0,2026-08-20T07:38:21+08:00
新北市,New Taipei City,YouBike2.0_鶯歌陶瓷老街,鶯歌區,重慶街/國慶街(西南側),YouBike2.0_YingGe Old Street,Yingge Dist,ChongQing St. & GuoQing St. (Southwest),500234045,33,16,20260820T072402,24.95219,121.351,17,1,16,0,2026-08-20T07:38:21+08:00
新北市,New Taipei City,YouBike2.0_鶯歌火車站(仁愛路62號),鶯歌區,仁愛路62號(東側),"YouBike2.0_YingGe Station (No. 62, RenAi Rd.)",Yingge Dist,"No. 62, RenAi Rd. (East)",500234046,42,20,20260820T072104,24.95505,121.35407,20,1,19,1,2026-08-20T07:38:21+08:00
新北市,New Taipei City,YouBike2.0_臺鐵鳳鳴站(鶯歌路),鶯歌區,鶯歌路276號(對面),YouBike2.0_Fengming Station (YingGe Rd.),Yingge Dist,"No. 276, YingGe Rd. (Opposite)",500234047,20,8,20260820T073402,24.97189,121.33651,8,1,7,1,2026-08-20T07:38:21+08:00
新北市,New Taipei City,YouBike2.0_光明育智路口,鶯歌區,光明街126號(東南側),YouBike2.0_GuangMing St. & YuZhi Rd. Intersection,Yingge Dist,"No. 126, GuangMing St. (Southeast)",500234048,14,1,20260820T065902,24.95587,121.3456,13,1,1,0,2026-08-20T07:38:21+08:00
新北市,New Taipei City,YouBike2.0_新鳳公園,鶯歌區,鶯桃路二段60號(對側),YouBike2.0_XinFeng Park,Yingge Dist,"No. 60, Sec. 2, YingTao Rd. (Opposite)",500234049,14,10,20260820T073304,24.9732,121.32474,3,1,10,0,2026-08-20T07:38:21+08:00
新北市,New Taipei City,YouBike2.0_鳳鳴機器人公園,鶯歌區,鳳鳴路/福安街7巷24弄口,YouBike2.0_FengMing Robot Park,Yingge Dist,"FengMing Rd. & Aly. 24, Ln. 7, FuAn St.",500234050,17,0,20260820T063917,24.96618,121.33465,17,1,0,0,2026-08-20T07:38:21+08:00
新北市,New Taipei City,YouBike2.0_龍五鳳七路口,鶯歌區,龍五路/鳳七路口,YouBike2.0_Long 5th Rd. & Feng 7th Rd. Intersection,Yingge Dist,Long 5th Rd. & Feng 7th Rd. Intersection,500234051,30,12,20260820T073402,24.97043,121.33101,18,1,11,1,2026-08-20T07:38:21+08:00
新北市,New Taipei City,YouBike2.0_龍鳳夜市,鶯歌區,鳳三路/龍三路(東南側),YouBike2.0_LongFeng Night Market,Yingge Dist,Feng 3rd Rd. & Long 3rd Rd. (Southeast),500234052,30,11,20260820T071804,24.97329,121.33331,19,1,11,0,2026-08-20T07:38:21+08:00
新北市,New Taipei City,YouBike2.0_中湖市民活動中心,鶯歌區,中湖街21號,YouBike2.0_Zhonghu Civic Activity Center,Yingge Dist,"No. 21, ZhongHu St.",500234053,20,4,20260819T210603,24.97298,121.3472,16,1,4,0,2026-08-20T07:38:21+08:00
新北市,New Taipei City,YouBike2.0_鳳一鳳吉一街口,鶯歌區,鳳吉一街259號(旁),YouBike2.0_Feng 1st Rd. & FengJi 1st St. Intersection,Yingge Dist,"No. 259, FengJi 1st St. (Side)",500234054,20,11,20260820T072903,24.97677,121.3317,8,1,11,0,2026-08-20T07:38:21+08:00
新北市,New Taipei City,YouBike2.0_鳳五路122號前,鶯歌區,鳳五路122號前,"YouBike2.0_No. 122, Feng 5th Rd.",Yingge Dist,"No. 122, Feng 5th Rd. (Front)",500234055,18,12,20260820T073304,24.97316,121.32991,5,1,12,0,2026-08-20T07:38:21+08:00
新北市,New Taipei City,YouBike2.0_建國永昌街口,鶯歌區,建國路546號(對面),YouBike2.0_JianGuo Rd. & YongChang St. Intersection,Yingge Dist,"No. 546, JianGuo Rd. (Opposite)",500234056,17,5,20260820T071504,24.95031,121.33831,12,1,3,2,2026-08-20T07:38:21+08:00
新北市,New Taipei City,YouBike2.0_捷運鶯歌車站,鶯歌區,館前路300號(對側),YouBike2.0_MRT Yingge Sta.,Yingge Dist,"No. 300, GuanQian Rd. (Opposite)",500234057,34,19,20260820T072704,24.95322,121.35668,15,1,19,0,2026-08-20T07:38:21+08:00
新北市,New Taipei City,YouBike2.0_鳳三龍七路口,鶯歌區,鳳三路68號,YouBike2.0_Feng 3rd Rd. & Long 7th Rd. Intersection,Yingge Dist,"No. 68, Feng 3rd Rd.",500234058,18,3,20260820T073403,24.97204,121.33467,15,1,2,1,2026-08-20T07:38:21+08:00
新北市,New Taipei City,YouBike2.0_捷運國華站,鶯歌區,國華路45號(對側),YouBike2.0_MRT Guohua Sta.,Yingge Dist,"No. 45, GuoHua Rd. (Opposite)",500234059,24,10,20260820T055602,24.95535,121.34251,14,1,10,0,2026-08-20T07:38:21+08:00
新北市,New Taipei City,YouBike2.0_捷運陶瓷老街站,鶯歌區,捷運陶瓷老街站(重慶街側),YouBike2.0_MRT Ceramics Old Street Sta.,Yingge Dist,MRT Ceramics Old Street Sta. (ChongQing St.),500234060,36,17,20260820T072304,24.95212,121.35065,19,1,17,0,2026-08-20T07:38:21+08:00
新北市,New Taipei City,YouBike2.0_捷運永吉公園站,鶯歌區,鶯桃路296巷口,YouBike2.0_MRT Yongji Park Sta.,Yingge Dist,"Ln. 296, YingTao Rd. Intersection",500234061,47,13,20260820T073103,24.96048,121.33476,34,1,13,0,2026-08-20T07:38:21+08:00
新北市,New Taipei City,YouBike2.0_捷運鶯桃福德站,鶯歌區,福德一路20號(對側),YouBike2.0_MRT Yingtao Fude Sta.,Yingge Dist,"No. 20, FuDe 1st Rd. (Opposite)",500234062,75,20,20260820T072704,24.96704,121.33044,54,1,20,0,2026-08-20T07:38:21+08:00
新北市,New Taipei City,YouBike2.0_捷運國華站(2號出口),鶯歌區,國華路97號(對側),YouBike2.0_MRT Guohua Sta.(Exit 2),Yingge Dist,"No. 97, GuoHua Rd. (Opposite)",500234063,60,21,20260820T072804,24.95374,121.34301,39,1,21,0,2026-08-20T07:38:21+08:00
新北市,New Taipei City,YouBike2.0_鶯歌山水步道停車場,鶯歌區,觀景涼亭停車場,YouBike2.0_YingGe Riverside Trail Car Park,Yingge Dist,YingGe Riverside Trail Car Park,500234064,24,6,20260819T215802,24.93205,121.32825,18,1,5,1,2026-08-20T07:38:21+08:00
新北市,New Taipei City,YouBike2.0_鶯歌環河自行車道,鶯歌區,環河路/甲三街(南側自行車道),YouBike2.0_YingGe Riverside Cycling Route,Yingge Dist,Huanhe Rd. & Jia 3rd St. (South),500234065,20,11,20260820T073202,24.92967,121.33837,9,1,11,0,2026-08-20T07:38:21+08:00
新北市,New Taipei City,YouBike2.0_鶯歌火車站(仁愛路),鶯歌區,仁愛路55號對側,YouBike2.0_Yingge Railway Station(Ren’ai Rd.),Yingge Dist,"No.55, Ren’ai Rd., Yingge Dist.(opposite)",500234001,69,18,20260820T074103,24.95559,121.35441,49,1,18,0,2026-08-20T07:56:58+08:00
新北市,New Taipei City,YouBike2.0_新北市立圖書館鶯歌分館,鶯歌區,中山路150號,YouBike2.0_New Taipei City Library Yingge Branch,Yingge Dist,"No.150, Zhongshan Rd.",500234002,20,4,20260820T074621,24.9572,121.34946,15,1,4,0,2026-08-20T07:56:58+08:00
新北市,New Taipei City,YouBike2.0_文化館前路口,鶯歌區,文化路407號旁,YouBike2.0_Yingge Ceramics Museum,Yingge Dist,"No. 407, Wenhua Rd.",500234003,44,7,20260820T072402,24.94948,121.35291,37,1,7,0,2026-08-20T07:56:58+08:00
新北市,New Taipei City,YouBike2.0_鶯歌國民運動中心,鶯歌區,館前路250號運動中心前,YouBike2.0_Yingge Civil Sports Center,Yingge Dist,"No.250, Guanqian Rd., Yingge Dist.",500234004,38,14,20260820T075402,24.95139,121.35733,24,1,13,1,2026-08-20T07:56:58+08:00
新北市,New Taipei City,YouBike2.0_尖山國中,鶯歌區,國中街1號,YouBike2.0_Municipal Jianshan Junior High School,Yingge Dist,"No.1, Guozhong St., Yingge Dist(sidewalk)",500234005,20,3,20260820T075203,24.94381,121.34207,17,1,3,0,2026-08-20T07:56:58+08:00
新北市,New Taipei City,YouBike2.0_新北市立鶯歌高級工商職業學校,鶯歌區,中正三路154號,YouBike2.0_New Taipei Municipal Yingge Vocational High School,Yingge Dist,"No. 154, Zhongzheng 3rd. Rd",500234006,56,4,20260820T073103,24.93923,121.33488,52,1,3,1,2026-08-20T07:56:58+08:00
新北市,New Taipei City,YouBike2.0_鶯歌國中,鶯歌區,鶯桃路39-5號對側,YouBike2.0_Yingge Junior High chool,Yingge Dist,"No.39-5, Yingtao Rd.(opposite)",500234007,30,9,20260820T074903,24.95119,121.34256,20,1,8,1,2026-08-20T07:56:58+08:00
新北市,New Taipei City,YouBike2.0_永吉國小,鶯歌區,德昌二街39號對側,YouBike2.0_Yongchi elementary school,Yingge Dist,"No.39, Dechang 2nd St., Yingge Dist.",500234008,20,14,20260820T065003,24.95865,121.33308,6,1,12,2,2026-08-20T07:56:58+08:00
新北市,New Taipei City,YouBike2.0_鳳祥公園,鶯歌區,鶯桃路365巷130號對側,YouBike2.0_Fengxiang Park,Yingge Dist,"No.130, Ln. 365, Yingtao Rd., Yingge Dist.",500234009,20,11,20260820T064602,24.96283,121.33025,8,1,8,3,2026-08-20T07:56:58+08:00
新北市,New Taipei City,YouBike2.0_鳳鳴國小,鶯歌區,永和街120號,YouBike2.0_Fengming Elementary School,Yingge Dist,"No.120, Yonghe St., Yingge Dist.",500234010,20,1,20260820T075003,24.9692,121.3347,19,1,1,0,2026-08-20T07:56:58+08:00
新北市,New Taipei City,YouBike2.0_國際二國際一路口,鶯歌區,國際二路與國際一路口,YouBike2.0_Guoji 2nd Guoji 1st Intersection,Yingge Dist,"Guoji 2nd Rd./Guoji 1st Rd., Yingge Dist.",500234011,20,4,20260820T070603,24.97577,121.3353,16,1,2,2,2026-08-20T07:56:58+08:00
新北市,New Taipei City,YouBike2.0_鳳福公園,鶯歌區,鳳吉一街186號(對面),YouBike2.0_Fengfu Park,Yingge Dist,"No. 186, Fengji 1st St., Yingge Dist.(opposite)",500234012,20,2,20260820T075303,24.97572,121.32938,18,1,2,0,2026-08-20T07:56:58+08:00
新北市,New Taipei City,YouBike2.0_尖山公園,鶯歌區,鶯歌區尖山路161號對面,YouBike2.0_Jianshan Park,Yingge Dist,"No.161, Jianshan Rd.(opposite)",500234013,29,19,20260820T073005,24.9482,121.346,10,1,16,3,2026-08-20T07:56:58+08:00
新北市,New Taipei City,YouBike2.0_永昌里兒一公園,鶯歌區,鶯桃路182巷96弄36-38號對側,YouBike2.0_Yongchang Village Children Park (No.1),Yingge Dist,"No.36-38, Aly. 96, Ln. 182, Yingtao Rd.(oppsite)",500234014,20,10,20260820T075103,24.956649374562204,121.33959628800724,10,1,9,1,2026-08-20T07:56:58+08:00
新北市,New Taipei City,YouBike2.0_南雅育智路口,鶯歌區,南雅路491號(對面),YouBike2.0_Nanya & Yuzhi Rd. Intersection,Yingge Dist,"No.491, Nanya Rd., Yingge Dist.(opposite)",500234015,22,0,20260820T073021,24.954,121.346,22,1,0,0,2026-08-20T07:56:58+08:00
新北市,New Taipei City,YouBike2.0_國中二甲路口,鶯歌區,國中街175號(前),YouBike2.0_Guozhong & Erjia Intersection,Yingge Dist,"No. 175, Guozhong St., Yingge Dist.",500234016,20,8,20260820T074603,24.939489067109363,121.33868650698288,12,1,6,2,2026-08-20T07:56:58+08:00
新北市,New Taipei City,YouBike2.0_鶯歌永利街,鶯歌區,永利街16號(對面),YouBike2.0_Yingge Yongli St.,Yingge Dist,"No. 16, Yongli St. Yingge Dist.",500234017,15,8,20260820T072402,24.95495,121.33911,6,1,7,1,2026-08-20T07:56:58+08:00
新北市,New Taipei City,YouBike2.0_二橋虹橋公園,鶯歌區,中正三路400號(對面),YouBike2.0_Erqiaoshiguanghongqiao Park,Yingge Dist,"No. 400, Zhongzheng 3rd Rd.(Opposite)",500234018,10,6,20260820T072402,24.93453,121.32595,4,1,5,1,2026-08-20T07:56:58+08:00
新北市,New Taipei City,YouBike2.0_鳳吉四鳳七路口(捷士匯社區),鶯歌區,鳳吉四街57-75號(旁),YouBike2.0_Fengji 4th & Feng 7th Rd. Intersection,Yingge Dist,"No. 57-75, Fengji 4th St.",500234021,40,16,20260820T075203,24.97383,121.32769,24,1,16,0,2026-08-20T07:56:58+08:00
新北市,New Taipei City,YouBike2.0_鶯歌老街第二停車場,鶯歌區,尖山埔路27-31號(對面),YouBike2.0_Yingge Old Street 2nd Parking Lot,Yingge Dist,"No. 27-31, Jianshanpu Rd.(Opposite)",500234022,20,13,20260820T073202,24.94895,121.34227,7,1,10,3,2026-08-20T07:56:58+08:00
新北市,New Taipei City,YouBike2.0_建國中正一路口(北鶯社區),鶯歌區,建國路6號(對面空地),YouBike2.0_Jianguo Zhongzheng 1st Rd. Intersection,Yingge Dist,"No. 6, Jianguo Rd.(Opposite)",500234023,20,7,20260820T061804,24.95658,121.35692,13,1,6,1,2026-08-20T07:56:58+08:00
新北市,New Taipei City,YouBike2.0_三鶯水資源回收中心,鶯歌區,館前路360號(旁),YouBike2.0_Sanying Water Recycling Center,Yingge Dist,"No. 360, Guanqian Rd.",500234024,14,9,20260820T063302,24.95535,121.35996,5,1,6,3,2026-08-20T07:56:58+08:00
新北市,New Taipei City,YouBike2.0_永和街65巷口,鶯歌區,永和街75號,"YouBike2.0_Ln. 65, Yonghe St. Intersection",Yingge Dist,"No. 75, Yonghe St.",500234025,37,12,20260820T075203,24.96798,121.3331413,25,1,8,4,2026-08-20T07:56:58+08:00
新北市,New Taipei City,YouBike2.0_鶯歌陶瓷博物館,鶯歌區,文化路200號(旁),YouBike2.0_Yingge Ceramics Museum(Wenhua Rd.),Yingge Dist,"No. 200, Wenhua Rd.",500234026,22,5,20260820T075103,24.95012,121.35245,17,1,4,1,2026-08-20T07:56:58+08:00
新北市,New Taipei City,YouBike2.0_礫間停車場,鶯歌區,礫間停車場,YouBike2.0_Lijian Parking,Yingge Dist,Lijian Parking,500234028,20,8,20260820T074803,24.9518,121.35445,12,1,7,1,2026-08-20T07:56:58+08:00
新北市,New Taipei City,YouBike2.0_北鶯停車場,鶯歌區,北鶯停車場,YouBike2.0_Beiying Parking,Yingge Dist,Beiying Parking,500234029,20,10,20260819T130204,24.95567,121.35992,10,1,10,0,2026-08-20T07:56:58+08:00
新北市,New Taipei City,YouBike2.0_育英建國路口,鶯歌區,建國路280號(旁),YouBike2.0_Yuying Jianguo Rd. Intersection,Yingge Dist,"No. 280, Jianguo Rd.",500234030,12,1,20260820T073704,24.95356,121.34693,10,1,1,0,2026-08-20T07:56:58+08:00
新北市,New Taipei City,YouBike2.0_中正一仁愛路口,鶯歌區,中正一路181號(對面),YouBike2.0_Zhongzheng 1st & Ren'ai Rd Intersection,Yingge Dist,"No. 181, Zhongzheng 1st Rd.(Opposite)",500234031,15,3,20260820T063902,24.95672,121.3532,12,1,1,2,2026-08-20T07:56:58+08:00
新北市,New Taipei City,YouBike2.0_建國國小,鶯歌區,育英街19號(旁),YouBike2.0_Jianguo Elementary School,Yingge Dist,"No. 19, Yuying St.",500234032,15,1,20260820T074803,24.95521,121.34727,14,1,1,0,2026-08-20T07:56:58+08:00
新北市,New Taipei City,YouBike2.0_光明橋,鶯歌區,永明街78號(旁),YouBike2.0_Guang-ming bridge,Yingge Dist,"No. 78, Yongming St., Yingge Dist.(side)",500234033,14,1,20260820T074603,24.95577,121.34128,13,1,1,0,2026-08-20T07:56:58+08:00
新北市,New Taipei City,YouBike2.0_二橋派出所,鶯歌區,高職西街/中正三路口(西北側),YouBike2.0_Erqiao Police Station,Yingge Dist,"Gaozhi W. St. & Zhongzheng 3rd Rd., Yingge Dist. (west side)",500234034,11,3,20260820T073902,24.94216,121.33884,8,1,3,0,2026-08-20T07:56:58+08:00
新北市,New Taipei City,YouBike2.0_國中高職東街口,鶯歌區,國中路113至117-3號(對面),YouBike2.0_Guozhong & Gaozhi E. Intersection,Yingge Dist,"No. 113, Guozhong St., Yingge Dist.(opposite)",500234035,15,4,20260820T075402,24.94117,121.34116,11,1,4,0,2026-08-20T07:56:58+08:00
新北市,New Taipei City,YouBike2.0_尖山路高厝巷口,鶯歌區,尖山路276-5號(旁),YouBike2.0_Gaocuo Ln. Jianshan Rd.,Yingge Dist,"No. 276-5, Jianshan Rd. (Side)",500234036,15,2,20260820T073802,24.94495,121.34102,12,1,2,0,2026-08-20T07:56:58+08:00
新北市,New Taipei City,YouBike2.0_公八停車場,鶯歌區,國華路53號(對面),YouBike2.0_Public 8th Parking Lot,Yingge Dist,"No.53, Guohua Rd. (opposite)",500234037,15,6,20260820T070004,24.95515,121.34285,8,1,6,0,2026-08-20T07:56:58+08:00
新北市,New Taipei City,YouBike2.0_龍三鳳鳴路口,鶯歌區,鳳鳴路541號,YouBike2.0_Long 3rd. Rd. & Fengming Rd. Intersection,Yingge Dist,"No. 541, Fengming Rd.",500234038,18,0,20260820T073918,24.97286,121.33137,18,1,0,0,2026-08-20T07:56:58+08:00
新北市,New Taipei City,YouBike2.0_鳳福鳳三路口,鶯歌區,鳳三路360號,YouBike2.0_Fengfu Rd. & Feng 3rd. Rd. Intersection,Yingge Dist,"No. 360, Feng 3rd Rd.",500234039,22,5,20260820T075203,24.97567,121.33143,17,1,5,0,2026-08-20T07:56:58+08:00
新北市,New Taipei City,YouBike2.0_北鶯公園,鶯歌區,成功街20巷19號(旁),YouBike2.0_Beiying Park,Yingge Dist,"No. 19, Ln. 20, Chenggong St. (Side)",500234040,15,7,20260820T075402,24.95777,121.35942,8,1,5,2,2026-08-20T07:56:58+08:00
新北市,New Taipei City,YouBike2.0_鶯歌火車站(文化路),鶯歌區,文化路/文化路115巷(北側),YouBike2.0_Yingge Station (Wenhua Rd.),Yingge Dist,"Ln. 115, Wenhua Rd. Intersection (North)",500234041,25,16,20260820T074603,24.95536,121.35697,9,1,15,1,2026-08-20T07:56:58+08:00
新北市,New Taipei City,YouBike2.0_鳳七鶯歌路口,鶯歌區,鶯歌路101-107號(旁),YouBike2.0_Feng 7th Rd. & Yingge Rd. Intersection,Yingge Dist,"No. 101-107, Yingge Rd. (Side)",500234042,11,4,20260820T074603,24.96916,121.33193,7,1,4,0,2026-08-20T07:56:58+08:00
新北市,New Taipei City,YouBike2.0_國際一路112巷口,鶯歌區,國際一路167號(前),"YouBike2.0_Ln. 112, GuoJi 1st Rd.",Yingge Dist,"No. 167, GuoJi 1st Rd. (Front)",500234043,15,5,20260820T075402,24.97667,121.33579,10,1,2,3,2026-08-20T07:56:58+08:00
新北市,New Taipei City,YouBike2.0_臺鐵鳳鳴站,鶯歌區,鳳一路/鶯歌路口,YouBike2.0_Fengming Station,Yingge Dist,Feng 1st Rd. & YingGe Rd.,500234044,40,0,20260819T210005,24.97227,121.33674,0,0,0,0,2026-08-20T07:56:58+08:00
新北市,New Taipei City,YouBike2.0_鶯歌陶瓷老街,鶯歌區,重慶街/國慶街(西南側),YouBike2.0_YingGe Old Street,Yingge Dist,ChongQing St. & GuoQing St. (Southwest),500234045,33,16,20260820T072402,24.95219,121.351,17,1,16,0,2026-08-20T07:56:58+08:00
新北市,New Taipei City,YouBike2.0_鶯歌火車站(仁愛路62號),鶯歌區,仁愛路62號(東側),"YouBike2.0_YingGe Station (No. 62, RenAi Rd.)",Yingge Dist,"No. 62, RenAi Rd. (East)",500234046,42,22,20260820T075402,24.95505,121.35407,18,1,21,1,2026-08-20T07:56:58+08:00
新北市,New Taipei City,YouBike2.0_臺鐵鳳鳴站(鶯歌路),鶯歌區,鶯歌路276號(對面),YouBike2.0_Fengming Station (YingGe Rd.),Yingge Dist,"No. 276, YingGe Rd. (Opposite)",500234047,20,10,20260820T075304,24.97189,121.33651,6,1,10,0,2026-08-20T07:56:58+08:00
新北市,New Taipei City,YouBike2.0_光明育智路口,鶯歌區,光明街126號(東南側),YouBike2.0_GuangMing St. & YuZhi Rd. Intersection,Yingge Dist,"No. 126, GuangMing St. (Southeast)",500234048,14,1,20260820T065902,24.95587,121.3456,13,1,1,0,2026-08-20T07:56:58+08:00
新北市,New Taipei City,YouBike2.0_新鳳公園,鶯歌區,鶯桃路二段60號(對側),YouBike2.0_XinFeng Park,Yingge Dist,"No. 60, Sec. 2, YingTao Rd. (Opposite)",500234049,14,7,20260820T075003,24.9732,121.32474,6,1,7,0,2026-08-20T07:56:58+08:00
新北市,New Taipei City,YouBike2.0_鳳鳴機器人公園,鶯歌區,鳳鳴路/福安街7巷24弄口,YouBike2.0_FengMing Robot Park,Yingge Dist,"FengMing Rd. & Aly. 24, Ln. 7, FuAn St.",500234050,17,1,20260820T074219,24.96618,121.33465,16,1,1,0,2026-08-20T07:56:58+08:00
新北市,New Taipei City,YouBike2.0_龍五鳳七路口,鶯歌區,龍五路/鳳七路口,YouBike2.0_Long 5th Rd. & Feng 7th Rd. Intersection,Yingge Dist,Long 5th Rd. & Feng 7th Rd. Intersection,500234051,30,8,20260820T074603,24.97043,121.33101,22,1,8,0,2026-08-20T07:56:58+08:00
新北市,New Taipei City,YouBike2.0_龍鳳夜市,鶯歌區,鳳三路/龍三路(東南側),YouBike2.0_LongFeng Night Market,Yingge Dist,Feng 3rd Rd. & Long 3rd Rd. (Southeast),500234052,30,9,20260820T075003,24.97329,121.33331,21,1,9,0,2026-08-20T07:56:58+08:00
新北市,New Taipei City,YouBike2.0_中湖市民活動中心,鶯歌區,中湖街21號,YouBike2.0_Zhonghu Civic Activity Center,Yingge Dist,"No. 21, ZhongHu St.",500234053,20,4,20260819T210603,24.97298,121.3472,16,1,4,0,2026-08-20T07:56:58+08:00
新北市,New Taipei City,YouBike2.0_鳳一鳳吉一街口,鶯歌區,鳳吉一街259號(旁),YouBike2.0_Feng 1st Rd. & FengJi 1st St. Intersection,Yingge Dist,"No. 259, FengJi 1st St. (Side)",500234054,20,8,20260820T075304,24.97677,121.3317,11,1,8,0,2026-08-20T07:56:58+08:00
新北市,New Taipei City,YouBike2.0_鳳五路122號前,鶯歌區,鳳五路122號前,"YouBike2.0_No. 122, Feng 5th Rd.",Yingge Dist,"No. 122, Feng 5th Rd. (Front)",500234055,18,13,20260820T073704,24.97316,121.32991,4,1,13,0,2026-08-20T07:56:58+08:00
新北市,New Taipei City,YouBike2.0_建國永昌街口,鶯歌區,建國路546號(對面),YouBike2.0_JianGuo Rd. & YongChang St. Intersection,Yingge Dist,"No. 546, JianGuo Rd. (Opposite)",500234056,17,6,20260820T074103,24.95031,121.33831,11,1,3,3,2026-08-20T07:56:58+08:00
新北市,New Taipei City,YouBike2.0_捷運鶯歌車站,鶯歌區,館前路300號(對側),YouBike2.0_MRT Yingge Sta.,Yingge Dist,"No. 300, GuanQian Rd. (Opposite)",500234057,34,19,20260820T072704,24.95322,121.35668,15,1,19,0,2026-08-20T07:56:58+08:00
新北市,New Taipei City,YouBike2.0_鳳三龍七路口,鶯歌區,鳳三路68號,YouBike2.0_Feng 3rd Rd. & Long 7th Rd. Intersection,Yingge Dist,"No. 68, Feng 3rd Rd.",500234058,18,5,20260820T075304,24.97204,121.33467,13,1,4,1,2026-08-20T07:56:58+08:00
新北市,New Taipei City,YouBike2.0_捷運國華站,鶯歌區,國華路45號(對側),YouBike2.0_MRT Guohua Sta.,Yingge Dist,"No. 45, GuoHua Rd. (Opposite)",500234059,24,10,20260820T055602,24.95535,121.34251,14,1,10,0,2026-08-20T07:56:58+08:00
新北市,New Taipei City,YouBike2.0_捷運陶瓷老街站,鶯歌區,捷運陶瓷老街站(重慶街側),YouBike2.0_MRT Ceramics Old Street Sta.,Yingge Dist,MRT Ceramics Old Street Sta. (ChongQing St.),500234060,36,18,20260820T073902,24.95212,121.35065,18,1,18,0,2026-08-20T07:56:58+08:00
新北市,New Taipei City,YouBike2.0_捷運永吉公園站,鶯歌區,鶯桃路296巷口,YouBike2.0_MRT Yongji Park Sta.,Yingge Dist,"Ln. 296, YingTao Rd. Intersection",500234061,47,13,20260820T073103,24.96048,121.33476,34,1,13,0,2026-08-20T07:56:58+08:00
新北市,New Taipei City,YouBike2.0_捷運鶯桃福德站,鶯歌區,福德一路20號(對側),YouBike2.0_MRT Yingtao Fude Sta.,Yingge Dist,"No. 20, FuDe 1st Rd. (Opposite)",500234062,75,20,20260820T075402,24.96704,121.33044,54,1,20,0,2026-08-20T07:56:58+08:00
新北市,New Taipei City,YouBike2.0_捷運國華站(2號出口),鶯歌區,國華路97號(對側),YouBike2.0_MRT Guohua Sta.(Exit 2),Yingge Dist,"No. 97, GuoHua Rd. (Opposite)",500234063,60,20,20260820T075304,24.95374,121.34301,40,1,20,0,2026-08-20T07:56:58+08:00
新北市,New Taipei City,YouBike2.0_鶯歌山水步道停車場,鶯歌區,觀景涼亭停車場,YouBike2.0_YingGe Riverside Trail Car Park,Yingge Dist,YingGe Riverside Trail Car Park,500234064,24,6,20260819T215802,24.93205,121.32825,18,1,5,1,2026-08-20T07:56:58+08:00
新北市,New Taipei City,YouBike2.0_鶯歌環河自行車道,鶯歌區,環河路/甲三街(南側自行車道),YouBike2.0_YingGe Riverside Cycling Route,Yingge Dist,Huanhe Rd. & Jia 3rd St. (South),500234065,20,11,20260820T073202,24.92967,121.33837,9,1,11,0,2026-08-20T07:56:58+08:00
新北市,New Taipei City,YouBike2.0_鶯歌火車站(仁愛路),鶯歌區,仁愛路55號對側,YouBike2.0_Yingge Railway Station(Ren’ai Rd.),Yingge Dist,"No.55, Ren’ai Rd., Yingge Dist.(opposite)",500234001,69,26,20260820T085003,24.95559,121.35441,42,1,25,1,2026-08-20T09:00:10+08:00
新北市,New Taipei City,YouBike2.0_新北市立圖書館鶯歌分館,鶯歌區,中山路150號,YouBike2.0_New Taipei City Library Yingge Branch,Yingge Dist,"No.150, Zhongshan Rd.",500234002,20,3,20260820T084902,24.9572,121.34946,16,1,3,0,2026-08-20T09:00:10+08:00
新北市,New Taipei City,YouBike2.0_文化館前路口,鶯歌區,文化路407號旁,YouBike2.0_Yingge Ceramics Museum,Yingge Dist,"No. 407, Wenhua Rd.",500234003,44,8,20260820T081803,24.94948,121.35291,36,1,8,0,2026-08-20T09:00:10+08:00
新北市,New Taipei City,YouBike2.0_鶯歌國民運動中心,鶯歌區,館前路250號運動中心前,YouBike2.0_Yingge Civil Sports Center,Yingge Dist,"No.250, Guanqian Rd., Yingge Dist.",500234004,38,14,20260820T084703,24.95139,121.35733,24,1,11,3,2026-08-20T09:00:10+08:00
新北市,New Taipei City,YouBike2.0_尖山國中,鶯歌區,國中街1號,YouBike2.0_Municipal Jianshan Junior High School,Yingge Dist,"No.1, Guozhong St., Yingge Dist(sidewalk)",500234005,20,5,20260820T083003,24.94381,121.34207,15,1,5,0,2026-08-20T09:00:10+08:00
新北市,New Taipei City,YouBike2.0_新北市立鶯歌高級工商職業學校,鶯歌區,中正三路154號,YouBike2.0_New Taipei Municipal Yingge Vocational High School,Yingge Dist,"No. 154, Zhongzheng 3rd. Rd",500234006,56,4,20260820T073103,24.93923,121.33488,52,1,3,1,2026-08-20T09:00:10+08:00
新北市,New Taipei City,YouBike2.0_鶯歌國中,鶯歌區,鶯桃路39-5號對側,YouBike2.0_Yingge Junior High chool,Yingge Dist,"No.39-5, Yingtao Rd.(opposite)",500234007,30,13,20260820T083102,24.95119,121.34256,16,1,13,0,2026-08-20T09:00:10+08:00
新北市,New Taipei City,YouBike2.0_永吉國小,鶯歌區,德昌二街39號對側,YouBike2.0_Yongchi elementary school,Yingge Dist,"No.39, Dechang 2nd St., Yingge Dist.",500234008,20,12,20260820T084902,24.95865,121.33308,8,1,11,1,2026-08-20T09:00:10+08:00
新北市,New Taipei City,YouBike2.0_鳳祥公園,鶯歌區,鶯桃路365巷130號對側,YouBike2.0_Fengxiang Park,Yingge Dist,"No.130, Ln. 365, Yingtao Rd., Yingge Dist.",500234009,20,11,20260820T084203,24.96283,121.33025,8,1,9,2,2026-08-20T09:00:10+08:00
新北市,New Taipei City,YouBike2.0_鳳鳴國小,鶯歌區,永和街120號,YouBike2.0_Fengming Elementary School,Yingge Dist,"No.120, Yonghe St., Yingge Dist.",500234010,20,5,20260820T084502,24.9692,121.3347,15,1,5,0,2026-08-20T09:00:10+08:00
新北市,New Taipei City,YouBike2.0_國際二國際一路口,鶯歌區,國際二路與國際一路口,YouBike2.0_Guoji 2nd Guoji 1st Intersection,Yingge Dist,"Guoji 2nd Rd./Guoji 1st Rd., Yingge Dist.",500234011,20,4,20260820T070603,24.97577,121.3353,16,1,2,2,2026-08-20T09:00:10+08:00
新北市,New Taipei City,YouBike2.0_鳳福公園,鶯歌區,鳳吉一街186號(對面),YouBike2.0_Fengfu Park,Yingge Dist,"No. 186, Fengji 1st St., Yingge Dist.(opposite)",500234012,20,0,20260820T084519,24.97572,121.32938,20,1,0,0,2026-08-20T09:00:10+08:00
新北市,New Taipei City,YouBike2.0_尖山公園,鶯歌區,鶯歌區尖山路161號對面,YouBike2.0_Jianshan Park,Yingge Dist,"No.161, Jianshan Rd.(opposite)",500234013,29,19,20260820T073005,24.9482,121.346,10,1,16,3,2026-08-20T09:00:10+08:00
新北市,New Taipei City,YouBike2.0_永昌里兒一公園,鶯歌區,鶯桃路182巷96弄36-38號對側,YouBike2.0_Yongchang Village Children Park (No.1),Yingge Dist,"No.36-38, Aly. 96, Ln. 182, Yingtao Rd.(oppsite)",500234014,20,10,20260820T075103,24.956649374562204,121.33959628800724,10,1,9,1,2026-08-20T09:00:10+08:00
新北市,New Taipei City,YouBike2.0_南雅育智路口,鶯歌區,南雅路491號(對面),YouBike2.0_Nanya & Yuzhi Rd. Intersection,Yingge Dist,"No.491, Nanya Rd., Yingge Dist.(opposite)",500234015,22,1,20260820T085218,24.954,121.346,21,1,1,0,2026-08-20T09:00:10+08:00
新北市,New Taipei City,YouBike2.0_國中二甲路口,鶯歌區,國中街175號(前),YouBike2.0_Guozhong & Erjia Intersection,Yingge Dist,"No. 175, Guozhong St., Yingge Dist.",500234016,20,6,20260820T082504,24.939489067109363,121.33868650698288,14,1,4,2,2026-08-20T09:00:10+08:00
新北市,New Taipei City,YouBike2.0_鶯歌永利街,鶯歌區,永利街16號(對面),YouBike2.0_Yingge Yongli St.,Yingge Dist,"No. 16, Yongli St. Yingge Dist.",500234017,15,6,20260820T084403,24.95495,121.33911,8,1,5,1,2026-08-20T09:00:10+08:00
新北市,New Taipei City,YouBike2.0_二橋虹橋公園,鶯歌區,中正三路400號(對面),YouBike2.0_Erqiaoshiguanghongqiao Park,Yingge Dist,"No. 400, Zhongzheng 3rd Rd.(Opposite)",500234018,10,6,20260820T072402,24.93453,121.32595,4,1,5,1,2026-08-20T09:00:10+08:00
新北市,New Taipei City,YouBike2.0_鳳吉四鳳七路口(捷士匯社區),鶯歌區,鳳吉四街57-75號(旁),YouBike2.0_Fengji 4th & Feng 7th Rd. Intersection,Yingge Dist,"No. 57-75, Fengji 4th St.",500234021,40,11,20260820T084403,24.97383,121.32769,29,1,11,0,2026-08-20T09:00:10+08:00
新北市,New Taipei City,YouBike2.0_鶯歌老街第二停車場,鶯歌區,尖山埔路27-31號(對面),YouBike2.0_Yingge Old Street 2nd Parking Lot,Yingge Dist,"No. 27-31, Jianshanpu Rd.(Opposite)",500234022,20,13,20260820T082403,24.94895,121.34227,7,1,11,2,2026-08-20T09:00:10+08:00
新北市,New Taipei City,YouBike2.0_建國中正一路口(北鶯社區),鶯歌區,建國路6號(對面空地),YouBike2.0_Jianguo Zhongzheng 1st Rd. Intersection,Yingge Dist,"No. 6, Jianguo Rd.(Opposite)",500234023,20,7,20260820T061804,24.95658,121.35692,13,1,6,1,2026-08-20T09:00:10+08:00
新北市,New Taipei City,YouBike2.0_三鶯水資源回收中心,鶯歌區,館前路360號(旁),YouBike2.0_Sanying Water Recycling Center,Yingge Dist,"No. 360, Guanqian Rd.",500234024,14,9,20260820T063302,24.95535,121.35996,5,1,6,3,2026-08-20T09:00:10+08:00
新北市,New Taipei City,YouBike2.0_永和街65巷口,鶯歌區,永和街75號,"YouBike2.0_Ln. 65, Yonghe St. Intersection",Yingge Dist,"No. 75, Yonghe St.",500234025,37,17,20260820T085403,24.96798,121.3331413,20,1,13,4,2026-08-20T09:00:10+08:00
新北市,New Taipei City,YouBike2.0_鶯歌陶瓷博物館,鶯歌區,文化路200號(旁),YouBike2.0_Yingge Ceramics Museum(Wenhua Rd.),Yingge Dist,"No. 200, Wenhua Rd.",500234026,22,7,20260820T082504,24.95012,121.35245,15,1,5,2,2026-08-20T09:00:10+08:00
新北市,New Taipei City,YouBike2.0_礫間停車場,鶯歌區,礫間停車場,YouBike2.0_Lijian Parking,Yingge Dist,Lijian Parking,500234028,20,7,20260820T084804,24.9518,121.35445,13,1,6,1,2026-08-20T09:00:10+08:00
新北市,New Taipei City,YouBike2.0_北鶯停車場,鶯歌區,北鶯停車場,YouBike2.0_Beiying Parking,Yingge Dist,Beiying Parking,500234029,20,10,20260819T130204,24.95567,121.35992,10,1,10,0,2026-08-20T09:00:10+08:00
新北市,New Taipei City,YouBike2.0_育英建國路口,鶯歌區,建國路280號(旁),YouBike2.0_Yuying Jianguo Rd. Intersection,Yingge Dist,"No. 280, Jianguo Rd.",500234030,12,1,20260820T083519,24.95356,121.34693,11,1,0,1,2026-08-20T09:00:10+08:00
新北市,New Taipei City,YouBike2.0_中正一仁愛路口,鶯歌區,中正一路181號(對面),YouBike2.0_Zhongzheng 1st & Ren'ai Rd Intersection,Yingge Dist,"No. 181, Zhongzheng 1st Rd.(Opposite)",500234031,15,3,20260820T082803,24.95672,121.3532,12,1,1,2,2026-08-20T09:00:10+08:00
新北市,New Taipei City,YouBike2.0_建國國小,鶯歌區,育英街19號(旁),YouBike2.0_Jianguo Elementary School,Yingge Dist,"No. 19, Yuying St.",500234032,15,1,20260820T082504,24.95521,121.34727,14,1,1,0,2026-08-20T09:00:10+08:00
新北市,New Taipei City,YouBike2.0_光明橋,鶯歌區,永明街78號(旁),YouBike2.0_Guang-ming bridge,Yingge Dist,"No. 78, Yongming St., Yingge Dist.(side)",500234033,14,4,20260820T084821,24.95577,121.34128,10,1,4,0,2026-08-20T09:00:10+08:00
新北市,New Taipei City,YouBike2.0_二橋派出所,鶯歌區,高職西街/中正三路口(西北側),YouBike2.0_Erqiao Police Station,Yingge Dist,"Gaozhi W. St. & Zhongzheng 3rd Rd., Yingge Dist. (west side)",500234034,11,2,20260820T080603,24.94216,121.33884,9,1,2,0,2026-08-20T09:00:10+08:00
新北市,New Taipei City,YouBike2.0_國中高職東街口,鶯歌區,國中路113至117-3號(對面),YouBike2.0_Guozhong & Gaozhi E. Intersection,Yingge Dist,"No. 113, Guozhong St., Yingge Dist.(opposite)",500234035,15,2,20260820T082003,24.94117,121.34116,13,1,2,0,2026-08-20T09:00:10+08:00
新北市,New Taipei City,YouBike2.0_尖山路高厝巷口,鶯歌區,尖山路276-5號(旁),YouBike2.0_Gaocuo Ln. Jianshan Rd.,Yingge Dist,"No. 276-5, Jianshan Rd. (Side)",500234036,15,2,20260820T073802,24.94495,121.34102,12,1,2,0,2026-08-20T09:00:10+08:00
新北市,New Taipei City,YouBike2.0_公八停車場,鶯歌區,國華路53號(對面),YouBike2.0_Public 8th Parking Lot,Yingge Dist,"No.53, Guohua Rd. (opposite)",500234037,15,5,20260820T080903,24.95515,121.34285,9,1,5,0,2026-08-20T09:00:10+08:00
新北市,New Taipei City,YouBike2.0_龍三鳳鳴路口,鶯歌區,鳳鳴路541號,YouBike2.0_Long 3rd. Rd. & Fengming Rd. Intersection,Yingge Dist,"No. 541, Fengming Rd.",500234038,18,0,20260820T073918,24.97286,121.33137,18,1,0,0,2026-08-20T09:00:10+08:00
新北市,New Taipei City,YouBike2.0_鳳福鳳三路口,鶯歌區,鳳三路360號,YouBike2.0_Fengfu Rd. & Feng 3rd. Rd. Intersection,Yingge Dist,"No. 360, Feng 3rd Rd.",500234039,22,0,20260820T084322,24.97567,121.33143,22,1,0,0,2026-08-20T09:00:10+08:00
新北市,New Taipei City,YouBike2.0_北鶯公園,鶯歌區,成功街20巷19號(旁),YouBike2.0_Beiying Park,Yingge Dist,"No. 19, Ln. 20, Chenggong St. (Side)",500234040,15,5,20260820T085003,24.95777,121.35942,10,1,4,1,2026-08-20T09:00:10+08:00
新北市,New Taipei City,YouBike2.0_鶯歌火車站(文化路),鶯歌區,文化路/文化路115巷(北側),YouBike2.0_Yingge Station (Wenhua Rd.),Yingge Dist,"Ln. 115, Wenhua Rd. Intersection (North)",500234041,25,17,20260820T081904,24.95536,121.35697,8,1,16,1,2026-08-20T09:00:10+08:00
新北市,New Taipei City,YouBike2.0_鳳七鶯歌路口,鶯歌區,鶯歌路101-107號(旁),YouBike2.0_Feng 7th Rd. & Yingge Rd. Intersection,Yingge Dist,"No. 101-107, Yingge Rd. (Side)",500234042,11,5,20260820T082603,24.96916,121.33193,6,1,5,0,2026-08-20T09:00:10+08:00
新北市,New Taipei City,YouBike2.0_國際一路112巷口,鶯歌區,國際一路167號(前),"YouBike2.0_Ln. 112, GuoJi 1st Rd.",Yingge Dist,"No. 167, GuoJi 1st Rd. (Front)",500234043,15,10,20260820T081005,24.97667,121.33579,5,1,7,3,2026-08-20T09:00:10+08:00
新北市,New Taipei City,YouBike2.0_臺鐵鳳鳴站,鶯歌區,鳳一路/鶯歌路口,YouBike2.0_Fengming Station,Yingge Dist,Feng 1st Rd. & YingGe Rd.,500234044,40,0,20260819T210005,24.97227,121.33674,0,0,0,0,2026-08-20T09:00:10+08:00
新北市,New Taipei City,YouBike2.0_鶯歌陶瓷老街,鶯歌區,重慶街/國慶街(西南側),YouBike2.0_YingGe Old Street,Yingge Dist,ChongQing St. & GuoQing St. (Southwest),500234045,33,18,20260820T084804,24.95219,121.351,15,1,18,0,2026-08-20T09:00:10+08:00
新北市,New Taipei City,YouBike2.0_鶯歌火車站(仁愛路62號),鶯歌區,仁愛路62號(東側),"YouBike2.0_YingGe Station (No. 62, RenAi Rd.)",Yingge Dist,"No. 62, RenAi Rd. (East)",500234046,42,24,20260820T083304,24.95505,121.35407,18,1,21,3,2026-08-20T09:00:10+08:00
新北市,New Taipei City,YouBike2.0_臺鐵鳳鳴站(鶯歌路),鶯歌區,鶯歌路276號(對面),YouBike2.0_Fengming Station (YingGe Rd.),Yingge Dist,"No. 276, YingGe Rd. (Opposite)",500234047,20,2,20260820T085303,24.97189,121.33651,14,1,2,0,2026-08-20T09:00:10+08:00
新北市,New Taipei City,YouBike2.0_光明育智路口,鶯歌區,光明街126號(東南側),YouBike2.0_GuangMing St. & YuZhi Rd. Intersection,Yingge Dist,"No. 126, GuangMing St. (Southeast)",500234048,14,1,20260820T083620,24.95587,121.3456,13,1,1,0,2026-08-20T09:00:10+08:00
新北市,New Taipei City,YouBike2.0_新鳳公園,鶯歌區,鶯桃路二段60號(對側),YouBike2.0_XinFeng Park,Yingge Dist,"No. 60, Sec. 2, YingTao Rd. (Opposite)",500234049,14,9,20260820T085103,24.9732,121.32474,4,1,8,1,2026-08-20T09:00:10+08:00
新北市,New Taipei City,YouBike2.0_鳳鳴機器人公園,鶯歌區,鳳鳴路/福安街7巷24弄口,YouBike2.0_FengMing Robot Park,Yingge Dist,"FengMing Rd. & Aly. 24, Ln. 7, FuAn St.",500234050,17,0,20260820T083320,24.96618,121.33465,17,1,0,0,2026-08-20T09:00:10+08:00
新北市,New Taipei City,YouBike2.0_龍五鳳七路口,鶯歌區,龍五路/鳳七路口,YouBike2.0_Long 5th Rd. & Feng 7th Rd. Intersection,Yingge Dist,Long 5th Rd. & Feng 7th Rd. Intersection,500234051,30,3,20260820T083102,24.97043,121.33101,27,1,2,1,2026-08-20T09:00:10+08:00
新北市,New Taipei City,YouBike2.0_龍鳳夜市,鶯歌區,鳳三路/龍三路(東南側),YouBike2.0_LongFeng Night Market,Yingge Dist,Feng 3rd Rd. & Long 3rd Rd. (Southeast),500234052,30,4,20260820T083003,24.97329,121.33331,26,1,4,0,2026-08-20T09:00:10+08:00
新北市,New Taipei City,YouBike2.0_中湖市民活動中心,鶯歌區,中湖街21號,YouBike2.0_Zhonghu Civic Activity Center,Yingge Dist,"No. 21, ZhongHu St.",500234053,20,4,20260819T210603,24.97298,121.3472,16,1,4,0,2026-08-20T09:00:10+08:00
新北市,New Taipei City,YouBike2.0_鳳一鳳吉一街口,鶯歌區,鳳吉一街259號(旁),YouBike2.0_Feng 1st Rd. & FengJi 1st St. Intersection,Yingge Dist,"No. 259, FengJi 1st St. (Side)",500234054,20,11,20260820T085404,24.97677,121.3317,8,1,11,0,2026-08-20T09:00:10+08:00
新北市,New Taipei City,YouBike2.0_鳳五路122號前,鶯歌區,鳳五路122號前,"YouBike2.0_No. 122, Feng 5th Rd.",Yingge Dist,"No. 122, Feng 5th Rd. (Front)",500234055,18,7,20260820T085204,24.97316,121.32991,10,1,7,0,2026-08-20T09:00:10+08:00
新北市,New Taipei City,YouBike2.0_建國永昌街口,鶯歌區,建國路546號(對面),YouBike2.0_JianGuo Rd. & YongChang St. Intersection,Yingge Dist,"No. 546, JianGuo Rd. (Opposite)",500234056,17,6,20260820T074103,24.95031,121.33831,11,1,3,3,2026-08-20T09:00:10+08:00
新北市,New Taipei City,YouBike2.0_捷運鶯歌車站,鶯歌區,館前路300號(對側),YouBike2.0_MRT Yingge Sta.,Yingge Dist,"No. 300, GuanQian Rd. (Opposite)",500234057,34,21,20260820T082004,24.95322,121.35668,13,1,21,0,2026-08-20T09:00:10+08:00
新北市,New Taipei City,YouBike2.0_鳳三龍七路口,鶯歌區,鳳三路68號,YouBike2.0_Feng 3rd Rd. & Long 7th Rd. Intersection,Yingge Dist,"No. 68, Feng 3rd Rd.",500234058,18,3,20260820T084903,24.97204,121.33467,15,1,2,1,2026-08-20T09:00:10+08:00
新北市,New Taipei City,YouBike2.0_捷運國華站,鶯歌區,國華路45號(對側),YouBike2.0_MRT Guohua Sta.,Yingge Dist,"No. 45, GuoHua Rd. (Opposite)",500234059,24,9,20260820T084804,24.95535,121.34251,15,1,9,0,2026-08-20T09:00:10+08:00
新北市,New Taipei City,YouBike2.0_捷運陶瓷老街站,鶯歌區,捷運陶瓷老街站(重慶街側),YouBike2.0_MRT Ceramics Old Street Sta.,Yingge Dist,MRT Ceramics Old Street Sta. (ChongQing St.),500234060,36,15,20260820T083804,24.95212,121.35065,21,1,15,0,2026-08-20T09:00:10+08:00
新北市,New Taipei City,YouBike2.0_捷運永吉公園站,鶯歌區,鶯桃路296巷口,YouBike2.0_MRT Yongji Park Sta.,Yingge Dist,"Ln. 296, YingTao Rd. Intersection",500234061,47,12,20260820T080204,24.96048,121.33476,35,1,12,0,2026-08-20T09:00:10+08:00
新北市,New Taipei City,YouBike2.0_捷運鶯桃福德站,鶯歌區,福德一路20號(對側),YouBike2.0_MRT Yingtao Fude Sta.,Yingge Dist,"No. 20, FuDe 1st Rd. (Opposite)",500234062,75,21,20260820T084203,24.96704,121.33044,53,1,21,0,2026-08-20T09:00:10+08:00
新北市,New Taipei City,YouBike2.0_捷運國華站(2號出口),鶯歌區,國華路97號(對側),YouBike2.0_MRT Guohua Sta.(Exit 2),Yingge Dist,"No. 97, GuoHua Rd. (Opposite)",500234063,60,19,20260820T082704,24.95374,121.34301,41,1,19,0,2026-08-20T09:00:10+08:00
新北市,New Taipei City,YouBike2.0_鶯歌山水步道停車場,鶯歌區,觀景涼亭停車場,YouBike2.0_YingGe Riverside Trail Car Park,Yingge Dist,YingGe Riverside Trail Car Park,500234064,24,6,20260819T215802,24.93205,121.32825,18,1,5,1,2026-08-20T09:00:10+08:00
新北市,New Taipei City,YouBike2.0_鶯歌環河自行車道,鶯歌區,環河路/甲三街(南側自行車道),YouBike2.0_YingGe Riverside Cycling Route,Yingge Dist,Huanhe Rd. & Jia 3rd St. (South),500234065,20,11,20260820T073202,24.92967,121.33837,9,1,11,0,2026-08-20T09:00:10+08:00
新北市,New Taipei City,YouBike2.0_鶯歌火車站(仁愛路),鶯歌區,仁愛路55號對側,YouBike2.0_Yingge Railway Station(Ren’ai Rd.),Yingge Dist,"No.55, Ren’ai Rd., Yingge Dist.(opposite)",500234001,69,24,20260820T101403,24.95559,121.35441,43,1,23,1,2026-08-20T10:18:18+08:00
新北市,New Taipei City,YouBike2.0_新北市立圖書館鶯歌分館,鶯歌區,中山路150號,YouBike2.0_New Taipei City Library Yingge Branch,Yingge Dist,"No.150, Zhongshan Rd.",500234002,20,5,20260820T100702,24.9572,121.34946,15,1,5,0,2026-08-20T10:18:18+08:00
新北市,New Taipei City,YouBike2.0_文化館前路口,鶯歌區,文化路407號旁,YouBike2.0_Yingge Ceramics Museum,Yingge Dist,"No. 407, Wenhua Rd.",500234003,44,6,20260820T100202,24.94948,121.35291,38,1,6,0,2026-08-20T10:18:18+08:00
新北市,New Taipei City,YouBike2.0_鶯歌國民運動中心,鶯歌區,館前路250號運動中心前,YouBike2.0_Yingge Civil Sports Center,Yingge Dist,"No.250, Guanqian Rd., Yingge Dist.",500234004,38,14,20260820T100503,24.95139,121.35733,24,1,12,2,2026-08-20T10:18:18+08:00
新北市,New Taipei City,YouBike2.0_尖山國中,鶯歌區,國中街1號,YouBike2.0_Municipal Jianshan Junior High School,Yingge Dist,"No.1, Guozhong St., Yingge Dist(sidewalk)",500234005,20,3,20260820T091403,24.94381,121.34207,17,1,3,0,2026-08-20T10:18:18+08:00
新北市,New Taipei City,YouBike2.0_新北市立鶯歌高級工商職業學校,鶯歌區,中正三路154號,YouBike2.0_New Taipei Municipal Yingge Vocational High School,Yingge Dist,"No. 154, Zhongzheng 3rd. Rd",500234006,56,5,20260820T093404,24.93923,121.33488,51,1,4,1,2026-08-20T10:18:18+08:00
新北市,New Taipei City,YouBike2.0_鶯歌國中,鶯歌區,鶯桃路39-5號對側,YouBike2.0_Yingge Junior High chool,Yingge Dist,"No.39-5, Yingtao Rd.(opposite)",500234007,30,16,20260820T100503,24.95119,121.34256,13,1,16,0,2026-08-20T10:18:18+08:00
新北市,New Taipei City,YouBike2.0_永吉國小,鶯歌區,德昌二街39號對側,YouBike2.0_Yongchi elementary school,Yingge Dist,"No.39, Dechang 2nd St., Yingge Dist.",500234008,20,11,20260820T092703,24.95865,121.33308,9,1,10,1,2026-08-20T10:18:18+08:00
新北市,New Taipei City,YouBike2.0_鳳祥公園,鶯歌區,鶯桃路365巷130號對側,YouBike2.0_Fengxiang Park,Yingge Dist,"No.130, Ln. 365, Yingtao Rd., Yingge Dist.",500234009,20,11,20260820T095003,24.96283,121.33025,8,1,10,1,2026-08-20T10:18:18+08:00
新北市,New Taipei City,YouBike2.0_鳳鳴國小,鶯歌區,永和街120號,YouBike2.0_Fengming Elementary School,Yingge Dist,"No.120, Yonghe St., Yingge Dist.",500234010,20,5,20260820T101103,24.9692,121.3347,15,1,5,0,2026-08-20T10:18:18+08:00
新北市,New Taipei City,YouBike2.0_國際二國際一路口,鶯歌區,國際二路與國際一路口,YouBike2.0_Guoji 2nd Guoji 1st Intersection,Yingge Dist,"Guoji 2nd Rd./Guoji 1st Rd., Yingge Dist.",500234011,20,3,20260820T090902,24.97577,121.3353,17,1,1,2,2026-08-20T10:18:18+08:00
新北市,New Taipei City,YouBike2.0_鳳福公園,鶯歌區,鳳吉一街186號(對面),YouBike2.0_Fengfu Park,Yingge Dist,"No. 186, Fengji 1st St., Yingge Dist.(opposite)",500234012,20,5,20260820T095104,24.97572,121.32938,15,1,5,0,2026-08-20T10:18:18+08:00
新北市,New Taipei City,YouBike2.0_尖山公園,鶯歌區,鶯歌區尖山路161號對面,YouBike2.0_Jianshan Park,Yingge Dist,"No.161, Jianshan Rd.(opposite)",500234013,29,18,20260820T100503,24.9482,121.346,11,1,15,3,2026-08-20T10:18:18+08:00
新北市,New Taipei City,YouBike2.0_永昌里兒一公園,鶯歌區,鶯桃路182巷96弄36-38號對側,YouBike2.0_Yongchang Village Children Park (No.1),Yingge Dist,"No.36-38, Aly. 96, Ln. 182, Yingtao Rd.(oppsite)",500234014,20,9,20260820T085803,24.956649374562204,121.33959628800724,11,1,8,1,2026-08-20T10:18:18+08:00
新北市,New Taipei City,YouBike2.0_南雅育智路口,鶯歌區,南雅路491號(對面),YouBike2.0_Nanya & Yuzhi Rd. Intersection,Yingge Dist,"No.491, Nanya Rd., Yingge Dist.(opposite)",500234015,22,0,20260820T092303,24.954,121.346,22,1,0,0,2026-08-20T10:18:18+08:00
新北市,New Taipei City,YouBike2.0_國中二甲路口,鶯歌區,國中街175號(前),YouBike2.0_Guozhong & Erjia Intersection,Yingge Dist,"No. 175, Guozhong St., Yingge Dist.",500234016,20,5,20260820T094802,24.939489067109363,121.33868650698288,15,1,3,2,2026-08-20T10:18:18+08:00
新北市,New Taipei City,YouBike2.0_鶯歌永利街,鶯歌區,永利街16號(對面),YouBike2.0_Yingge Yongli St.,Yingge Dist,"No. 16, Yongli St. Yingge Dist.",500234017,15,5,20260820T095203,24.95495,121.33911,9,1,4,1,2026-08-20T10:18:18+08:00
新北市,New Taipei City,YouBike2.0_二橋虹橋公園,鶯歌區,中正三路400號(對面),YouBike2.0_Erqiaoshiguanghongqiao Park,Yingge Dist,"No. 400, Zhongzheng 3rd Rd.(Opposite)",500234018,10,6,20260820T072402,24.93453,121.32595,4,1,5,1,2026-08-20T10:18:18+08:00
新北市,New Taipei City,YouBike2.0_鳳吉四鳳七路口(捷士匯社區),鶯歌區,鳳吉四街57-75號(旁),YouBike2.0_Fengji 4th & Feng 7th Rd. Intersection,Yingge Dist,"No. 57-75, Fengji 4th St.",500234021,40,2,20260820T093904,24.97383,121.32769,38,1,2,0,2026-08-20T10:18:18+08:00
新北市,New Taipei City,YouBike2.0_鶯歌老街第二停車場,鶯歌區,尖山埔路27-31號(對面),YouBike2.0_Yingge Old Street 2nd Parking Lot,Yingge Dist,"No. 27-31, Jianshanpu Rd.(Opposite)",500234022,20,12,20260820T090803,24.94895,121.34227,8,1,10,2,2026-08-20T10:18:18+08:00
新北市,New Taipei City,YouBike2.0_建國中正一路口(北鶯社區),鶯歌區,建國路6號(對面空地),YouBike2.0_Jianguo Zhongzheng 1st Rd. Intersection,Yingge Dist,"No. 6, Jianguo Rd.(Opposite)",500234023,20,7,20260820T100202,24.95658,121.35692,13,1,6,1,2026-08-20T10:18:18+08:00
新北市,New Taipei City,YouBike2.0_三鶯水資源回收中心,鶯歌區,館前路360號(旁),YouBike2.0_Sanying Water Recycling Center,Yingge Dist,"No. 360, Guanqian Rd.",500234024,14,9,20260820T063302,24.95535,121.35996,5,1,6,3,2026-08-20T10:18:18+08:00
新北市,New Taipei City,YouBike2.0_永和街65巷口,鶯歌區,永和街75號,"YouBike2.0_Ln. 65, Yonghe St. Intersection",Yingge Dist,"No. 75, Yonghe St.",500234025,37,20,20260820T100103,24.96798,121.3331413,16,1,16,4,2026-08-20T10:18:18+08:00
新北市,New Taipei City,YouBike2.0_鶯歌陶瓷博物館,鶯歌區,文化路200號(旁),YouBike2.0_Yingge Ceramics Museum(Wenhua Rd.),Yingge Dist,"No. 200, Wenhua Rd.",500234026,22,7,20260820T094802,24.95012,121.35245,15,1,6,1,2026-08-20T10:18:18+08:00
新北市,New Taipei City,YouBike2.0_礫間停車場,鶯歌區,礫間停車場,YouBike2.0_Lijian Parking,Yingge Dist,Lijian Parking,500234028,20,8,20260820T092303,24.9518,121.35445,12,1,7,1,2026-08-20T10:18:18+08:00
新北市,New Taipei City,YouBike2.0_北鶯停車場,鶯歌區,北鶯停車場,YouBike2.0_Beiying Parking,Yingge Dist,Beiying Parking,500234029,20,10,20260819T130204,24.95567,121.35992,10,1,10,0,2026-08-20T10:18:18+08:00
新北市,New Taipei City,YouBike2.0_育英建國路口,鶯歌區,建國路280號(旁),YouBike2.0_Yuying Jianguo Rd. Intersection,Yingge Dist,"No. 280, Jianguo Rd.",500234030,12,3,20260820T101302,24.95356,121.34693,9,1,3,0,2026-08-20T10:18:18+08:00
新北市,New Taipei City,YouBike2.0_中正一仁愛路口,鶯歌區,中正一路181號(對面),YouBike2.0_Zhongzheng 1st & Ren'ai Rd Intersection,Yingge Dist,"No. 181, Zhongzheng 1st Rd.(Opposite)",500234031,15,1,20260820T100403,24.95672,121.3532,14,1,0,1,2026-08-20T10:18:18+08:00
新北市,New Taipei City,YouBike2.0_建國國小,鶯歌區,育英街19號(旁),YouBike2.0_Jianguo Elementary School,Yingge Dist,"No. 19, Yuying St.",500234032,15,3,20260820T095702,24.95521,121.34727,12,1,3,0,2026-08-20T10:18:18+08:00
新北市,New Taipei City,YouBike2.0_光明橋,鶯歌區,永明街78號(旁),YouBike2.0_Guang-ming bridge,Yingge Dist,"No. 78, Yongming St., Yingge Dist.(side)",500234033,14,5,20260820T094504,24.95577,121.34128,9,1,5,0,2026-08-20T10:18:18+08:00
新北市,New Taipei City,YouBike2.0_二橋派出所,鶯歌區,高職西街/中正三路口(西北側),YouBike2.0_Erqiao Police Station,Yingge Dist,"Gaozhi W. St. & Zhongzheng 3rd Rd., Yingge Dist. (west side)",500234034,11,1,20260820T095720,24.94216,121.33884,10,1,1,0,2026-08-20T10:18:18+08:00
新北市,New Taipei City,YouBike2.0_國中高職東街口,鶯歌區,國中路113至117-3號(對面),YouBike2.0_Guozhong & Gaozhi E. Intersection,Yingge Dist,"No. 113, Guozhong St., Yingge Dist.(opposite)",500234035,15,2,20260820T100803,24.94117,121.34116,13,1,2,0,2026-08-20T10:18:18+08:00
新北市,New Taipei City,YouBike2.0_尖山路高厝巷口,鶯歌區,尖山路276-5號(旁),YouBike2.0_Gaocuo Ln. Jianshan Rd.,Yingge Dist,"No. 276-5, Jianshan Rd. (Side)",500234036,15,1,20260820T095603,24.94495,121.34102,13,1,1,0,2026-08-20T10:18:18+08:00
新北市,New Taipei City,YouBike2.0_公八停車場,鶯歌區,國華路53號(對面),YouBike2.0_Public 8th Parking Lot,Yingge Dist,"No.53, Guohua Rd. (opposite)",500234037,15,4,20260820T092203,24.95515,121.34285,10,1,4,0,2026-08-20T10:18:18+08:00
新北市,New Taipei City,YouBike2.0_龍三鳳鳴路口,鶯歌區,鳳鳴路541號,YouBike2.0_Long 3rd. Rd. & Fengming Rd. Intersection,Yingge Dist,"No. 541, Fengming Rd.",500234038,18,0,20260820T100624,24.97286,121.33137,18,1,0,0,2026-08-20T10:18:18+08:00
新北市,New Taipei City,YouBike2.0_鳳福鳳三路口,鶯歌區,鳳三路360號,YouBike2.0_Fengfu Rd. & Feng 3rd. Rd. Intersection,Yingge Dist,"No. 360, Feng 3rd Rd.",500234039,22,5,20260820T095703,24.97567,121.33143,17,1,5,0,2026-08-20T10:18:18+08:00
新北市,New Taipei City,YouBike2.0_北鶯公園,鶯歌區,成功街20巷19號(旁),YouBike2.0_Beiying Park,Yingge Dist,"No. 19, Ln. 20, Chenggong St. (Side)",500234040,15,4,20260820T095803,24.95777,121.35942,11,1,2,2,2026-08-20T10:18:18+08:00
新北市,New Taipei City,YouBike2.0_鶯歌火車站(文化路),鶯歌區,文化路/文化路115巷(北側),YouBike2.0_Yingge Station (Wenhua Rd.),Yingge Dist,"Ln. 115, Wenhua Rd. Intersection (North)",500234041,25,18,20260820T101202,24.95536,121.35697,7,1,17,1,2026-08-20T10:18:18+08:00
新北市,New Taipei City,YouBike2.0_鳳七鶯歌路口,鶯歌區,鶯歌路101-107號(旁),YouBike2.0_Feng 7th Rd. & Yingge Rd. Intersection,Yingge Dist,"No. 101-107, Yingge Rd. (Side)",500234042,11,5,20260820T101103,24.96916,121.33193,6,1,4,1,2026-08-20T10:18:18+08:00
新北市,New Taipei City,YouBike2.0_國際一路112巷口,鶯歌區,國際一路167號(前),"YouBike2.0_Ln. 112, GuoJi 1st Rd.",Yingge Dist,"No. 167, GuoJi 1st Rd. (Front)",500234043,15,7,20260820T093904,24.97667,121.33579,8,1,6,1,2026-08-20T10:18:18+08:00
新北市,New Taipei City,YouBike2.0_臺鐵鳳鳴站,鶯歌區,鳳一路/鶯歌路口,YouBike2.0_Fengming Station,Yingge Dist,Feng 1st Rd. & YingGe Rd.,500234044,40,0,20260819T210005,24.97227,121.33674,0,0,0,0,2026-08-20T10:18:18+08:00
新北市,New Taipei City,YouBike2.0_鶯歌陶瓷老街,鶯歌區,重慶街/國慶街(西南側),YouBike2.0_YingGe Old Street,Yingge Dist,ChongQing St. & GuoQing St. (Southwest),500234045,33,22,20260820T095504,24.95219,121.351,11,1,22,0,2026-08-20T10:18:18+08:00
新北市,New Taipei City,YouBike2.0_鶯歌火車站(仁愛路62號),鶯歌區,仁愛路62號(東側),"YouBike2.0_YingGe Station (No. 62, RenAi Rd.)",Yingge Dist,"No. 62, RenAi Rd. (East)",500234046,42,21,20260820T095504,24.95505,121.35407,21,1,19,2,2026-08-20T10:18:18+08:00
新北市,New Taipei City,YouBike2.0_臺鐵鳳鳴站(鶯歌路),鶯歌區,鶯歌路276號(對面),YouBike2.0_Fengming Station (YingGe Rd.),Yingge Dist,"No. 276, YingGe Rd. (Opposite)",500234047,20,2,20260820T101318,24.97189,121.33651,10,1,2,0,2026-08-20T10:18:18+08:00
新北市,New Taipei City,YouBike2.0_光明育智路口,鶯歌區,光明街126號(東南側),YouBike2.0_GuangMing St. & YuZhi Rd. Intersection,Yingge Dist,"No. 126, GuangMing St. (Southeast)",500234048,14,0,20260820T090519,24.95587,121.3456,14,1,0,0,2026-08-20T10:18:18+08:00
新北市,New Taipei City,YouBike2.0_新鳳公園,鶯歌區,鶯桃路二段60號(對側),YouBike2.0_XinFeng Park,Yingge Dist,"No. 60, Sec. 2, YingTao Rd. (Opposite)",500234049,14,5,20260820T100923,24.9732,121.32474,8,1,4,1,2026-08-20T10:18:18+08:00
新北市,New Taipei City,YouBike2.0_鳳鳴機器人公園,鶯歌區,鳳鳴路/福安街7巷24弄口,YouBike2.0_FengMing Robot Park,Yingge Dist,"FengMing Rd. & Aly. 24, Ln. 7, FuAn St.",500234050,17,1,20260820T100403,24.96618,121.33465,16,1,1,0,2026-08-20T10:18:18+08:00
新北市,New Taipei City,YouBike2.0_龍五鳳七路口,鶯歌區,龍五路/鳳七路口,YouBike2.0_Long 5th Rd. & Feng 7th Rd. Intersection,Yingge Dist,Long 5th Rd. & Feng 7th Rd. Intersection,500234051,30,1,20260820T094357,24.97043,121.33101,29,1,1,0,2026-08-20T10:18:18+08:00
新北市,New Taipei City,YouBike2.0_龍鳳夜市,鶯歌區,鳳三路/龍三路(東南側),YouBike2.0_LongFeng Night Market,Yingge Dist,Feng 3rd Rd. & Long 3rd Rd. (Southeast),500234052,30,4,20260820T083003,24.97329,121.33331,26,1,4,0,2026-08-20T10:18:18+08:00
新北市,New Taipei City,YouBike2.0_中湖市民活動中心,鶯歌區,中湖街21號,YouBike2.0_Zhonghu Civic Activity Center,Yingge Dist,"No. 21, ZhongHu St.",500234053,20,4,20260819T210603,24.97298,121.3472,16,1,4,0,2026-08-20T10:18:18+08:00
新北市,New Taipei City,YouBike2.0_鳳一鳳吉一街口,鶯歌區,鳳吉一街259號(旁),YouBike2.0_Feng 1st Rd. & FengJi 1st St. Intersection,Yingge Dist,"No. 259, FengJi 1st St. (Side)",500234054,20,9,20260820T095304,24.97677,121.3317,11,1,9,0,2026-08-20T10:18:18+08:00
新北市,New Taipei City,YouBike2.0_鳳五路122號前,鶯歌區,鳳五路122號前,"YouBike2.0_No. 122, Feng 5th Rd.",Yingge Dist,"No. 122, Feng 5th Rd. (Front)",500234055,18,5,20260820T095504,24.97316,121.32991,13,1,5,0,2026-08-20T10:18:18+08:00
新北市,New Taipei City,YouBike2.0_建國永昌街口,鶯歌區,建國路546號(對面),YouBike2.0_JianGuo Rd. & YongChang St. Intersection,Yingge Dist,"No. 546, JianGuo Rd. (Opposite)",500234056,17,7,20260820T101302,24.95031,121.33831,10,1,3,4,2026-08-20T10:18:18+08:00
新北市,New Taipei City,YouBike2.0_捷運鶯歌車站,鶯歌區,館前路300號(對側),YouBike2.0_MRT Yingge Sta.,Yingge Dist,"No. 300, GuanQian Rd. (Opposite)",500234057,34,23,20260820T100202,24.95322,121.35668,11,1,23,0,2026-08-20T10:18:18+08:00
新北市,New Taipei City,YouBike2.0_鳳三龍七路口,鶯歌區,鳳三路68號,YouBike2.0_Feng 3rd Rd. & Long 7th Rd. Intersection,Yingge Dist,"No. 68, Feng 3rd Rd.",500234058,18,6,20260820T095703,24.97204,121.33467,12,1,5,1,2026-08-20T10:18:18+08:00
新北市,New Taipei City,YouBike2.0_捷運國華站,鶯歌區,國華路45號(對側),YouBike2.0_MRT Guohua Sta.,Yingge Dist,"No. 45, GuoHua Rd. (Opposite)",500234059,24,7,20260820T094402,24.95535,121.34251,17,1,7,0,2026-08-20T10:18:18+08:00
新北市,New Taipei City,YouBike2.0_捷運陶瓷老街站,鶯歌區,捷運陶瓷老街站(重慶街側),YouBike2.0_MRT Ceramics Old Street Sta.,Yingge Dist,MRT Ceramics Old Street Sta. (ChongQing St.),500234060,36,16,20260820T100004,24.95212,121.35065,20,1,16,0,2026-08-20T10:18:18+08:00
新北市,New Taipei City,YouBike2.0_捷運永吉公園站,鶯歌區,鶯桃路296巷口,YouBike2.0_MRT Yongji Park Sta.,Yingge Dist,"Ln. 296, YingTao Rd. Intersection",500234061,47,8,20260820T100103,24.96048,121.33476,39,1,8,0,2026-08-20T10:18:18+08:00
新北市,New Taipei City,YouBike2.0_捷運鶯桃福德站,鶯歌區,福德一路20號(對側),YouBike2.0_MRT Yingtao Fude Sta.,Yingge Dist,"No. 20, FuDe 1st Rd. (Opposite)",500234062,75,23,20260820T101302,24.96704,121.33044,52,1,22,1,2026-08-20T10:18:18+08:00
新北市,New Taipei City,YouBike2.0_捷運國華站(2號出口),鶯歌區,國華路97號(對側),YouBike2.0_MRT Guohua Sta.(Exit 2),Yingge Dist,"No. 97, GuoHua Rd. (Opposite)",500234063,60,19,20260820T100702,24.95374,121.34301,41,1,19,0,2026-08-20T10:18:18+08:00
新北市,New Taipei City,YouBike2.0_鶯歌山水步道停車場,鶯歌區,觀景涼亭停車場,YouBike2.0_YingGe Riverside Trail Car Park,Yingge Dist,YingGe Riverside Trail Car Park,500234064,24,6,20260819T215802,24.93205,121.32825,18,1,5,1,2026-08-20T10:18:18+08:00
新北市,New Taipei City,YouBike2.0_鶯歌環河自行車道,鶯歌區,環河路/甲三街(南側自行車道),YouBike2.0_YingGe Riverside Cycling Route,Yingge Dist,Huanhe Rd. & Jia 3rd St. (South),500234065,20,12,20260820T100602,24.92967,121.33837,8,1,12,0,2026-08-20T10:18:18+08:00
新北市,New Taipei City,YouBike2.0_鶯歌火車站(仁愛路),鶯歌區,仁愛路55號對側,YouBike2.0_Yingge Railway Station(Ren’ai Rd.),Yingge Dist,"No.55, Ren’ai Rd., Yingge Dist.(opposite)",500234001,69,18,20260820T111803,24.95559,121.35441,48,1,18,0,2026-08-20T11:22:55+08:00
新北市,New Taipei City,YouBike2.0_新北市立圖書館鶯歌分館,鶯歌區,中山路150號,YouBike2.0_New Taipei City Library Yingge Branch,Yingge Dist,"No.150, Zhongshan Rd.",500234002,20,8,20260820T111902,24.9572,121.34946,12,1,8,0,2026-08-20T11:22:55+08:00
新北市,New Taipei City,YouBike2.0_文化館前路口,鶯歌區,文化路407號旁,YouBike2.0_Yingge Ceramics Museum,Yingge Dist,"No. 407, Wenhua Rd.",500234003,44,4,20260820T111703,24.94948,121.35291,40,1,4,0,2026-08-20T11:22:55+08:00
新北市,New Taipei City,YouBike2.0_鶯歌國民運動中心,鶯歌區,館前路250號運動中心前,YouBike2.0_Yingge Civil Sports Center,Yingge Dist,"No.250, Guanqian Rd., Yingge Dist.",500234004,38,14,20260820T111103,24.95139,121.35733,24,1,14,0,2026-08-20T11:22:55+08:00
新北市,New Taipei City,YouBike2.0_尖山國中,鶯歌區,國中街1號,YouBike2.0_Municipal Jianshan Junior High School,Yingge Dist,"No.1, Guozhong St., Yingge Dist(sidewalk)",500234005,20,2,20260820T105803,24.94381,121.34207,18,1,2,0,2026-08-20T11:22:55+08:00
新北市,New Taipei City,YouBike2.0_新北市立鶯歌高級工商職業學校,鶯歌區,中正三路154號,YouBike2.0_New Taipei Municipal Yingge Vocational High School,Yingge Dist,"No. 154, Zhongzheng 3rd. Rd",500234006,56,5,20260820T105803,24.93923,121.33488,51,1,4,1,2026-08-20T11:22:55+08:00
新北市,New Taipei City,YouBike2.0_鶯歌國中,鶯歌區,鶯桃路39-5號對側,YouBike2.0_Yingge Junior High chool,Yingge Dist,"No.39-5, Yingtao Rd.(opposite)",500234007,30,15,20260820T110803,24.95119,121.34256,14,1,15,0,2026-08-20T11:22:55+08:00
新北市,New Taipei City,YouBike2.0_永吉國小,鶯歌區,德昌二街39號對側,YouBike2.0_Yongchi elementary school,Yingge Dist,"No.39, Dechang 2nd St., Yingge Dist.",500234008,20,11,20260820T092703,24.95865,121.33308,9,1,10,1,2026-08-20T11:22:55+08:00
新北市,New Taipei City,YouBike2.0_鳳祥公園,鶯歌區,鶯桃路365巷130號對側,YouBike2.0_Fengxiang Park,Yingge Dist,"No.130, Ln. 365, Yingtao Rd., Yingge Dist.",500234009,20,8,20260820T110902,24.96283,121.33025,11,1,7,1,2026-08-20T11:22:55+08:00
新北市,New Taipei City,YouBike2.0_鳳鳴國小,鶯歌區,永和街120號,YouBike2.0_Fengming Elementary School,Yingge Dist,"No.120, Yonghe St., Yingge Dist.",500234010,20,4,20260820T110004,24.9692,121.3347,16,1,4,0,2026-08-20T11:22:55+08:00
新北市,New Taipei City,YouBike2.0_國際二國際一路口,鶯歌區,國際二路與國際一路口,YouBike2.0_Guoji 2nd Guoji 1st Intersection,Yingge Dist,"Guoji 2nd Rd./Guoji 1st Rd., Yingge Dist.",500234011,20,4,20260820T105203,24.97577,121.3353,16,1,1,3,2026-08-20T11:22:55+08:00
新北市,New Taipei City,YouBike2.0_鳳福公園,鶯歌區,鳳吉一街186號(對面),YouBike2.0_Fengfu Park,Yingge Dist,"No. 186, Fengji 1st St., Yingge Dist.(opposite)",500234012,20,4,20260820T111103,24.97572,121.32938,16,1,4,0,2026-08-20T11:22:55+08:00
新北市,New Taipei City,YouBike2.0_尖山公園,鶯歌區,鶯歌區尖山路161號對面,YouBike2.0_Jianshan Park,Yingge Dist,"No.161, Jianshan Rd.(opposite)",500234013,29,19,20260820T110505,24.9482,121.346,10,1,16,3,2026-08-20T11:22:55+08:00
新北市,New Taipei City,YouBike2.0_永昌里兒一公園,鶯歌區,鶯桃路182巷96弄36-38號對側,YouBike2.0_Yongchang Village Children Park (No.1),Yingge Dist,"No.36-38, Aly. 96, Ln. 182, Yingtao Rd.(oppsite)",500234014,20,9,20260820T085803,24.956649374562204,121.33959628800724,11,1,8,1,2026-08-20T11:22:55+08:00
新北市,New Taipei City,YouBike2.0_南雅育智路口,鶯歌區,南雅路491號(對面),YouBike2.0_Nanya & Yuzhi Rd. Intersection,Yingge Dist,"No.491, Nanya Rd., Yingge Dist.(opposite)",500234015,22,0,20260820T092303,24.954,121.346,22,1,0,0,2026-08-20T11:22:55+08:00
新北市,New Taipei City,YouBike2.0_國中二甲路口,鶯歌區,國中街175號(前),YouBike2.0_Guozhong & Erjia Intersection,Yingge Dist,"No. 175, Guozhong St., Yingge Dist.",500234016,20,3,20260820T105402,24.939489067109363,121.33868650698288,17,1,1,2,2026-08-20T11:22:55+08:00
新北市,New Taipei City,YouBike2.0_鶯歌永利街,鶯歌區,永利街16號(對面),YouBike2.0_Yingge Yongli St.,Yingge Dist,"No. 16, Yongli St. Yingge Dist.",500234017,15,5,20260820T104804,24.95495,121.33911,9,1,4,1,2026-08-20T11:22:55+08:00
新北市,New Taipei City,YouBike2.0_二橋虹橋公園,鶯歌區,中正三路400號(對面),YouBike2.0_Erqiaoshiguanghongqiao Park,Yingge Dist,"No. 400, Zhongzheng 3rd Rd.(Opposite)",500234018,10,6,20260820T072402,24.93453,121.32595,4,1,5,1,2026-08-20T11:22:55+08:00
新北市,New Taipei City,YouBike2.0_鳳吉四鳳七路口(捷士匯社區),鶯歌區,鳳吉四街57-75號(旁),YouBike2.0_Fengji 4th & Feng 7th Rd. Intersection,Yingge Dist,"No. 57-75, Fengji 4th St.",500234021,40,1,20260820T110505,24.97383,121.32769,39,1,0,1,2026-08-20T11:22:55+08:00
新北市,New Taipei City,YouBike2.0_鶯歌老街第二停車場,鶯歌區,尖山埔路27-31號(對面),YouBike2.0_Yingge Old Street 2nd Parking Lot,Yingge Dist,"No. 27-31, Jianshanpu Rd.(Opposite)",500234022,20,12,20260820T090803,24.94895,121.34227,8,1,10,2,2026-08-20T11:22:55+08:00
新北市,New Taipei City,YouBike2.0_建國中正一路口(北鶯社區),鶯歌區,建國路6號(對面空地),YouBike2.0_Jianguo Zhongzheng 1st Rd. Intersection,Yingge Dist,"No. 6, Jianguo Rd.(Opposite)",500234023,20,6,20260820T105303,24.95658,121.35692,14,1,5,1,2026-08-20T11:22:55+08:00
新北市,New Taipei City,YouBike2.0_三鶯水資源回收中心,鶯歌區,館前路360號(旁),YouBike2.0_Sanying Water Recycling Center,Yingge Dist,"No. 360, Guanqian Rd.",500234024,14,9,20260820T063302,24.95535,121.35996,5,1,6,3,2026-08-20T11:22:55+08:00
新北市,New Taipei City,YouBike2.0_永和街65巷口,鶯歌區,永和街75號,"YouBike2.0_Ln. 65, Yonghe St. Intersection",Yingge Dist,"No. 75, Yonghe St.",500234025,37,17,20260820T111703,24.96798,121.3331413,19,1,13,4,2026-08-20T11:22:55+08:00
新北市,New Taipei City,YouBike2.0_鶯歌陶瓷博物館,鶯歌區,文化路200號(旁),YouBike2.0_Yingge Ceramics Museum(Wenhua Rd.),Yingge Dist,"No. 200, Wenhua Rd.",500234026,22,6,20260820T105104,24.95012,121.35245,16,1,5,1,2026-08-20T11:22:55+08:00
新北市,New Taipei City,YouBike2.0_礫間停車場,鶯歌區,礫間停車場,YouBike2.0_Lijian Parking,Yingge Dist,Lijian Parking,500234028,20,9,20260820T110404,24.9518,121.35445,11,1,8,1,2026-08-20T11:22:55+08:00
新北市,New Taipei City,YouBike2.0_北鶯停車場,鶯歌區,北鶯停車場,YouBike2.0_Beiying Parking,Yingge Dist,Beiying Parking,500234029,20,10,20260819T130204,24.95567,121.35992,10,1,10,0,2026-08-20T11:22:55+08:00
新北市,New Taipei City,YouBike2.0_育英建國路口,鶯歌區,建國路280號(旁),YouBike2.0_Yuying Jianguo Rd. Intersection,Yingge Dist,"No. 280, Jianguo Rd.",500234030,12,3,20260820T110803,24.95356,121.34693,9,1,3,0,2026-08-20T11:22:55+08:00
新北市,New Taipei City,YouBike2.0_中正一仁愛路口,鶯歌區,中正一路181號(對面),YouBike2.0_Zhongzheng 1st & Ren'ai Rd Intersection,Yingge Dist,"No. 181, Zhongzheng 1st Rd.(Opposite)",500234031,15,1,20260820T100403,24.95672,121.3532,14,1,0,1,2026-08-20T11:22:55+08:00
新北市,New Taipei City,YouBike2.0_建國國小,鶯歌區,育英街19號(旁),YouBike2.0_Jianguo Elementary School,Yingge Dist,"No. 19, Yuying St.",500234032,15,5,20260820T104003,24.95521,121.34727,10,1,5,0,2026-08-20T11:22:55+08:00
新北市,New Taipei City,YouBike2.0_光明橋,鶯歌區,永明街78號(旁),YouBike2.0_Guang-ming bridge,Yingge Dist,"No. 78, Yongming St., Yingge Dist.(side)",500234033,14,2,20260820T103504,24.95577,121.34128,12,1,2,0,2026-08-20T11:22:55+08:00
新北市,New Taipei City,YouBike2.0_二橋派出所,鶯歌區,高職西街/中正三路口(西北側),YouBike2.0_Erqiao Police Station,Yingge Dist,"Gaozhi W. St. & Zhongzheng 3rd Rd., Yingge Dist. (west side)",500234034,11,1,20260820T105603,24.94216,121.33884,10,1,1,0,2026-08-20T11:22:55+08:00
新北市,New Taipei City,YouBike2.0_國中高職東街口,鶯歌區,國中路113至117-3號(對面),YouBike2.0_Guozhong & Gaozhi E. Intersection,Yingge Dist,"No. 113, Guozhong St., Yingge Dist.(opposite)",500234035,15,3,20260820T105303,24.94117,121.34116,12,1,2,1,2026-08-20T11:22:55+08:00
新北市,New Taipei City,YouBike2.0_尖山路高厝巷口,鶯歌區,尖山路276-5號(旁),YouBike2.0_Gaocuo Ln. Jianshan Rd.,Yingge Dist,"No. 276-5, Jianshan Rd. (Side)",500234036,15,2,20260820T101704,24.94495,121.34102,12,1,2,0,2026-08-20T11:22:55+08:00
新北市,New Taipei City,YouBike2.0_公八停車場,鶯歌區,國華路53號(對面),YouBike2.0_Public 8th Parking Lot,Yingge Dist,"No.53, Guohua Rd. (opposite)",500234037,15,4,20260820T092203,24.95515,121.34285,10,1,4,0,2026-08-20T11:22:55+08:00
新北市,New Taipei City,YouBike2.0_龍三鳳鳴路口,鶯歌區,鳳鳴路541號,YouBike2.0_Long 3rd. Rd. & Fengming Rd. Intersection,Yingge Dist,"No. 541, Fengming Rd.",500234038,18,0,20260820T100624,24.97286,121.33137,18,1,0,0,2026-08-20T11:22:55+08:00
新北市,New Taipei City,YouBike2.0_鳳福鳳三路口,鶯歌區,鳳三路360號,YouBike2.0_Fengfu Rd. & Feng 3rd. Rd. Intersection,Yingge Dist,"No. 360, Feng 3rd Rd.",500234039,22,5,20260820T104303,24.97567,121.33143,17,1,5,0,2026-08-20T11:22:55+08:00
新北市,New Taipei City,YouBike2.0_北鶯公園,鶯歌區,成功街20巷19號(旁),YouBike2.0_Beiying Park,Yingge Dist,"No. 19, Ln. 20, Chenggong St. (Side)",500234040,15,3,20260820T103004,24.95777,121.35942,12,1,1,2,2026-08-20T11:22:55+08:00
新北市,New Taipei City,YouBike2.0_鶯歌火車站(文化路),鶯歌區,文化路/文化路115巷(北側),YouBike2.0_Yingge Station (Wenhua Rd.),Yingge Dist,"Ln. 115, Wenhua Rd. Intersection (North)",500234041,25,18,20260820T105303,24.95536,121.35697,7,1,17,1,2026-08-20T11:22:55+08:00
新北市,New Taipei City,YouBike2.0_鳳七鶯歌路口,鶯歌區,鶯歌路101-107號(旁),YouBike2.0_Feng 7th Rd. & Yingge Rd. Intersection,Yingge Dist,"No. 101-107, Yingge Rd. (Side)",500234042,11,2,20260820T111202,24.96916,121.33193,9,1,1,1,2026-08-20T11:22:55+08:00
新北市,New Taipei City,YouBike2.0_國際一路112巷口,鶯歌區,國際一路167號(前),"YouBike2.0_Ln. 112, GuoJi 1st Rd.",Yingge Dist,"No. 167, GuoJi 1st Rd. (Front)",500234043,15,6,20260820T103403,24.97667,121.33579,9,1,6,0,2026-08-20T11:22:55+08:00
新北市,New Taipei City,YouBike2.0_臺鐵鳳鳴站,鶯歌區,鳳一路/鶯歌路口,YouBike2.0_Fengming Station,Yingge Dist,Feng 1st Rd. & YingGe Rd.,500234044,40,0,20260819T210005,24.97227,121.33674,0,0,0,0,2026-08-20T11:22:55+08:00
新北市,New Taipei City,YouBike2.0_鶯歌陶瓷老街,鶯歌區,重慶街/國慶街(西南側),YouBike2.0_YingGe Old Street,Yingge Dist,ChongQing St. & GuoQing St. (Southwest),500234045,33,22,20260820T104503,24.95219,121.351,11,1,22,0,2026-08-20T11:22:55+08:00
新北市,New Taipei City,YouBike2.0_鶯歌火車站(仁愛路62號),鶯歌區,仁愛路62號(東側),"YouBike2.0_YingGe Station (No. 62, RenAi Rd.)",Yingge Dist,"No. 62, RenAi Rd. (East)",500234046,42,22,20260820T111902,24.95505,121.35407,20,1,21,1,2026-08-20T11:22:55+08:00
新北市,New Taipei City,YouBike2.0_臺鐵鳳鳴站(鶯歌路),鶯歌區,鶯歌路276號(對面),YouBike2.0_Fengming Station (YingGe Rd.),Yingge Dist,"No. 276, YingGe Rd. (Opposite)",500234047,20,12,20260820T111716,24.97189,121.33651,0,1,12,0,2026-08-20T11:22:55+08:00
新北市,New Taipei City,YouBike2.0_光明育智路口,鶯歌區,光明街126號(東南側),YouBike2.0_GuangMing St. & YuZhi Rd. Intersection,Yingge Dist,"No. 126, GuangMing St. (Southeast)",500234048,14,2,20260820T104804,24.95587,121.3456,12,1,1,1,2026-08-20T11:22:55+08:00
新北市,New Taipei City,YouBike2.0_新鳳公園,鶯歌區,鶯桃路二段60號(對側),YouBike2.0_XinFeng Park,Yingge Dist,"No. 60, Sec. 2, YingTao Rd. (Opposite)",500234049,14,4,20260820T110505,24.9732,121.32474,9,1,3,1,2026-08-20T11:22:55+08:00
新北市,New Taipei City,YouBike2.0_鳳鳴機器人公園,鶯歌區,鳳鳴路/福安街7巷24弄口,YouBike2.0_FengMing Robot Park,Yingge Dist,"FengMing Rd. & Aly. 24, Ln. 7, FuAn St.",500234050,17,1,20260820T100403,24.96618,121.33465,16,1,1,0,2026-08-20T11:22:55+08:00
新北市,New Taipei City,YouBike2.0_龍五鳳七路口,鶯歌區,龍五路/鳳七路口,YouBike2.0_Long 5th Rd. & Feng 7th Rd. Intersection,Yingge Dist,Long 5th Rd. & Feng 7th Rd. Intersection,500234051,30,0,20260820T104022,24.97043,121.33101,30,1,0,0,2026-08-20T11:22:55+08:00
新北市,New Taipei City,YouBike2.0_龍鳳夜市,鶯歌區,鳳三路/龍三路(東南側),YouBike2.0_LongFeng Night Market,Yingge Dist,Feng 3rd Rd. & Long 3rd Rd. (Southeast),500234052,30,5,20260820T105803,24.97329,121.33331,25,1,5,0,2026-08-20T11:22:55+08:00
新北市,New Taipei City,YouBike2.0_中湖市民活動中心,鶯歌區,中湖街21號,YouBike2.0_Zhonghu Civic Activity Center,Yingge Dist,"No. 21, ZhongHu St.",500234053,20,4,20260820T110703,24.97298,121.3472,16,1,4,0,2026-08-20T11:22:55+08:00
新北市,New Taipei City,YouBike2.0_鳳一鳳吉一街口,鶯歌區,鳳吉一街259號(旁),YouBike2.0_Feng 1st Rd. & FengJi 1st St. Intersection,Yingge Dist,"No. 259, FengJi 1st St. (Side)",500234054,20,9,20260820T095304,24.97677,121.3317,11,1,9,0,2026-08-20T11:22:55+08:00
新北市,New Taipei City,YouBike2.0_鳳五路122號前,鶯歌區,鳳五路122號前,"YouBike2.0_No. 122, Feng 5th Rd.",Yingge Dist,"No. 122, Feng 5th Rd. (Front)",500234055,18,5,20260820T110203,24.97316,121.32991,13,1,5,0,2026-08-20T11:22:55+08:00
新北市,New Taipei City,YouBike2.0_建國永昌街口,鶯歌區,建國路546號(對面),YouBike2.0_JianGuo Rd. & YongChang St. Intersection,Yingge Dist,"No. 546, JianGuo Rd. (Opposite)",500234056,17,6,20260820T102304,24.95031,121.33831,10,1,3,3,2026-08-20T11:22:55+08:00
新北市,New Taipei City,YouBike2.0_捷運鶯歌車站,鶯歌區,館前路300號(對側),YouBike2.0_MRT Yingge Sta.,Yingge Dist,"No. 300, GuanQian Rd. (Opposite)",500234057,34,27,20260820T111004,24.95322,121.35668,7,1,27,0,2026-08-20T11:22:55+08:00
新北市,New Taipei City,YouBike2.0_鳳三龍七路口,鶯歌區,鳳三路68號,YouBike2.0_Feng 3rd Rd. & Long 7th Rd. Intersection,Yingge Dist,"No. 68, Feng 3rd Rd.",500234058,18,9,20260820T111004,24.97204,121.33467,9,1,8,1,2026-08-20T11:22:55+08:00
新北市,New Taipei City,YouBike2.0_捷運國華站,鶯歌區,國華路45號(對側),YouBike2.0_MRT Guohua Sta.,Yingge Dist,"No. 45, GuoHua Rd. (Opposite)",500234059,24,10,20260820T105004,24.95535,121.34251,14,1,9,1,2026-08-20T11:22:55+08:00
新北市,New Taipei City,YouBike2.0_捷運陶瓷老街站,鶯歌區,捷運陶瓷老街站(重慶街側),YouBike2.0_MRT Ceramics Old Street Sta.,Yingge Dist,MRT Ceramics Old Street Sta. (ChongQing St.),500234060,36,17,20260820T110203,24.95212,121.35065,19,1,17,0,2026-08-20T11:22:55+08:00
新北市,New Taipei City,YouBike2.0_捷運永吉公園站,鶯歌區,鶯桃路296巷口,YouBike2.0_MRT Yongji Park Sta.,Yingge Dist,"Ln. 296, YingTao Rd. Intersection",500234061,47,8,20260820T100103,24.96048,121.33476,39,1,8,0,2026-08-20T11:22:55+08:00
新北市,New Taipei City,YouBike2.0_捷運鶯桃福德站,鶯歌區,福德一路20號(對側),YouBike2.0_MRT Yingtao Fude Sta.,Yingge Dist,"No. 20, FuDe 1st Rd. (Opposite)",500234062,75,22,20260820T111703,24.96704,121.33044,53,1,22,0,2026-08-20T11:22:55+08:00
新北市,New Taipei City,YouBike2.0_捷運國華站(2號出口),鶯歌區,國華路97號(對側),YouBike2.0_MRT Guohua Sta.(Exit 2),Yingge Dist,"No. 97, GuoHua Rd. (Opposite)",500234063,60,21,20260820T102603,24.95374,121.34301,39,1,21,0,2026-08-20T11:22:55+08:00
新北市,New Taipei City,YouBike2.0_鶯歌山水步道停車場,鶯歌區,觀景涼亭停車場,YouBike2.0_YingGe Riverside Trail Car Park,Yingge Dist,YingGe Riverside Trail Car Park,500234064,24,6,20260819T215802,24.93205,121.32825,18,1,5,1,2026-08-20T11:22:55+08:00
新北市,New Taipei City,YouBike2.0_鶯歌環河自行車道,鶯歌區,環河路/甲三街(南側自行車道),YouBike2.0_YingGe Riverside Cycling Route,Yingge Dist,Huanhe Rd. & Jia 3rd St. (South),500234065,20,12,20260820T101904,24.92967,121.33837,8,1,12,0,2026-08-20T11:22:55+08:00
新北市,New Taipei City,YouBike2.0_鶯歌火車站(仁愛路),鶯歌區,仁愛路55號對側,YouBike2.0_Yingge Railway Station(Ren’ai Rd.),Yingge Dist,"No.55, Ren’ai Rd., Yingge Dist.(opposite)",500234001,69,19,20260820T113402,24.95559,121.35441,47,1,19,0,2026-08-20T12:04:52+08:00
新北市,New Taipei City,YouBike2.0_新北市立圖書館鶯歌分館,鶯歌區,中山路150號,YouBike2.0_New Taipei City Library Yingge Branch,Yingge Dist,"No.150, Zhongshan Rd.",500234002,20,7,20260820T114702,24.9572,121.34946,13,1,7,0,2026-08-20T12:04:52+08:00
新北市,New Taipei City,YouBike2.0_文化館前路口,鶯歌區,文化路407號旁,YouBike2.0_Yingge Ceramics Museum,Yingge Dist,"No. 407, Wenhua Rd.",500234003,44,2,20260820T115904,24.94948,121.35291,42,1,2,0,2026-08-20T12:04:52+08:00
新北市,New Taipei City,YouBike2.0_鶯歌國民運動中心,鶯歌區,館前路250號運動中心前,YouBike2.0_Yingge Civil Sports Center,Yingge Dist,"No.250, Guanqian Rd., Yingge Dist.",500234004,38,14,20260820T114702,24.95139,121.35733,24,1,13,1,2026-08-20T12:04:52+08:00
新北市,New Taipei City,YouBike2.0_尖山國中,鶯歌區,國中街1號,YouBike2.0_Municipal Jianshan Junior High School,Yingge Dist,"No.1, Guozhong St., Yingge Dist(sidewalk)",500234005,20,0,20260820T115904,24.94381,121.34207,20,1,0,0,2026-08-20T12:04:52+08:00
新北市,New Taipei City,YouBike2.0_新北市立鶯歌高級工商職業學校,鶯歌區,中正三路154號,YouBike2.0_New Taipei Municipal Yingge Vocational High School,Yingge Dist,"No. 154, Zhongzheng 3rd. Rd",500234006,56,5,20260820T105803,24.93923,121.33488,51,1,4,1,2026-08-20T12:04:52+08:00
新北市,New Taipei City,YouBike2.0_鶯歌國中,鶯歌區,鶯桃路39-5號對側,YouBike2.0_Yingge Junior High chool,Yingge Dist,"No.39-5, Yingtao Rd.(opposite)",500234007,30,14,20260820T115604,24.95119,121.34256,15,1,14,0,2026-08-20T12:04:52+08:00
新北市,New Taipei City,YouBike2.0_永吉國小,鶯歌區,德昌二街39號對側,YouBike2.0_Yongchi elementary school,Yingge Dist,"No.39, Dechang 2nd St., Yingge Dist.",500234008,20,11,20260820T092703,24.95865,121.33308,9,1,10,1,2026-08-20T12:04:52+08:00
新北市,New Taipei City,YouBike2.0_鳳祥公園,鶯歌區,鶯桃路365巷130號對側,YouBike2.0_Fengxiang Park,Yingge Dist,"No.130, Ln. 365, Yingtao Rd., Yingge Dist.",500234009,20,10,20260820T114203,24.96283,121.33025,9,1,9,1,2026-08-20T12:04:52+08:00
新北市,New Taipei City,YouBike2.0_鳳鳴國小,鶯歌區,永和街120號,YouBike2.0_Fengming Elementary School,Yingge Dist,"No.120, Yonghe St., Yingge Dist.",500234010,20,5,20260820T113603,24.9692,121.3347,15,1,5,0,2026-08-20T12:04:52+08:00
新北市,New Taipei City,YouBike2.0_國際二國際一路口,鶯歌區,國際二路與國際一路口,YouBike2.0_Guoji 2nd Guoji 1st Intersection,Yingge Dist,"Guoji 2nd Rd./Guoji 1st Rd., Yingge Dist.",500234011,20,4,20260820T105203,24.97577,121.3353,16,1,1,3,2026-08-20T12:04:52+08:00
新北市,New Taipei City,YouBike2.0_鳳福公園,鶯歌區,鳳吉一街186號(對面),YouBike2.0_Fengfu Park,Yingge Dist,"No. 186, Fengji 1st St., Yingge Dist.(opposite)",500234012,20,4,20260820T111103,24.97572,121.32938,16,1,4,0,2026-08-20T12:04:52+08:00
新北市,New Taipei City,YouBike2.0_尖山公園,鶯歌區,鶯歌區尖山路161號對面,YouBike2.0_Jianshan Park,Yingge Dist,"No.161, Jianshan Rd.(opposite)",500234013,29,17,20260820T115604,24.9482,121.346,12,1,15,2,2026-08-20T12:04:52+08:00
新北市,New Taipei City,YouBike2.0_永昌里兒一公園,鶯歌區,鶯桃路182巷96弄36-38號對側,YouBike2.0_Yongchang Village Children Park (No.1),Yingge Dist,"No.36-38, Aly. 96, Ln. 182, Yingtao Rd.(oppsite)",500234014,20,9,20260820T085803,24.956649374562204,121.33959628800724,11,1,8,1,2026-08-20T12:04:52+08:00
新北市,New Taipei City,YouBike2.0_南雅育智路口,鶯歌區,南雅路491號(對面),YouBike2.0_Nanya & Yuzhi Rd. Intersection,Yingge Dist,"No.491, Nanya Rd., Yingge Dist.(opposite)",500234015,22,1,20260820T112817,24.954,121.346,21,1,1,0,2026-08-20T12:04:52+08:00
新北市,New Taipei City,YouBike2.0_國中二甲路口,鶯歌區,國中街175號(前),YouBike2.0_Guozhong & Erjia Intersection,Yingge Dist,"No. 175, Guozhong St., Yingge Dist.",500234016,20,4,20260820T112902,24.939489067109363,121.33868650698288,16,1,2,2,2026-08-20T12:04:52+08:00
新北市,New Taipei City,YouBike2.0_鶯歌永利街,鶯歌區,永利街16號(對面),YouBike2.0_Yingge Yongli St.,Yingge Dist,"No. 16, Yongli St. Yingge Dist.",500234017,15,1,20260820T115703,24.95495,121.33911,13,1,1,0,2026-08-20T12:04:52+08:00
新北市,New Taipei City,YouBike2.0_二橋虹橋公園,鶯歌區,中正三路400號(對面),YouBike2.0_Erqiaoshiguanghongqiao Park,Yingge Dist,"No. 400, Zhongzheng 3rd Rd.(Opposite)",500234018,10,6,20260820T072402,24.93453,121.32595,4,1,5,1,2026-08-20T12:04:52+08:00
新北市,New Taipei City,YouBike2.0_鳳吉四鳳七路口(捷士匯社區),鶯歌區,鳳吉四街57-75號(旁),YouBike2.0_Fengji 4th & Feng 7th Rd. Intersection,Yingge Dist,"No. 57-75, Fengji 4th St.",500234021,40,1,20260820T110505,24.97383,121.32769,39,1,0,1,2026-08-20T12:04:52+08:00
新北市,New Taipei City,YouBike2.0_鶯歌老街第二停車場,鶯歌區,尖山埔路27-31號(對面),YouBike2.0_Yingge Old Street 2nd Parking Lot,Yingge Dist,"No. 27-31, Jianshanpu Rd.(Opposite)",500234022,20,12,20260820T115703,24.94895,121.34227,8,1,10,2,2026-08-20T12:04:52+08:00
新北市,New Taipei City,YouBike2.0_建國中正一路口(北鶯社區),鶯歌區,建國路6號(對面空地),YouBike2.0_Jianguo Zhongzheng 1st Rd. Intersection,Yingge Dist,"No. 6, Jianguo Rd.(Opposite)",500234023,20,5,20260820T115703,24.95658,121.35692,15,1,4,1,2026-08-20T12:04:52+08:00
新北市,New Taipei City,YouBike2.0_三鶯水資源回收中心,鶯歌區,館前路360號(旁),YouBike2.0_Sanying Water Recycling Center,Yingge Dist,"No. 360, Guanqian Rd.",500234024,14,9,20260820T063302,24.95535,121.35996,5,1,6,3,2026-08-20T12:04:52+08:00
新北市,New Taipei City,YouBike2.0_永和街65巷口,鶯歌區,永和街75號,"YouBike2.0_Ln. 65, Yonghe St. Intersection",Yingge Dist,"No. 75, Yonghe St.",500234025,37,15,20260820T115904,24.96798,121.3331413,21,1,11,4,2026-08-20T12:04:52+08:00
新北市,New Taipei City,YouBike2.0_鶯歌陶瓷博物館,鶯歌區,文化路200號(旁),YouBike2.0_Yingge Ceramics Museum(Wenhua Rd.),Yingge Dist,"No. 200, Wenhua Rd.",500234026,22,6,20260820T105104,24.95012,121.35245,16,1,5,1,2026-08-20T12:04:52+08:00
新北市,New Taipei City,YouBike2.0_礫間停車場,鶯歌區,礫間停車場,YouBike2.0_Lijian Parking,Yingge Dist,Lijian Parking,500234028,20,9,20260820T110404,24.9518,121.35445,11,1,8,1,2026-08-20T12:04:52+08:00
新北市,New Taipei City,YouBike2.0_北鶯停車場,鶯歌區,北鶯停車場,YouBike2.0_Beiying Parking,Yingge Dist,Beiying Parking,500234029,20,10,20260819T130204,24.95567,121.35992,10,1,10,0,2026-08-20T12:04:52+08:00
新北市,New Taipei City,YouBike2.0_育英建國路口,鶯歌區,建國路280號(旁),YouBike2.0_Yuying Jianguo Rd. Intersection,Yingge Dist,"No. 280, Jianguo Rd.",500234030,12,3,20260820T115803,24.95356,121.34693,9,1,3,0,2026-08-20T12:04:52+08:00
新北市,New Taipei City,YouBike2.0_中正一仁愛路口,鶯歌區,中正一路181號(對面),YouBike2.0_Zhongzheng 1st & Ren'ai Rd Intersection,Yingge Dist,"No. 181, Zhongzheng 1st Rd.(Opposite)",500234031,15,2,20260820T115203,24.95672,121.3532,13,1,0,2,2026-08-20T12:04:52+08:00
新北市,New Taipei City,YouBike2.0_建國國小,鶯歌區,育英街19號(旁),YouBike2.0_Jianguo Elementary School,Yingge Dist,"No. 19, Yuying St.",500234032,15,6,20260820T113003,24.95521,121.34727,9,1,6,0,2026-08-20T12:04:52+08:00
新北市,New Taipei City,YouBike2.0_光明橋,鶯歌區,永明街78號(旁),YouBike2.0_Guang-ming bridge,Yingge Dist,"No. 78, Yongming St., Yingge Dist.(side)",500234033,14,5,20260820T115203,24.95577,121.34128,9,1,5,0,2026-08-20T12:04:52+08:00
新北市,New Taipei City,YouBike2.0_二橋派出所,鶯歌區,高職西街/中正三路口(西北側),YouBike2.0_Erqiao Police Station,Yingge Dist,"Gaozhi W. St. & Zhongzheng 3rd Rd., Yingge Dist. (west side)",500234034,11,3,20260820T114203,24.94216,121.33884,8,1,3,0,2026-08-20T12:04:52+08:00
新北市,New Taipei City,YouBike2.0_國中高職東街口,鶯歌區,國中路113至117-3號(對面),YouBike2.0_Guozhong & Gaozhi E. Intersection,Yingge Dist,"No. 113, Guozhong St., Yingge Dist.(opposite)",500234035,15,1,20260820T112702,24.94117,121.34116,14,1,0,1,2026-08-20T12:04:52+08:00
新北市,New Taipei City,YouBike2.0_尖山路高厝巷口,鶯歌區,尖山路276-5號(旁),YouBike2.0_Gaocuo Ln. Jianshan Rd.,Yingge Dist,"No. 276-5, Jianshan Rd. (Side)",500234036,15,2,20260820T115203,24.94495,121.34102,12,1,2,0,2026-08-20T12:04:52+08:00
新北市,New Taipei City,YouBike2.0_公八停車場,鶯歌區,國華路53號(對面),YouBike2.0_Public 8th Parking Lot,Yingge Dist,"No.53, Guohua Rd. (opposite)",500234037,15,4,20260820T092203,24.95515,121.34285,10,1,4,0,2026-08-20T12:04:52+08:00
新北市,New Taipei City,YouBike2.0_龍三鳳鳴路口,鶯歌區,鳳鳴路541號,YouBike2.0_Long 3rd. Rd. & Fengming Rd. Intersection,Yingge Dist,"No. 541, Fengming Rd.",500234038,18,1,20260820T115302,24.97286,121.33137,17,1,1,0,2026-08-20T12:04:52+08:00
新北市,New Taipei City,YouBike2.0_鳳福鳳三路口,鶯歌區,鳳三路360號,YouBike2.0_Fengfu Rd. & Feng 3rd. Rd. Intersection,Yingge Dist,"No. 360, Feng 3rd Rd.",500234039,22,4,20260820T115004,24.97567,121.33143,18,1,4,0,2026-08-20T12:04:52+08:00
新北市,New Taipei City,YouBike2.0_北鶯公園,鶯歌區,成功街20巷19號(旁),YouBike2.0_Beiying Park,Yingge Dist,"No. 19, Ln. 20, Chenggong St. (Side)",500234040,15,4,20260820T112802,24.95777,121.35942,11,1,2,2,2026-08-20T12:04:52+08:00
新北市,New Taipei City,YouBike2.0_鶯歌火車站(文化路),鶯歌區,文化路/文化路115巷(北側),YouBike2.0_Yingge Station (Wenhua Rd.),Yingge Dist,"Ln. 115, Wenhua Rd. Intersection (North)",500234041,25,19,20260820T113603,24.95536,121.35697,6,1,17,2,2026-08-20T12:04:52+08:00
新北市,New Taipei City,YouBike2.0_鳳七鶯歌路口,鶯歌區,鶯歌路101-107號(旁),YouBike2.0_Feng 7th Rd. & Yingge Rd. Intersection,Yingge Dist,"No. 101-107, Yingge Rd. (Side)",500234042,11,2,20260820T111202,24.96916,121.33193,9,1,1,1,2026-08-20T12:04:52+08:00
新北市,New Taipei City,YouBike2.0_國際一路112巷口,鶯歌區,國際一路167號(前),"YouBike2.0_Ln. 112, GuoJi 1st Rd.",Yingge Dist,"No. 167, GuoJi 1st Rd. (Front)",500234043,15,4,20260820T113902,24.97667,121.33579,11,1,4,0,2026-08-20T12:04:52+08:00
新北市,New Taipei City,YouBike2.0_臺鐵鳳鳴站,鶯歌區,鳳一路/鶯歌路口,YouBike2.0_Fengming Station,Yingge Dist,Feng 1st Rd. & YingGe Rd.,500234044,40,0,20260819T210005,24.97227,121.33674,0,0,0,0,2026-08-20T12:04:52+08:00
新北市,New Taipei City,YouBike2.0_鶯歌陶瓷老街,鶯歌區,重慶街/國慶街(西南側),YouBike2.0_YingGe Old Street,Yingge Dist,ChongQing St. & GuoQing St. (Southwest),500234045,33,22,20260820T113402,24.95219,121.351,11,1,22,0,2026-08-20T12:04:52+08:00
新北市,New Taipei City,YouBike2.0_鶯歌火車站(仁愛路62號),鶯歌區,仁愛路62號(東側),"YouBike2.0_YingGe Station (No. 62, RenAi Rd.)",Yingge Dist,"No. 62, RenAi Rd. (East)",500234046,42,23,20260820T115703,24.95505,121.35407,19,1,23,0,2026-08-20T12:04:52+08:00
新北市,New Taipei City,YouBike2.0_臺鐵鳳鳴站(鶯歌路),鶯歌區,鶯歌路276號(對面),YouBike2.0_Fengming Station (YingGe Rd.),Yingge Dist,"No. 276, YingGe Rd. (Opposite)",500234047,20,3,20260820T115503,24.97189,121.33651,8,1,3,0,2026-08-20T12:04:52+08:00
新北市,New Taipei City,YouBike2.0_光明育智路口,鶯歌區,光明街126號(東南側),YouBike2.0_GuangMing St. & YuZhi Rd. Intersection,Yingge Dist,"No. 126, GuangMing St. (Southeast)",500234048,14,2,20260820T104804,24.95587,121.3456,12,1,1,1,2026-08-20T12:04:52+08:00
新北市,New Taipei City,YouBike2.0_新鳳公園,鶯歌區,鶯桃路二段60號(對側),YouBike2.0_XinFeng Park,Yingge Dist,"No. 60, Sec. 2, YingTao Rd. (Opposite)",500234049,14,3,20260820T115904,24.9732,121.32474,10,1,3,0,2026-08-20T12:04:52+08:00
新北市,New Taipei City,YouBike2.0_鳳鳴機器人公園,鶯歌區,鳳鳴路/福安街7巷24弄口,YouBike2.0_FengMing Robot Park,Yingge Dist,"FengMing Rd. & Aly. 24, Ln. 7, FuAn St.",500234050,17,1,20260820T100403,24.96618,121.33465,16,1,1,0,2026-08-20T12:04:52+08:00
新北市,New Taipei City,YouBike2.0_龍五鳳七路口,鶯歌區,龍五路/鳳七路口,YouBike2.0_Long 5th Rd. & Feng 7th Rd. Intersection,Yingge Dist,Long 5th Rd. & Feng 7th Rd. Intersection,500234051,30,0,20260820T104022,24.97043,121.33101,30,1,0,0,2026-08-20T12:04:52+08:00
新北市,New Taipei City,YouBike2.0_龍鳳夜市,鶯歌區,鳳三路/龍三路(東南側),YouBike2.0_LongFeng Night Market,Yingge Dist,Feng 3rd Rd. & Long 3rd Rd. (Southeast),500234052,30,6,20260820T115503,24.97329,121.33331,24,1,6,0,2026-08-20T12:04:52+08:00
新北市,New Taipei City,YouBike2.0_中湖市民活動中心,鶯歌區,中湖街21號,YouBike2.0_Zhonghu Civic Activity Center,Yingge Dist,"No. 21, ZhongHu St.",500234053,20,5,20260820T115703,24.97298,121.3472,15,1,5,0,2026-08-20T12:04:52+08:00
新北市,New Taipei City,YouBike2.0_鳳一鳳吉一街口,鶯歌區,鳳吉一街259號(旁),YouBike2.0_Feng 1st Rd. & FengJi 1st St. Intersection,Yingge Dist,"No. 259, FengJi 1st St. (Side)",500234054,20,9,20260820T095304,24.97677,121.3317,11,1,9,0,2026-08-20T12:04:52+08:00
新北市,New Taipei City,YouBike2.0_鳳五路122號前,鶯歌區,鳳五路122號前,"YouBike2.0_No. 122, Feng 5th Rd.",Yingge Dist,"No. 122, Feng 5th Rd. (Front)",500234055,18,1,20260820T115302,24.97316,121.32991,17,1,1,0,2026-08-20T12:04:52+08:00
新北市,New Taipei City,YouBike2.0_建國永昌街口,鶯歌區,建國路546號(對面),YouBike2.0_JianGuo Rd. & YongChang St. Intersection,Yingge Dist,"No. 546, JianGuo Rd. (Opposite)",500234056,17,6,20260820T102304,24.95031,121.33831,10,1,3,3,2026-08-20T12:04:52+08:00
新北市,New Taipei City,YouBike2.0_捷運鶯歌車站,鶯歌區,館前路300號(對側),YouBike2.0_MRT Yingge Sta.,Yingge Dist,"No. 300, GuanQian Rd. (Opposite)",500234057,34,27,20260820T115803,24.95322,121.35668,7,1,27,0,2026-08-20T12:04:52+08:00
新北市,New Taipei City,YouBike2.0_鳳三龍七路口,鶯歌區,鳳三路68號,YouBike2.0_Feng 3rd Rd. & Long 7th Rd. Intersection,Yingge Dist,"No. 68, Feng 3rd Rd.",500234058,18,5,20260820T115703,24.97204,121.33467,13,1,4,1,2026-08-20T12:04:52+08:00
新北市,New Taipei City,YouBike2.0_捷運國華站,鶯歌區,國華路45號(對側),YouBike2.0_MRT Guohua Sta.,Yingge Dist,"No. 45, GuoHua Rd. (Opposite)",500234059,24,10,20260820T115104,24.95535,121.34251,14,1,9,1,2026-08-20T12:04:52+08:00
新北市,New Taipei City,YouBike2.0_捷運陶瓷老街站,鶯歌區,捷運陶瓷老街站(重慶街側),YouBike2.0_MRT Ceramics Old Street Sta.,Yingge Dist,MRT Ceramics Old Street Sta. (ChongQing St.),500234060,36,18,20260820T113004,24.95212,121.35065,18,1,18,0,2026-08-20T12:04:52+08:00
新北市,New Taipei City,YouBike2.0_捷運永吉公園站,鶯歌區,鶯桃路296巷口,YouBike2.0_MRT Yongji Park Sta.,Yingge Dist,"Ln. 296, YingTao Rd. Intersection",500234061,47,8,20260820T100103,24.96048,121.33476,39,1,8,0,2026-08-20T12:04:52+08:00
新北市,New Taipei City,YouBike2.0_捷運鶯桃福德站,鶯歌區,福德一路20號(對側),YouBike2.0_MRT Yingtao Fude Sta.,Yingge Dist,"No. 20, FuDe 1st Rd. (Opposite)",500234062,75,24,20260820T115703,24.96704,121.33044,51,1,24,0,2026-08-20T12:04:52+08:00
新北市,New Taipei City,YouBike2.0_捷運國華站(2號出口),鶯歌區,國華路97號(對側),YouBike2.0_MRT Guohua Sta.(Exit 2),Yingge Dist,"No. 97, GuoHua Rd. (Opposite)",500234063,60,20,20260820T115803,24.95374,121.34301,40,1,20,0,2026-08-20T12:04:52+08:00
新北市,New Taipei City,YouBike2.0_鶯歌山水步道停車場,鶯歌區,觀景涼亭停車場,YouBike2.0_YingGe Riverside Trail Car Park,Yingge Dist,YingGe Riverside Trail Car Park,500234064,24,6,20260819T215802,24.93205,121.32825,18,1,5,1,2026-08-20T12:04:52+08:00
新北市,New Taipei City,YouBike2.0_鶯歌環河自行車道,鶯歌區,環河路/甲三街(南側自行車道),YouBike2.0_YingGe Riverside Cycling Route,Yingge Dist,Huanhe Rd. & Jia 3rd St. (South),500234065,20,12,20260820T101904,24.92967,121.33837,8,1,12,0,2026-08-20T12:04:52+08:00
新北市,New Taipei City,YouBike2.0_鶯歌火車站(仁愛路),鶯歌區,仁愛路55號對側,YouBike2.0_Yingge Railway Station(Ren’ai Rd.),Yingge Dist,"No.55, Ren’ai Rd., Yingge Dist.(opposite)",500234001,69,26,20260820T123803,24.95559,121.35441,40,1,26,0,2026-08-20T12:50:43+08:00
新北市,New Taipei City,YouBike2.0_新北市立圖書館鶯歌分館,鶯歌區,中山路150號,YouBike2.0_New Taipei City Library Yingge Branch,Yingge Dist,"No.150, Zhongshan Rd.",500234002,20,3,20260820T124503,24.9572,121.34946,17,1,3,0,2026-08-20T12:50:43+08:00
新北市,New Taipei City,YouBike2.0_文化館前路口,鶯歌區,文化路407號旁,YouBike2.0_Yingge Ceramics Museum,Yingge Dist,"No. 407, Wenhua Rd.",500234003,44,4,20260820T123504,24.94948,121.35291,40,1,4,0,2026-08-20T12:50:43+08:00
新北市,New Taipei City,YouBike2.0_鶯歌國民運動中心,鶯歌區,館前路250號運動中心前,YouBike2.0_Yingge Civil Sports Center,Yingge Dist,"No.250, Guanqian Rd., Yingge Dist.",500234004,38,12,20260820T124702,24.95139,121.35733,26,1,11,1,2026-08-20T12:50:43+08:00
新北市,New Taipei City,YouBike2.0_尖山國中,鶯歌區,國中街1號,YouBike2.0_Municipal Jianshan Junior High School,Yingge Dist,"No.1, Guozhong St., Yingge Dist(sidewalk)",500234005,20,0,20260820T120018,24.94381,121.34207,20,1,0,0,2026-08-20T12:50:43+08:00
新北市,New Taipei City,YouBike2.0_新北市立鶯歌高級工商職業學校,鶯歌區,中正三路154號,YouBike2.0_New Taipei Municipal Yingge Vocational High School,Yingge Dist,"No. 154, Zhongzheng 3rd. Rd",500234006,56,3,20260820T123103,24.93923,121.33488,53,1,2,1,2026-08-20T12:50:43+08:00
新北市,New Taipei City,YouBike2.0_鶯歌國中,鶯歌區,鶯桃路39-5號對側,YouBike2.0_Yingge Junior High chool,Yingge Dist,"No.39-5, Yingtao Rd.(opposite)",500234007,30,8,20260820T124904,24.95119,121.34256,21,1,8,0,2026-08-20T12:50:43+08:00
新北市,New Taipei City,YouBike2.0_永吉國小,鶯歌區,德昌二街39號對側,YouBike2.0_Yongchi elementary school,Yingge Dist,"No.39, Dechang 2nd St., Yingge Dist.",500234008,20,10,20260820T124904,24.95865,121.33308,10,1,9,1,2026-08-20T12:50:43+08:00
新北市,New Taipei City,YouBike2.0_鳳祥公園,鶯歌區,鶯桃路365巷130號對側,YouBike2.0_Fengxiang Park,Yingge Dist,"No.130, Ln. 365, Yingtao Rd., Yingge Dist.",500234009,20,9,20260820T124604,24.96283,121.33025,10,1,8,1,2026-08-20T12:50:43+08:00
新北市,New Taipei City,YouBike2.0_鳳鳴國小,鶯歌區,永和街120號,YouBike2.0_Fengming Elementary School,Yingge Dist,"No.120, Yonghe St., Yingge Dist.",500234010,20,3,20260820T120503,24.9692,121.3347,17,1,3,0,2026-08-20T12:50:43+08:00
新北市,New Taipei City,YouBike2.0_國際二國際一路口,鶯歌區,國際二路與國際一路口,YouBike2.0_Guoji 2nd Guoji 1st Intersection,Yingge Dist,"Guoji 2nd Rd./Guoji 1st Rd., Yingge Dist.",500234011,20,2,20260820T124702,24.97577,121.3353,18,1,0,2,2026-08-20T12:50:43+08:00
新北市,New Taipei City,YouBike2.0_鳳福公園,鶯歌區,鳳吉一街186號(對面),YouBike2.0_Fengfu Park,Yingge Dist,"No. 186, Fengji 1st St., Yingge Dist.(opposite)",500234012,20,4,20260820T122904,24.97572,121.32938,16,1,3,1,2026-08-20T12:50:43+08:00
新北市,New Taipei City,YouBike2.0_尖山公園,鶯歌區,鶯歌區尖山路161號對面,YouBike2.0_Jianshan Park,Yingge Dist,"No.161, Jianshan Rd.(opposite)",500234013,29,14,20260820T124803,24.9482,121.346,15,1,12,2,2026-08-20T12:50:43+08:00
新北市,New Taipei City,YouBike2.0_永昌里兒一公園,鶯歌區,鶯桃路182巷96弄36-38號對側,YouBike2.0_Yongchang Village Children Park (No.1),Yingge Dist,"No.36-38, Aly. 96, Ln. 182, Yingtao Rd.(oppsite)",500234014,20,9,20260820T085803,24.956649374562204,121.33959628800724,11,1,8,1,2026-08-20T12:50:43+08:00
新北市,New Taipei City,YouBike2.0_南雅育智路口,鶯歌區,南雅路491號(對面),YouBike2.0_Nanya & Yuzhi Rd. Intersection,Yingge Dist,"No.491, Nanya Rd., Yingge Dist.(opposite)",500234015,22,7,20260820T124702,24.954,121.346,15,1,6,1,2026-08-20T12:50:43+08:00
新北市,New Taipei City,YouBike2.0_國中二甲路口,鶯歌區,國中街175號(前),YouBike2.0_Guozhong & Erjia Intersection,Yingge Dist,"No. 175, Guozhong St., Yingge Dist.",500234016,20,3,20260820T124403,24.939489067109363,121.33868650698288,17,1,1,2,2026-08-20T12:50:43+08:00
新北市,New Taipei City,YouBike2.0_鶯歌永利街,鶯歌區,永利街16號(對面),YouBike2.0_Yingge Yongli St.,Yingge Dist,"No. 16, Yongli St. Yingge Dist.",500234017,15,4,20260820T123304,24.95495,121.33911,10,1,4,0,2026-08-20T12:50:43+08:00
新北市,New Taipei City,YouBike2.0_二橋虹橋公園,鶯歌區,中正三路400號(對面),YouBike2.0_Erqiaoshiguanghongqiao Park,Yingge Dist,"No. 400, Zhongzheng 3rd Rd.(Opposite)",500234018,10,6,20260820T072402,24.93453,121.32595,4,1,5,1,2026-08-20T12:50:43+08:00
新北市,New Taipei City,YouBike2.0_鳳吉四鳳七路口(捷士匯社區),鶯歌區,鳳吉四街57-75號(旁),YouBike2.0_Fengji 4th & Feng 7th Rd. Intersection,Yingge Dist,"No. 57-75, Fengji 4th St.",500234021,40,3,20260820T124403,24.97383,121.32769,37,1,3,0,2026-08-20T12:50:43+08:00
新北市,New Taipei City,YouBike2.0_鶯歌老街第二停車場,鶯歌區,尖山埔路27-31號(對面),YouBike2.0_Yingge Old Street 2nd Parking Lot,Yingge Dist,"No. 27-31, Jianshanpu Rd.(Opposite)",500234022,20,12,20260820T122203,24.94895,121.34227,8,1,10,2,2026-08-20T12:50:43+08:00
新北市,New Taipei City,YouBike2.0_建國中正一路口(北鶯社區),鶯歌區,建國路6號(對面空地),YouBike2.0_Jianguo Zhongzheng 1st Rd. Intersection,Yingge Dist,"No. 6, Jianguo Rd.(Opposite)",500234023,20,5,20260820T122704,24.95658,121.35692,15,1,4,1,2026-08-20T12:50:43+08:00
新北市,New Taipei City,YouBike2.0_三鶯水資源回收中心,鶯歌區,館前路360號(旁),YouBike2.0_Sanying Water Recycling Center,Yingge Dist,"No. 360, Guanqian Rd.",500234024,14,9,20260820T063302,24.95535,121.35996,5,1,6,3,2026-08-20T12:50:43+08:00
新北市,New Taipei City,YouBike2.0_永和街65巷口,鶯歌區,永和街75號,"YouBike2.0_Ln. 65, Yonghe St. Intersection",Yingge Dist,"No. 75, Yonghe St.",500234025,37,9,20260820T123702,24.96798,121.3331413,27,1,8,1,2026-08-20T12:50:43+08:00
新北市,New Taipei City,YouBike2.0_鶯歌陶瓷博物館,鶯歌區,文化路200號(旁),YouBike2.0_Yingge Ceramics Museum(Wenhua Rd.),Yingge Dist,"No. 200, Wenhua Rd.",500234026,22,9,20260820T124104,24.95012,121.35245,13,1,8,1,2026-08-20T12:50:43+08:00
新北市,New Taipei City,YouBike2.0_礫間停車場,鶯歌區,礫間停車場,YouBike2.0_Lijian Parking,Yingge Dist,Lijian Parking,500234028,20,9,20260820T110404,24.9518,121.35445,11,1,8,1,2026-08-20T12:50:43+08:00
新北市,New Taipei City,YouBike2.0_北鶯停車場,鶯歌區,北鶯停車場,YouBike2.0_Beiying Parking,Yingge Dist,Beiying Parking,500234029,20,10,20260819T130204,24.95567,121.35992,10,1,10,0,2026-08-20T12:50:43+08:00
新北市,New Taipei City,YouBike2.0_育英建國路口,鶯歌區,建國路280號(旁),YouBike2.0_Yuying Jianguo Rd. Intersection,Yingge Dist,"No. 280, Jianguo Rd.",500234030,12,2,20260820T121503,24.95356,121.34693,10,1,2,0,2026-08-20T12:50:43+08:00
新北市,New Taipei City,YouBike2.0_中正一仁愛路口,鶯歌區,中正一路181號(對面),YouBike2.0_Zhongzheng 1st & Ren'ai Rd Intersection,Yingge Dist,"No. 181, Zhongzheng 1st Rd.(Opposite)",500234031,15,3,20260820T122104,24.95672,121.3532,12,1,1,2,2026-08-20T12:50:43+08:00
新北市,New Taipei City,YouBike2.0_建國國小,鶯歌區,育英街19號(旁),YouBike2.0_Jianguo Elementary School,Yingge Dist,"No. 19, Yuying St.",500234032,15,7,20260820T123304,24.95521,121.34727,8,1,7,0,2026-08-20T12:50:43+08:00
新北市,New Taipei City,YouBike2.0_光明橋,鶯歌區,永明街78號(旁),YouBike2.0_Guang-ming bridge,Yingge Dist,"No. 78, Yongming St., Yingge Dist.(side)",500234033,14,4,20260820T122803,24.95577,121.34128,10,1,4,0,2026-08-20T12:50:43+08:00
新北市,New Taipei City,YouBike2.0_二橋派出所,鶯歌區,高職西街/中正三路口(西北側),YouBike2.0_Erqiao Police Station,Yingge Dist,"Gaozhi W. St. & Zhongzheng 3rd Rd., Yingge Dist. (west side)",500234034,11,3,20260820T123004,24.94216,121.33884,8,1,3,0,2026-08-20T12:50:43+08:00
新北市,New Taipei City,YouBike2.0_國中高職東街口,鶯歌區,國中路113至117-3號(對面),YouBike2.0_Guozhong & Gaozhi E. Intersection,Yingge Dist,"No. 113, Guozhong St., Yingge Dist.(opposite)",500234035,15,3,20260820T121202,24.94117,121.34116,12,1,2,1,2026-08-20T12:50:43+08:00
新北市,New Taipei City,YouBike2.0_尖山路高厝巷口,鶯歌區,尖山路276-5號(旁),YouBike2.0_Gaocuo Ln. Jianshan Rd.,Yingge Dist,"No. 276-5, Jianshan Rd. (Side)",500234036,15,3,20260820T120102,24.94495,121.34102,11,1,3,0,2026-08-20T12:50:43+08:00
新北市,New Taipei City,YouBike2.0_公八停車場,鶯歌區,國華路53號(對面),YouBike2.0_Public 8th Parking Lot,Yingge Dist,"No.53, Guohua Rd. (opposite)",500234037,15,5,20260820T122104,24.95515,121.34285,9,1,5,0,2026-08-20T12:50:43+08:00
新北市,New Taipei City,YouBike2.0_龍三鳳鳴路口,鶯歌區,鳳鳴路541號,YouBike2.0_Long 3rd. Rd. & Fengming Rd. Intersection,Yingge Dist,"No. 541, Fengming Rd.",500234038,18,1,20260820T124918,24.97286,121.33137,17,1,1,0,2026-08-20T12:50:43+08:00
新北市,New Taipei City,YouBike2.0_鳳福鳳三路口,鶯歌區,鳳三路360號,YouBike2.0_Fengfu Rd. & Feng 3rd. Rd. Intersection,Yingge Dist,"No. 360, Feng 3rd Rd.",500234039,22,5,20260820T120402,24.97567,121.33143,17,1,5,0,2026-08-20T12:50:43+08:00
新北市,New Taipei City,YouBike2.0_北鶯公園,鶯歌區,成功街20巷19號(旁),YouBike2.0_Beiying Park,Yingge Dist,"No. 19, Ln. 20, Chenggong St. (Side)",500234040,15,4,20260820T112802,24.95777,121.35942,11,1,2,2,2026-08-20T12:50:43+08:00
新北市,New Taipei City,YouBike2.0_鶯歌火車站(文化路),鶯歌區,文化路/文化路115巷(北側),YouBike2.0_Yingge Station (Wenhua Rd.),Yingge Dist,"Ln. 115, Wenhua Rd. Intersection (North)",500234041,25,17,20260820T122803,24.95536,121.35697,8,1,15,2,2026-08-20T12:50:43+08:00
新北市,New Taipei City,YouBike2.0_鳳七鶯歌路口,鶯歌區,鶯歌路101-107號(旁),YouBike2.0_Feng 7th Rd. & Yingge Rd. Intersection,Yingge Dist,"No. 101-107, Yingge Rd. (Side)",500234042,11,3,20260820T122904,24.96916,121.33193,8,1,2,1,2026-08-20T12:50:43+08:00
新北市,New Taipei City,YouBike2.0_國際一路112巷口,鶯歌區,國際一路167號(前),"YouBike2.0_Ln. 112, GuoJi 1st Rd.",Yingge Dist,"No. 167, GuoJi 1st Rd. (Front)",500234043,15,4,20260820T124104,24.97667,121.33579,11,1,3,1,2026-08-20T12:50:43+08:00
新北市,New Taipei City,YouBike2.0_臺鐵鳳鳴站,鶯歌區,鳳一路/鶯歌路口,YouBike2.0_Fengming Station,Yingge Dist,Feng 1st Rd. & YingGe Rd.,500234044,40,0,20260819T210005,24.97227,121.33674,0,0,0,0,2026-08-20T12:50:43+08:00
新北市,New Taipei City,YouBike2.0_鶯歌陶瓷老街,鶯歌區,重慶街/國慶街(西南側),YouBike2.0_YingGe Old Street,Yingge Dist,ChongQing St. & GuoQing St. (Southwest),500234045,33,9,20260820T124302,24.95219,121.351,24,1,9,0,2026-08-20T12:50:43+08:00
新北市,New Taipei City,YouBike2.0_鶯歌火車站(仁愛路62號),鶯歌區,仁愛路62號(東側),"YouBike2.0_YingGe Station (No. 62, RenAi Rd.)",Yingge Dist,"No. 62, RenAi Rd. (East)",500234046,42,25,20260820T123903,24.95505,121.35407,17,1,25,0,2026-08-20T12:50:43+08:00
新北市,New Taipei City,YouBike2.0_臺鐵鳳鳴站(鶯歌路),鶯歌區,鶯歌路276號(對面),YouBike2.0_Fengming Station (YingGe Rd.),Yingge Dist,"No. 276, YingGe Rd. (Opposite)",500234047,20,5,20260820T124604,24.97189,121.33651,6,1,5,0,2026-08-20T12:50:43+08:00
新北市,New Taipei City,YouBike2.0_光明育智路口,鶯歌區,光明街126號(東南側),YouBike2.0_GuangMing St. & YuZhi Rd. Intersection,Yingge Dist,"No. 126, GuangMing St. (Southeast)",500234048,14,2,20260820T124803,24.95587,121.3456,12,1,2,0,2026-08-20T12:50:43+08:00
新北市,New Taipei City,YouBike2.0_新鳳公園,鶯歌區,鶯桃路二段60號(對側),YouBike2.0_XinFeng Park,Yingge Dist,"No. 60, Sec. 2, YingTao Rd. (Opposite)",500234049,14,6,20260820T124403,24.9732,121.32474,7,1,6,0,2026-08-20T12:50:43+08:00
新北市,New Taipei City,YouBike2.0_鳳鳴機器人公園,鶯歌區,鳳鳴路/福安街7巷24弄口,YouBike2.0_FengMing Robot Park,Yingge Dist,"FengMing Rd. & Aly. 24, Ln. 7, FuAn St.",500234050,17,2,20260820T124003,24.96618,121.33465,15,1,2,0,2026-08-20T12:50:43+08:00
新北市,New Taipei City,YouBike2.0_龍五鳳七路口,鶯歌區,龍五路/鳳七路口,YouBike2.0_Long 5th Rd. & Feng 7th Rd. Intersection,Yingge Dist,Long 5th Rd. & Feng 7th Rd. Intersection,500234051,30,1,20260820T124604,24.97043,121.33101,29,1,0,1,2026-08-20T12:50:43+08:00
新北市,New Taipei City,YouBike2.0_龍鳳夜市,鶯歌區,鳳三路/龍三路(東南側),YouBike2.0_LongFeng Night Market,Yingge Dist,Feng 3rd Rd. & Long 3rd Rd. (Southeast),500234052,30,6,20260820T115503,24.97329,121.33331,24,1,6,0,2026-08-20T12:50:43+08:00
新北市,New Taipei City,YouBike2.0_中湖市民活動中心,鶯歌區,中湖街21號,YouBike2.0_Zhonghu Civic Activity Center,Yingge Dist,"No. 21, ZhongHu St.",500234053,20,7,20260820T121802,24.97298,121.3472,13,1,7,0,2026-08-20T12:50:43+08:00
新北市,New Taipei City,YouBike2.0_鳳一鳳吉一街口,鶯歌區,鳳吉一街259號(旁),YouBike2.0_Feng 1st Rd. & FengJi 1st St. Intersection,Yingge Dist,"No. 259, FengJi 1st St. (Side)",500234054,20,6,20260820T120803,24.97677,121.3317,14,1,6,0,2026-08-20T12:50:43+08:00
新北市,New Taipei City,YouBike2.0_鳳五路122號前,鶯歌區,鳳五路122號前,"YouBike2.0_No. 122, Feng 5th Rd.",Yingge Dist,"No. 122, Feng 5th Rd. (Front)",500234055,18,0,20260820T120320,24.97316,121.32991,18,1,0,0,2026-08-20T12:50:43+08:00
新北市,New Taipei City,YouBike2.0_建國永昌街口,鶯歌區,建國路546號(對面),YouBike2.0_JianGuo Rd. & YongChang St. Intersection,Yingge Dist,"No. 546, JianGuo Rd. (Opposite)",500234056,17,8,20260820T124503,24.95031,121.33831,8,1,4,4,2026-08-20T12:50:43+08:00
新北市,New Taipei City,YouBike2.0_捷運鶯歌車站,鶯歌區,館前路300號(對側),YouBike2.0_MRT Yingge Sta.,Yingge Dist,"No. 300, GuanQian Rd. (Opposite)",500234057,34,27,20260820T115803,24.95322,121.35668,7,1,27,0,2026-08-20T12:50:43+08:00
新北市,New Taipei City,YouBike2.0_鳳三龍七路口,鶯歌區,鳳三路68號,YouBike2.0_Feng 3rd Rd. & Long 7th Rd. Intersection,Yingge Dist,"No. 68, Feng 3rd Rd.",500234058,18,6,20260820T124803,24.97204,121.33467,12,1,4,2,2026-08-20T12:50:43+08:00
新北市,New Taipei City,YouBike2.0_捷運國華站,鶯歌區,國華路45號(對側),YouBike2.0_MRT Guohua Sta.,Yingge Dist,"No. 45, GuoHua Rd. (Opposite)",500234059,24,7,20260820T122803,24.95535,121.34251,17,1,6,1,2026-08-20T12:50:43+08:00
新北市,New Taipei City,YouBike2.0_捷運陶瓷老街站,鶯歌區,捷運陶瓷老街站(重慶街側),YouBike2.0_MRT Ceramics Old Street Sta.,Yingge Dist,MRT Ceramics Old Street Sta. (ChongQing St.),500234060,36,27,20260820T121102,24.95212,121.35065,9,1,27,0,2026-08-20T12:50:43+08:00
新北市,New Taipei City,YouBike2.0_捷運永吉公園站,鶯歌區,鶯桃路296巷口,YouBike2.0_MRT Yongji Park Sta.,Yingge Dist,"Ln. 296, YingTao Rd. Intersection",500234061,47,8,20260820T100103,24.96048,121.33476,39,1,8,0,2026-08-20T12:50:43+08:00
新北市,New Taipei City,YouBike2.0_捷運鶯桃福德站,鶯歌區,福德一路20號(對側),YouBike2.0_MRT Yingtao Fude Sta.,Yingge Dist,"No. 20, FuDe 1st Rd. (Opposite)",500234062,75,29,20260820T124503,24.96704,121.33044,46,1,29,0,2026-08-20T12:50:43+08:00
新北市,New Taipei City,YouBike2.0_捷運國華站(2號出口),鶯歌區,國華路97號(對側),YouBike2.0_MRT Guohua Sta.(Exit 2),Yingge Dist,"No. 97, GuoHua Rd. (Opposite)",500234063,60,19,20260820T124702,24.95374,121.34301,41,1,19,0,2026-08-20T12:50:43+08:00
新北市,New Taipei City,YouBike2.0_鶯歌山水步道停車場,鶯歌區,觀景涼亭停車場,YouBike2.0_YingGe Riverside Trail Car Park,Yingge Dist,YingGe Riverside Trail Car Park,500234064,24,6,20260819T215802,24.93205,121.32825,18,1,5,1,2026-08-20T12:50:43+08:00
新北市,New Taipei City,YouBike2.0_鶯歌環河自行車道,鶯歌區,環河路/甲三街(南側自行車道),YouBike2.0_YingGe Riverside Cycling Route,Yingge Dist,Huanhe Rd. & Jia 3rd St. (South),500234065,20,12,20260820T101904,24.92967,121.33837,8,1,12,0,2026-08-20T12:50:43+08:00
新北市,New Taipei City,YouBike2.0_鶯歌火車站(仁愛路),鶯歌區,仁愛路55號對側,YouBike2.0_Yingge Railway Station(Ren’ai Rd.),Yingge Dist,"No.55, Ren’ai Rd., Yingge Dist.(opposite)",500234001,69,25,20260820T131903,24.95559,121.35441,41,1,24,1,2026-08-20T13:22:20+08:00
新北市,New Taipei City,YouBike2.0_新北市立圖書館鶯歌分館,鶯歌區,中山路150號,YouBike2.0_New Taipei City Library Yingge Branch,Yingge Dist,"No.150, Zhongshan Rd.",500234002,20,4,20260820T131903,24.9572,121.34946,16,1,4,0,2026-08-20T13:22:20+08:00
新北市,New Taipei City,YouBike2.0_文化館前路口,鶯歌區,文化路407號旁,YouBike2.0_Yingge Ceramics Museum,Yingge Dist,"No. 407, Wenhua Rd.",500234003,44,4,20260820T123504,24.94948,121.35291,40,1,4,0,2026-08-20T13:22:20+08:00
新北市,New Taipei City,YouBike2.0_鶯歌國民運動中心,鶯歌區,館前路250號運動中心前,YouBike2.0_Yingge Civil Sports Center,Yingge Dist,"No.250, Guanqian Rd., Yingge Dist.",500234004,38,14,20260820T130703,24.95139,121.35733,24,1,13,1,2026-08-20T13:22:20+08:00
新北市,New Taipei City,YouBike2.0_尖山國中,鶯歌區,國中街1號,YouBike2.0_Municipal Jianshan Junior High School,Yingge Dist,"No.1, Guozhong St., Yingge Dist(sidewalk)",500234005,20,1,20260820T130717,24.94381,121.34207,19,1,1,0,2026-08-20T13:22:20+08:00
新北市,New Taipei City,YouBike2.0_新北市立鶯歌高級工商職業學校,鶯歌區,中正三路154號,YouBike2.0_New Taipei Municipal Yingge Vocational High School,Yingge Dist,"No. 154, Zhongzheng 3rd. Rd",500234006,56,2,20260820T131101,24.93923,121.33488,54,1,1,1,2026-08-20T13:22:20+08:00
新北市,New Taipei City,YouBike2.0_鶯歌國中,鶯歌區,鶯桃路39-5號對側,YouBike2.0_Yingge Junior High chool,Yingge Dist,"No.39-5, Yingtao Rd.(opposite)",500234007,30,8,20260820T131203,24.95119,121.34256,22,1,7,1,2026-08-20T13:22:20+08:00
新北市,New Taipei City,YouBike2.0_永吉國小,鶯歌區,德昌二街39號對側,YouBike2.0_Yongchi elementary school,Yingge Dist,"No.39, Dechang 2nd St., Yingge Dist.",500234008,20,11,20260820T125402,24.95865,121.33308,9,1,10,1,2026-08-20T13:22:20+08:00
新北市,New Taipei City,YouBike2.0_鳳祥公園,鶯歌區,鶯桃路365巷130號對側,YouBike2.0_Fengxiang Park,Yingge Dist,"No.130, Ln. 365, Yingtao Rd., Yingge Dist.",500234009,20,8,20260820T131804,24.96283,121.33025,11,1,7,1,2026-08-20T13:22:20+08:00
新北市,New Taipei City,YouBike2.0_鳳鳴國小,鶯歌區,永和街120號,YouBike2.0_Fengming Elementary School,Yingge Dist,"No.120, Yonghe St., Yingge Dist.",500234010,20,2,20260820T130802,24.9692,121.3347,18,1,2,0,2026-08-20T13:22:20+08:00
新北市,New Taipei City,YouBike2.0_國際二國際一路口,鶯歌區,國際二路與國際一路口,YouBike2.0_Guoji 2nd Guoji 1st Intersection,Yingge Dist,"Guoji 2nd Rd./Guoji 1st Rd., Yingge Dist.",500234011,20,2,20260820T124702,24.97577,121.3353,18,1,0,2,2026-08-20T13:22:20+08:00
新北市,New Taipei City,YouBike2.0_鳳福公園,鶯歌區,鳳吉一街186號(對面),YouBike2.0_Fengfu Park,Yingge Dist,"No. 186, Fengji 1st St., Yingge Dist.(opposite)",500234012,20,2,20260820T130703,24.97572,121.32938,18,1,2,0,2026-08-20T13:22:20+08:00
新北市,New Taipei City,YouBike2.0_尖山公園,鶯歌區,鶯歌區尖山路161號對面,YouBike2.0_Jianshan Park,Yingge Dist,"No.161, Jianshan Rd.(opposite)",500234013,29,16,20260820T131903,24.9482,121.346,13,1,14,2,2026-08-20T13:22:20+08:00
新北市,New Taipei City,YouBike2.0_永昌里兒一公園,鶯歌區,鶯桃路182巷96弄36-38號對側,YouBike2.0_Yongchang Village Children Park (No.1),Yingge Dist,"No.36-38, Aly. 96, Ln. 182, Yingtao Rd.(oppsite)",500234014,20,9,20260820T085803,24.956649374562204,121.33959628800724,11,1,8,1,2026-08-20T13:22:20+08:00
新北市,New Taipei City,YouBike2.0_南雅育智路口,鶯歌區,南雅路491號(對面),YouBike2.0_Nanya & Yuzhi Rd. Intersection,Yingge Dist,"No.491, Nanya Rd., Yingge Dist.(opposite)",500234015,22,7,20260820T131602,24.954,121.346,15,1,6,1,2026-08-20T13:22:20+08:00
新北市,New Taipei City,YouBike2.0_國中二甲路口,鶯歌區,國中街175號(前),YouBike2.0_Guozhong & Erjia Intersection,Yingge Dist,"No. 175, Guozhong St., Yingge Dist.",500234016,20,1,20260820T130603,24.939489067109363,121.33868650698288,19,1,0,1,2026-08-20T13:22:20+08:00
新北市,New Taipei City,YouBike2.0_鶯歌永利街,鶯歌區,永利街16號(對面),YouBike2.0_Yingge Yongli St.,Yingge Dist,"No. 16, Yongli St. Yingge Dist.",500234017,15,5,20260820T131503,24.95495,121.33911,9,1,5,0,2026-08-20T13:22:20+08:00
新北市,New Taipei City,YouBike2.0_二橋虹橋公園,鶯歌區,中正三路400號(對面),YouBike2.0_Erqiaoshiguanghongqiao Park,Yingge Dist,"No. 400, Zhongzheng 3rd Rd.(Opposite)",500234018,10,8,20260820T131503,24.93453,121.32595,2,1,7,1,2026-08-20T13:22:20+08:00
新北市,New Taipei City,YouBike2.0_鳳吉四鳳七路口(捷士匯社區),鶯歌區,鳳吉四街57-75號(旁),YouBike2.0_Fengji 4th & Feng 7th Rd. Intersection,Yingge Dist,"No. 57-75, Fengji 4th St.",500234021,40,2,20260820T131203,24.97383,121.32769,38,1,2,0,2026-08-20T13:22:20+08:00
新北市,New Taipei City,YouBike2.0_鶯歌老街第二停車場,鶯歌區,尖山埔路27-31號(對面),YouBike2.0_Yingge Old Street 2nd Parking Lot,Yingge Dist,"No. 27-31, Jianshanpu Rd.(Opposite)",500234022,20,12,20260820T131402,24.94895,121.34227,7,1,10,2,2026-08-20T13:22:20+08:00
新北市,New Taipei City,YouBike2.0_建國中正一路口(北鶯社區),鶯歌區,建國路6號(對面空地),YouBike2.0_Jianguo Zhongzheng 1st Rd. Intersection,Yingge Dist,"No. 6, Jianguo Rd.(Opposite)",500234023,20,5,20260820T122704,24.95658,121.35692,15,1,4,1,2026-08-20T13:22:20+08:00
新北市,New Taipei City,YouBike2.0_三鶯水資源回收中心,鶯歌區,館前路360號(旁),YouBike2.0_Sanying Water Recycling Center,Yingge Dist,"No. 360, Guanqian Rd.",500234024,14,9,20260820T063302,24.95535,121.35996,5,1,6,3,2026-08-20T13:22:20+08:00
新北市,New Taipei City,YouBike2.0_永和街65巷口,鶯歌區,永和街75號,"YouBike2.0_Ln. 65, Yonghe St. Intersection",Yingge Dist,"No. 75, Yonghe St.",500234025,37,12,20260820T131703,24.96798,121.3331413,24,1,11,1,2026-08-20T13:22:20+08:00
新北市,New Taipei City,YouBike2.0_鶯歌陶瓷博物館,鶯歌區,文化路200號(旁),YouBike2.0_Yingge Ceramics Museum(Wenhua Rd.),Yingge Dist,"No. 200, Wenhua Rd.",500234026,22,9,20260820T131602,24.95012,121.35245,13,1,8,1,2026-08-20T13:22:20+08:00
新北市,New Taipei City,YouBike2.0_礫間停車場,鶯歌區,礫間停車場,YouBike2.0_Lijian Parking,Yingge Dist,Lijian Parking,500234028,20,8,20260820T125803,24.9518,121.35445,12,1,7,1,2026-08-20T13:22:20+08:00
新北市,New Taipei City,YouBike2.0_北鶯停車場,鶯歌區,北鶯停車場,YouBike2.0_Beiying Parking,Yingge Dist,Beiying Parking,500234029,20,10,20260819T130204,24.95567,121.35992,10,1,10,0,2026-08-20T13:22:20+08:00
新北市,New Taipei City,YouBike2.0_育英建國路口,鶯歌區,建國路280號(旁),YouBike2.0_Yuying Jianguo Rd. Intersection,Yingge Dist,"No. 280, Jianguo Rd.",500234030,12,5,20260820T130802,24.95356,121.34693,7,1,5,0,2026-08-20T13:22:20+08:00
新北市,New Taipei City,YouBike2.0_中正一仁愛路口,鶯歌區,中正一路181號(對面),YouBike2.0_Zhongzheng 1st & Ren'ai Rd Intersection,Yingge Dist,"No. 181, Zhongzheng 1st Rd.(Opposite)",500234031,15,3,20260820T122104,24.95672,121.3532,12,1,1,2,2026-08-20T13:22:20+08:00
新北市,New Taipei City,YouBike2.0_建國國小,鶯歌區,育英街19號(旁),YouBike2.0_Jianguo Elementary School,Yingge Dist,"No. 19, Yuying St.",500234032,15,8,20260820T130603,24.95521,121.34727,7,1,8,0,2026-08-20T13:22:20+08:00
新北市,New Taipei City,YouBike2.0_光明橋,鶯歌區,永明街78號(旁),YouBike2.0_Guang-ming bridge,Yingge Dist,"No. 78, Yongming St., Yingge Dist.(side)",500234033,14,2,20260820T130903,24.95577,121.34128,12,1,2,0,2026-08-20T13:22:20+08:00
新北市,New Taipei City,YouBike2.0_二橋派出所,鶯歌區,高職西街/中正三路口(西北側),YouBike2.0_Erqiao Police Station,Yingge Dist,"Gaozhi W. St. & Zhongzheng 3rd Rd., Yingge Dist. (west side)",500234034,11,3,20260820T123004,24.94216,121.33884,8,1,3,0,2026-08-20T13:22:20+08:00
新北市,New Taipei City,YouBike2.0_國中高職東街口,鶯歌區,國中路113至117-3號(對面),YouBike2.0_Guozhong & Gaozhi E. Intersection,Yingge Dist,"No. 113, Guozhong St., Yingge Dist.(opposite)",500234035,15,2,20260820T130202,24.94117,121.34116,13,1,1,1,2026-08-20T13:22:20+08:00
新北市,New Taipei City,YouBike2.0_尖山路高厝巷口,鶯歌區,尖山路276-5號(旁),YouBike2.0_Gaocuo Ln. Jianshan Rd.,Yingge Dist,"No. 276-5, Jianshan Rd. (Side)",500234036,15,1,20260820T130603,24.94495,121.34102,14,1,0,1,2026-08-20T13:22:20+08:00
新北市,New Taipei City,YouBike2.0_公八停車場,鶯歌區,國華路53號(對面),YouBike2.0_Public 8th Parking Lot,Yingge Dist,"No.53, Guohua Rd. (opposite)",500234037,15,6,20260820T131402,24.95515,121.34285,8,1,6,0,2026-08-20T13:22:20+08:00
新北市,New Taipei City,YouBike2.0_龍三鳳鳴路口,鶯歌區,鳳鳴路541號,YouBike2.0_Long 3rd. Rd. & Fengming Rd. Intersection,Yingge Dist,"No. 541, Fengming Rd.",500234038,18,0,20260820T125715,24.97286,121.33137,18,1,0,0,2026-08-20T13:22:20+08:00
新北市,New Taipei City,YouBike2.0_鳳福鳳三路口,鶯歌區,鳳三路360號,YouBike2.0_Fengfu Rd. & Feng 3rd. Rd. Intersection,Yingge Dist,"No. 360, Feng 3rd Rd.",500234039,22,4,20260820T130404,24.97567,121.33143,18,1,4,0,2026-08-20T13:22:20+08:00
新北市,New Taipei City,YouBike2.0_北鶯公園,鶯歌區,成功街20巷19號(旁),YouBike2.0_Beiying Park,Yingge Dist,"No. 19, Ln. 20, Chenggong St. (Side)",500234040,15,3,20260820T130802,24.95777,121.35942,12,1,2,1,2026-08-20T13:22:20+08:00
新北市,New Taipei City,YouBike2.0_鶯歌火車站(文化路),鶯歌區,文化路/文化路115巷(北側),YouBike2.0_Yingge Station (Wenhua Rd.),Yingge Dist,"Ln. 115, Wenhua Rd. Intersection (North)",500234041,25,17,20260820T122803,24.95536,121.35697,8,1,15,2,2026-08-20T13:22:20+08:00
新北市,New Taipei City,YouBike2.0_鳳七鶯歌路口,鶯歌區,鶯歌路101-107號(旁),YouBike2.0_Feng 7th Rd. & Yingge Rd. Intersection,Yingge Dist,"No. 101-107, Yingge Rd. (Side)",500234042,11,2,20260820T131602,24.96916,121.33193,9,1,1,1,2026-08-20T13:22:20+08:00
新北市,New Taipei City,YouBike2.0_國際一路112巷口,鶯歌區,國際一路167號(前),"YouBike2.0_Ln. 112, GuoJi 1st Rd.",Yingge Dist,"No. 167, GuoJi 1st Rd. (Front)",500234043,15,3,20260820T125504,24.97667,121.33579,12,1,2,1,2026-08-20T13:22:20+08:00
新北市,New Taipei City,YouBike2.0_臺鐵鳳鳴站,鶯歌區,鳳一路/鶯歌路口,YouBike2.0_Fengming Station,Yingge Dist,Feng 1st Rd. & YingGe Rd.,500234044,40,0,20260819T210005,24.97227,121.33674,0,0,0,0,2026-08-20T13:22:20+08:00
新北市,New Taipei City,YouBike2.0_鶯歌陶瓷老街,鶯歌區,重慶街/國慶街(西南側),YouBike2.0_YingGe Old Street,Yingge Dist,ChongQing St. & GuoQing St. (Southwest),500234045,33,10,20260820T125203,24.95219,121.351,23,1,10,0,2026-08-20T13:22:20+08:00
新北市,New Taipei City,YouBike2.0_鶯歌火車站(仁愛路62號),鶯歌區,仁愛路62號(東側),"YouBike2.0_YingGe Station (No. 62, RenAi Rd.)",Yingge Dist,"No. 62, RenAi Rd. (East)",500234046,42,23,20260820T131102,24.95505,121.35407,19,1,23,0,2026-08-20T13:22:20+08:00
新北市,New Taipei City,YouBike2.0_臺鐵鳳鳴站(鶯歌路),鶯歌區,鶯歌路276號(對面),YouBike2.0_Fengming Station (YingGe Rd.),Yingge Dist,"No. 276, YingGe Rd. (Opposite)",500234047,20,0,20260820T131717,24.97189,121.33651,11,1,0,0,2026-08-20T13:22:20+08:00
新北市,New Taipei City,YouBike2.0_光明育智路口,鶯歌區,光明街126號(東南側),YouBike2.0_GuangMing St. & YuZhi Rd. Intersection,Yingge Dist,"No. 126, GuangMing St. (Southeast)",500234048,14,2,20260820T124803,24.95587,121.3456,12,1,2,0,2026-08-20T13:22:20+08:00
新北市,New Taipei City,YouBike2.0_新鳳公園,鶯歌區,鶯桃路二段60號(對側),YouBike2.0_XinFeng Park,Yingge Dist,"No. 60, Sec. 2, YingTao Rd. (Opposite)",500234049,14,5,20260820T131503,24.9732,121.32474,8,1,5,0,2026-08-20T13:22:20+08:00
新北市,New Taipei City,YouBike2.0_鳳鳴機器人公園,鶯歌區,鳳鳴路/福安街7巷24弄口,YouBike2.0_FengMing Robot Park,Yingge Dist,"FengMing Rd. & Aly. 24, Ln. 7, FuAn St.",500234050,17,3,20260820T125903,24.96618,121.33465,14,1,3,0,2026-08-20T13:22:20+08:00
新北市,New Taipei City,YouBike2.0_龍五鳳七路口,鶯歌區,龍五路/鳳七路口,YouBike2.0_Long 5th Rd. & Feng 7th Rd. Intersection,Yingge Dist,Long 5th Rd. & Feng 7th Rd. Intersection,500234051,30,2,20260820T131703,24.97043,121.33101,28,1,1,1,2026-08-20T13:22:20+08:00
新北市,New Taipei City,YouBike2.0_龍鳳夜市,鶯歌區,鳳三路/龍三路(東南側),YouBike2.0_LongFeng Night Market,Yingge Dist,Feng 3rd Rd. & Long 3rd Rd. (Southeast),500234052,30,5,20260820T130404,24.97329,121.33331,25,1,5,0,2026-08-20T13:22:20+08:00
新北市,New Taipei City,YouBike2.0_中湖市民活動中心,鶯歌區,中湖街21號,YouBike2.0_Zhonghu Civic Activity Center,Yingge Dist,"No. 21, ZhongHu St.",500234053,20,8,20260820T131603,24.97298,121.3472,12,1,8,0,2026-08-20T13:22:20+08:00
新北市,New Taipei City,YouBike2.0_鳳一鳳吉一街口,鶯歌區,鳳吉一街259號(旁),YouBike2.0_Feng 1st Rd. & FengJi 1st St. Intersection,Yingge Dist,"No. 259, FengJi 1st St. (Side)",500234054,20,6,20260820T131903,24.97677,121.3317,14,1,6,0,2026-08-20T13:22:20+08:00
新北市,New Taipei City,YouBike2.0_鳳五路122號前,鶯歌區,鳳五路122號前,"YouBike2.0_No. 122, Feng 5th Rd.",Yingge Dist,"No. 122, Feng 5th Rd. (Front)",500234055,18,1,20260820T131316,24.97316,121.32991,17,1,1,0,2026-08-20T13:22:20+08:00
新北市,New Taipei City,YouBike2.0_建國永昌街口,鶯歌區,建國路546號(對面),YouBike2.0_JianGuo Rd. & YongChang St. Intersection,Yingge Dist,"No. 546, JianGuo Rd. (Opposite)",500234056,17,9,20260820T131703,24.95031,121.33831,8,1,4,5,2026-08-20T13:22:20+08:00
新北市,New Taipei City,YouBike2.0_捷運鶯歌車站,鶯歌區,館前路300號(對側),YouBike2.0_MRT Yingge Sta.,Yingge Dist,"No. 300, GuanQian Rd. (Opposite)",500234057,34,26,20260820T125702,24.95322,121.35668,8,1,26,0,2026-08-20T13:22:20+08:00
新北市,New Taipei City,YouBike2.0_鳳三龍七路口,鶯歌區,鳳三路68號,YouBike2.0_Feng 3rd Rd. & Long 7th Rd. Intersection,Yingge Dist,"No. 68, Feng 3rd Rd.",500234058,18,5,20260820T131903,24.97204,121.33467,13,1,3,2,2026-08-20T13:22:20+08:00
新北市,New Taipei City,YouBike2.0_捷運國華站,鶯歌區,國華路45號(對側),YouBike2.0_MRT Guohua Sta.,Yingge Dist,"No. 45, GuoHua Rd. (Opposite)",500234059,24,7,20260820T122803,24.95535,121.34251,17,1,6,1,2026-08-20T13:22:20+08:00
新北市,New Taipei City,YouBike2.0_捷運陶瓷老街站,鶯歌區,捷運陶瓷老街站(重慶街側),YouBike2.0_MRT Ceramics Old Street Sta.,Yingge Dist,MRT Ceramics Old Street Sta. (ChongQing St.),500234060,36,26,20260820T131703,24.95212,121.35065,10,1,26,0,2026-08-20T13:22:20+08:00
新北市,New Taipei City,YouBike2.0_捷運永吉公園站,鶯歌區,鶯桃路296巷口,YouBike2.0_MRT Yongji Park Sta.,Yingge Dist,"Ln. 296, YingTao Rd. Intersection",500234061,47,8,20260820T100103,24.96048,121.33476,39,1,8,0,2026-08-20T13:22:20+08:00
新北市,New Taipei City,YouBike2.0_捷運鶯桃福德站,鶯歌區,福德一路20號(對側),YouBike2.0_MRT Yingtao Fude Sta.,Yingge Dist,"No. 20, FuDe 1st Rd. (Opposite)",500234062,75,33,20260820T131402,24.96704,121.33044,42,1,33,0,2026-08-20T13:22:20+08:00
新北市,New Taipei City,YouBike2.0_捷運國華站(2號出口),鶯歌區,國華路97號(對側),YouBike2.0_MRT Guohua Sta.(Exit 2),Yingge Dist,"No. 97, GuoHua Rd. (Opposite)",500234063,60,19,20260820T130903,24.95374,121.34301,41,1,19,0,2026-08-20T13:22:20+08:00
新北市,New Taipei City,YouBike2.0_鶯歌山水步道停車場,鶯歌區,觀景涼亭停車場,YouBike2.0_YingGe Riverside Trail Car Park,Yingge Dist,YingGe Riverside Trail Car Park,500234064,24,5,20260820T131402,24.93205,121.32825,19,1,5,0,2026-08-20T13:22:20+08:00
新北市,New Taipei City,YouBike2.0_鶯歌環河自行車道,鶯歌區,環河路/甲三街(南側自行車道),YouBike2.0_YingGe Riverside Cycling Route,Yingge Dist,Huanhe Rd. & Jia 3rd St. (South),500234065,20,12,20260820T101904,24.92967,121.33837,8,1,12,0,2026-08-20T13:22:20+08:00
新北市,New Taipei City,YouBike2.0_鶯歌火車站(仁愛路),鶯歌區,仁愛路55號對側,YouBike2.0_Yingge Railway Station(Ren’ai Rd.),Yingge Dist,"No.55, Ren’ai Rd., Yingge Dist.(opposite)",500234001,69,23,20260820T134902,24.95559,121.35441,43,1,23,0,2026-08-20T13:54:01+08:00
新北市,New Taipei City,YouBike2.0_新北市立圖書館鶯歌分館,鶯歌區,中山路150號,YouBike2.0_New Taipei City Library Yingge Branch,Yingge Dist,"No.150, Zhongshan Rd.",500234002,20,3,20260820T133103,24.9572,121.34946,17,1,3,0,2026-08-20T13:54:01+08:00
新北市,New Taipei City,YouBike2.0_文化館前路口,鶯歌區,文化路407號旁,YouBike2.0_Yingge Ceramics Museum,Yingge Dist,"No. 407, Wenhua Rd.",500234003,44,4,20260820T123504,24.94948,121.35291,40,1,4,0,2026-08-20T13:54:01+08:00
新北市,New Taipei City,YouBike2.0_鶯歌國民運動中心,鶯歌區,館前路250號運動中心前,YouBike2.0_Yingge Civil Sports Center,Yingge Dist,"No.250, Guanqian Rd., Yingge Dist.",500234004,38,17,20260820T134604,24.95139,121.35733,21,1,16,1,2026-08-20T13:54:01+08:00
新北市,New Taipei City,YouBike2.0_尖山國中,鶯歌區,國中街1號,YouBike2.0_Municipal Jianshan Junior High School,Yingge Dist,"No.1, Guozhong St., Yingge Dist(sidewalk)",500234005,20,1,20260820T130717,24.94381,121.34207,19,1,1,0,2026-08-20T13:54:01+08:00
新北市,New Taipei City,YouBike2.0_新北市立鶯歌高級工商職業學校,鶯歌區,中正三路154號,YouBike2.0_New Taipei Municipal Yingge Vocational High School,Yingge Dist,"No. 154, Zhongzheng 3rd. Rd",500234006,56,2,20260820T131101,24.93923,121.33488,54,1,1,1,2026-08-20T13:54:01+08:00
新北市,New Taipei City,YouBike2.0_鶯歌國中,鶯歌區,鶯桃路39-5號對側,YouBike2.0_Yingge Junior High chool,Yingge Dist,"No.39-5, Yingtao Rd.(opposite)",500234007,30,15,20260820T133303,24.95119,121.34256,15,1,12,3,2026-08-20T13:54:01+08:00
新北市,New Taipei City,YouBike2.0_永吉國小,鶯歌區,德昌二街39號對側,YouBike2.0_Yongchi elementary school,Yingge Dist,"No.39, Dechang 2nd St., Yingge Dist.",500234008,20,10,20260820T134404,24.95865,121.33308,10,1,9,1,2026-08-20T13:54:01+08:00
新北市,New Taipei City,YouBike2.0_鳳祥公園,鶯歌區,鶯桃路365巷130號對側,YouBike2.0_Fengxiang Park,Yingge Dist,"No.130, Ln. 365, Yingtao Rd., Yingge Dist.",500234009,20,8,20260820T134802,24.96283,121.33025,12,1,6,2,2026-08-20T13:54:01+08:00
新北市,New Taipei City,YouBike2.0_鳳鳴國小,鶯歌區,永和街120號,YouBike2.0_Fengming Elementary School,Yingge Dist,"No.120, Yonghe St., Yingge Dist.",500234010,20,2,20260820T134117,24.9692,121.3347,18,1,2,0,2026-08-20T13:54:01+08:00
新北市,New Taipei City,YouBike2.0_國際二國際一路口,鶯歌區,國際二路與國際一路口,YouBike2.0_Guoji 2nd Guoji 1st Intersection,Yingge Dist,"Guoji 2nd Rd./Guoji 1st Rd., Yingge Dist.",500234011,20,2,20260820T124702,24.97577,121.3353,18,1,0,2,2026-08-20T13:54:01+08:00
新北市,New Taipei City,YouBike2.0_鳳福公園,鶯歌區,鳳吉一街186號(對面),YouBike2.0_Fengfu Park,Yingge Dist,"No. 186, Fengji 1st St., Yingge Dist.(opposite)",500234012,20,0,20260820T133317,24.97572,121.32938,20,1,0,0,2026-08-20T13:54:01+08:00
新北市,New Taipei City,YouBike2.0_尖山公園,鶯歌區,鶯歌區尖山路161號對面,YouBike2.0_Jianshan Park,Yingge Dist,"No.161, Jianshan Rd.(opposite)",500234013,29,12,20260820T134503,24.9482,121.346,17,1,10,2,2026-08-20T13:54:01+08:00
新北市,New Taipei City,YouBike2.0_永昌里兒一公園,鶯歌區,鶯桃路182巷96弄36-38號對側,YouBike2.0_Yongchang Village Children Park (No.1),Yingge Dist,"No.36-38, Aly. 96, Ln. 182, Yingtao Rd.(oppsite)",500234014,20,7,20260820T134604,24.956649374562204,121.33959628800724,13,1,7,0,2026-08-20T13:54:01+08:00
新北市,New Taipei City,YouBike2.0_南雅育智路口,鶯歌區,南雅路491號(對面),YouBike2.0_Nanya & Yuzhi Rd. Intersection,Yingge Dist,"No.491, Nanya Rd., Yingge Dist.(opposite)",500234015,22,3,20260820T134902,24.954,121.346,19,1,2,1,2026-08-20T13:54:01+08:00
新北市,New Taipei City,YouBike2.0_國中二甲路口,鶯歌區,國中街175號(前),YouBike2.0_Guozhong & Erjia Intersection,Yingge Dist,"No. 175, Guozhong St., Yingge Dist.",500234016,20,0,20260820T134217,24.939489067109363,121.33868650698288,20,1,0,0,2026-08-20T13:54:01+08:00
新北市,New Taipei City,YouBike2.0_鶯歌永利街,鶯歌區,永利街16號(對面),YouBike2.0_Yingge Yongli St.,Yingge Dist,"No. 16, Yongli St. Yingge Dist.",500234017,15,6,20260820T133303,24.95495,121.33911,8,1,6,0,2026-08-20T13:54:01+08:00
新北市,New Taipei City,YouBike2.0_二橋虹橋公園,鶯歌區,中正三路400號(對面),YouBike2.0_Erqiaoshiguanghongqiao Park,Yingge Dist,"No. 400, Zhongzheng 3rd Rd.(Opposite)",500234018,10,8,20260820T131503,24.93453,121.32595,2,1,7,1,2026-08-20T13:54:01+08:00
新北市,New Taipei City,YouBike2.0_鳳吉四鳳七路口(捷士匯社區),鶯歌區,鳳吉四街57-75號(旁),YouBike2.0_Fengji 4th & Feng 7th Rd. Intersection,Yingge Dist,"No. 57-75, Fengji 4th St.",500234021,40,2,20260820T134902,24.97383,121.32769,38,1,2,0,2026-08-20T13:54:01+08:00
新北市,New Taipei City,YouBike2.0_鶯歌老街第二停車場,鶯歌區,尖山埔路27-31號(對面),YouBike2.0_Yingge Old Street 2nd Parking Lot,Yingge Dist,"No. 27-31, Jianshanpu Rd.(Opposite)",500234022,20,12,20260820T131402,24.94895,121.34227,7,1,10,2,2026-08-20T13:54:01+08:00
新北市,New Taipei City,YouBike2.0_建國中正一路口(北鶯社區),鶯歌區,建國路6號(對面空地),YouBike2.0_Jianguo Zhongzheng 1st Rd. Intersection,Yingge Dist,"No. 6, Jianguo Rd.(Opposite)",500234023,20,5,20260820T122704,24.95658,121.35692,15,1,4,1,2026-08-20T13:54:01+08:00
新北市,New Taipei City,YouBike2.0_三鶯水資源回收中心,鶯歌區,館前路360號(旁),YouBike2.0_Sanying Water Recycling Center,Yingge Dist,"No. 360, Guanqian Rd.",500234024,14,9,20260820T063302,24.95535,121.35996,5,1,6,3,2026-08-20T13:54:01+08:00
新北市,New Taipei City,YouBike2.0_永和街65巷口,鶯歌區,永和街75號,"YouBike2.0_Ln. 65, Yonghe St. Intersection",Yingge Dist,"No. 75, Yonghe St.",500234025,37,13,20260820T133903,24.96798,121.3331413,23,1,12,1,2026-08-20T13:54:01+08:00
新北市,New Taipei City,YouBike2.0_鶯歌陶瓷博物館,鶯歌區,文化路200號(旁),YouBike2.0_Yingge Ceramics Museum(Wenhua Rd.),Yingge Dist,"No. 200, Wenhua Rd.",500234026,22,11,20260820T134004,24.95012,121.35245,11,1,10,1,2026-08-20T13:54:01+08:00
新北市,New Taipei City,YouBike2.0_礫間停車場,鶯歌區,礫間停車場,YouBike2.0_Lijian Parking,Yingge Dist,Lijian Parking,500234028,20,8,20260820T125803,24.9518,121.35445,12,1,7,1,2026-08-20T13:54:01+08:00
新北市,New Taipei City,YouBike2.0_北鶯停車場,鶯歌區,北鶯停車場,YouBike2.0_Beiying Parking,Yingge Dist,Beiying Parking,500234029,20,10,20260819T130204,24.95567,121.35992,10,1,10,0,2026-08-20T13:54:01+08:00
新北市,New Taipei City,YouBike2.0_育英建國路口,鶯歌區,建國路280號(旁),YouBike2.0_Yuying Jianguo Rd. Intersection,Yingge Dist,"No. 280, Jianguo Rd.",500234030,12,6,20260820T134902,24.95356,121.34693,6,1,5,1,2026-08-20T13:54:01+08:00
新北市,New Taipei City,YouBike2.0_中正一仁愛路口,鶯歌區,中正一路181號(對面),YouBike2.0_Zhongzheng 1st & Ren'ai Rd Intersection,Yingge Dist,"No. 181, Zhongzheng 1st Rd.(Opposite)",500234031,15,3,20260820T122104,24.95672,121.3532,12,1,1,2,2026-08-20T13:54:01+08:00
新北市,New Taipei City,YouBike2.0_建國國小,鶯歌區,育英街19號(旁),YouBike2.0_Jianguo Elementary School,Yingge Dist,"No. 19, Yuying St.",500234032,15,9,20260820T133303,24.95521,121.34727,6,1,9,0,2026-08-20T13:54:01+08:00
新北市,New Taipei City,YouBike2.0_光明橋,鶯歌區,永明街78號(旁),YouBike2.0_Guang-ming bridge,Yingge Dist,"No. 78, Yongming St., Yingge Dist.(side)",500234033,14,1,20260820T132436,24.95577,121.34128,13,1,1,0,2026-08-20T13:54:01+08:00
新北市,New Taipei City,YouBike2.0_二橋派出所,鶯歌區,高職西街/中正三路口(西北側),YouBike2.0_Erqiao Police Station,Yingge Dist,"Gaozhi W. St. & Zhongzheng 3rd Rd., Yingge Dist. (west side)",500234034,11,2,20260820T134902,24.94216,121.33884,9,1,2,0,2026-08-20T13:54:01+08:00
新北市,New Taipei City,YouBike2.0_國中高職東街口,鶯歌區,國中路113至117-3號(對面),YouBike2.0_Guozhong & Gaozhi E. Intersection,Yingge Dist,"No. 113, Guozhong St., Yingge Dist.(opposite)",500234035,15,2,20260820T130202,24.94117,121.34116,13,1,1,1,2026-08-20T13:54:01+08:00
新北市,New Taipei City,YouBike2.0_尖山路高厝巷口,鶯歌區,尖山路276-5號(旁),YouBike2.0_Gaocuo Ln. Jianshan Rd.,Yingge Dist,"No. 276-5, Jianshan Rd. (Side)",500234036,15,1,20260820T130603,24.94495,121.34102,14,1,0,1,2026-08-20T13:54:01+08:00
新北市,New Taipei City,YouBike2.0_公八停車場,鶯歌區,國華路53號(對面),YouBike2.0_Public 8th Parking Lot,Yingge Dist,"No.53, Guohua Rd. (opposite)",500234037,15,7,20260820T133303,24.95515,121.34285,8,1,6,1,2026-08-20T13:54:01+08:00
新北市,New Taipei City,YouBike2.0_龍三鳳鳴路口,鶯歌區,鳳鳴路541號,YouBike2.0_Long 3rd. Rd. & Fengming Rd. Intersection,Yingge Dist,"No. 541, Fengming Rd.",500234038,18,1,20260820T134902,24.97286,121.33137,17,1,1,0,2026-08-20T13:54:01+08:00
新北市,New Taipei City,YouBike2.0_鳳福鳳三路口,鶯歌區,鳳三路360號,YouBike2.0_Fengfu Rd. & Feng 3rd. Rd. Intersection,Yingge Dist,"No. 360, Feng 3rd Rd.",500234039,22,3,20260820T134703,24.97567,121.33143,19,1,3,0,2026-08-20T13:54:01+08:00
新北市,New Taipei City,YouBike2.0_北鶯公園,鶯歌區,成功街20巷19號(旁),YouBike2.0_Beiying Park,Yingge Dist,"No. 19, Ln. 20, Chenggong St. (Side)",500234040,15,1,20260820T134103,24.95777,121.35942,14,1,0,1,2026-08-20T13:54:01+08:00
新北市,New Taipei City,YouBike2.0_鶯歌火車站(文化路),鶯歌區,文化路/文化路115巷(北側),YouBike2.0_Yingge Station (Wenhua Rd.),Yingge Dist,"Ln. 115, Wenhua Rd. Intersection (North)",500234041,25,17,20260820T134703,24.95536,121.35697,8,1,15,2,2026-08-20T13:54:01+08:00
新北市,New Taipei City,YouBike2.0_鳳七鶯歌路口,鶯歌區,鶯歌路101-107號(旁),YouBike2.0_Feng 7th Rd. & Yingge Rd. Intersection,Yingge Dist,"No. 101-107, Yingge Rd. (Side)",500234042,11,3,20260820T132403,24.96916,121.33193,8,1,2,1,2026-08-20T13:54:01+08:00
新北市,New Taipei City,YouBike2.0_國際一路112巷口,鶯歌區,國際一路167號(前),"YouBike2.0_Ln. 112, GuoJi 1st Rd.",Yingge Dist,"No. 167, GuoJi 1st Rd. (Front)",500234043,15,1,20260820T134503,24.97667,121.33579,14,1,0,1,2026-08-20T13:54:01+08:00
新北市,New Taipei City,YouBike2.0_臺鐵鳳鳴站,鶯歌區,鳳一路/鶯歌路口,YouBike2.0_Fengming Station,Yingge Dist,Feng 1st Rd. & YingGe Rd.,500234044,40,0,20260819T210005,24.97227,121.33674,0,0,0,0,2026-08-20T13:54:01+08:00
新北市,New Taipei City,YouBike2.0_鶯歌陶瓷老街,鶯歌區,重慶街/國慶街(西南側),YouBike2.0_YingGe Old Street,Yingge Dist,ChongQing St. & GuoQing St. (Southwest),500234045,33,12,20260820T134902,24.95219,121.351,21,1,12,0,2026-08-20T13:54:01+08:00
新北市,New Taipei City,YouBike2.0_鶯歌火車站(仁愛路62號),鶯歌區,仁愛路62號(東側),"YouBike2.0_YingGe Station (No. 62, RenAi Rd.)",Yingge Dist,"No. 62, RenAi Rd. (East)",500234046,42,23,20260820T131102,24.95505,121.35407,19,1,23,0,2026-08-20T13:54:01+08:00
新北市,New Taipei City,YouBike2.0_臺鐵鳳鳴站(鶯歌路),鶯歌區,鶯歌路276號(對面),YouBike2.0_Fengming Station (YingGe Rd.),Yingge Dist,"No. 276, YingGe Rd. (Opposite)",500234047,20,3,20260820T134902,24.97189,121.33651,8,1,3,0,2026-08-20T13:54:01+08:00
新北市,New Taipei City,YouBike2.0_光明育智路口,鶯歌區,光明街126號(東南側),YouBike2.0_GuangMing St. & YuZhi Rd. Intersection,Yingge Dist,"No. 126, GuangMing St. (Southeast)",500234048,14,2,20260820T124803,24.95587,121.3456,12,1,2,0,2026-08-20T13:54:01+08:00
新北市,New Taipei City,YouBike2.0_新鳳公園,鶯歌區,鶯桃路二段60號(對側),YouBike2.0_XinFeng Park,Yingge Dist,"No. 60, Sec. 2, YingTao Rd. (Opposite)",500234049,14,4,20260820T133004,24.9732,121.32474,9,1,4,0,2026-08-20T13:54:01+08:00
新北市,New Taipei City,YouBike2.0_鳳鳴機器人公園,鶯歌區,鳳鳴路/福安街7巷24弄口,YouBike2.0_FengMing Robot Park,Yingge Dist,"FengMing Rd. & Aly. 24, Ln. 7, FuAn St.",500234050,17,1,20260820T133004,24.96618,121.33465,16,1,1,0,2026-08-20T13:54:01+08:00
新北市,New Taipei City,YouBike2.0_龍五鳳七路口,鶯歌區,龍五路/鳳七路口,YouBike2.0_Long 5th Rd. & Feng 7th Rd. Intersection,Yingge Dist,Long 5th Rd. & Feng 7th Rd. Intersection,500234051,30,0,20260820T134519,24.97043,121.33101,30,1,0,0,2026-08-20T13:54:01+08:00
新北市,New Taipei City,YouBike2.0_龍鳳夜市,鶯歌區,鳳三路/龍三路(東南側),YouBike2.0_LongFeng Night Market,Yingge Dist,Feng 3rd Rd. & Long 3rd Rd. (Southeast),500234052,30,5,20260820T130404,24.97329,121.33331,25,1,5,0,2026-08-20T13:54:01+08:00
新北市,New Taipei City,YouBike2.0_中湖市民活動中心,鶯歌區,中湖街21號,YouBike2.0_Zhonghu Civic Activity Center,Yingge Dist,"No. 21, ZhongHu St.",500234053,20,7,20260820T132504,24.97298,121.3472,13,1,7,0,2026-08-20T13:54:01+08:00
新北市,New Taipei City,YouBike2.0_鳳一鳳吉一街口,鶯歌區,鳳吉一街259號(旁),YouBike2.0_Feng 1st Rd. & FengJi 1st St. Intersection,Yingge Dist,"No. 259, FengJi 1st St. (Side)",500234054,20,6,20260820T131903,24.97677,121.3317,14,1,6,0,2026-08-20T13:54:01+08:00
新北市,New Taipei City,YouBike2.0_鳳五路122號前,鶯歌區,鳳五路122號前,"YouBike2.0_No. 122, Feng 5th Rd.",Yingge Dist,"No. 122, Feng 5th Rd. (Front)",500234055,18,1,20260820T134004,24.97316,121.32991,17,1,1,0,2026-08-20T13:54:01+08:00
新北市,New Taipei City,YouBike2.0_建國永昌街口,鶯歌區,建國路546號(對面),YouBike2.0_JianGuo Rd. & YongChang St. Intersection,Yingge Dist,"No. 546, JianGuo Rd. (Opposite)",500234056,17,8,20260820T132403,24.95031,121.33831,9,1,4,4,2026-08-20T13:54:01+08:00
新北市,New Taipei City,YouBike2.0_捷運鶯歌車站,鶯歌區,館前路300號(對側),YouBike2.0_MRT Yingge Sta.,Yingge Dist,"No. 300, GuanQian Rd. (Opposite)",500234057,34,26,20260820T134703,24.95322,121.35668,8,1,26,0,2026-08-20T13:54:01+08:00
新北市,New Taipei City,YouBike2.0_鳳三龍七路口,鶯歌區,鳳三路68號,YouBike2.0_Feng 3rd Rd. & Long 7th Rd. Intersection,Yingge Dist,"No. 68, Feng 3rd Rd.",500234058,18,2,20260820T134103,24.97204,121.33467,16,1,1,1,2026-08-20T13:54:01+08:00
新北市,New Taipei City,YouBike2.0_捷運國華站,鶯歌區,國華路45號(對側),YouBike2.0_MRT Guohua Sta.,Yingge Dist,"No. 45, GuoHua Rd. (Opposite)",500234059,24,7,20260820T122803,24.95535,121.34251,17,1,6,1,2026-08-20T13:54:01+08:00
新北市,New Taipei City,YouBike2.0_捷運陶瓷老街站,鶯歌區,捷運陶瓷老街站(重慶街側),YouBike2.0_MRT Ceramics Old Street Sta.,Yingge Dist,MRT Ceramics Old Street Sta. (ChongQing St.),500234060,36,26,20260820T134204,24.95212,121.35065,10,1,26,0,2026-08-20T13:54:01+08:00
新北市,New Taipei City,YouBike2.0_捷運永吉公園站,鶯歌區,鶯桃路296巷口,YouBike2.0_MRT Yongji Park Sta.,Yingge Dist,"Ln. 296, YingTao Rd. Intersection",500234061,47,8,20260820T100103,24.96048,121.33476,39,1,8,0,2026-08-20T13:54:01+08:00
新北市,New Taipei City,YouBike2.0_捷運鶯桃福德站,鶯歌區,福德一路20號(對側),YouBike2.0_MRT Yingtao Fude Sta.,Yingge Dist,"No. 20, FuDe 1st Rd. (Opposite)",500234062,75,35,20260820T134304,24.96704,121.33044,40,1,35,0,2026-08-20T13:54:01+08:00
新北市,New Taipei City,YouBike2.0_捷運國華站(2號出口),鶯歌區,國華路97號(對側),YouBike2.0_MRT Guohua Sta.(Exit 2),Yingge Dist,"No. 97, GuoHua Rd. (Opposite)",500234063,60,20,20260820T134503,24.95374,121.34301,40,1,20,0,2026-08-20T13:54:01+08:00
新北市,New Taipei City,YouBike2.0_鶯歌山水步道停車場,鶯歌區,觀景涼亭停車場,YouBike2.0_YingGe Riverside Trail Car Park,Yingge Dist,YingGe Riverside Trail Car Park,500234064,24,3,20260820T134802,24.93205,121.32825,21,1,3,0,2026-08-20T13:54:01+08:00
新北市,New Taipei City,YouBike2.0_鶯歌環河自行車道,鶯歌區,環河路/甲三街(南側自行車道),YouBike2.0_YingGe Riverside Cycling Route,Yingge Dist,Huanhe Rd. & Jia 3rd St. (South),500234065,20,12,20260820T101904,24.92967,121.33837,8,1,12,0,2026-08-20T13:54:01+08:00
新北市,New Taipei City,YouBike2.0_鶯歌火車站(仁愛路),鶯歌區,仁愛路55號對側,YouBike2.0_Yingge Railway Station(Ren’ai Rd.),Yingge Dist,"No.55, Ren’ai Rd., Yingge Dist.(opposite)",500234001,69,16,20260820T142402,24.95559,121.35441,50,1,16,0,2026-08-20T14:29:39+08:00
新北市,New Taipei City,YouBike2.0_新北市立圖書館鶯歌分館,鶯歌區,中山路150號,YouBike2.0_New Taipei City Library Yingge Branch,Yingge Dist,"No.150, Zhongshan Rd.",500234002,20,4,20260820T142005,24.9572,121.34946,16,1,4,0,2026-08-20T14:29:39+08:00
新北市,New Taipei City,YouBike2.0_文化館前路口,鶯歌區,文化路407號旁,YouBike2.0_Yingge Ceramics Museum,Yingge Dist,"No. 407, Wenhua Rd.",500234003,44,5,20260820T140404,24.94948,121.35291,39,1,5,0,2026-08-20T14:29:39+08:00
新北市,New Taipei City,YouBike2.0_鶯歌國民運動中心,鶯歌區,館前路250號運動中心前,YouBike2.0_Yingge Civil Sports Center,Yingge Dist,"No.250, Guanqian Rd., Yingge Dist.",500234004,38,17,20260820T141904,24.95139,121.35733,21,1,16,1,2026-08-20T14:29:39+08:00
新北市,New Taipei City,YouBike2.0_尖山國中,鶯歌區,國中街1號,YouBike2.0_Municipal Jianshan Junior High School,Yingge Dist,"No.1, Guozhong St., Yingge Dist(sidewalk)",500234005,20,2,20260820T135303,24.94381,121.34207,18,1,2,0,2026-08-20T14:29:39+08:00
新北市,New Taipei City,YouBike2.0_新北市立鶯歌高級工商職業學校,鶯歌區,中正三路154號,YouBike2.0_New Taipei Municipal Yingge Vocational High School,Yingge Dist,"No. 154, Zhongzheng 3rd. Rd",500234006,56,2,20260820T131101,24.93923,121.33488,54,1,1,1,2026-08-20T14:29:39+08:00
新北市,New Taipei City,YouBike2.0_鶯歌國中,鶯歌區,鶯桃路39-5號對側,YouBike2.0_Yingge Junior High chool,Yingge Dist,"No.39-5, Yingtao Rd.(opposite)",500234007,30,15,20260820T133303,24.95119,121.34256,15,1,12,3,2026-08-20T14:29:39+08:00
新北市,New Taipei City,YouBike2.0_永吉國小,鶯歌區,德昌二街39號對側,YouBike2.0_Yongchi elementary school,Yingge Dist,"No.39, Dechang 2nd St., Yingge Dist.",500234008,20,11,20260820T141904,24.95865,121.33308,9,1,10,1,2026-08-20T14:29:39+08:00
新北市,New Taipei City,YouBike2.0_鳳祥公園,鶯歌區,鶯桃路365巷130號對側,YouBike2.0_Fengxiang Park,Yingge Dist,"No.130, Ln. 365, Yingtao Rd., Yingge Dist.",500234009,20,8,20260820T141402,24.96283,121.33025,12,1,6,2,2026-08-20T14:29:39+08:00
新北市,New Taipei City,YouBike2.0_鳳鳴國小,鶯歌區,永和街120號,YouBike2.0_Fengming Elementary School,Yingge Dist,"No.120, Yonghe St., Yingge Dist.",500234010,20,2,20260820T134117,24.9692,121.3347,18,1,2,0,2026-08-20T14:29:39+08:00
新北市,New Taipei City,YouBike2.0_國際二國際一路口,鶯歌區,國際二路與國際一路口,YouBike2.0_Guoji 2nd Guoji 1st Intersection,Yingge Dist,"Guoji 2nd Rd./Guoji 1st Rd., Yingge Dist.",500234011,20,2,20260820T124702,24.97577,121.3353,18,1,0,2,2026-08-20T14:29:39+08:00
新北市,New Taipei City,YouBike2.0_鳳福公園,鶯歌區,鳳吉一街186號(對面),YouBike2.0_Fengfu Park,Yingge Dist,"No. 186, Fengji 1st St., Yingge Dist.(opposite)",500234012,20,0,20260820T133317,24.97572,121.32938,20,1,0,0,2026-08-20T14:29:39+08:00
新北市,New Taipei City,YouBike2.0_尖山公園,鶯歌區,鶯歌區尖山路161號對面,YouBike2.0_Jianshan Park,Yingge Dist,"No.161, Jianshan Rd.(opposite)",500234013,29,15,20260820T142402,24.9482,121.346,14,1,12,3,2026-08-20T14:29:39+08:00
新北市,New Taipei City,YouBike2.0_永昌里兒一公園,鶯歌區,鶯桃路182巷96弄36-38號對側,YouBike2.0_Yongchang Village Children Park (No.1),Yingge Dist,"No.36-38, Aly. 96, Ln. 182, Yingtao Rd.(oppsite)",500234014,20,7,20260820T134604,24.956649374562204,121.33959628800724,13,1,7,0,2026-08-20T14:29:39+08:00
新北市,New Taipei City,YouBike2.0_南雅育智路口,鶯歌區,南雅路491號(對面),YouBike2.0_Nanya & Yuzhi Rd. Intersection,Yingge Dist,"No.491, Nanya Rd., Yingge Dist.(opposite)",500234015,22,7,20260820T141303,24.954,121.346,15,1,6,1,2026-08-20T14:29:39+08:00
新北市,New Taipei City,YouBike2.0_國中二甲路口,鶯歌區,國中街175號(前),YouBike2.0_Guozhong & Erjia Intersection,Yingge Dist,"No. 175, Guozhong St., Yingge Dist.",500234016,20,0,20260820T134217,24.939489067109363,121.33868650698288,20,1,0,0,2026-08-20T14:29:39+08:00
新北市,New Taipei City,YouBike2.0_鶯歌永利街,鶯歌區,永利街16號(對面),YouBike2.0_Yingge Yongli St.,Yingge Dist,"No. 16, Yongli St. Yingge Dist.",500234017,15,8,20260820T141103,24.95495,121.33911,6,1,8,0,2026-08-20T14:29:39+08:00
新北市,New Taipei City,YouBike2.0_二橋虹橋公園,鶯歌區,中正三路400號(對面),YouBike2.0_Erqiaoshiguanghongqiao Park,Yingge Dist,"No. 400, Zhongzheng 3rd Rd.(Opposite)",500234018,10,6,20260820T141103,24.93453,121.32595,4,1,5,1,2026-08-20T14:29:39+08:00
新北市,New Taipei City,YouBike2.0_鳳吉四鳳七路口(捷士匯社區),鶯歌區,鳳吉四街57-75號(旁),YouBike2.0_Fengji 4th & Feng 7th Rd. Intersection,Yingge Dist,"No. 57-75, Fengji 4th St.",500234021,40,1,20260820T135104,24.97383,121.32769,39,1,1,0,2026-08-20T14:29:39+08:00
新北市,New Taipei City,YouBike2.0_鶯歌老街第二停車場,鶯歌區,尖山埔路27-31號(對面),YouBike2.0_Yingge Old Street 2nd Parking Lot,Yingge Dist,"No. 27-31, Jianshanpu Rd.(Opposite)",500234022,20,12,20260820T131402,24.94895,121.34227,7,1,10,2,2026-08-20T14:29:39+08:00
新北市,New Taipei City,YouBike2.0_建國中正一路口(北鶯社區),鶯歌區,建國路6號(對面空地),YouBike2.0_Jianguo Zhongzheng 1st Rd. Intersection,Yingge Dist,"No. 6, Jianguo Rd.(Opposite)",500234023,20,6,20260820T141003,24.95658,121.35692,14,1,5,1,2026-08-20T14:29:39+08:00
新北市,New Taipei City,YouBike2.0_三鶯水資源回收中心,鶯歌區,館前路360號(旁),YouBike2.0_Sanying Water Recycling Center,Yingge Dist,"No. 360, Guanqian Rd.",500234024,14,9,20260820T063302,24.95535,121.35996,5,1,6,3,2026-08-20T14:29:39+08:00
新北市,New Taipei City,YouBike2.0_永和街65巷口,鶯歌區,永和街75號,"YouBike2.0_Ln. 65, Yonghe St. Intersection",Yingge Dist,"No. 75, Yonghe St.",500234025,37,11,20260820T142202,24.96798,121.3331413,25,1,10,1,2026-08-20T14:29:39+08:00
新北市,New Taipei City,YouBike2.0_鶯歌陶瓷博物館,鶯歌區,文化路200號(旁),YouBike2.0_Yingge Ceramics Museum(Wenhua Rd.),Yingge Dist,"No. 200, Wenhua Rd.",500234026,22,12,20260820T135704,24.95012,121.35245,10,1,11,1,2026-08-20T14:29:39+08:00
新北市,New Taipei City,YouBike2.0_礫間停車場,鶯歌區,礫間停車場,YouBike2.0_Lijian Parking,Yingge Dist,Lijian Parking,500234028,20,9,20260820T142005,24.9518,121.35445,11,1,8,1,2026-08-20T14:29:39+08:00
新北市,New Taipei City,YouBike2.0_北鶯停車場,鶯歌區,北鶯停車場,YouBike2.0_Beiying Parking,Yingge Dist,Beiying Parking,500234029,20,10,20260819T130204,24.95567,121.35992,10,1,10,0,2026-08-20T14:29:39+08:00
新北市,New Taipei City,YouBike2.0_育英建國路口,鶯歌區,建國路280號(旁),YouBike2.0_Yuying Jianguo Rd. Intersection,Yingge Dist,"No. 280, Jianguo Rd.",500234030,12,11,20260820T142304,24.95356,121.34693,1,1,10,1,2026-08-20T14:29:39+08:00
新北市,New Taipei City,YouBike2.0_中正一仁愛路口,鶯歌區,中正一路181號(對面),YouBike2.0_Zhongzheng 1st & Ren'ai Rd Intersection,Yingge Dist,"No. 181, Zhongzheng 1st Rd.(Opposite)",500234031,15,1,20260820T142304,24.95672,121.3532,14,1,0,1,2026-08-20T14:29:39+08:00
新北市,New Taipei City,YouBike2.0_建國國小,鶯歌區,育英街19號(旁),YouBike2.0_Jianguo Elementary School,Yingge Dist,"No. 19, Yuying St.",500234032,15,9,20260820T141103,24.95521,121.34727,6,1,9,0,2026-08-20T14:29:39+08:00
新北市,New Taipei City,YouBike2.0_光明橋,鶯歌區,永明街78號(旁),YouBike2.0_Guang-ming bridge,Yingge Dist,"No. 78, Yongming St., Yingge Dist.(side)",500234033,14,0,20260820T142020,24.95577,121.34128,14,1,0,0,2026-08-20T14:29:39+08:00
新北市,New Taipei City,YouBike2.0_二橋派出所,鶯歌區,高職西街/中正三路口(西北側),YouBike2.0_Erqiao Police Station,Yingge Dist,"Gaozhi W. St. & Zhongzheng 3rd Rd., Yingge Dist. (west side)",500234034,11,0,20260820T141117,24.94216,121.33884,11,1,0,0,2026-08-20T14:29:39+08:00
新北市,New Taipei City,YouBike2.0_國中高職東街口,鶯歌區,國中路113至117-3號(對面),YouBike2.0_Guozhong & Gaozhi E. Intersection,Yingge Dist,"No. 113, Guozhong St., Yingge Dist.(opposite)",500234035,15,2,20260820T130202,24.94117,121.34116,13,1,1,1,2026-08-20T14:29:39+08:00
新北市,New Taipei City,YouBike2.0_尖山路高厝巷口,鶯歌區,尖山路276-5號(旁),YouBike2.0_Gaocuo Ln. Jianshan Rd.,Yingge Dist,"No. 276-5, Jianshan Rd. (Side)",500234036,15,1,20260820T130603,24.94495,121.34102,14,1,0,1,2026-08-20T14:29:39+08:00
新北市,New Taipei City,YouBike2.0_公八停車場,鶯歌區,國華路53號(對面),YouBike2.0_Public 8th Parking Lot,Yingge Dist,"No.53, Guohua Rd. (opposite)",500234037,15,6,20260820T141402,24.95515,121.34285,9,1,6,0,2026-08-20T14:29:39+08:00
新北市,New Taipei City,YouBike2.0_龍三鳳鳴路口,鶯歌區,鳳鳴路541號,YouBike2.0_Long 3rd. Rd. & Fengming Rd. Intersection,Yingge Dist,"No. 541, Fengming Rd.",500234038,18,0,20260820T140418,24.97286,121.33137,18,1,0,0,2026-08-20T14:29:39+08:00
新北市,New Taipei City,YouBike2.0_鳳福鳳三路口,鶯歌區,鳳三路360號,YouBike2.0_Fengfu Rd. & Feng 3rd. Rd. Intersection,Yingge Dist,"No. 360, Feng 3rd Rd.",500234039,22,3,20260820T134703,24.97567,121.33143,19,1,3,0,2026-08-20T14:29:39+08:00
新北市,New Taipei City,YouBike2.0_北鶯公園,鶯歌區,成功街20巷19號(旁),YouBike2.0_Beiying Park,Yingge Dist,"No. 19, Ln. 20, Chenggong St. (Side)",500234040,15,2,20260820T135004,24.95777,121.35942,13,1,0,2,2026-08-20T14:29:39+08:00
新北市,New Taipei City,YouBike2.0_鶯歌火車站(文化路),鶯歌區,文化路/文化路115巷(北側),YouBike2.0_Yingge Station (Wenhua Rd.),Yingge Dist,"Ln. 115, Wenhua Rd. Intersection (North)",500234041,25,19,20260820T141604,24.95536,121.35697,6,1,17,2,2026-08-20T14:29:39+08:00
新北市,New Taipei City,YouBike2.0_鳳七鶯歌路口,鶯歌區,鶯歌路101-107號(旁),YouBike2.0_Feng 7th Rd. & Yingge Rd. Intersection,Yingge Dist,"No. 101-107, Yingge Rd. (Side)",500234042,11,2,20260820T141704,24.96916,121.33193,9,1,1,1,2026-08-20T14:29:39+08:00
新北市,New Taipei City,YouBike2.0_國際一路112巷口,鶯歌區,國際一路167號(前),"YouBike2.0_Ln. 112, GuoJi 1st Rd.",Yingge Dist,"No. 167, GuoJi 1st Rd. (Front)",500234043,15,2,20260820T135603,24.97667,121.33579,13,1,0,2,2026-08-20T14:29:39+08:00
新北市,New Taipei City,YouBike2.0_臺鐵鳳鳴站,鶯歌區,鳳一路/鶯歌路口,YouBike2.0_Fengming Station,Yingge Dist,Feng 1st Rd. & YingGe Rd.,500234044,40,0,20260819T210005,24.97227,121.33674,0,0,0,0,2026-08-20T14:29:39+08:00
新北市,New Taipei City,YouBike2.0_鶯歌陶瓷老街,鶯歌區,重慶街/國慶街(西南側),YouBike2.0_YingGe Old Street,Yingge Dist,ChongQing St. & GuoQing St. (Southwest),500234045,33,7,20260820T142304,24.95219,121.351,26,1,7,0,2026-08-20T14:29:39+08:00
新北市,New Taipei City,YouBike2.0_鶯歌火車站(仁愛路62號),鶯歌區,仁愛路62號(東側),"YouBike2.0_YingGe Station (No. 62, RenAi Rd.)",Yingge Dist,"No. 62, RenAi Rd. (East)",500234046,42,23,20260820T141802,24.95505,121.35407,19,1,23,0,2026-08-20T14:29:39+08:00
新北市,New Taipei City,YouBike2.0_臺鐵鳳鳴站(鶯歌路),鶯歌區,鶯歌路276號(對面),YouBike2.0_Fengming Station (YingGe Rd.),Yingge Dist,"No. 276, YingGe Rd. (Opposite)",500234047,20,8,20260820T142304,24.97189,121.33651,3,1,7,1,2026-08-20T14:29:39+08:00
新北市,New Taipei City,YouBike2.0_光明育智路口,鶯歌區,光明街126號(東南側),YouBike2.0_GuangMing St. & YuZhi Rd. Intersection,Yingge Dist,"No. 126, GuangMing St. (Southeast)",500234048,14,3,20260820T142103,24.95587,121.3456,11,1,3,0,2026-08-20T14:29:39+08:00
新北市,New Taipei City,YouBike2.0_新鳳公園,鶯歌區,鶯桃路二段60號(對側),YouBike2.0_XinFeng Park,Yingge Dist,"No. 60, Sec. 2, YingTao Rd. (Opposite)",500234049,14,7,20260820T142402,24.9732,121.32474,6,1,7,0,2026-08-20T14:29:39+08:00
新北市,New Taipei City,YouBike2.0_鳳鳴機器人公園,鶯歌區,鳳鳴路/福安街7巷24弄口,YouBike2.0_FengMing Robot Park,Yingge Dist,"FengMing Rd. & Aly. 24, Ln. 7, FuAn St.",500234050,17,1,20260820T140103,24.96618,121.33465,16,1,1,0,2026-08-20T14:29:39+08:00
新北市,New Taipei City,YouBike2.0_龍五鳳七路口,鶯歌區,龍五路/鳳七路口,YouBike2.0_Long 5th Rd. & Feng 7th Rd. Intersection,Yingge Dist,Long 5th Rd. & Feng 7th Rd. Intersection,500234051,30,1,20260820T135616,24.97043,121.33101,29,1,1,0,2026-08-20T14:29:39+08:00
新北市,New Taipei City,YouBike2.0_龍鳳夜市,鶯歌區,鳳三路/龍三路(東南側),YouBike2.0_LongFeng Night Market,Yingge Dist,Feng 3rd Rd. & Long 3rd Rd. (Southeast),500234052,30,5,20260820T130404,24.97329,121.33331,25,1,5,0,2026-08-20T14:29:39+08:00
新北市,New Taipei City,YouBike2.0_中湖市民活動中心,鶯歌區,中湖街21號,YouBike2.0_Zhonghu Civic Activity Center,Yingge Dist,"No. 21, ZhongHu St.",500234053,20,7,20260820T142304,24.97298,121.3472,13,1,6,1,2026-08-20T14:29:39+08:00
新北市,New Taipei City,YouBike2.0_鳳一鳳吉一街口,鶯歌區,鳳吉一街259號(旁),YouBike2.0_Feng 1st Rd. & FengJi 1st St. Intersection,Yingge Dist,"No. 259, FengJi 1st St. (Side)",500234054,20,6,20260820T141604,24.97677,121.3317,14,1,6,0,2026-08-20T14:29:39+08:00
新北市,New Taipei City,YouBike2.0_鳳五路122號前,鶯歌區,鳳五路122號前,"YouBike2.0_No. 122, Feng 5th Rd.",Yingge Dist,"No. 122, Feng 5th Rd. (Front)",500234055,18,2,20260820T135504,24.97316,121.32991,16,1,1,1,2026-08-20T14:29:39+08:00
新北市,New Taipei City,YouBike2.0_建國永昌街口,鶯歌區,建國路546號(對面),YouBike2.0_JianGuo Rd. & YongChang St. Intersection,Yingge Dist,"No. 546, JianGuo Rd. (Opposite)",500234056,17,8,20260820T132403,24.95031,121.33831,9,1,4,4,2026-08-20T14:29:39+08:00
新北市,New Taipei City,YouBike2.0_捷運鶯歌車站,鶯歌區,館前路300號(對側),YouBike2.0_MRT Yingge Sta.,Yingge Dist,"No. 300, GuanQian Rd. (Opposite)",500234057,34,25,20260820T140103,24.95322,121.35668,9,1,25,0,2026-08-20T14:29:39+08:00
新北市,New Taipei City,YouBike2.0_鳳三龍七路口,鶯歌區,鳳三路68號,YouBike2.0_Feng 3rd Rd. & Long 7th Rd. Intersection,Yingge Dist,"No. 68, Feng 3rd Rd.",500234058,18,3,20260820T142005,24.97204,121.33467,15,1,2,1,2026-08-20T14:29:39+08:00
新北市,New Taipei City,YouBike2.0_捷運國華站,鶯歌區,國華路45號(對側),YouBike2.0_MRT Guohua Sta.,Yingge Dist,"No. 45, GuoHua Rd. (Opposite)",500234059,24,7,20260820T140903,24.95535,121.34251,17,1,6,1,2026-08-20T14:29:39+08:00
新北市,New Taipei City,YouBike2.0_捷運陶瓷老街站,鶯歌區,捷運陶瓷老街站(重慶街側),YouBike2.0_MRT Ceramics Old Street Sta.,Yingge Dist,MRT Ceramics Old Street Sta. (ChongQing St.),500234060,36,27,20260820T141604,24.95212,121.35065,9,1,27,0,2026-08-20T14:29:39+08:00
新北市,New Taipei City,YouBike2.0_捷運永吉公園站,鶯歌區,鶯桃路296巷口,YouBike2.0_MRT Yongji Park Sta.,Yingge Dist,"Ln. 296, YingTao Rd. Intersection",500234061,47,20,20260820T141803,24.96048,121.33476,27,1,20,0,2026-08-20T14:29:39+08:00
新北市,New Taipei City,YouBike2.0_捷運鶯桃福德站,鶯歌區,福德一路20號(對側),YouBike2.0_MRT Yingtao Fude Sta.,Yingge Dist,"No. 20, FuDe 1st Rd. (Opposite)",500234062,75,32,20260820T142304,24.96704,121.33044,43,1,32,0,2026-08-20T14:29:39+08:00
新北市,New Taipei City,YouBike2.0_捷運國華站(2號出口),鶯歌區,國華路97號(對側),YouBike2.0_MRT Guohua Sta.(Exit 2),Yingge Dist,"No. 97, GuoHua Rd. (Opposite)",500234063,60,20,20260820T134503,24.95374,121.34301,40,1,20,0,2026-08-20T14:29:39+08:00
新北市,New Taipei City,YouBike2.0_鶯歌山水步道停車場,鶯歌區,觀景涼亭停車場,YouBike2.0_YingGe Riverside Trail Car Park,Yingge Dist,YingGe Riverside Trail Car Park,500234064,24,5,20260820T140704,24.93205,121.32825,19,1,5,0,2026-08-20T14:29:39+08:00
新北市,New Taipei City,YouBike2.0_鶯歌環河自行車道,鶯歌區,環河路/甲三街(南側自行車道),YouBike2.0_YingGe Riverside Cycling Route,Yingge Dist,Huanhe Rd. & Jia 3rd St. (South),500234065,20,12,20260820T101904,24.92967,121.33837,8,1,12,0,2026-08-20T14:29:39+08:00
新北市,New Taipei City,YouBike2.0_鶯歌火車站(仁愛路),鶯歌區,仁愛路55號對側,YouBike2.0_Yingge Railway Station(Ren’ai Rd.),Yingge Dist,"No.55, Ren’ai Rd., Yingge Dist.(opposite)",500234001,69,22,20260820T145404,24.95559,121.35441,44,1,20,2,2026-08-20T15:23:57+08:00
新北市,New Taipei City,YouBike2.0_新北市立圖書館鶯歌分館,鶯歌區,中山路150號,YouBike2.0_New Taipei City Library Yingge Branch,Yingge Dist,"No.150, Zhongshan Rd.",500234002,20,2,20260820T150803,24.9572,121.34946,18,1,1,1,2026-08-20T15:23:57+08:00
新北市,New Taipei City,YouBike2.0_文化館前路口,鶯歌區,文化路407號旁,YouBike2.0_Yingge Ceramics Museum,Yingge Dist,"No. 407, Wenhua Rd.",500234003,44,6,20260820T145502,24.94948,121.35291,38,1,6,0,2026-08-20T15:23:57+08:00
新北市,New Taipei City,YouBike2.0_鶯歌國民運動中心,鶯歌區,館前路250號運動中心前,YouBike2.0_Yingge Civil Sports Center,Yingge Dist,"No.250, Guanqian Rd., Yingge Dist.",500234004,38,15,20260820T144303,24.95139,121.35733,23,1,15,0,2026-08-20T15:23:57+08:00
新北市,New Taipei City,YouBike2.0_尖山國中,鶯歌區,國中街1號,YouBike2.0_Municipal Jianshan Junior High School,Yingge Dist,"No.1, Guozhong St., Yingge Dist(sidewalk)",500234005,20,3,20260820T143002,24.94381,121.34207,17,1,3,0,2026-08-20T15:23:57+08:00
新北市,New Taipei City,YouBike2.0_新北市立鶯歌高級工商職業學校,鶯歌區,中正三路154號,YouBike2.0_New Taipei Municipal Yingge Vocational High School,Yingge Dist,"No. 154, Zhongzheng 3rd. Rd",500234006,56,2,20260820T142902,24.93923,121.33488,54,1,2,0,2026-08-20T15:23:57+08:00
新北市,New Taipei City,YouBike2.0_鶯歌國中,鶯歌區,鶯桃路39-5號對側,YouBike2.0_Yingge Junior High chool,Yingge Dist,"No.39-5, Yingtao Rd.(opposite)",500234007,30,14,20260820T143801,24.95119,121.34256,16,1,12,2,2026-08-20T15:23:57+08:00
新北市,New Taipei City,YouBike2.0_永吉國小,鶯歌區,德昌二街39號對側,YouBike2.0_Yongchi elementary school,Yingge Dist,"No.39, Dechang 2nd St., Yingge Dist.",500234008,20,12,20260820T144602,24.95865,121.33308,8,1,11,1,2026-08-20T15:23:57+08:00
新北市,New Taipei City,YouBike2.0_鳳祥公園,鶯歌區,鶯桃路365巷130號對側,YouBike2.0_Fengxiang Park,Yingge Dist,"No.130, Ln. 365, Yingtao Rd., Yingge Dist.",500234009,20,8,20260820T141402,24.96283,121.33025,12,1,6,2,2026-08-20T15:23:57+08:00
新北市,New Taipei City,YouBike2.0_鳳鳴國小,鶯歌區,永和街120號,YouBike2.0_Fengming Elementary School,Yingge Dist,"No.120, Yonghe St., Yingge Dist.",500234010,20,2,20260820T134117,24.9692,121.3347,18,1,2,0,2026-08-20T15:23:57+08:00
新北市,New Taipei City,YouBike2.0_國際二國際一路口,鶯歌區,國際二路與國際一路口,YouBike2.0_Guoji 2nd Guoji 1st Intersection,Yingge Dist,"Guoji 2nd Rd./Guoji 1st Rd., Yingge Dist.",500234011,20,2,20260820T124702,24.97577,121.3353,18,1,0,2,2026-08-20T15:23:57+08:00
新北市,New Taipei City,YouBike2.0_鳳福公園,鶯歌區,鳳吉一街186號(對面),YouBike2.0_Fengfu Park,Yingge Dist,"No. 186, Fengji 1st St., Yingge Dist.(opposite)",500234012,20,1,20260820T150620,24.97572,121.32938,19,1,1,0,2026-08-20T15:23:57+08:00
新北市,New Taipei City,YouBike2.0_尖山公園,鶯歌區,鶯歌區尖山路161號對面,YouBike2.0_Jianshan Park,Yingge Dist,"No.161, Jianshan Rd.(opposite)",500234013,29,15,20260820T142402,24.9482,121.346,14,1,12,3,2026-08-20T15:23:57+08:00
新北市,New Taipei City,YouBike2.0_永昌里兒一公園,鶯歌區,鶯桃路182巷96弄36-38號對側,YouBike2.0_Yongchang Village Children Park (No.1),Yingge Dist,"No.36-38, Aly. 96, Ln. 182, Yingtao Rd.(oppsite)",500234014,20,7,20260820T134604,24.956649374562204,121.33959628800724,13,1,7,0,2026-08-20T15:23:57+08:00
新北市,New Taipei City,YouBike2.0_南雅育智路口,鶯歌區,南雅路491號(對面),YouBike2.0_Nanya & Yuzhi Rd. Intersection,Yingge Dist,"No.491, Nanya Rd., Yingge Dist.(opposite)",500234015,22,10,20260820T150202,24.954,121.346,12,1,9,1,2026-08-20T15:23:57+08:00
新北市,New Taipei City,YouBike2.0_國中二甲路口,鶯歌區,國中街175號(前),YouBike2.0_Guozhong & Erjia Intersection,Yingge Dist,"No. 175, Guozhong St., Yingge Dist.",500234016,20,0,20260820T134217,24.939489067109363,121.33868650698288,20,1,0,0,2026-08-20T15:23:57+08:00
新北市,New Taipei City,YouBike2.0_鶯歌永利街,鶯歌區,永利街16號(對面),YouBike2.0_Yingge Yongli St.,Yingge Dist,"No. 16, Yongli St. Yingge Dist.",500234017,15,6,20260820T145203,24.95495,121.33911,8,1,6,0,2026-08-20T15:23:57+08:00
新北市,New Taipei City,YouBike2.0_二橋虹橋公園,鶯歌區,中正三路400號(對面),YouBike2.0_Erqiaoshiguanghongqiao Park,Yingge Dist,"No. 400, Zhongzheng 3rd Rd.(Opposite)",500234018,10,6,20260820T141103,24.93453,121.32595,4,1,5,1,2026-08-20T15:23:57+08:00
新北市,New Taipei City,YouBike2.0_鳳吉四鳳七路口(捷士匯社區),鶯歌區,鳳吉四街57-75號(旁),YouBike2.0_Fengji 4th & Feng 7th Rd. Intersection,Yingge Dist,"No. 57-75, Fengji 4th St.",500234021,40,2,20260820T150402,24.97383,121.32769,38,1,2,0,2026-08-20T15:23:57+08:00
新北市,New Taipei City,YouBike2.0_鶯歌老街第二停車場,鶯歌區,尖山埔路27-31號(對面),YouBike2.0_Yingge Old Street 2nd Parking Lot,Yingge Dist,"No. 27-31, Jianshanpu Rd.(Opposite)",500234022,20,12,20260820T131402,24.94895,121.34227,7,1,10,2,2026-08-20T15:23:57+08:00
新北市,New Taipei City,YouBike2.0_建國中正一路口(北鶯社區),鶯歌區,建國路6號(對面空地),YouBike2.0_Jianguo Zhongzheng 1st Rd. Intersection,Yingge Dist,"No. 6, Jianguo Rd.(Opposite)",500234023,20,6,20260820T141003,24.95658,121.35692,14,1,5,1,2026-08-20T15:23:57+08:00
新北市,New Taipei City,YouBike2.0_三鶯水資源回收中心,鶯歌區,館前路360號(旁),YouBike2.0_Sanying Water Recycling Center,Yingge Dist,"No. 360, Guanqian Rd.",500234024,14,9,20260820T063302,24.95535,121.35996,5,1,6,3,2026-08-20T15:23:57+08:00
新北市,New Taipei City,YouBike2.0_永和街65巷口,鶯歌區,永和街75號,"YouBike2.0_Ln. 65, Yonghe St. Intersection",Yingge Dist,"No. 75, Yonghe St.",500234025,37,6,20260820T151603,24.96798,121.3331413,30,1,5,1,2026-08-20T15:23:57+08:00
新北市,New Taipei City,YouBike2.0_鶯歌陶瓷博物館,鶯歌區,文化路200號(旁),YouBike2.0_Yingge Ceramics Museum(Wenhua Rd.),Yingge Dist,"No. 200, Wenhua Rd.",500234026,22,13,20260820T144303,24.95012,121.35245,9,1,12,1,2026-08-20T15:23:57+08:00
新北市,New Taipei City,YouBike2.0_礫間停車場,鶯歌區,礫間停車場,YouBike2.0_Lijian Parking,Yingge Dist,Lijian Parking,500234028,20,8,20260820T144005,24.9518,121.35445,12,1,7,1,2026-08-20T15:23:57+08:00
新北市,New Taipei City,YouBike2.0_北鶯停車場,鶯歌區,北鶯停車場,YouBike2.0_Beiying Parking,Yingge Dist,Beiying Parking,500234029,20,10,20260819T130204,24.95567,121.35992,10,1,10,0,2026-08-20T15:23:57+08:00
新北市,New Taipei City,YouBike2.0_育英建國路口,鶯歌區,建國路280號(旁),YouBike2.0_Yuying Jianguo Rd. Intersection,Yingge Dist,"No. 280, Jianguo Rd.",500234030,12,11,20260820T151918,24.95356,121.34693,1,1,9,2,2026-08-20T15:23:57+08:00
新北市,New Taipei City,YouBike2.0_中正一仁愛路口,鶯歌區,中正一路181號(對面),YouBike2.0_Zhongzheng 1st & Ren'ai Rd Intersection,Yingge Dist,"No. 181, Zhongzheng 1st Rd.(Opposite)",500234031,15,0,20260820T150521,24.95672,121.3532,15,1,0,0,2026-08-20T15:23:57+08:00
新北市,New Taipei City,YouBike2.0_建國國小,鶯歌區,育英街19號(旁),YouBike2.0_Jianguo Elementary School,Yingge Dist,"No. 19, Yuying St.",500234032,15,9,20260820T141103,24.95521,121.34727,6,1,9,0,2026-08-20T15:23:57+08:00
新北市,New Taipei City,YouBike2.0_光明橋,鶯歌區,永明街78號(旁),YouBike2.0_Guang-ming bridge,Yingge Dist,"No. 78, Yongming St., Yingge Dist.(side)",500234033,14,0,20260820T142020,24.95577,121.34128,14,1,0,0,2026-08-20T15:23:57+08:00
新北市,New Taipei City,YouBike2.0_二橋派出所,鶯歌區,高職西街/中正三路口(西北側),YouBike2.0_Erqiao Police Station,Yingge Dist,"Gaozhi W. St. & Zhongzheng 3rd Rd., Yingge Dist. (west side)",500234034,11,0,20260820T141117,24.94216,121.33884,11,1,0,0,2026-08-20T15:23:57+08:00
新北市,New Taipei City,YouBike2.0_國中高職東街口,鶯歌區,國中路113至117-3號(對面),YouBike2.0_Guozhong & Gaozhi E. Intersection,Yingge Dist,"No. 113, Guozhong St., Yingge Dist.(opposite)",500234035,15,2,20260820T144702,24.94117,121.34116,13,1,1,1,2026-08-20T15:23:57+08:00
新北市,New Taipei City,YouBike2.0_尖山路高厝巷口,鶯歌區,尖山路276-5號(旁),YouBike2.0_Gaocuo Ln. Jianshan Rd.,Yingge Dist,"No. 276-5, Jianshan Rd. (Side)",500234036,15,0,20260820T145916,24.94495,121.34102,15,1,0,0,2026-08-20T15:23:57+08:00
新北市,New Taipei City,YouBike2.0_公八停車場,鶯歌區,國華路53號(對面),YouBike2.0_Public 8th Parking Lot,Yingge Dist,"No.53, Guohua Rd. (opposite)",500234037,15,6,20260820T141402,24.95515,121.34285,9,1,6,0,2026-08-20T15:23:57+08:00
新北市,New Taipei City,YouBike2.0_龍三鳳鳴路口,鶯歌區,鳳鳴路541號,YouBike2.0_Long 3rd. Rd. & Fengming Rd. Intersection,Yingge Dist,"No. 541, Fengming Rd.",500234038,18,2,20260820T144803,24.97286,121.33137,16,1,2,0,2026-08-20T15:23:57+08:00
新北市,New Taipei City,YouBike2.0_鳳福鳳三路口,鶯歌區,鳳三路360號,YouBike2.0_Fengfu Rd. & Feng 3rd. Rd. Intersection,Yingge Dist,"No. 360, Feng 3rd Rd.",500234039,22,3,20260820T134703,24.97567,121.33143,19,1,3,0,2026-08-20T15:23:57+08:00
新北市,New Taipei City,YouBike2.0_北鶯公園,鶯歌區,成功街20巷19號(旁),YouBike2.0_Beiying Park,Yingge Dist,"No. 19, Ln. 20, Chenggong St. (Side)",500234040,15,1,20260820T142704,24.95777,121.35942,14,1,0,1,2026-08-20T15:23:57+08:00
新北市,New Taipei City,YouBike2.0_鶯歌火車站(文化路),鶯歌區,文化路/文化路115巷(北側),YouBike2.0_Yingge Station (Wenhua Rd.),Yingge Dist,"Ln. 115, Wenhua Rd. Intersection (North)",500234041,25,20,20260820T150202,24.95536,121.35697,5,1,18,2,2026-08-20T15:23:57+08:00
新北市,New Taipei City,YouBike2.0_鳳七鶯歌路口,鶯歌區,鶯歌路101-107號(旁),YouBike2.0_Feng 7th Rd. & Yingge Rd. Intersection,Yingge Dist,"No. 101-107, Yingge Rd. (Side)",500234042,11,1,20260820T144103,24.96916,121.33193,10,1,0,1,2026-08-20T15:23:57+08:00
新北市,New Taipei City,YouBike2.0_國際一路112巷口,鶯歌區,國際一路167號(前),"YouBike2.0_Ln. 112, GuoJi 1st Rd.",Yingge Dist,"No. 167, GuoJi 1st Rd. (Front)",500234043,15,2,20260820T135603,24.97667,121.33579,13,1,0,2,2026-08-20T15:23:57+08:00
新北市,New Taipei City,YouBike2.0_臺鐵鳳鳴站,鶯歌區,鳳一路/鶯歌路口,YouBike2.0_Fengming Station,Yingge Dist,Feng 1st Rd. & YingGe Rd.,500234044,40,0,20260819T210005,24.97227,121.33674,0,0,0,0,2026-08-20T15:23:57+08:00
新北市,New Taipei City,YouBike2.0_鶯歌陶瓷老街,鶯歌區,重慶街/國慶街(西南側),YouBike2.0_YingGe Old Street,Yingge Dist,ChongQing St. & GuoQing St. (Southwest),500234045,33,9,20260820T142604,24.95219,121.351,24,1,9,0,2026-08-20T15:23:57+08:00
新北市,New Taipei City,YouBike2.0_鶯歌火車站(仁愛路62號),鶯歌區,仁愛路62號(東側),"YouBike2.0_YingGe Station (No. 62, RenAi Rd.)",Yingge Dist,"No. 62, RenAi Rd. (East)",500234046,42,25,20260820T145902,24.95505,121.35407,17,1,25,0,2026-08-20T15:23:57+08:00
新北市,New Taipei City,YouBike2.0_臺鐵鳳鳴站(鶯歌路),鶯歌區,鶯歌路276號(對面),YouBike2.0_Fengming Station (YingGe Rd.),Yingge Dist,"No. 276, YingGe Rd. (Opposite)",500234047,20,3,20260820T150703,24.97189,121.33651,8,1,3,0,2026-08-20T15:23:57+08:00
新北市,New Taipei City,YouBike2.0_光明育智路口,鶯歌區,光明街126號(東南側),YouBike2.0_GuangMing St. & YuZhi Rd. Intersection,Yingge Dist,"No. 126, GuangMing St. (Southeast)",500234048,14,5,20260820T145703,24.95587,121.3456,9,1,4,1,2026-08-20T15:23:57+08:00
新北市,New Taipei City,YouBike2.0_新鳳公園,鶯歌區,鶯桃路二段60號(對側),YouBike2.0_XinFeng Park,Yingge Dist,"No. 60, Sec. 2, YingTao Rd. (Opposite)",500234049,14,7,20260820T145802,24.9732,121.32474,6,1,7,0,2026-08-20T15:23:57+08:00
新北市,New Taipei City,YouBike2.0_鳳鳴機器人公園,鶯歌區,鳳鳴路/福安街7巷24弄口,YouBike2.0_FengMing Robot Park,Yingge Dist,"FengMing Rd. & Aly. 24, Ln. 7, FuAn St.",500234050,17,2,20260820T145204,24.96618,121.33465,15,1,2,0,2026-08-20T15:23:57+08:00
新北市,New Taipei City,YouBike2.0_龍五鳳七路口,鶯歌區,龍五路/鳳七路口,YouBike2.0_Long 5th Rd. & Feng 7th Rd. Intersection,Yingge Dist,Long 5th Rd. & Feng 7th Rd. Intersection,500234051,30,1,20260820T135616,24.97043,121.33101,29,1,1,0,2026-08-20T15:23:57+08:00
新北市,New Taipei City,YouBike2.0_龍鳳夜市,鶯歌區,鳳三路/龍三路(東南側),YouBike2.0_LongFeng Night Market,Yingge Dist,Feng 3rd Rd. & Long 3rd Rd. (Southeast),500234052,30,5,20260820T130404,24.97329,121.33331,25,1,5,0,2026-08-20T15:23:57+08:00
新北市,New Taipei City,YouBike2.0_中湖市民活動中心,鶯歌區,中湖街21號,YouBike2.0_Zhonghu Civic Activity Center,Yingge Dist,"No. 21, ZhongHu St.",500234053,20,7,20260820T142304,24.97298,121.3472,13,1,6,1,2026-08-20T15:23:57+08:00
新北市,New Taipei City,YouBike2.0_鳳一鳳吉一街口,鶯歌區,鳳吉一街259號(旁),YouBike2.0_Feng 1st Rd. & FengJi 1st St. Intersection,Yingge Dist,"No. 259, FengJi 1st St. (Side)",500234054,20,6,20260820T141604,24.97677,121.3317,14,1,6,0,2026-08-20T15:23:57+08:00
新北市,New Taipei City,YouBike2.0_鳳五路122號前,鶯歌區,鳳五路122號前,"YouBike2.0_No. 122, Feng 5th Rd.",Yingge Dist,"No. 122, Feng 5th Rd. (Front)",500234055,18,3,20260820T145204,24.97316,121.32991,15,1,2,1,2026-08-20T15:23:57+08:00
新北市,New Taipei City,YouBike2.0_建國永昌街口,鶯歌區,建國路546號(對面),YouBike2.0_JianGuo Rd. & YongChang St. Intersection,Yingge Dist,"No. 546, JianGuo Rd. (Opposite)",500234056,17,8,20260820T150803,24.95031,121.33831,9,1,4,4,2026-08-20T15:23:57+08:00
新北市,New Taipei City,YouBike2.0_捷運鶯歌車站,鶯歌區,館前路300號(對側),YouBike2.0_MRT Yingge Sta.,Yingge Dist,"No. 300, GuanQian Rd. (Opposite)",500234057,34,29,20260820T145604,24.95322,121.35668,5,1,28,1,2026-08-20T15:23:57+08:00
新北市,New Taipei City,YouBike2.0_鳳三龍七路口,鶯歌區,鳳三路68號,YouBike2.0_Feng 3rd Rd. & Long 7th Rd. Intersection,Yingge Dist,"No. 68, Feng 3rd Rd.",500234058,18,4,20260820T144803,24.97204,121.33467,14,1,3,1,2026-08-20T15:23:57+08:00
新北市,New Taipei City,YouBike2.0_捷運國華站,鶯歌區,國華路45號(對側),YouBike2.0_MRT Guohua Sta.,Yingge Dist,"No. 45, GuoHua Rd. (Opposite)",500234059,24,7,20260820T140903,24.95535,121.34251,17,1,6,1,2026-08-20T15:23:57+08:00
新北市,New Taipei City,YouBike2.0_捷運陶瓷老街站,鶯歌區,捷運陶瓷老街站(重慶街側),YouBike2.0_MRT Ceramics Old Street Sta.,Yingge Dist,MRT Ceramics Old Street Sta. (ChongQing St.),500234060,36,27,20260820T141604,24.95212,121.35065,9,1,27,0,2026-08-20T15:23:57+08:00
新北市,New Taipei City,YouBike2.0_捷運永吉公園站,鶯歌區,鶯桃路296巷口,YouBike2.0_MRT Yongji Park Sta.,Yingge Dist,"Ln. 296, YingTao Rd. Intersection",500234061,47,19,20260820T145604,24.96048,121.33476,28,1,19,0,2026-08-20T15:23:57+08:00
新北市,New Taipei City,YouBike2.0_捷運鶯桃福德站,鶯歌區,福德一路20號(對側),YouBike2.0_MRT Yingtao Fude Sta.,Yingge Dist,"No. 20, FuDe 1st Rd. (Opposite)",500234062,75,45,20260820T150603,24.96704,121.33044,30,1,45,0,2026-08-20T15:23:57+08:00
新北市,New Taipei City,YouBike2.0_捷運國華站(2號出口),鶯歌區,國華路97號(對側),YouBike2.0_MRT Guohua Sta.(Exit 2),Yingge Dist,"No. 97, GuoHua Rd. (Opposite)",500234063,60,20,20260820T134503,24.95374,121.34301,40,1,20,0,2026-08-20T15:23:57+08:00
新北市,New Taipei City,YouBike2.0_鶯歌山水步道停車場,鶯歌區,觀景涼亭停車場,YouBike2.0_YingGe Riverside Trail Car Park,Yingge Dist,YingGe Riverside Trail Car Park,500234064,24,6,20260820T143103,24.93205,121.32825,18,1,5,1,2026-08-20T15:23:57+08:00
新北市,New Taipei City,YouBike2.0_鶯歌環河自行車道,鶯歌區,環河路/甲三街(南側自行車道),YouBike2.0_YingGe Riverside Cycling Route,Yingge Dist,Huanhe Rd. & Jia 3rd St. (South),500234065,20,12,20260820T101904,24.92967,121.33837,8,1,12,0,2026-08-20T15:23:57+08:00
新北市,New Taipei City,YouBike2.0_鶯歌火車站(仁愛路),鶯歌區,仁愛路55號對側,YouBike2.0_Yingge Railway Station(Ren’ai Rd.),Yingge Dist,"No.55, Ren’ai Rd., Yingge Dist.(opposite)",500234001,69,21,20260820T152204,24.95559,121.35441,45,1,19,2,2026-08-20T16:03:00+08:00
新北市,New Taipei City,YouBike2.0_新北市立圖書館鶯歌分館,鶯歌區,中山路150號,YouBike2.0_New Taipei City Library Yingge Branch,Yingge Dist,"No.150, Zhongshan Rd.",500234002,20,3,20260820T152703,24.9572,121.34946,17,1,2,1,2026-08-20T16:03:00+08:00
新北市,New Taipei City,YouBike2.0_文化館前路口,鶯歌區,文化路407號旁,YouBike2.0_Yingge Ceramics Museum,Yingge Dist,"No. 407, Wenhua Rd.",500234003,44,6,20260820T145502,24.94948,121.35291,38,1,6,0,2026-08-20T16:03:00+08:00
新北市,New Taipei City,YouBike2.0_鶯歌國民運動中心,鶯歌區,館前路250號運動中心前,YouBike2.0_Yingge Civil Sports Center,Yingge Dist,"No.250, Guanqian Rd., Yingge Dist.",500234004,38,15,20260820T155603,24.95139,121.35733,23,1,15,0,2026-08-20T16:03:00+08:00
新北市,New Taipei City,YouBike2.0_尖山國中,鶯歌區,國中街1號,YouBike2.0_Municipal Jianshan Junior High School,Yingge Dist,"No.1, Guozhong St., Yingge Dist(sidewalk)",500234005,20,3,20260820T143002,24.94381,121.34207,17,1,3,0,2026-08-20T16:03:00+08:00
新北市,New Taipei City,YouBike2.0_新北市立鶯歌高級工商職業學校,鶯歌區,中正三路154號,YouBike2.0_New Taipei Municipal Yingge Vocational High School,Yingge Dist,"No. 154, Zhongzheng 3rd. Rd",500234006,56,2,20260820T142902,24.93923,121.33488,54,1,2,0,2026-08-20T16:03:00+08:00
新北市,New Taipei City,YouBike2.0_鶯歌國中,鶯歌區,鶯桃路39-5號對側,YouBike2.0_Yingge Junior High chool,Yingge Dist,"No.39-5, Yingtao Rd.(opposite)",500234007,30,15,20260820T155003,24.95119,121.34256,15,1,13,2,2026-08-20T16:03:00+08:00
新北市,New Taipei City,YouBike2.0_永吉國小,鶯歌區,德昌二街39號對側,YouBike2.0_Yongchi elementary school,Yingge Dist,"No.39, Dechang 2nd St., Yingge Dist.",500234008,20,12,20260820T144602,24.95865,121.33308,8,1,11,1,2026-08-20T16:03:00+08:00
新北市,New Taipei City,YouBike2.0_鳳祥公園,鶯歌區,鶯桃路365巷130號對側,YouBike2.0_Fengxiang Park,Yingge Dist,"No.130, Ln. 365, Yingtao Rd., Yingge Dist.",500234009,20,8,20260820T141402,24.96283,121.33025,12,1,6,2,2026-08-20T16:03:00+08:00
新北市,New Taipei City,YouBike2.0_鳳鳴國小,鶯歌區,永和街120號,YouBike2.0_Fengming Elementary School,Yingge Dist,"No.120, Yonghe St., Yingge Dist.",500234010,20,2,20260820T134117,24.9692,121.3347,18,1,2,0,2026-08-20T16:03:00+08:00
新北市,New Taipei City,YouBike2.0_國際二國際一路口,鶯歌區,國際二路與國際一路口,YouBike2.0_Guoji 2nd Guoji 1st Intersection,Yingge Dist,"Guoji 2nd Rd./Guoji 1st Rd., Yingge Dist.",500234011,20,2,20260820T124702,24.97577,121.3353,18,1,0,2,2026-08-20T16:03:00+08:00
新北市,New Taipei City,YouBike2.0_鳳福公園,鶯歌區,鳳吉一街186號(對面),YouBike2.0_Fengfu Park,Yingge Dist,"No. 186, Fengji 1st St., Yingge Dist.(opposite)",500234012,20,1,20260820T150620,24.97572,121.32938,19,1,1,0,2026-08-20T16:03:00+08:00
新北市,New Taipei City,YouBike2.0_尖山公園,鶯歌區,鶯歌區尖山路161號對面,YouBike2.0_Jianshan Park,Yingge Dist,"No.161, Jianshan Rd.(opposite)",500234013,29,16,20260820T152002,24.9482,121.346,13,1,13,3,2026-08-20T16:03:00+08:00
新北市,New Taipei City,YouBike2.0_永昌里兒一公園,鶯歌區,鶯桃路182巷96弄36-38號對側,YouBike2.0_Yongchang Village Children Park (No.1),Yingge Dist,"No.36-38, Aly. 96, Ln. 182, Yingtao Rd.(oppsite)",500234014,20,7,20260820T134604,24.956649374562204,121.33959628800724,13,1,7,0,2026-08-20T16:03:00+08:00
新北市,New Taipei City,YouBike2.0_南雅育智路口,鶯歌區,南雅路491號(對面),YouBike2.0_Nanya & Yuzhi Rd. Intersection,Yingge Dist,"No.491, Nanya Rd., Yingge Dist.(opposite)",500234015,22,10,20260820T150202,24.954,121.346,12,1,9,1,2026-08-20T16:03:00+08:00
新北市,New Taipei City,YouBike2.0_國中二甲路口,鶯歌區,國中街175號(前),YouBike2.0_Guozhong & Erjia Intersection,Yingge Dist,"No. 175, Guozhong St., Yingge Dist.",500234016,20,0,20260820T134217,24.939489067109363,121.33868650698288,20,1,0,0,2026-08-20T16:03:00+08:00
新北市,New Taipei City,YouBike2.0_鶯歌永利街,鶯歌區,永利街16號(對面),YouBike2.0_Yingge Yongli St.,Yingge Dist,"No. 16, Yongli St. Yingge Dist.",500234017,15,6,20260820T145203,24.95495,121.33911,8,1,6,0,2026-08-20T16:03:00+08:00
新北市,New Taipei City,YouBike2.0_二橋虹橋公園,鶯歌區,中正三路400號(對面),YouBike2.0_Erqiaoshiguanghongqiao Park,Yingge Dist,"No. 400, Zhongzheng 3rd Rd.(Opposite)",500234018,10,6,20260820T141103,24.93453,121.32595,4,1,5,1,2026-08-20T16:03:00+08:00
新北市,New Taipei City,YouBike2.0_鳳吉四鳳七路口(捷士匯社區),鶯歌區,鳳吉四街57-75號(旁),YouBike2.0_Fengji 4th & Feng 7th Rd. Intersection,Yingge Dist,"No. 57-75, Fengji 4th St.",500234021,40,3,20260820T153304,24.97383,121.32769,37,1,3,0,2026-08-20T16:03:00+08:00
新北市,New Taipei City,YouBike2.0_鶯歌老街第二停車場,鶯歌區,尖山埔路27-31號(對面),YouBike2.0_Yingge Old Street 2nd Parking Lot,Yingge Dist,"No. 27-31, Jianshanpu Rd.(Opposite)",500234022,20,12,20260820T131402,24.94895,121.34227,7,1,10,2,2026-08-20T16:03:00+08:00
新北市,New Taipei City,YouBike2.0_建國中正一路口(北鶯社區),鶯歌區,建國路6號(對面空地),YouBike2.0_Jianguo Zhongzheng 1st Rd. Intersection,Yingge Dist,"No. 6, Jianguo Rd.(Opposite)",500234023,20,5,20260820T152204,24.95658,121.35692,15,1,4,1,2026-08-20T16:03:00+08:00
新北市,New Taipei City,YouBike2.0_三鶯水資源回收中心,鶯歌區,館前路360號(旁),YouBike2.0_Sanying Water Recycling Center,Yingge Dist,"No. 360, Guanqian Rd.",500234024,14,9,20260820T063302,24.95535,121.35996,5,1,6,3,2026-08-20T16:03:00+08:00
新北市,New Taipei City,YouBike2.0_永和街65巷口,鶯歌區,永和街75號,"YouBike2.0_Ln. 65, Yonghe St. Intersection",Yingge Dist,"No. 75, Yonghe St.",500234025,37,6,20260820T151603,24.96798,121.3331413,30,1,5,1,2026-08-20T16:03:00+08:00
新北市,New Taipei City,YouBike2.0_鶯歌陶瓷博物館,鶯歌區,文化路200號(旁),YouBike2.0_Yingge Ceramics Museum(Wenhua Rd.),Yingge Dist,"No. 200, Wenhua Rd.",500234026,22,13,20260820T144303,24.95012,121.35245,9,1,12,1,2026-08-20T16:03:00+08:00
新北市,New Taipei City,YouBike2.0_礫間停車場,鶯歌區,礫間停車場,YouBike2.0_Lijian Parking,Yingge Dist,Lijian Parking,500234028,20,8,20260820T144005,24.9518,121.35445,12,1,7,1,2026-08-20T16:03:00+08:00
新北市,New Taipei City,YouBike2.0_北鶯停車場,鶯歌區,北鶯停車場,YouBike2.0_Beiying Parking,Yingge Dist,Beiying Parking,500234029,20,10,20260819T130204,24.95567,121.35992,10,1,10,0,2026-08-20T16:03:00+08:00
新北市,New Taipei City,YouBike2.0_育英建國路口,鶯歌區,建國路280號(旁),YouBike2.0_Yuying Jianguo Rd. Intersection,Yingge Dist,"No. 280, Jianguo Rd.",500234030,12,11,20260820T151918,24.95356,121.34693,1,1,9,2,2026-08-20T16:03:00+08:00
新北市,New Taipei City,YouBike2.0_中正一仁愛路口,鶯歌區,中正一路181號(對面),YouBike2.0_Zhongzheng 1st & Ren'ai Rd Intersection,Yingge Dist,"No. 181, Zhongzheng 1st Rd.(Opposite)",500234031,15,0,20260820T150521,24.95672,121.3532,15,1,0,0,2026-08-20T16:03:00+08:00
新北市,New Taipei City,YouBike2.0_建國國小,鶯歌區,育英街19號(旁),YouBike2.0_Jianguo Elementary School,Yingge Dist,"No. 19, Yuying St.",500234032,15,9,20260820T141103,24.95521,121.34727,6,1,9,0,2026-08-20T16:03:00+08:00
新北市,New Taipei City,YouBike2.0_光明橋,鶯歌區,永明街78號(旁),YouBike2.0_Guang-ming bridge,Yingge Dist,"No. 78, Yongming St., Yingge Dist.(side)",500234033,14,0,20260820T142020,24.95577,121.34128,14,1,0,0,2026-08-20T16:03:00+08:00
新北市,New Taipei City,YouBike2.0_二橋派出所,鶯歌區,高職西街/中正三路口(西北側),YouBike2.0_Erqiao Police Station,Yingge Dist,"Gaozhi W. St. & Zhongzheng 3rd Rd., Yingge Dist. (west side)",500234034,11,0,20260820T141117,24.94216,121.33884,11,1,0,0,2026-08-20T16:03:00+08:00
新北市,New Taipei City,YouBike2.0_國中高職東街口,鶯歌區,國中路113至117-3號(對面),YouBike2.0_Guozhong & Gaozhi E. Intersection,Yingge Dist,"No. 113, Guozhong St., Yingge Dist.(opposite)",500234035,15,2,20260820T144702,24.94117,121.34116,13,1,1,1,2026-08-20T16:03:00+08:00
新北市,New Taipei City,YouBike2.0_尖山路高厝巷口,鶯歌區,尖山路276-5號(旁),YouBike2.0_Gaocuo Ln. Jianshan Rd.,Yingge Dist,"No. 276-5, Jianshan Rd. (Side)",500234036,15,0,20260820T145916,24.94495,121.34102,15,1,0,0,2026-08-20T16:03:00+08:00
新北市,New Taipei City,YouBike2.0_公八停車場,鶯歌區,國華路53號(對面),YouBike2.0_Public 8th Parking Lot,Yingge Dist,"No.53, Guohua Rd. (opposite)",500234037,15,6,20260820T141402,24.95515,121.34285,9,1,6,0,2026-08-20T16:03:00+08:00
新北市,New Taipei City,YouBike2.0_龍三鳳鳴路口,鶯歌區,鳳鳴路541號,YouBike2.0_Long 3rd. Rd. & Fengming Rd. Intersection,Yingge Dist,"No. 541, Fengming Rd.",500234038,18,2,20260820T144803,24.97286,121.33137,16,1,2,0,2026-08-20T16:03:00+08:00
新北市,New Taipei City,YouBike2.0_鳳福鳳三路口,鶯歌區,鳳三路360號,YouBike2.0_Fengfu Rd. & Feng 3rd. Rd. Intersection,Yingge Dist,"No. 360, Feng 3rd Rd.",500234039,22,3,20260820T154904,24.97567,121.33143,19,1,3,0,2026-08-20T16:03:00+08:00
新北市,New Taipei City,YouBike2.0_北鶯公園,鶯歌區,成功街20巷19號(旁),YouBike2.0_Beiying Park,Yingge Dist,"No. 19, Ln. 20, Chenggong St. (Side)",500234040,15,1,20260820T142704,24.95777,121.35942,14,1,0,1,2026-08-20T16:03:00+08:00
新北市,New Taipei City,YouBike2.0_鶯歌火車站(文化路),鶯歌區,文化路/文化路115巷(北側),YouBike2.0_Yingge Station (Wenhua Rd.),Yingge Dist,"Ln. 115, Wenhua Rd. Intersection (North)",500234041,25,20,20260820T150202,24.95536,121.35697,5,1,18,2,2026-08-20T16:03:00+08:00
新北市,New Taipei City,YouBike2.0_鳳七鶯歌路口,鶯歌區,鶯歌路101-107號(旁),YouBike2.0_Feng 7th Rd. & Yingge Rd. Intersection,Yingge Dist,"No. 101-107, Yingge Rd. (Side)",500234042,11,1,20260820T144103,24.96916,121.33193,10,1,0,1,2026-08-20T16:03:00+08:00
新北市,New Taipei City,YouBike2.0_國際一路112巷口,鶯歌區,國際一路167號(前),"YouBike2.0_Ln. 112, GuoJi 1st Rd.",Yingge Dist,"No. 167, GuoJi 1st Rd. (Front)",500234043,15,2,20260820T135603,24.97667,121.33579,13,1,0,2,2026-08-20T16:03:00+08:00
新北市,New Taipei City,YouBike2.0_臺鐵鳳鳴站,鶯歌區,鳳一路/鶯歌路口,YouBike2.0_Fengming Station,Yingge Dist,Feng 1st Rd. & YingGe Rd.,500234044,40,0,20260819T210005,24.97227,121.33674,0,0,0,0,2026-08-20T16:03:00+08:00
新北市,New Taipei City,YouBike2.0_鶯歌陶瓷老街,鶯歌區,重慶街/國慶街(西南側),YouBike2.0_YingGe Old Street,Yingge Dist,ChongQing St. & GuoQing St. (Southwest),500234045,33,9,20260820T142604,24.95219,121.351,24,1,9,0,2026-08-20T16:03:00+08:00
新北市,New Taipei City,YouBike2.0_鶯歌火車站(仁愛路62號),鶯歌區,仁愛路62號(東側),"YouBike2.0_YingGe Station (No. 62, RenAi Rd.)",Yingge Dist,"No. 62, RenAi Rd. (East)",500234046,42,26,20260820T152503,24.95505,121.35407,16,1,26,0,2026-08-20T16:03:00+08:00
新北市,New Taipei City,YouBike2.0_臺鐵鳳鳴站(鶯歌路),鶯歌區,鶯歌路276號(對面),YouBike2.0_Fengming Station (YingGe Rd.),Yingge Dist,"No. 276, YingGe Rd. (Opposite)",500234047,20,3,20260820T154403,24.97189,121.33651,8,1,3,0,2026-08-20T16:03:00+08:00
新北市,New Taipei City,YouBike2.0_光明育智路口,鶯歌區,光明街126號(東南側),YouBike2.0_GuangMing St. & YuZhi Rd. Intersection,Yingge Dist,"No. 126, GuangMing St. (Southeast)",500234048,14,5,20260820T145703,24.95587,121.3456,9,1,4,1,2026-08-20T16:03:00+08:00
新北市,New Taipei City,YouBike2.0_新鳳公園,鶯歌區,鶯桃路二段60號(對側),YouBike2.0_XinFeng Park,Yingge Dist,"No. 60, Sec. 2, YingTao Rd. (Opposite)",500234049,14,6,20260820T153804,24.9732,121.32474,8,1,6,0,2026-08-20T16:03:00+08:00
新北市,New Taipei City,YouBike2.0_鳳鳴機器人公園,鶯歌區,鳳鳴路/福安街7巷24弄口,YouBike2.0_FengMing Robot Park,Yingge Dist,"FengMing Rd. & Aly. 24, Ln. 7, FuAn St.",500234050,17,2,20260820T145204,24.96618,121.33465,15,1,2,0,2026-08-20T16:03:00+08:00
新北市,New Taipei City,YouBike2.0_龍五鳳七路口,鶯歌區,龍五路/鳳七路口,YouBike2.0_Long 5th Rd. & Feng 7th Rd. Intersection,Yingge Dist,Long 5th Rd. & Feng 7th Rd. Intersection,500234051,30,0,20260820T152617,24.97043,121.33101,30,1,0,0,2026-08-20T16:03:00+08:00
新北市,New Taipei City,YouBike2.0_龍鳳夜市,鶯歌區,鳳三路/龍三路(東南側),YouBike2.0_LongFeng Night Market,Yingge Dist,Feng 3rd Rd. & Long 3rd Rd. (Southeast),500234052,30,5,20260820T130404,24.97329,121.33331,25,1,5,0,2026-08-20T16:03:00+08:00
新北市,New Taipei City,YouBike2.0_中湖市民活動中心,鶯歌區,中湖街21號,YouBike2.0_Zhonghu Civic Activity Center,Yingge Dist,"No. 21, ZhongHu St.",500234053,20,9,20260820T154203,24.97298,121.3472,11,1,8,1,2026-08-20T16:03:00+08:00
新北市,New Taipei City,YouBike2.0_鳳一鳳吉一街口,鶯歌區,鳳吉一街259號(旁),YouBike2.0_Feng 1st Rd. & FengJi 1st St. Intersection,Yingge Dist,"No. 259, FengJi 1st St. (Side)",500234054,20,6,20260820T141604,24.97677,121.3317,14,1,6,0,2026-08-20T16:03:00+08:00
新北市,New Taipei City,YouBike2.0_鳳五路122號前,鶯歌區,鳳五路122號前,"YouBike2.0_No. 122, Feng 5th Rd.",Yingge Dist,"No. 122, Feng 5th Rd. (Front)",500234055,18,3,20260820T145204,24.97316,121.32991,15,1,2,1,2026-08-20T16:03:00+08:00
新北市,New Taipei City,YouBike2.0_建國永昌街口,鶯歌區,建國路546號(對面),YouBike2.0_JianGuo Rd. & YongChang St. Intersection,Yingge Dist,"No. 546, JianGuo Rd. (Opposite)",500234056,17,8,20260820T150803,24.95031,121.33831,9,1,4,4,2026-08-20T16:03:00+08:00
新北市,New Taipei City,YouBike2.0_捷運鶯歌車站,鶯歌區,館前路300號(對側),YouBike2.0_MRT Yingge Sta.,Yingge Dist,"No. 300, GuanQian Rd. (Opposite)",500234057,34,29,20260820T145604,24.95322,121.35668,5,1,28,1,2026-08-20T16:03:00+08:00
新北市,New Taipei City,YouBike2.0_鳳三龍七路口,鶯歌區,鳳三路68號,YouBike2.0_Feng 3rd Rd. & Long 7th Rd. Intersection,Yingge Dist,"No. 68, Feng 3rd Rd.",500234058,18,4,20260820T144803,24.97204,121.33467,14,1,3,1,2026-08-20T16:03:00+08:00
新北市,New Taipei City,YouBike2.0_捷運國華站,鶯歌區,國華路45號(對側),YouBike2.0_MRT Guohua Sta.,Yingge Dist,"No. 45, GuoHua Rd. (Opposite)",500234059,24,7,20260820T140903,24.95535,121.34251,17,1,6,1,2026-08-20T16:03:00+08:00
新北市,New Taipei City,YouBike2.0_捷運陶瓷老街站,鶯歌區,捷運陶瓷老街站(重慶街側),YouBike2.0_MRT Ceramics Old Street Sta.,Yingge Dist,MRT Ceramics Old Street Sta. (ChongQing St.),500234060,36,27,20260820T155204,24.95212,121.35065,9,1,27,0,2026-08-20T16:03:00+08:00
新北市,New Taipei City,YouBike2.0_捷運永吉公園站,鶯歌區,鶯桃路296巷口,YouBike2.0_MRT Yongji Park Sta.,Yingge Dist,"Ln. 296, YingTao Rd. Intersection",500234061,47,19,20260820T145604,24.96048,121.33476,28,1,19,0,2026-08-20T16:03:00+08:00
新北市,New Taipei City,YouBike2.0_捷運鶯桃福德站,鶯歌區,福德一路20號(對側),YouBike2.0_MRT Yingtao Fude Sta.,Yingge Dist,"No. 20, FuDe 1st Rd. (Opposite)",500234062,75,46,20260820T155503,24.96704,121.33044,29,1,46,0,2026-08-20T16:03:00+08:00
新北市,New Taipei City,YouBike2.0_捷運國華站(2號出口),鶯歌區,國華路97號(對側),YouBike2.0_MRT Guohua Sta.(Exit 2),Yingge Dist,"No. 97, GuoHua Rd. (Opposite)",500234063,60,20,20260820T134503,24.95374,121.34301,40,1,20,0,2026-08-20T16:03:00+08:00
新北市,New Taipei City,YouBike2.0_鶯歌山水步道停車場,鶯歌區,觀景涼亭停車場,YouBike2.0_YingGe Riverside Trail Car Park,Yingge Dist,YingGe Riverside Trail Car Park,500234064,24,6,20260820T143103,24.93205,121.32825,18,1,5,1,2026-08-20T16:03:00+08:00
新北市,New Taipei City,YouBike2.0_鶯歌環河自行車道,鶯歌區,環河路/甲三街(南側自行車道),YouBike2.0_YingGe Riverside Cycling Route,Yingge Dist,Huanhe Rd. & Jia 3rd St. (South),500234065,20,12,20260820T101904,24.92967,121.33837,8,1,12,0,2026-08-20T16:03:00+08:00
