scity,scityen,sna,sarea,ar,snaen,sareaen,aren,sno,tot_quantity,sbi_quantity,mday,lat,lng,bemp,act,yb2_quantity,eyb_quantity,fetch_time
新北市,New Taipei City,YouBike2.0_鶯歌火車站(仁愛路),鶯歌區,仁愛路55號對側,YouBike2.0_Yingge Railway Station(Ren’ai Rd.),Yingge Dist,"No.55, Ren’ai Rd., Yingge Dist.(opposite)",500234001,69,1,20260819T001018,24.95559,121.35441,67,1,1,0,2026-08-19T00:20:41+08:00
新北市,New Taipei City,YouBike2.0_新北市立圖書館鶯歌分館,鶯歌區,中山路150號,YouBike2.0_New Taipei City Library Yingge Branch,Yingge Dist,"No.150, Zhongshan Rd.",500234002,20,16,20260819T001902,24.9572,121.34946,3,1,14,2,2026-08-19T00:20:41+08:00
新北市,New Taipei City,YouBike2.0_文化館前路口,鶯歌區,文化路407號旁,YouBike2.0_Yingge Ceramics Museum,Yingge Dist,"No. 407, Wenhua Rd.",500234003,44,18,20260818T230702,24.94948,121.35291,26,1,15,3,2026-08-19T00:20:41+08:00
新北市,New Taipei City,YouBike2.0_鶯歌國民運動中心,鶯歌區,館前路250號運動中心前,YouBike2.0_Yingge Civil Sports Center,Yingge Dist,"No.250, Guanqian Rd., Yingge Dist.",500234004,38,20,20260818T230903,24.95139,121.35733,18,1,20,0,2026-08-19T00:20:41+08:00
新北市,New Taipei City,YouBike2.0_尖山國中,鶯歌區,國中街1號,YouBike2.0_Municipal Jianshan Junior High School,Yingge Dist,"No.1, Guozhong St., Yingge Dist(sidewalk)",500234005,20,1,20260818T211503,24.94381,121.34207,19,1,1,0,2026-08-19T00:20:41+08:00
新北市,New Taipei City,YouBike2.0_新北市立鶯歌高級工商職業學校,鶯歌區,中正三路154號,YouBike2.0_New Taipei Municipal Yingge Vocational High School,Yingge Dist,"No. 154, Zhongzheng 3rd. Rd",500234006,56,7,20260819T001803,24.93923,121.33488,49,1,7,0,2026-08-19T00:20:41+08:00
新北市,New Taipei City,YouBike2.0_鶯歌國中,鶯歌區,鶯桃路39-5號對側,YouBike2.0_Yingge Junior High chool,Yingge Dist,"No.39-5, Yingtao Rd.(opposite)",500234007,30,5,20260818T223504,24.95119,121.34256,24,1,3,2,2026-08-19T00:20:41+08:00
新北市,New Taipei City,YouBike2.0_永吉國小,鶯歌區,德昌二街39號對側,YouBike2.0_Yongchi elementary school,Yingge Dist,"No.39, Dechang 2nd St., Yingge Dist.",500234008,20,5,20260818T233902,24.95865,121.33308,15,1,4,1,2026-08-19T00:20:41+08:00
新北市,New Taipei City,YouBike2.0_鳳祥公園,鶯歌區,鶯桃路365巷130號對側,YouBike2.0_Fengxiang Park,Yingge Dist,"No.130, Ln. 365, Yingtao Rd., Yingge Dist.",500234009,20,7,20260819T000003,24.96283,121.33025,13,1,7,0,2026-08-19T00:20:41+08:00
新北市,New Taipei City,YouBike2.0_鳳鳴國小,鶯歌區,永和街120號,YouBike2.0_Fengming Elementary School,Yingge Dist,"No.120, Yonghe St., Yingge Dist.",500234010,20,5,20260819T000104,24.9692,121.3347,15,1,5,0,2026-08-19T00:20:41+08:00
新北市,New Taipei City,YouBike2.0_國際二國際一路口,鶯歌區,國際二路與國際一路口,YouBike2.0_Guoji 2nd Guoji 1st Intersection,Yingge Dist,"Guoji 2nd Rd./Guoji 1st Rd., Yingge Dist.",500234011,20,3,20260818T212802,24.97577,121.3353,17,1,2,1,2026-08-19T00:20:41+08:00
新北市,New Taipei City,YouBike2.0_鳳福公園,鶯歌區,鳳吉一街186號(對面),YouBike2.0_Fengfu Park,Yingge Dist,"No. 186, Fengji 1st St., Yingge Dist.(opposite)",500234012,20,7,20260818T235902,24.97572,121.32938,13,1,5,2,2026-08-19T00:20:41+08:00
新北市,New Taipei City,YouBike2.0_尖山公園,鶯歌區,鶯歌區尖山路161號對面,YouBike2.0_Jianshan Park,Yingge Dist,"No.161, Jianshan Rd.(opposite)",500234013,29,18,20260818T225603,24.9482,121.346,11,1,18,0,2026-08-19T00:20:41+08:00
新北市,New Taipei City,YouBike2.0_永昌里兒一公園,鶯歌區,鶯桃路182巷96弄36-38號對側,YouBike2.0_Yongchang Village Children Park (No.1),Yingge Dist,"No.36-38, Aly. 96, Ln. 182, Yingtao Rd.(oppsite)",500234014,20,11,20260818T215703,24.956649374562204,121.33959628800724,9,1,8,3,2026-08-19T00:20:41+08:00
新北市,New Taipei City,YouBike2.0_南雅育智路口,鶯歌區,南雅路491號(對面),YouBike2.0_Nanya & Yuzhi Rd. Intersection,Yingge Dist,"No.491, Nanya Rd., Yingge Dist.(opposite)",500234015,22,11,20260818T232703,24.954,121.346,11,1,11,0,2026-08-19T00:20:41+08:00
新北市,New Taipei City,YouBike2.0_國中二甲路口,鶯歌區,國中街175號(前),YouBike2.0_Guozhong & Erjia Intersection,Yingge Dist,"No. 175, Guozhong St., Yingge Dist.",500234016,20,14,20260818T235702,24.939489067109363,121.33868650698288,6,1,9,5,2026-08-19T00:20:41+08:00
新北市,New Taipei City,YouBike2.0_鶯歌永利街,鶯歌區,永利街16號(對面),YouBike2.0_Yingge Yongli St.,Yingge Dist,"No. 16, Yongli St. Yingge Dist.",500234017,15,11,20260818T232903,24.95495,121.33911,3,1,11,0,2026-08-19T00:20:41+08:00
新北市,New Taipei City,YouBike2.0_二橋虹橋公園,鶯歌區,中正三路400號(對面),YouBike2.0_Erqiaoshiguanghongqiao Park,Yingge Dist,"No. 400, Zhongzheng 3rd Rd.(Opposite)",500234018,10,4,20260818T223004,24.93453,121.32595,6,1,4,0,2026-08-19T00:20:41+08:00
新北市,New Taipei City,YouBike2.0_鳳吉四鳳七路口(捷士匯社區),鶯歌區,鳳吉四街57-75號(旁),YouBike2.0_Fengji 4th & Feng 7th Rd. Intersection,Yingge Dist,"No. 57-75, Fengji 4th St.",500234021,40,19,20260818T235102,24.97383,121.32769,21,1,18,1,2026-08-19T00:20:41+08:00
新北市,New Taipei City,YouBike2.0_鶯歌老街第二停車場,鶯歌區,尖山埔路27-31號(對面),YouBike2.0_Yingge Old Street 2nd Parking Lot,Yingge Dist,"No. 27-31, Jianshanpu Rd.(Opposite)",500234022,20,12,20260818T214403,24.94895,121.34227,8,1,11,1,2026-08-19T00:20:41+08:00
新北市,New Taipei City,YouBike2.0_建國中正一路口(北鶯社區),鶯歌區,建國路6號(對面空地),YouBike2.0_Jianguo Zhongzheng 1st Rd. Intersection,Yingge Dist,"No. 6, Jianguo Rd.(Opposite)",500234023,20,10,20260819T001504,24.95658,121.35692,10,1,10,0,2026-08-19T00:20:41+08:00
新北市,New Taipei City,YouBike2.0_三鶯水資源回收中心,鶯歌區,館前路360號(旁),YouBike2.0_Sanying Water Recycling Center,Yingge Dist,"No. 360, Guanqian Rd.",500234024,14,11,20260818T222404,24.95535,121.35996,3,1,7,4,2026-08-19T00:20:41+08:00
新北市,New Taipei City,YouBike2.0_永和街65巷口,鶯歌區,永和街75號,"YouBike2.0_Ln. 65, Yonghe St. Intersection",Yingge Dist,"No. 75, Yonghe St.",500234025,37,16,20260818T233602,24.96798,121.3331413,21,1,12,4,2026-08-19T00:20:41+08:00
新北市,New Taipei City,YouBike2.0_鶯歌陶瓷博物館,鶯歌區,文化路200號(旁),YouBike2.0_Yingge Ceramics Museum(Wenhua Rd.),Yingge Dist,"No. 200, Wenhua Rd.",500234026,22,15,20260819T001902,24.95012,121.35245,6,1,13,2,2026-08-19T00:20:41+08:00
新北市,New Taipei City,YouBike2.0_礫間停車場,鶯歌區,礫間停車場,YouBike2.0_Lijian Parking,Yingge Dist,Lijian Parking,500234028,20,2,20260818T221504,24.9518,121.35445,18,1,1,1,2026-08-19T00:20:41+08:00
新北市,New Taipei City,YouBike2.0_北鶯停車場,鶯歌區,北鶯停車場,YouBike2.0_Beiying Parking,Yingge Dist,Beiying Parking,500234029,20,9,20260818T223102,24.95567,121.35992,11,1,9,0,2026-08-19T00:20:41+08:00
新北市,New Taipei City,YouBike2.0_育英建國路口,鶯歌區,建國路280號(旁),YouBike2.0_Yuying Jianguo Rd. Intersection,Yingge Dist,"No. 280, Jianguo Rd.",500234030,12,3,20260818T235303,24.95356,121.34693,9,1,3,0,2026-08-19T00:20:41+08:00
新北市,New Taipei City,YouBike2.0_中正一仁愛路口,鶯歌區,中正一路181號(對面),YouBike2.0_Zhongzheng 1st & Ren'ai Rd Intersection,Yingge Dist,"No. 181, Zhongzheng 1st Rd.(Opposite)",500234031,15,6,20260818T233503,24.95672,121.3532,9,1,3,3,2026-08-19T00:20:41+08:00
新北市,New Taipei City,YouBike2.0_建國國小,鶯歌區,育英街19號(旁),YouBike2.0_Jianguo Elementary School,Yingge Dist,"No. 19, Yuying St.",500234032,15,9,20260818T224303,24.95521,121.34727,6,1,9,0,2026-08-19T00:20:41+08:00
新北市,New Taipei City,YouBike2.0_光明橋,鶯歌區,永明街78號(旁),YouBike2.0_Guang-ming bridge,Yingge Dist,"No. 78, Yongming St., Yingge Dist.(side)",500234033,14,10,20260818T214904,24.95577,121.34128,4,1,9,1,2026-08-19T00:20:41+08:00
新北市,New Taipei City,YouBike2.0_二橋派出所,鶯歌區,高職西街/中正三路口(西北側),YouBike2.0_Erqiao Police Station,Yingge Dist,"Gaozhi W. St. & Zhongzheng 3rd Rd., Yingge Dist. (west side)",500234034,11,5,20260818T233302,24.94216,121.33884,6,1,5,0,2026-08-19T00:20:41+08:00
新北市,New Taipei City,YouBike2.0_國中高職東街口,鶯歌區,國中路113至117-3號(對面),YouBike2.0_Guozhong & Gaozhi E. Intersection,Yingge Dist,"No. 113, Guozhong St., Yingge Dist.(opposite)",500234035,15,4,20260818T212504,24.94117,121.34116,10,1,3,1,2026-08-19T00:20:41+08:00
新北市,New Taipei City,YouBike2.0_尖山路高厝巷口,鶯歌區,尖山路276-5號(旁),YouBike2.0_Gaocuo Ln. Jianshan Rd.,Yingge Dist,"No. 276-5, Jianshan Rd. (Side)",500234036,15,6,20260818T234903,24.94495,121.34102,8,1,6,0,2026-08-19T00:20:41+08:00
新北市,New Taipei City,YouBike2.0_公八停車場,鶯歌區,國華路53號(對面),YouBike2.0_Public 8th Parking Lot,Yingge Dist,"No.53, Guohua Rd. (opposite)",500234037,15,8,20260818T233004,24.95515,121.34285,7,1,6,2,2026-08-19T00:20:41+08:00
新北市,New Taipei City,YouBike2.0_龍三鳳鳴路口,鶯歌區,鳳鳴路541號,YouBike2.0_Long 3rd. Rd. & Fengming Rd. Intersection,Yingge Dist,"No. 541, Fengming Rd.",500234038,18,7,20260819T001204,24.97286,121.33137,11,1,7,0,2026-08-19T00:20:41+08:00
新北市,New Taipei City,YouBike2.0_鳳福鳳三路口,鶯歌區,鳳三路360號,YouBike2.0_Fengfu Rd. & Feng 3rd. Rd. Intersection,Yingge Dist,"No. 360, Feng 3rd Rd.",500234039,22,4,20260819T001716,24.97567,121.33143,18,1,4,0,2026-08-19T00:20:41+08:00
新北市,New Taipei City,YouBike2.0_北鶯公園,鶯歌區,成功街20巷19號(旁),YouBike2.0_Beiying Park,Yingge Dist,"No. 19, Ln. 20, Chenggong St. (Side)",500234040,15,9,20260818T232903,24.95777,121.35942,6,1,7,2,2026-08-19T00:20:41+08:00
新北市,New Taipei City,YouBike2.0_鶯歌火車站(文化路),鶯歌區,文化路/文化路115巷(北側),YouBike2.0_Yingge Station (Wenhua Rd.),Yingge Dist,"Ln. 115, Wenhua Rd. Intersection (North)",500234041,25,18,20260819T000304,24.95536,121.35697,7,1,17,1,2026-08-19T00:20:41+08:00
新北市,New Taipei City,YouBike2.0_鳳七鶯歌路口,鶯歌區,鶯歌路101-107號(旁),YouBike2.0_Feng 7th Rd. & Yingge Rd. Intersection,Yingge Dist,"No. 101-107, Yingge Rd. (Side)",500234042,11,3,20260819T001103,24.96916,121.33193,7,1,3,0,2026-08-19T00:20:41+08:00
新北市,New Taipei City,YouBike2.0_國際一路112巷口,鶯歌區,國際一路167號(前),"YouBike2.0_Ln. 112, GuoJi 1st Rd.",Yingge Dist,"No. 167, GuoJi 1st Rd. (Front)",500234043,15,3,20260818T213304,24.97667,121.33579,12,1,0,3,2026-08-19T00:20:41+08:00
新北市,New Taipei City,YouBike2.0_臺鐵鳳鳴站,鶯歌區,鳳一路/鶯歌路口,YouBike2.0_Fengming Station,Yingge Dist,Feng 1st Rd. & YingGe Rd.,500234044,40,0,20260817T173503,24.97227,121.33674,0,0,0,0,2026-08-19T00:20:41+08:00
新北市,New Taipei City,YouBike2.0_鶯歌陶瓷老街,鶯歌區,重慶街/國慶街(西南側),YouBike2.0_YingGe Old Street,Yingge Dist,ChongQing St. & GuoQing St. (Southwest),500234045,33,23,20260818T213702,24.95219,121.351,10,1,19,4,2026-08-19T00:20:41+08:00
新北市,New Taipei City,YouBike2.0_鶯歌火車站(仁愛路62號),鶯歌區,仁愛路62號(東側),"YouBike2.0_YingGe Station (No. 62, RenAi Rd.)",Yingge Dist,"No. 62, RenAi Rd. (East)",500234046,42,1,20260819T001504,24.95505,121.35407,40,1,0,1,2026-08-19T00:20:41+08:00
新北市,New Taipei City,YouBike2.0_臺鐵鳳鳴站(鶯歌路),鶯歌區,鶯歌路276號(對面),YouBike2.0_Fengming Station (YingGe Rd.),Yingge Dist,"No. 276, YingGe Rd. (Opposite)",500234047,20,7,20260819T000703,24.97189,121.33651,13,1,7,0,2026-08-19T00:20:41+08:00
新北市,New Taipei City,YouBike2.0_光明育智路口,鶯歌區,光明街126號(東南側),YouBike2.0_GuangMing St. & YuZhi Rd. Intersection,Yingge Dist,"No. 126, GuangMing St. (Southeast)",500234048,14,8,20260818T234616,24.95587,121.3456,6,1,8,0,2026-08-19T00:20:41+08:00
新北市,New Taipei City,YouBike2.0_新鳳公園,鶯歌區,鶯桃路二段60號(對側),YouBike2.0_XinFeng Park,Yingge Dist,"No. 60, Sec. 2, YingTao Rd. (Opposite)",500234049,14,10,20260819T001603,24.9732,121.32474,4,1,10,0,2026-08-19T00:20:41+08:00
新北市,New Taipei City,YouBike2.0_鳳鳴機器人公園,鶯歌區,鳳鳴路/福安街7巷24弄口,YouBike2.0_FengMing Robot Park,Yingge Dist,"FengMing Rd. & Aly. 24, Ln. 7, FuAn St.",500234050,17,12,20260819T001803,24.96618,121.33465,5,1,7,5,2026-08-19T00:20:41+08:00
新北市,New Taipei City,YouBike2.0_龍五鳳七路口,鶯歌區,龍五路/鳳七路口,YouBike2.0_Long 5th Rd. & Feng 7th Rd. Intersection,Yingge Dist,Long 5th Rd. & Feng 7th Rd. Intersection,500234051,30,8,20260818T235004,24.97043,121.33101,22,1,8,0,2026-08-19T00:20:41+08:00
新北市,New Taipei City,YouBike2.0_龍鳳夜市,鶯歌區,鳳三路/龍三路(東南側),YouBike2.0_LongFeng Night Market,Yingge Dist,Feng 3rd Rd. & Long 3rd Rd. (Southeast),500234052,30,10,20260819T000902,24.97329,121.33331,20,1,10,0,2026-08-19T00:20:41+08:00
新北市,New Taipei City,YouBike2.0_中湖市民活動中心,鶯歌區,中湖街21號,YouBike2.0_Zhonghu Civic Activity Center,Yingge Dist,"No. 21, ZhongHu St.",500234053,20,4,20260818T235902,24.97298,121.3472,16,1,2,2,2026-08-19T00:20:41+08:00
新北市,New Taipei City,YouBike2.0_鳳一鳳吉一街口,鶯歌區,鳳吉一街259號(旁),YouBike2.0_Feng 1st Rd. & FengJi 1st St. Intersection,Yingge Dist,"No. 259, FengJi 1st St. (Side)",500234054,20,5,20260818T223603,24.97677,121.3317,15,1,4,1,2026-08-19T00:20:41+08:00
新北市,New Taipei City,YouBike2.0_鳳五路122號前,鶯歌區,鳳五路122號前,"YouBike2.0_No. 122, Feng 5th Rd.",Yingge Dist,"No. 122, Feng 5th Rd. (Front)",500234055,18,12,20260818T224703,24.97316,121.32991,6,1,10,2,2026-08-19T00:20:41+08:00
新北市,New Taipei City,YouBike2.0_建國永昌街口,鶯歌區,建國路546號(對面),YouBike2.0_JianGuo Rd. & YongChang St. Intersection,Yingge Dist,"No. 546, JianGuo Rd. (Opposite)",500234056,17,3,20260818T181003,24.95031,121.33831,14,1,3,0,2026-08-19T00:20:41+08:00
新北市,New Taipei City,YouBike2.0_捷運鶯歌車站,鶯歌區,館前路300號(對側),YouBike2.0_MRT Yingge Sta.,Yingge Dist,"No. 300, GuanQian Rd. (Opposite)",500234057,34,7,20260818T231802,24.95322,121.35668,26,1,7,0,2026-08-19T00:20:41+08:00
新北市,New Taipei City,YouBike2.0_鳳三龍七路口,鶯歌區,鳳三路68號,YouBike2.0_Feng 3rd Rd. & Long 7th Rd. Intersection,Yingge Dist,"No. 68, Feng 3rd Rd.",500234058,18,4,20260819T000902,24.97204,121.33467,13,1,4,0,2026-08-19T00:20:41+08:00
新北市,New Taipei City,YouBike2.0_捷運國華站,鶯歌區,國華路45號(對側),YouBike2.0_MRT Guohua Sta.,Yingge Dist,"No. 45, GuoHua Rd. (Opposite)",500234059,24,10,20260818T231302,24.95535,121.34251,14,1,10,0,2026-08-19T00:20:41+08:00
新北市,New Taipei City,YouBike2.0_捷運陶瓷老街站,鶯歌區,捷運陶瓷老街站(重慶街側),YouBike2.0_MRT Ceramics Old Street Sta.,Yingge Dist,MRT Ceramics Old Street Sta. (ChongQing St.),500234060,36,22,20260818T212403,24.95212,121.35065,14,1,22,0,2026-08-19T00:20:41+08:00
新北市,New Taipei City,YouBike2.0_捷運永吉公園站,鶯歌區,鶯桃路296巷口,YouBike2.0_MRT Yongji Park Sta.,Yingge Dist,"Ln. 296, YingTao Rd. Intersection",500234061,47,14,20260819T000305,24.96048,121.33476,32,1,10,4,2026-08-19T00:20:41+08:00
新北市,New Taipei City,YouBike2.0_捷運鶯桃福德站,鶯歌區,福德一路20號(對側),YouBike2.0_MRT Yingtao Fude Sta.,Yingge Dist,"No. 20, FuDe 1st Rd. (Opposite)",500234062,75,16,20260818T235202,24.96704,121.33044,59,1,16,0,2026-08-19T00:20:41+08:00
新北市,New Taipei City,YouBike2.0_捷運國華站(2號出口),鶯歌區,國華路97號(對側),YouBike2.0_MRT Guohua Sta.(Exit 2),Yingge Dist,"No. 97, GuoHua Rd. (Opposite)",500234063,60,18,20260819T000803,24.95374,121.34301,42,1,17,1,2026-08-19T00:20:41+08:00
新北市,New Taipei City,YouBike2.0_鶯歌山水步道停車場,鶯歌區,觀景涼亭停車場,YouBike2.0_YingGe Riverside Trail Car Park,Yingge Dist,YingGe Riverside Trail Car Park,500234064,24,6,20260818T192804,24.93205,121.32825,18,1,6,0,2026-08-19T00:20:41+08:00
新北市,New Taipei City,YouBike2.0_鶯歌環河自行車道,鶯歌區,環河路/甲三街(南側自行車道),YouBike2.0_YingGe Riverside Cycling Route,Yingge Dist,Huanhe Rd. & Jia 3rd St. (South),500234065,20,13,20260818T223504,24.92967,121.33837,7,1,13,0,2026-08-19T00:20:41+08:00
新北市,New Taipei City,YouBike2.0_鶯歌火車站(仁愛路),鶯歌區,仁愛路55號對側,YouBike2.0_Yingge Railway Station(Ren’ai Rd.),Yingge Dist,"No.55, Ren’ai Rd., Yingge Dist.(opposite)",500234001,69,1,20260819T001018,24.95559,121.35441,67,1,1,0,2026-08-19T00:55:44+08:00
新北市,New Taipei City,YouBike2.0_新北市立圖書館鶯歌分館,鶯歌區,中山路150號,YouBike2.0_New Taipei City Library Yingge Branch,Yingge Dist,"No.150, Zhongshan Rd.",500234002,20,16,20260819T001902,24.9572,121.34946,3,1,14,2,2026-08-19T00:55:44+08:00
新北市,New Taipei City,YouBike2.0_文化館前路口,鶯歌區,文化路407號旁,YouBike2.0_Yingge Ceramics Museum,Yingge Dist,"No. 407, Wenhua Rd.",500234003,44,18,20260818T230702,24.94948,121.35291,26,1,15,3,2026-08-19T00:55:44+08:00
新北市,New Taipei City,YouBike2.0_鶯歌國民運動中心,鶯歌區,館前路250號運動中心前,YouBike2.0_Yingge Civil Sports Center,Yingge Dist,"No.250, Guanqian Rd., Yingge Dist.",500234004,38,20,20260818T230903,24.95139,121.35733,18,1,20,0,2026-08-19T00:55:44+08:00
新北市,New Taipei City,YouBike2.0_尖山國中,鶯歌區,國中街1號,YouBike2.0_Municipal Jianshan Junior High School,Yingge Dist,"No.1, Guozhong St., Yingge Dist(sidewalk)",500234005,20,0,20260819T005117,24.94381,121.34207,20,1,0,0,2026-08-19T00:55:44+08:00
新北市,New Taipei City,YouBike2.0_新北市立鶯歌高級工商職業學校,鶯歌區,中正三路154號,YouBike2.0_New Taipei Municipal Yingge Vocational High School,Yingge Dist,"No. 154, Zhongzheng 3rd. Rd",500234006,56,7,20260819T001803,24.93923,121.33488,49,1,7,0,2026-08-19T00:55:44+08:00
新北市,New Taipei City,YouBike2.0_鶯歌國中,鶯歌區,鶯桃路39-5號對側,YouBike2.0_Yingge Junior High chool,Yingge Dist,"No.39-5, Yingtao Rd.(opposite)",500234007,30,5,20260818T223504,24.95119,121.34256,24,1,3,2,2026-08-19T00:55:44+08:00
新北市,New Taipei City,YouBike2.0_永吉國小,鶯歌區,德昌二街39號對側,YouBike2.0_Yongchi elementary school,Yingge Dist,"No.39, Dechang 2nd St., Yingge Dist.",500234008,20,5,20260818T233902,24.95865,121.33308,15,1,4,1,2026-08-19T00:55:44+08:00
新北市,New Taipei City,YouBike2.0_鳳祥公園,鶯歌區,鶯桃路365巷130號對側,YouBike2.0_Fengxiang Park,Yingge Dist,"No.130, Ln. 365, Yingtao Rd., Yingge Dist.",500234009,20,7,20260819T000003,24.96283,121.33025,13,1,7,0,2026-08-19T00:55:44+08:00
新北市,New Taipei City,YouBike2.0_鳳鳴國小,鶯歌區,永和街120號,YouBike2.0_Fengming Elementary School,Yingge Dist,"No.120, Yonghe St., Yingge Dist.",500234010,20,5,20260819T000104,24.9692,121.3347,15,1,5,0,2026-08-19T00:55:44+08:00
新北市,New Taipei City,YouBike2.0_國際二國際一路口,鶯歌區,國際二路與國際一路口,YouBike2.0_Guoji 2nd Guoji 1st Intersection,Yingge Dist,"Guoji 2nd Rd./Guoji 1st Rd., Yingge Dist.",500234011,20,10,20260819T003402,24.97577,121.3353,10,1,9,1,2026-08-19T00:55:44+08:00
新北市,New Taipei City,YouBike2.0_鳳福公園,鶯歌區,鳳吉一街186號(對面),YouBike2.0_Fengfu Park,Yingge Dist,"No. 186, Fengji 1st St., Yingge Dist.(opposite)",500234012,20,7,20260818T235902,24.97572,121.32938,13,1,5,2,2026-08-19T00:55:44+08:00
新北市,New Taipei City,YouBike2.0_尖山公園,鶯歌區,鶯歌區尖山路161號對面,YouBike2.0_Jianshan Park,Yingge Dist,"No.161, Jianshan Rd.(opposite)",500234013,29,19,20260819T004903,24.9482,121.346,10,1,19,0,2026-08-19T00:55:44+08:00
新北市,New Taipei City,YouBike2.0_永昌里兒一公園,鶯歌區,鶯桃路182巷96弄36-38號對側,YouBike2.0_Yongchang Village Children Park (No.1),Yingge Dist,"No.36-38, Aly. 96, Ln. 182, Yingtao Rd.(oppsite)",500234014,20,11,20260818T215703,24.956649374562204,121.33959628800724,9,1,8,3,2026-08-19T00:55:44+08:00
新北市,New Taipei City,YouBike2.0_南雅育智路口,鶯歌區,南雅路491號(對面),YouBike2.0_Nanya & Yuzhi Rd. Intersection,Yingge Dist,"No.491, Nanya Rd., Yingge Dist.(opposite)",500234015,22,11,20260818T232703,24.954,121.346,11,1,11,0,2026-08-19T00:55:44+08:00
新北市,New Taipei City,YouBike2.0_國中二甲路口,鶯歌區,國中街175號(前),YouBike2.0_Guozhong & Erjia Intersection,Yingge Dist,"No. 175, Guozhong St., Yingge Dist.",500234016,20,14,20260818T235702,24.939489067109363,121.33868650698288,6,1,9,5,2026-08-19T00:55:44+08:00
新北市,New Taipei City,YouBike2.0_鶯歌永利街,鶯歌區,永利街16號(對面),YouBike2.0_Yingge Yongli St.,Yingge Dist,"No. 16, Yongli St. Yingge Dist.",500234017,15,11,20260818T232903,24.95495,121.33911,3,1,11,0,2026-08-19T00:55:44+08:00
新北市,New Taipei City,YouBike2.0_二橋虹橋公園,鶯歌區,中正三路400號(對面),YouBike2.0_Erqiaoshiguanghongqiao Park,Yingge Dist,"No. 400, Zhongzheng 3rd Rd.(Opposite)",500234018,10,4,20260818T223004,24.93453,121.32595,6,1,4,0,2026-08-19T00:55:44+08:00
新北市,New Taipei City,YouBike2.0_鳳吉四鳳七路口(捷士匯社區),鶯歌區,鳳吉四街57-75號(旁),YouBike2.0_Fengji 4th & Feng 7th Rd. Intersection,Yingge Dist,"No. 57-75, Fengji 4th St.",500234021,40,19,20260818T235102,24.97383,121.32769,21,1,18,1,2026-08-19T00:55:44+08:00
新北市,New Taipei City,YouBike2.0_鶯歌老街第二停車場,鶯歌區,尖山埔路27-31號(對面),YouBike2.0_Yingge Old Street 2nd Parking Lot,Yingge Dist,"No. 27-31, Jianshanpu Rd.(Opposite)",500234022,20,12,20260818T214403,24.94895,121.34227,8,1,11,1,2026-08-19T00:55:44+08:00
新北市,New Taipei City,YouBike2.0_建國中正一路口(北鶯社區),鶯歌區,建國路6號(對面空地),YouBike2.0_Jianguo Zhongzheng 1st Rd. Intersection,Yingge Dist,"No. 6, Jianguo Rd.(Opposite)",500234023,20,10,20260819T001504,24.95658,121.35692,10,1,10,0,2026-08-19T00:55:44+08:00
新北市,New Taipei City,YouBike2.0_三鶯水資源回收中心,鶯歌區,館前路360號(旁),YouBike2.0_Sanying Water Recycling Center,Yingge Dist,"No. 360, Guanqian Rd.",500234024,14,11,20260818T222404,24.95535,121.35996,3,1,7,4,2026-08-19T00:55:44+08:00
新北市,New Taipei City,YouBike2.0_永和街65巷口,鶯歌區,永和街75號,"YouBike2.0_Ln. 65, Yonghe St. Intersection",Yingge Dist,"No. 75, Yonghe St.",500234025,37,16,20260818T233602,24.96798,121.3331413,21,1,12,4,2026-08-19T00:55:44+08:00
新北市,New Taipei City,YouBike2.0_鶯歌陶瓷博物館,鶯歌區,文化路200號(旁),YouBike2.0_Yingge Ceramics Museum(Wenhua Rd.),Yingge Dist,"No. 200, Wenhua Rd.",500234026,22,16,20260819T002704,24.95012,121.35245,5,1,14,2,2026-08-19T00:55:44+08:00
新北市,New Taipei City,YouBike2.0_礫間停車場,鶯歌區,礫間停車場,YouBike2.0_Lijian Parking,Yingge Dist,Lijian Parking,500234028,20,2,20260818T221504,24.9518,121.35445,18,1,1,1,2026-08-19T00:55:44+08:00
新北市,New Taipei City,YouBike2.0_北鶯停車場,鶯歌區,北鶯停車場,YouBike2.0_Beiying Parking,Yingge Dist,Beiying Parking,500234029,20,9,20260818T223102,24.95567,121.35992,11,1,9,0,2026-08-19T00:55:44+08:00
新北市,New Taipei City,YouBike2.0_育英建國路口,鶯歌區,建國路280號(旁),YouBike2.0_Yuying Jianguo Rd. Intersection,Yingge Dist,"No. 280, Jianguo Rd.",500234030,12,3,20260818T235303,24.95356,121.34693,9,1,3,0,2026-08-19T00:55:44+08:00
新北市,New Taipei City,YouBike2.0_中正一仁愛路口,鶯歌區,中正一路181號(對面),YouBike2.0_Zhongzheng 1st & Ren'ai Rd Intersection,Yingge Dist,"No. 181, Zhongzheng 1st Rd.(Opposite)",500234031,15,6,20260818T233503,24.95672,121.3532,9,1,3,3,2026-08-19T00:55:44+08:00
新北市,New Taipei City,YouBike2.0_建國國小,鶯歌區,育英街19號(旁),YouBike2.0_Jianguo Elementary School,Yingge Dist,"No. 19, Yuying St.",500234032,15,9,20260818T224303,24.95521,121.34727,6,1,9,0,2026-08-19T00:55:44+08:00
新北市,New Taipei City,YouBike2.0_光明橋,鶯歌區,永明街78號(旁),YouBike2.0_Guang-ming bridge,Yingge Dist,"No. 78, Yongming St., Yingge Dist.(side)",500234033,14,10,20260818T214904,24.95577,121.34128,4,1,9,1,2026-08-19T00:55:44+08:00
新北市,New Taipei City,YouBike2.0_二橋派出所,鶯歌區,高職西街/中正三路口(西北側),YouBike2.0_Erqiao Police Station,Yingge Dist,"Gaozhi W. St. & Zhongzheng 3rd Rd., Yingge Dist. (west side)",500234034,11,5,20260819T005303,24.94216,121.33884,6,1,5,0,2026-08-19T00:55:44+08:00
新北市,New Taipei City,YouBike2.0_國中高職東街口,鶯歌區,國中路113至117-3號(對面),YouBike2.0_Guozhong & Gaozhi E. Intersection,Yingge Dist,"No. 113, Guozhong St., Yingge Dist.(opposite)",500234035,15,4,20260818T212504,24.94117,121.34116,10,1,3,1,2026-08-19T00:55:44+08:00
新北市,New Taipei City,YouBike2.0_尖山路高厝巷口,鶯歌區,尖山路276-5號(旁),YouBike2.0_Gaocuo Ln. Jianshan Rd.,Yingge Dist,"No. 276-5, Jianshan Rd. (Side)",500234036,15,6,20260818T234903,24.94495,121.34102,8,1,6,0,2026-08-19T00:55:44+08:00
新北市,New Taipei City,YouBike2.0_公八停車場,鶯歌區,國華路53號(對面),YouBike2.0_Public 8th Parking Lot,Yingge Dist,"No.53, Guohua Rd. (opposite)",500234037,15,8,20260818T233004,24.95515,121.34285,7,1,6,2,2026-08-19T00:55:44+08:00
新北市,New Taipei City,YouBike2.0_龍三鳳鳴路口,鶯歌區,鳳鳴路541號,YouBike2.0_Long 3rd. Rd. & Fengming Rd. Intersection,Yingge Dist,"No. 541, Fengming Rd.",500234038,18,8,20260819T002403,24.97286,121.33137,10,1,8,0,2026-08-19T00:55:44+08:00
新北市,New Taipei City,YouBike2.0_鳳福鳳三路口,鶯歌區,鳳三路360號,YouBike2.0_Fengfu Rd. & Feng 3rd. Rd. Intersection,Yingge Dist,"No. 360, Feng 3rd Rd.",500234039,22,4,20260819T001716,24.97567,121.33143,18,1,4,0,2026-08-19T00:55:44+08:00
新北市,New Taipei City,YouBike2.0_北鶯公園,鶯歌區,成功街20巷19號(旁),YouBike2.0_Beiying Park,Yingge Dist,"No. 19, Ln. 20, Chenggong St. (Side)",500234040,15,9,20260818T232903,24.95777,121.35942,6,1,7,2,2026-08-19T00:55:44+08:00
新北市,New Taipei City,YouBike2.0_鶯歌火車站(文化路),鶯歌區,文化路/文化路115巷(北側),YouBike2.0_Yingge Station (Wenhua Rd.),Yingge Dist,"Ln. 115, Wenhua Rd. Intersection (North)",500234041,25,18,20260819T000304,24.95536,121.35697,7,1,17,1,2026-08-19T00:55:44+08:00
新北市,New Taipei City,YouBike2.0_鳳七鶯歌路口,鶯歌區,鶯歌路101-107號(旁),YouBike2.0_Feng 7th Rd. & Yingge Rd. Intersection,Yingge Dist,"No. 101-107, Yingge Rd. (Side)",500234042,11,3,20260819T001103,24.96916,121.33193,7,1,3,0,2026-08-19T00:55:44+08:00
新北市,New Taipei City,YouBike2.0_國際一路112巷口,鶯歌區,國際一路167號(前),"YouBike2.0_Ln. 112, GuoJi 1st Rd.",Yingge Dist,"No. 167, GuoJi 1st Rd. (Front)",500234043,15,12,20260819T003803,24.97667,121.33579,3,1,8,4,2026-08-19T00:55:44+08:00
新北市,New Taipei City,YouBike2.0_臺鐵鳳鳴站,鶯歌區,鳳一路/鶯歌路口,YouBike2.0_Fengming Station,Yingge Dist,Feng 1st Rd. & YingGe Rd.,500234044,40,0,20260817T173503,24.97227,121.33674,0,0,0,0,2026-08-19T00:55:44+08:00
新北市,New Taipei City,YouBike2.0_鶯歌陶瓷老街,鶯歌區,重慶街/國慶街(西南側),YouBike2.0_YingGe Old Street,Yingge Dist,ChongQing St. & GuoQing St. (Southwest),500234045,33,23,20260818T213702,24.95219,121.351,10,1,19,4,2026-08-19T00:55:44+08:00
新北市,New Taipei City,YouBike2.0_鶯歌火車站(仁愛路62號),鶯歌區,仁愛路62號(東側),"YouBike2.0_YingGe Station (No. 62, RenAi Rd.)",Yingge Dist,"No. 62, RenAi Rd. (East)",500234046,42,1,20260819T001504,24.95505,121.35407,40,1,0,1,2026-08-19T00:55:44+08:00
新北市,New Taipei City,YouBike2.0_臺鐵鳳鳴站(鶯歌路),鶯歌區,鶯歌路276號(對面),YouBike2.0_Fengming Station (YingGe Rd.),Yingge Dist,"No. 276, YingGe Rd. (Opposite)",500234047,20,4,20260819T002803,24.97189,121.33651,16,1,4,0,2026-08-19T00:55:44+08:00
新北市,New Taipei City,YouBike2.0_光明育智路口,鶯歌區,光明街126號(東南側),YouBike2.0_GuangMing St. & YuZhi Rd. Intersection,Yingge Dist,"No. 126, GuangMing St. (Southeast)",500234048,14,8,20260818T234616,24.95587,121.3456,6,1,8,0,2026-08-19T00:55:44+08:00
新北市,New Taipei City,YouBike2.0_新鳳公園,鶯歌區,鶯桃路二段60號(對側),YouBike2.0_XinFeng Park,Yingge Dist,"No. 60, Sec. 2, YingTao Rd. (Opposite)",500234049,14,10,20260819T001603,24.9732,121.32474,4,1,10,0,2026-08-19T00:55:44+08:00
新北市,New Taipei City,YouBike2.0_鳳鳴機器人公園,鶯歌區,鳳鳴路/福安街7巷24弄口,YouBike2.0_FengMing Robot Park,Yingge Dist,"FengMing Rd. & Aly. 24, Ln. 7, FuAn St.",500234050,17,11,20260819T004303,24.96618,121.33465,6,1,6,5,2026-08-19T00:55:44+08:00
新北市,New Taipei City,YouBike2.0_龍五鳳七路口,鶯歌區,龍五路/鳳七路口,YouBike2.0_Long 5th Rd. & Feng 7th Rd. Intersection,Yingge Dist,Long 5th Rd. & Feng 7th Rd. Intersection,500234051,30,8,20260818T235004,24.97043,121.33101,22,1,8,0,2026-08-19T00:55:44+08:00
新北市,New Taipei City,YouBike2.0_龍鳳夜市,鶯歌區,鳳三路/龍三路(東南側),YouBike2.0_LongFeng Night Market,Yingge Dist,Feng 3rd Rd. & Long 3rd Rd. (Southeast),500234052,30,10,20260819T000902,24.97329,121.33331,20,1,10,0,2026-08-19T00:55:44+08:00
新北市,New Taipei City,YouBike2.0_中湖市民活動中心,鶯歌區,中湖街21號,YouBike2.0_Zhonghu Civic Activity Center,Yingge Dist,"No. 21, ZhongHu St.",500234053,20,4,20260818T235902,24.97298,121.3472,16,1,2,2,2026-08-19T00:55:44+08:00
新北市,New Taipei City,YouBike2.0_鳳一鳳吉一街口,鶯歌區,鳳吉一街259號(旁),YouBike2.0_Feng 1st Rd. & FengJi 1st St. Intersection,Yingge Dist,"No. 259, FengJi 1st St. (Side)",500234054,20,5,20260818T223603,24.97677,121.3317,15,1,4,1,2026-08-19T00:55:44+08:00
新北市,New Taipei City,YouBike2.0_鳳五路122號前,鶯歌區,鳳五路122號前,"YouBike2.0_No. 122, Feng 5th Rd.",Yingge Dist,"No. 122, Feng 5th Rd. (Front)",500234055,18,12,20260819T005117,24.97316,121.32991,6,1,10,2,2026-08-19T00:55:44+08:00
新北市,New Taipei City,YouBike2.0_建國永昌街口,鶯歌區,建國路546號(對面),YouBike2.0_JianGuo Rd. & YongChang St. Intersection,Yingge Dist,"No. 546, JianGuo Rd. (Opposite)",500234056,17,3,20260818T181003,24.95031,121.33831,14,1,3,0,2026-08-19T00:55:44+08:00
新北市,New Taipei City,YouBike2.0_捷運鶯歌車站,鶯歌區,館前路300號(對側),YouBike2.0_MRT Yingge Sta.,Yingge Dist,"No. 300, GuanQian Rd. (Opposite)",500234057,34,7,20260818T231802,24.95322,121.35668,26,1,7,0,2026-08-19T00:55:44+08:00
新北市,New Taipei City,YouBike2.0_鳳三龍七路口,鶯歌區,鳳三路68號,YouBike2.0_Feng 3rd Rd. & Long 7th Rd. Intersection,Yingge Dist,"No. 68, Feng 3rd Rd.",500234058,18,4,20260819T000902,24.97204,121.33467,13,1,4,0,2026-08-19T00:55:44+08:00
新北市,New Taipei City,YouBike2.0_捷運國華站,鶯歌區,國華路45號(對側),YouBike2.0_MRT Guohua Sta.,Yingge Dist,"No. 45, GuoHua Rd. (Opposite)",500234059,24,10,20260818T231302,24.95535,121.34251,14,1,10,0,2026-08-19T00:55:44+08:00
新北市,New Taipei City,YouBike2.0_捷運陶瓷老街站,鶯歌區,捷運陶瓷老街站(重慶街側),YouBike2.0_MRT Ceramics Old Street Sta.,Yingge Dist,MRT Ceramics Old Street Sta. (ChongQing St.),500234060,36,22,20260818T212403,24.95212,121.35065,14,1,22,0,2026-08-19T00:55:44+08:00
新北市,New Taipei City,YouBike2.0_捷運永吉公園站,鶯歌區,鶯桃路296巷口,YouBike2.0_MRT Yongji Park Sta.,Yingge Dist,"Ln. 296, YingTao Rd. Intersection",500234061,47,15,20260819T002704,24.96048,121.33476,31,1,11,4,2026-08-19T00:55:44+08:00
新北市,New Taipei City,YouBike2.0_捷運鶯桃福德站,鶯歌區,福德一路20號(對側),YouBike2.0_MRT Yingtao Fude Sta.,Yingge Dist,"No. 20, FuDe 1st Rd. (Opposite)",500234062,75,16,20260818T235202,24.96704,121.33044,59,1,16,0,2026-08-19T00:55:44+08:00
新北市,New Taipei City,YouBike2.0_捷運國華站(2號出口),鶯歌區,國華路97號(對側),YouBike2.0_MRT Guohua Sta.(Exit 2),Yingge Dist,"No. 97, GuoHua Rd. (Opposite)",500234063,60,18,20260819T000803,24.95374,121.34301,42,1,17,1,2026-08-19T00:55:44+08:00
新北市,New Taipei City,YouBike2.0_鶯歌山水步道停車場,鶯歌區,觀景涼亭停車場,YouBike2.0_YingGe Riverside Trail Car Park,Yingge Dist,YingGe Riverside Trail Car Park,500234064,24,6,20260818T192804,24.93205,121.32825,18,1,6,0,2026-08-19T00:55:44+08:00
新北市,New Taipei City,YouBike2.0_鶯歌環河自行車道,鶯歌區,環河路/甲三街(南側自行車道),YouBike2.0_YingGe Riverside Cycling Route,Yingge Dist,Huanhe Rd. & Jia 3rd St. (South),500234065,20,13,20260818T223504,24.92967,121.33837,7,1,13,0,2026-08-19T00:55:44+08:00
新北市,New Taipei City,YouBike2.0_鶯歌火車站(仁愛路),鶯歌區,仁愛路55號對側,YouBike2.0_Yingge Railway Station(Ren’ai Rd.),Yingge Dist,"No.55, Ren’ai Rd., Yingge Dist.(opposite)",500234001,69,1,20260819T001018,24.95559,121.35441,67,1,1,0,2026-08-19T01:19:59+08:00
新北市,New Taipei City,YouBike2.0_新北市立圖書館鶯歌分館,鶯歌區,中山路150號,YouBike2.0_New Taipei City Library Yingge Branch,Yingge Dist,"No.150, Zhongshan Rd.",500234002,20,16,20260819T001902,24.9572,121.34946,3,1,14,2,2026-08-19T01:19:59+08:00
新北市,New Taipei City,YouBike2.0_文化館前路口,鶯歌區,文化路407號旁,YouBike2.0_Yingge Ceramics Museum,Yingge Dist,"No. 407, Wenhua Rd.",500234003,44,18,20260818T230702,24.94948,121.35291,26,1,15,3,2026-08-19T01:19:59+08:00
新北市,New Taipei City,YouBike2.0_鶯歌國民運動中心,鶯歌區,館前路250號運動中心前,YouBike2.0_Yingge Civil Sports Center,Yingge Dist,"No.250, Guanqian Rd., Yingge Dist.",500234004,38,20,20260818T230903,24.95139,121.35733,18,1,20,0,2026-08-19T01:19:59+08:00
新北市,New Taipei City,YouBike2.0_尖山國中,鶯歌區,國中街1號,YouBike2.0_Municipal Jianshan Junior High School,Yingge Dist,"No.1, Guozhong St., Yingge Dist(sidewalk)",500234005,20,6,20260819T011403,24.94381,121.34207,14,1,6,0,2026-08-19T01:19:59+08:00
新北市,New Taipei City,YouBike2.0_新北市立鶯歌高級工商職業學校,鶯歌區,中正三路154號,YouBike2.0_New Taipei Municipal Yingge Vocational High School,Yingge Dist,"No. 154, Zhongzheng 3rd. Rd",500234006,56,7,20260819T001803,24.93923,121.33488,49,1,7,0,2026-08-19T01:19:59+08:00
新北市,New Taipei City,YouBike2.0_鶯歌國中,鶯歌區,鶯桃路39-5號對側,YouBike2.0_Yingge Junior High chool,Yingge Dist,"No.39-5, Yingtao Rd.(opposite)",500234007,30,5,20260818T223504,24.95119,121.34256,24,1,3,2,2026-08-19T01:19:59+08:00
新北市,New Taipei City,YouBike2.0_永吉國小,鶯歌區,德昌二街39號對側,YouBike2.0_Yongchi elementary school,Yingge Dist,"No.39, Dechang 2nd St., Yingge Dist.",500234008,20,5,20260818T233902,24.95865,121.33308,15,1,4,1,2026-08-19T01:19:59+08:00
新北市,New Taipei City,YouBike2.0_鳳祥公園,鶯歌區,鶯桃路365巷130號對側,YouBike2.0_Fengxiang Park,Yingge Dist,"No.130, Ln. 365, Yingtao Rd., Yingge Dist.",500234009,20,7,20260819T000003,24.96283,121.33025,13,1,7,0,2026-08-19T01:19:59+08:00
新北市,New Taipei City,YouBike2.0_鳳鳴國小,鶯歌區,永和街120號,YouBike2.0_Fengming Elementary School,Yingge Dist,"No.120, Yonghe St., Yingge Dist.",500234010,20,6,20260819T010602,24.9692,121.3347,14,1,6,0,2026-08-19T01:19:59+08:00
新北市,New Taipei City,YouBike2.0_國際二國際一路口,鶯歌區,國際二路與國際一路口,YouBike2.0_Guoji 2nd Guoji 1st Intersection,Yingge Dist,"Guoji 2nd Rd./Guoji 1st Rd., Yingge Dist.",500234011,20,10,20260819T003402,24.97577,121.3353,10,1,9,1,2026-08-19T01:19:59+08:00
新北市,New Taipei City,YouBike2.0_鳳福公園,鶯歌區,鳳吉一街186號(對面),YouBike2.0_Fengfu Park,Yingge Dist,"No. 186, Fengji 1st St., Yingge Dist.(opposite)",500234012,20,7,20260818T235902,24.97572,121.32938,13,1,5,2,2026-08-19T01:19:59+08:00
新北市,New Taipei City,YouBike2.0_尖山公園,鶯歌區,鶯歌區尖山路161號對面,YouBike2.0_Jianshan Park,Yingge Dist,"No.161, Jianshan Rd.(opposite)",500234013,29,19,20260819T004903,24.9482,121.346,10,1,19,0,2026-08-19T01:19:59+08:00
新北市,New Taipei City,YouBike2.0_永昌里兒一公園,鶯歌區,鶯桃路182巷96弄36-38號對側,YouBike2.0_Yongchang Village Children Park (No.1),Yingge Dist,"No.36-38, Aly. 96, Ln. 182, Yingtao Rd.(oppsite)",500234014,20,11,20260818T215703,24.956649374562204,121.33959628800724,9,1,8,3,2026-08-19T01:19:59+08:00
新北市,New Taipei City,YouBike2.0_南雅育智路口,鶯歌區,南雅路491號(對面),YouBike2.0_Nanya & Yuzhi Rd. Intersection,Yingge Dist,"No.491, Nanya Rd., Yingge Dist.(opposite)",500234015,22,11,20260818T232703,24.954,121.346,11,1,11,0,2026-08-19T01:19:59+08:00
新北市,New Taipei City,YouBike2.0_國中二甲路口,鶯歌區,國中街175號(前),YouBike2.0_Guozhong & Erjia Intersection,Yingge Dist,"No. 175, Guozhong St., Yingge Dist.",500234016,20,14,20260818T235702,24.939489067109363,121.33868650698288,6,1,9,5,2026-08-19T01:19:59+08:00
新北市,New Taipei City,YouBike2.0_鶯歌永利街,鶯歌區,永利街16號(對面),YouBike2.0_Yingge Yongli St.,Yingge Dist,"No. 16, Yongli St. Yingge Dist.",500234017,15,11,20260818T232903,24.95495,121.33911,3,1,11,0,2026-08-19T01:19:59+08:00
新北市,New Taipei City,YouBike2.0_二橋虹橋公園,鶯歌區,中正三路400號(對面),YouBike2.0_Erqiaoshiguanghongqiao Park,Yingge Dist,"No. 400, Zhongzheng 3rd Rd.(Opposite)",500234018,10,4,20260818T223004,24.93453,121.32595,6,1,4,0,2026-08-19T01:19:59+08:00
新北市,New Taipei City,YouBike2.0_鳳吉四鳳七路口(捷士匯社區),鶯歌區,鳳吉四街57-75號(旁),YouBike2.0_Fengji 4th & Feng 7th Rd. Intersection,Yingge Dist,"No. 57-75, Fengji 4th St.",500234021,40,19,20260818T235102,24.97383,121.32769,21,1,18,1,2026-08-19T01:19:59+08:00
新北市,New Taipei City,YouBike2.0_鶯歌老街第二停車場,鶯歌區,尖山埔路27-31號(對面),YouBike2.0_Yingge Old Street 2nd Parking Lot,Yingge Dist,"No. 27-31, Jianshanpu Rd.(Opposite)",500234022,20,12,20260818T214403,24.94895,121.34227,8,1,11,1,2026-08-19T01:19:59+08:00
新北市,New Taipei City,YouBike2.0_建國中正一路口(北鶯社區),鶯歌區,建國路6號(對面空地),YouBike2.0_Jianguo Zhongzheng 1st Rd. Intersection,Yingge Dist,"No. 6, Jianguo Rd.(Opposite)",500234023,20,10,20260819T001504,24.95658,121.35692,10,1,10,0,2026-08-19T01:19:59+08:00
新北市,New Taipei City,YouBike2.0_三鶯水資源回收中心,鶯歌區,館前路360號(旁),YouBike2.0_Sanying Water Recycling Center,Yingge Dist,"No. 360, Guanqian Rd.",500234024,14,11,20260818T222404,24.95535,121.35996,3,1,7,4,2026-08-19T01:19:59+08:00
新北市,New Taipei City,YouBike2.0_永和街65巷口,鶯歌區,永和街75號,"YouBike2.0_Ln. 65, Yonghe St. Intersection",Yingge Dist,"No. 75, Yonghe St.",500234025,37,16,20260818T233602,24.96798,121.3331413,21,1,12,4,2026-08-19T01:19:59+08:00
新北市,New Taipei City,YouBike2.0_鶯歌陶瓷博物館,鶯歌區,文化路200號(旁),YouBike2.0_Yingge Ceramics Museum(Wenhua Rd.),Yingge Dist,"No. 200, Wenhua Rd.",500234026,22,16,20260819T002704,24.95012,121.35245,5,1,14,2,2026-08-19T01:19:59+08:00
新北市,New Taipei City,YouBike2.0_礫間停車場,鶯歌區,礫間停車場,YouBike2.0_Lijian Parking,Yingge Dist,Lijian Parking,500234028,20,2,20260818T221504,24.9518,121.35445,18,1,1,1,2026-08-19T01:19:59+08:00
新北市,New Taipei City,YouBike2.0_北鶯停車場,鶯歌區,北鶯停車場,YouBike2.0_Beiying Parking,Yingge Dist,Beiying Parking,500234029,20,9,20260818T223102,24.95567,121.35992,11,1,9,0,2026-08-19T01:19:59+08:00
新北市,New Taipei City,YouBike2.0_育英建國路口,鶯歌區,建國路280號(旁),YouBike2.0_Yuying Jianguo Rd. Intersection,Yingge Dist,"No. 280, Jianguo Rd.",500234030,12,3,20260818T235303,24.95356,121.34693,9,1,3,0,2026-08-19T01:19:59+08:00
新北市,New Taipei City,YouBike2.0_中正一仁愛路口,鶯歌區,中正一路181號(對面),YouBike2.0_Zhongzheng 1st & Ren'ai Rd Intersection,Yingge Dist,"No. 181, Zhongzheng 1st Rd.(Opposite)",500234031,15,6,20260818T233503,24.95672,121.3532,9,1,3,3,2026-08-19T01:19:59+08:00
新北市,New Taipei City,YouBike2.0_建國國小,鶯歌區,育英街19號(旁),YouBike2.0_Jianguo Elementary School,Yingge Dist,"No. 19, Yuying St.",500234032,15,9,20260818T224303,24.95521,121.34727,6,1,9,0,2026-08-19T01:19:59+08:00
新北市,New Taipei City,YouBike2.0_光明橋,鶯歌區,永明街78號(旁),YouBike2.0_Guang-ming bridge,Yingge Dist,"No. 78, Yongming St., Yingge Dist.(side)",500234033,14,10,20260818T214904,24.95577,121.34128,4,1,9,1,2026-08-19T01:19:59+08:00
新北市,New Taipei City,YouBike2.0_二橋派出所,鶯歌區,高職西街/中正三路口(西北側),YouBike2.0_Erqiao Police Station,Yingge Dist,"Gaozhi W. St. & Zhongzheng 3rd Rd., Yingge Dist. (west side)",500234034,11,5,20260819T005303,24.94216,121.33884,6,1,5,0,2026-08-19T01:19:59+08:00
新北市,New Taipei City,YouBike2.0_國中高職東街口,鶯歌區,國中路113至117-3號(對面),YouBike2.0_Guozhong & Gaozhi E. Intersection,Yingge Dist,"No. 113, Guozhong St., Yingge Dist.(opposite)",500234035,15,4,20260818T212504,24.94117,121.34116,10,1,3,1,2026-08-19T01:19:59+08:00
新北市,New Taipei City,YouBike2.0_尖山路高厝巷口,鶯歌區,尖山路276-5號(旁),YouBike2.0_Gaocuo Ln. Jianshan Rd.,Yingge Dist,"No. 276-5, Jianshan Rd. (Side)",500234036,15,6,20260818T234903,24.94495,121.34102,8,1,6,0,2026-08-19T01:19:59+08:00
新北市,New Taipei City,YouBike2.0_公八停車場,鶯歌區,國華路53號(對面),YouBike2.0_Public 8th Parking Lot,Yingge Dist,"No.53, Guohua Rd. (opposite)",500234037,15,8,20260818T233004,24.95515,121.34285,7,1,6,2,2026-08-19T01:19:59+08:00
新北市,New Taipei City,YouBike2.0_龍三鳳鳴路口,鶯歌區,鳳鳴路541號,YouBike2.0_Long 3rd. Rd. & Fengming Rd. Intersection,Yingge Dist,"No. 541, Fengming Rd.",500234038,18,8,20260819T002403,24.97286,121.33137,10,1,8,0,2026-08-19T01:19:59+08:00
新北市,New Taipei City,YouBike2.0_鳳福鳳三路口,鶯歌區,鳳三路360號,YouBike2.0_Fengfu Rd. & Feng 3rd. Rd. Intersection,Yingge Dist,"No. 360, Feng 3rd Rd.",500234039,22,4,20260819T001716,24.97567,121.33143,18,1,4,0,2026-08-19T01:19:59+08:00
新北市,New Taipei City,YouBike2.0_北鶯公園,鶯歌區,成功街20巷19號(旁),YouBike2.0_Beiying Park,Yingge Dist,"No. 19, Ln. 20, Chenggong St. (Side)",500234040,15,8,20260819T010102,24.95777,121.35942,6,1,7,1,2026-08-19T01:19:59+08:00
新北市,New Taipei City,YouBike2.0_鶯歌火車站(文化路),鶯歌區,文化路/文化路115巷(北側),YouBike2.0_Yingge Station (Wenhua Rd.),Yingge Dist,"Ln. 115, Wenhua Rd. Intersection (North)",500234041,25,18,20260819T000304,24.95536,121.35697,7,1,17,1,2026-08-19T01:19:59+08:00
新北市,New Taipei City,YouBike2.0_鳳七鶯歌路口,鶯歌區,鶯歌路101-107號(旁),YouBike2.0_Feng 7th Rd. & Yingge Rd. Intersection,Yingge Dist,"No. 101-107, Yingge Rd. (Side)",500234042,11,3,20260819T001103,24.96916,121.33193,7,1,3,0,2026-08-19T01:19:59+08:00
新北市,New Taipei City,YouBike2.0_國際一路112巷口,鶯歌區,國際一路167號(前),"YouBike2.0_Ln. 112, GuoJi 1st Rd.",Yingge Dist,"No. 167, GuoJi 1st Rd. (Front)",500234043,15,11,20260819T010102,24.97667,121.33579,3,1,8,3,2026-08-19T01:19:59+08:00
新北市,New Taipei City,YouBike2.0_臺鐵鳳鳴站,鶯歌區,鳳一路/鶯歌路口,YouBike2.0_Fengming Station,Yingge Dist,Feng 1st Rd. & YingGe Rd.,500234044,40,0,20260817T173503,24.97227,121.33674,0,0,0,0,2026-08-19T01:19:59+08:00
新北市,New Taipei City,YouBike2.0_鶯歌陶瓷老街,鶯歌區,重慶街/國慶街(西南側),YouBike2.0_YingGe Old Street,Yingge Dist,ChongQing St. & GuoQing St. (Southwest),500234045,33,23,20260818T213702,24.95219,121.351,10,1,19,4,2026-08-19T01:19:59+08:00
新北市,New Taipei City,YouBike2.0_鶯歌火車站(仁愛路62號),鶯歌區,仁愛路62號(東側),"YouBike2.0_YingGe Station (No. 62, RenAi Rd.)",Yingge Dist,"No. 62, RenAi Rd. (East)",500234046,42,1,20260819T001504,24.95505,121.35407,40,1,0,1,2026-08-19T01:19:59+08:00
新北市,New Taipei City,YouBike2.0_臺鐵鳳鳴站(鶯歌路),鶯歌區,鶯歌路276號(對面),YouBike2.0_Fengming Station (YingGe Rd.),Yingge Dist,"No. 276, YingGe Rd. (Opposite)",500234047,20,2,20260819T005904,24.97189,121.33651,18,1,2,0,2026-08-19T01:19:59+08:00
新北市,New Taipei City,YouBike2.0_光明育智路口,鶯歌區,光明街126號(東南側),YouBike2.0_GuangMing St. & YuZhi Rd. Intersection,Yingge Dist,"No. 126, GuangMing St. (Southeast)",500234048,14,8,20260818T234616,24.95587,121.3456,6,1,8,0,2026-08-19T01:19:59+08:00
新北市,New Taipei City,YouBike2.0_新鳳公園,鶯歌區,鶯桃路二段60號(對側),YouBike2.0_XinFeng Park,Yingge Dist,"No. 60, Sec. 2, YingTao Rd. (Opposite)",500234049,14,10,20260819T001603,24.9732,121.32474,4,1,10,0,2026-08-19T01:19:59+08:00
新北市,New Taipei City,YouBike2.0_鳳鳴機器人公園,鶯歌區,鳳鳴路/福安街7巷24弄口,YouBike2.0_FengMing Robot Park,Yingge Dist,"FengMing Rd. & Aly. 24, Ln. 7, FuAn St.",500234050,17,11,20260819T004303,24.96618,121.33465,6,1,6,5,2026-08-19T01:19:59+08:00
新北市,New Taipei City,YouBike2.0_龍五鳳七路口,鶯歌區,龍五路/鳳七路口,YouBike2.0_Long 5th Rd. & Feng 7th Rd. Intersection,Yingge Dist,Long 5th Rd. & Feng 7th Rd. Intersection,500234051,30,8,20260818T235004,24.97043,121.33101,22,1,8,0,2026-08-19T01:19:59+08:00
新北市,New Taipei City,YouBike2.0_龍鳳夜市,鶯歌區,鳳三路/龍三路(東南側),YouBike2.0_LongFeng Night Market,Yingge Dist,Feng 3rd Rd. & Long 3rd Rd. (Southeast),500234052,30,10,20260819T000902,24.97329,121.33331,20,1,10,0,2026-08-19T01:19:59+08:00
新北市,New Taipei City,YouBike2.0_中湖市民活動中心,鶯歌區,中湖街21號,YouBike2.0_Zhonghu Civic Activity Center,Yingge Dist,"No. 21, ZhongHu St.",500234053,20,3,20260819T010102,24.97298,121.3472,16,1,2,1,2026-08-19T01:19:59+08:00
新北市,New Taipei City,YouBike2.0_鳳一鳳吉一街口,鶯歌區,鳳吉一街259號(旁),YouBike2.0_Feng 1st Rd. & FengJi 1st St. Intersection,Yingge Dist,"No. 259, FengJi 1st St. (Side)",500234054,20,4,20260819T010102,24.97677,121.3317,15,1,4,0,2026-08-19T01:19:59+08:00
新北市,New Taipei City,YouBike2.0_鳳五路122號前,鶯歌區,鳳五路122號前,"YouBike2.0_No. 122, Feng 5th Rd.",Yingge Dist,"No. 122, Feng 5th Rd. (Front)",500234055,18,12,20260819T005117,24.97316,121.32991,6,1,10,2,2026-08-19T01:19:59+08:00
新北市,New Taipei City,YouBike2.0_建國永昌街口,鶯歌區,建國路546號(對面),YouBike2.0_JianGuo Rd. & YongChang St. Intersection,Yingge Dist,"No. 546, JianGuo Rd. (Opposite)",500234056,17,3,20260818T181003,24.95031,121.33831,14,1,3,0,2026-08-19T01:19:59+08:00
新北市,New Taipei City,YouBike2.0_捷運鶯歌車站,鶯歌區,館前路300號(對側),YouBike2.0_MRT Yingge Sta.,Yingge Dist,"No. 300, GuanQian Rd. (Opposite)",500234057,34,7,20260818T231802,24.95322,121.35668,26,1,7,0,2026-08-19T01:19:59+08:00
新北市,New Taipei City,YouBike2.0_鳳三龍七路口,鶯歌區,鳳三路68號,YouBike2.0_Feng 3rd Rd. & Long 7th Rd. Intersection,Yingge Dist,"No. 68, Feng 3rd Rd.",500234058,18,4,20260819T000902,24.97204,121.33467,13,1,4,0,2026-08-19T01:19:59+08:00
新北市,New Taipei City,YouBike2.0_捷運國華站,鶯歌區,國華路45號(對側),YouBike2.0_MRT Guohua Sta.,Yingge Dist,"No. 45, GuoHua Rd. (Opposite)",500234059,24,10,20260818T231302,24.95535,121.34251,14,1,10,0,2026-08-19T01:19:59+08:00
新北市,New Taipei City,YouBike2.0_捷運陶瓷老街站,鶯歌區,捷運陶瓷老街站(重慶街側),YouBike2.0_MRT Ceramics Old Street Sta.,Yingge Dist,MRT Ceramics Old Street Sta. (ChongQing St.),500234060,36,22,20260818T212403,24.95212,121.35065,14,1,22,0,2026-08-19T01:19:59+08:00
新北市,New Taipei City,YouBike2.0_捷運永吉公園站,鶯歌區,鶯桃路296巷口,YouBike2.0_MRT Yongji Park Sta.,Yingge Dist,"Ln. 296, YingTao Rd. Intersection",500234061,47,15,20260819T002704,24.96048,121.33476,31,1,11,4,2026-08-19T01:19:59+08:00
新北市,New Taipei City,YouBike2.0_捷運鶯桃福德站,鶯歌區,福德一路20號(對側),YouBike2.0_MRT Yingtao Fude Sta.,Yingge Dist,"No. 20, FuDe 1st Rd. (Opposite)",500234062,75,16,20260818T235202,24.96704,121.33044,59,1,16,0,2026-08-19T01:19:59+08:00
新北市,New Taipei City,YouBike2.0_捷運國華站(2號出口),鶯歌區,國華路97號(對側),YouBike2.0_MRT Guohua Sta.(Exit 2),Yingge Dist,"No. 97, GuoHua Rd. (Opposite)",500234063,60,18,20260819T000803,24.95374,121.34301,42,1,17,1,2026-08-19T01:19:59+08:00
新北市,New Taipei City,YouBike2.0_鶯歌山水步道停車場,鶯歌區,觀景涼亭停車場,YouBike2.0_YingGe Riverside Trail Car Park,Yingge Dist,YingGe Riverside Trail Car Park,500234064,24,6,20260818T192804,24.93205,121.32825,18,1,6,0,2026-08-19T01:19:59+08:00
新北市,New Taipei City,YouBike2.0_鶯歌環河自行車道,鶯歌區,環河路/甲三街(南側自行車道),YouBike2.0_YingGe Riverside Cycling Route,Yingge Dist,Huanhe Rd. & Jia 3rd St. (South),500234065,20,13,20260818T223504,24.92967,121.33837,7,1,13,0,2026-08-19T01:19:59+08:00
新北市,New Taipei City,YouBike2.0_鶯歌火車站(仁愛路),鶯歌區,仁愛路55號對側,YouBike2.0_Yingge Railway Station(Ren’ai Rd.),Yingge Dist,"No.55, Ren’ai Rd., Yingge Dist.(opposite)",500234001,69,1,20260819T001018,24.95559,121.35441,67,1,1,0,2026-08-19T01:51:27+08:00
新北市,New Taipei City,YouBike2.0_新北市立圖書館鶯歌分館,鶯歌區,中山路150號,YouBike2.0_New Taipei City Library Yingge Branch,Yingge Dist,"No.150, Zhongshan Rd.",500234002,20,16,20260819T001902,24.9572,121.34946,3,1,14,2,2026-08-19T01:51:27+08:00
新北市,New Taipei City,YouBike2.0_文化館前路口,鶯歌區,文化路407號旁,YouBike2.0_Yingge Ceramics Museum,Yingge Dist,"No. 407, Wenhua Rd.",500234003,44,18,20260819T014003,24.94948,121.35291,26,1,15,3,2026-08-19T01:51:27+08:00
新北市,New Taipei City,YouBike2.0_鶯歌國民運動中心,鶯歌區,館前路250號運動中心前,YouBike2.0_Yingge Civil Sports Center,Yingge Dist,"No.250, Guanqian Rd., Yingge Dist.",500234004,38,20,20260818T230903,24.95139,121.35733,18,1,20,0,2026-08-19T01:51:27+08:00
新北市,New Taipei City,YouBike2.0_尖山國中,鶯歌區,國中街1號,YouBike2.0_Municipal Jianshan Junior High School,Yingge Dist,"No.1, Guozhong St., Yingge Dist(sidewalk)",500234005,20,7,20260819T011504,24.94381,121.34207,13,1,7,0,2026-08-19T01:51:27+08:00
新北市,New Taipei City,YouBike2.0_新北市立鶯歌高級工商職業學校,鶯歌區,中正三路154號,YouBike2.0_New Taipei Municipal Yingge Vocational High School,Yingge Dist,"No. 154, Zhongzheng 3rd. Rd",500234006,56,7,20260819T001803,24.93923,121.33488,49,1,7,0,2026-08-19T01:51:27+08:00
新北市,New Taipei City,YouBike2.0_鶯歌國中,鶯歌區,鶯桃路39-5號對側,YouBike2.0_Yingge Junior High chool,Yingge Dist,"No.39-5, Yingtao Rd.(opposite)",500234007,30,5,20260818T223504,24.95119,121.34256,24,1,3,2,2026-08-19T01:51:27+08:00
新北市,New Taipei City,YouBike2.0_永吉國小,鶯歌區,德昌二街39號對側,YouBike2.0_Yongchi elementary school,Yingge Dist,"No.39, Dechang 2nd St., Yingge Dist.",500234008,20,5,20260818T233902,24.95865,121.33308,15,1,4,1,2026-08-19T01:51:27+08:00
新北市,New Taipei City,YouBike2.0_鳳祥公園,鶯歌區,鶯桃路365巷130號對側,YouBike2.0_Fengxiang Park,Yingge Dist,"No.130, Ln. 365, Yingtao Rd., Yingge Dist.",500234009,20,7,20260819T000003,24.96283,121.33025,13,1,7,0,2026-08-19T01:51:27+08:00
新北市,New Taipei City,YouBike2.0_鳳鳴國小,鶯歌區,永和街120號,YouBike2.0_Fengming Elementary School,Yingge Dist,"No.120, Yonghe St., Yingge Dist.",500234010,20,6,20260819T010602,24.9692,121.3347,14,1,6,0,2026-08-19T01:51:27+08:00
新北市,New Taipei City,YouBike2.0_國際二國際一路口,鶯歌區,國際二路與國際一路口,YouBike2.0_Guoji 2nd Guoji 1st Intersection,Yingge Dist,"Guoji 2nd Rd./Guoji 1st Rd., Yingge Dist.",500234011,20,10,20260819T003402,24.97577,121.3353,10,1,9,1,2026-08-19T01:51:27+08:00
新北市,New Taipei City,YouBike2.0_鳳福公園,鶯歌區,鳳吉一街186號(對面),YouBike2.0_Fengfu Park,Yingge Dist,"No. 186, Fengji 1st St., Yingge Dist.(opposite)",500234012,20,7,20260818T235902,24.97572,121.32938,13,1,5,2,2026-08-19T01:51:27+08:00
新北市,New Taipei City,YouBike2.0_尖山公園,鶯歌區,鶯歌區尖山路161號對面,YouBike2.0_Jianshan Park,Yingge Dist,"No.161, Jianshan Rd.(opposite)",500234013,29,19,20260819T004903,24.9482,121.346,10,1,19,0,2026-08-19T01:51:27+08:00
新北市,New Taipei City,YouBike2.0_永昌里兒一公園,鶯歌區,鶯桃路182巷96弄36-38號對側,YouBike2.0_Yongchang Village Children Park (No.1),Yingge Dist,"No.36-38, Aly. 96, Ln. 182, Yingtao Rd.(oppsite)",500234014,20,11,20260818T215703,24.956649374562204,121.33959628800724,9,1,8,3,2026-08-19T01:51:27+08:00
新北市,New Taipei City,YouBike2.0_南雅育智路口,鶯歌區,南雅路491號(對面),YouBike2.0_Nanya & Yuzhi Rd. Intersection,Yingge Dist,"No.491, Nanya Rd., Yingge Dist.(opposite)",500234015,22,11,20260818T232703,24.954,121.346,11,1,11,0,2026-08-19T01:51:27+08:00
新北市,New Taipei City,YouBike2.0_國中二甲路口,鶯歌區,國中街175號(前),YouBike2.0_Guozhong & Erjia Intersection,Yingge Dist,"No. 175, Guozhong St., Yingge Dist.",500234016,20,14,20260818T235702,24.939489067109363,121.33868650698288,6,1,9,5,2026-08-19T01:51:27+08:00
新北市,New Taipei City,YouBike2.0_鶯歌永利街,鶯歌區,永利街16號(對面),YouBike2.0_Yingge Yongli St.,Yingge Dist,"No. 16, Yongli St. Yingge Dist.",500234017,15,11,20260818T232903,24.95495,121.33911,3,1,11,0,2026-08-19T01:51:27+08:00
新北市,New Taipei City,YouBike2.0_二橋虹橋公園,鶯歌區,中正三路400號(對面),YouBike2.0_Erqiaoshiguanghongqiao Park,Yingge Dist,"No. 400, Zhongzheng 3rd Rd.(Opposite)",500234018,10,4,20260818T223004,24.93453,121.32595,6,1,4,0,2026-08-19T01:51:27+08:00
新北市,New Taipei City,YouBike2.0_鳳吉四鳳七路口(捷士匯社區),鶯歌區,鳳吉四街57-75號(旁),YouBike2.0_Fengji 4th & Feng 7th Rd. Intersection,Yingge Dist,"No. 57-75, Fengji 4th St.",500234021,40,19,20260818T235102,24.97383,121.32769,21,1,18,1,2026-08-19T01:51:27+08:00
新北市,New Taipei City,YouBike2.0_鶯歌老街第二停車場,鶯歌區,尖山埔路27-31號(對面),YouBike2.0_Yingge Old Street 2nd Parking Lot,Yingge Dist,"No. 27-31, Jianshanpu Rd.(Opposite)",500234022,20,12,20260818T214403,24.94895,121.34227,8,1,11,1,2026-08-19T01:51:27+08:00
新北市,New Taipei City,YouBike2.0_建國中正一路口(北鶯社區),鶯歌區,建國路6號(對面空地),YouBike2.0_Jianguo Zhongzheng 1st Rd. Intersection,Yingge Dist,"No. 6, Jianguo Rd.(Opposite)",500234023,20,10,20260819T001504,24.95658,121.35692,10,1,10,0,2026-08-19T01:51:27+08:00
新北市,New Taipei City,YouBike2.0_三鶯水資源回收中心,鶯歌區,館前路360號(旁),YouBike2.0_Sanying Water Recycling Center,Yingge Dist,"No. 360, Guanqian Rd.",500234024,14,11,20260818T222404,24.95535,121.35996,3,1,7,4,2026-08-19T01:51:27+08:00
新北市,New Taipei City,YouBike2.0_永和街65巷口,鶯歌區,永和街75號,"YouBike2.0_Ln. 65, Yonghe St. Intersection",Yingge Dist,"No. 75, Yonghe St.",500234025,37,17,20260819T014702,24.96798,121.3331413,20,1,13,4,2026-08-19T01:51:27+08:00
新北市,New Taipei City,YouBike2.0_鶯歌陶瓷博物館,鶯歌區,文化路200號(旁),YouBike2.0_Yingge Ceramics Museum(Wenhua Rd.),Yingge Dist,"No. 200, Wenhua Rd.",500234026,22,16,20260819T002704,24.95012,121.35245,5,1,14,2,2026-08-19T01:51:27+08:00
新北市,New Taipei City,YouBike2.0_礫間停車場,鶯歌區,礫間停車場,YouBike2.0_Lijian Parking,Yingge Dist,Lijian Parking,500234028,20,2,20260818T221504,24.9518,121.35445,18,1,1,1,2026-08-19T01:51:27+08:00
新北市,New Taipei City,YouBike2.0_北鶯停車場,鶯歌區,北鶯停車場,YouBike2.0_Beiying Parking,Yingge Dist,Beiying Parking,500234029,20,9,20260818T223102,24.95567,121.35992,11,1,9,0,2026-08-19T01:51:27+08:00
新北市,New Taipei City,YouBike2.0_育英建國路口,鶯歌區,建國路280號(旁),YouBike2.0_Yuying Jianguo Rd. Intersection,Yingge Dist,"No. 280, Jianguo Rd.",500234030,12,3,20260818T235303,24.95356,121.34693,9,1,3,0,2026-08-19T01:51:27+08:00
新北市,New Taipei City,YouBike2.0_中正一仁愛路口,鶯歌區,中正一路181號(對面),YouBike2.0_Zhongzheng 1st & Ren'ai Rd Intersection,Yingge Dist,"No. 181, Zhongzheng 1st Rd.(Opposite)",500234031,15,6,20260818T233503,24.95672,121.3532,9,1,3,3,2026-08-19T01:51:27+08:00
新北市,New Taipei City,YouBike2.0_建國國小,鶯歌區,育英街19號(旁),YouBike2.0_Jianguo Elementary School,Yingge Dist,"No. 19, Yuying St.",500234032,15,9,20260818T224303,24.95521,121.34727,6,1,9,0,2026-08-19T01:51:27+08:00
新北市,New Taipei City,YouBike2.0_光明橋,鶯歌區,永明街78號(旁),YouBike2.0_Guang-ming bridge,Yingge Dist,"No. 78, Yongming St., Yingge Dist.(side)",500234033,14,10,20260818T214904,24.95577,121.34128,4,1,9,1,2026-08-19T01:51:27+08:00
新北市,New Taipei City,YouBike2.0_二橋派出所,鶯歌區,高職西街/中正三路口(西北側),YouBike2.0_Erqiao Police Station,Yingge Dist,"Gaozhi W. St. & Zhongzheng 3rd Rd., Yingge Dist. (west side)",500234034,11,5,20260819T005303,24.94216,121.33884,6,1,5,0,2026-08-19T01:51:27+08:00
新北市,New Taipei City,YouBike2.0_國中高職東街口,鶯歌區,國中路113至117-3號(對面),YouBike2.0_Guozhong & Gaozhi E. Intersection,Yingge Dist,"No. 113, Guozhong St., Yingge Dist.(opposite)",500234035,15,4,20260818T212504,24.94117,121.34116,10,1,3,1,2026-08-19T01:51:27+08:00
新北市,New Taipei City,YouBike2.0_尖山路高厝巷口,鶯歌區,尖山路276-5號(旁),YouBike2.0_Gaocuo Ln. Jianshan Rd.,Yingge Dist,"No. 276-5, Jianshan Rd. (Side)",500234036,15,6,20260818T234903,24.94495,121.34102,8,1,6,0,2026-08-19T01:51:27+08:00
新北市,New Taipei City,YouBike2.0_公八停車場,鶯歌區,國華路53號(對面),YouBike2.0_Public 8th Parking Lot,Yingge Dist,"No.53, Guohua Rd. (opposite)",500234037,15,8,20260818T233004,24.95515,121.34285,7,1,6,2,2026-08-19T01:51:27+08:00
新北市,New Taipei City,YouBike2.0_龍三鳳鳴路口,鶯歌區,鳳鳴路541號,YouBike2.0_Long 3rd. Rd. & Fengming Rd. Intersection,Yingge Dist,"No. 541, Fengming Rd.",500234038,18,7,20260819T014903,24.97286,121.33137,11,1,7,0,2026-08-19T01:51:27+08:00
新北市,New Taipei City,YouBike2.0_鳳福鳳三路口,鶯歌區,鳳三路360號,YouBike2.0_Fengfu Rd. & Feng 3rd. Rd. Intersection,Yingge Dist,"No. 360, Feng 3rd Rd.",500234039,22,4,20260819T001716,24.97567,121.33143,18,1,4,0,2026-08-19T01:51:27+08:00
新北市,New Taipei City,YouBike2.0_北鶯公園,鶯歌區,成功街20巷19號(旁),YouBike2.0_Beiying Park,Yingge Dist,"No. 19, Ln. 20, Chenggong St. (Side)",500234040,15,8,20260819T010102,24.95777,121.35942,6,1,7,1,2026-08-19T01:51:27+08:00
新北市,New Taipei City,YouBike2.0_鶯歌火車站(文化路),鶯歌區,文化路/文化路115巷(北側),YouBike2.0_Yingge Station (Wenhua Rd.),Yingge Dist,"Ln. 115, Wenhua Rd. Intersection (North)",500234041,25,18,20260819T000304,24.95536,121.35697,7,1,17,1,2026-08-19T01:51:27+08:00
新北市,New Taipei City,YouBike2.0_鳳七鶯歌路口,鶯歌區,鶯歌路101-107號(旁),YouBike2.0_Feng 7th Rd. & Yingge Rd. Intersection,Yingge Dist,"No. 101-107, Yingge Rd. (Side)",500234042,11,3,20260819T001103,24.96916,121.33193,7,1,3,0,2026-08-19T01:51:27+08:00
新北市,New Taipei City,YouBike2.0_國際一路112巷口,鶯歌區,國際一路167號(前),"YouBike2.0_Ln. 112, GuoJi 1st Rd.",Yingge Dist,"No. 167, GuoJi 1st Rd. (Front)",500234043,15,11,20260819T010102,24.97667,121.33579,3,1,8,3,2026-08-19T01:51:27+08:00
新北市,New Taipei City,YouBike2.0_臺鐵鳳鳴站,鶯歌區,鳳一路/鶯歌路口,YouBike2.0_Fengming Station,Yingge Dist,Feng 1st Rd. & YingGe Rd.,500234044,40,0,20260817T173503,24.97227,121.33674,0,0,0,0,2026-08-19T01:51:27+08:00
新北市,New Taipei City,YouBike2.0_鶯歌陶瓷老街,鶯歌區,重慶街/國慶街(西南側),YouBike2.0_YingGe Old Street,Yingge Dist,ChongQing St. & GuoQing St. (Southwest),500234045,33,15,20260819T012804,24.95219,121.351,18,1,15,0,2026-08-19T01:51:27+08:00
新北市,New Taipei City,YouBike2.0_鶯歌火車站(仁愛路62號),鶯歌區,仁愛路62號(東側),"YouBike2.0_YingGe Station (No. 62, RenAi Rd.)",Yingge Dist,"No. 62, RenAi Rd. (East)",500234046,42,1,20260819T001504,24.95505,121.35407,40,1,0,1,2026-08-19T01:51:27+08:00
新北市,New Taipei City,YouBike2.0_臺鐵鳳鳴站(鶯歌路),鶯歌區,鶯歌路276號(對面),YouBike2.0_Fengming Station (YingGe Rd.),Yingge Dist,"No. 276, YingGe Rd. (Opposite)",500234047,20,2,20260819T005904,24.97189,121.33651,18,1,2,0,2026-08-19T01:51:27+08:00
新北市,New Taipei City,YouBike2.0_光明育智路口,鶯歌區,光明街126號(東南側),YouBike2.0_GuangMing St. & YuZhi Rd. Intersection,Yingge Dist,"No. 126, GuangMing St. (Southeast)",500234048,14,8,20260818T234616,24.95587,121.3456,6,1,8,0,2026-08-19T01:51:27+08:00
新北市,New Taipei City,YouBike2.0_新鳳公園,鶯歌區,鶯桃路二段60號(對側),YouBike2.0_XinFeng Park,Yingge Dist,"No. 60, Sec. 2, YingTao Rd. (Opposite)",500234049,14,10,20260819T001603,24.9732,121.32474,4,1,10,0,2026-08-19T01:51:27+08:00
新北市,New Taipei City,YouBike2.0_鳳鳴機器人公園,鶯歌區,鳳鳴路/福安街7巷24弄口,YouBike2.0_FengMing Robot Park,Yingge Dist,"FengMing Rd. & Aly. 24, Ln. 7, FuAn St.",500234050,17,11,20260819T004303,24.96618,121.33465,6,1,6,5,2026-08-19T01:51:27+08:00
新北市,New Taipei City,YouBike2.0_龍五鳳七路口,鶯歌區,龍五路/鳳七路口,YouBike2.0_Long 5th Rd. & Feng 7th Rd. Intersection,Yingge Dist,Long 5th Rd. & Feng 7th Rd. Intersection,500234051,30,8,20260818T235004,24.97043,121.33101,22,1,8,0,2026-08-19T01:51:27+08:00
新北市,New Taipei City,YouBike2.0_龍鳳夜市,鶯歌區,鳳三路/龍三路(東南側),YouBike2.0_LongFeng Night Market,Yingge Dist,Feng 3rd Rd. & Long 3rd Rd. (Southeast),500234052,30,10,20260819T000902,24.97329,121.33331,20,1,10,0,2026-08-19T01:51:27+08:00
新北市,New Taipei City,YouBike2.0_中湖市民活動中心,鶯歌區,中湖街21號,YouBike2.0_Zhonghu Civic Activity Center,Yingge Dist,"No. 21, ZhongHu St.",500234053,20,3,20260819T010102,24.97298,121.3472,16,1,2,1,2026-08-19T01:51:27+08:00
新北市,New Taipei City,YouBike2.0_鳳一鳳吉一街口,鶯歌區,鳳吉一街259號(旁),YouBike2.0_Feng 1st Rd. & FengJi 1st St. Intersection,Yingge Dist,"No. 259, FengJi 1st St. (Side)",500234054,20,4,20260819T010102,24.97677,121.3317,15,1,4,0,2026-08-19T01:51:27+08:00
新北市,New Taipei City,YouBike2.0_鳳五路122號前,鶯歌區,鳳五路122號前,"YouBike2.0_No. 122, Feng 5th Rd.",Yingge Dist,"No. 122, Feng 5th Rd. (Front)",500234055,18,12,20260819T005117,24.97316,121.32991,6,1,10,2,2026-08-19T01:51:27+08:00
新北市,New Taipei City,YouBike2.0_建國永昌街口,鶯歌區,建國路546號(對面),YouBike2.0_JianGuo Rd. & YongChang St. Intersection,Yingge Dist,"No. 546, JianGuo Rd. (Opposite)",500234056,17,3,20260818T181003,24.95031,121.33831,14,1,3,0,2026-08-19T01:51:27+08:00
新北市,New Taipei City,YouBike2.0_捷運鶯歌車站,鶯歌區,館前路300號(對側),YouBike2.0_MRT Yingge Sta.,Yingge Dist,"No. 300, GuanQian Rd. (Opposite)",500234057,34,7,20260818T231802,24.95322,121.35668,26,1,7,0,2026-08-19T01:51:27+08:00
新北市,New Taipei City,YouBike2.0_鳳三龍七路口,鶯歌區,鳳三路68號,YouBike2.0_Feng 3rd Rd. & Long 7th Rd. Intersection,Yingge Dist,"No. 68, Feng 3rd Rd.",500234058,18,4,20260819T000902,24.97204,121.33467,13,1,4,0,2026-08-19T01:51:27+08:00
新北市,New Taipei City,YouBike2.0_捷運國華站,鶯歌區,國華路45號(對側),YouBike2.0_MRT Guohua Sta.,Yingge Dist,"No. 45, GuoHua Rd. (Opposite)",500234059,24,10,20260818T231302,24.95535,121.34251,14,1,10,0,2026-08-19T01:51:27+08:00
新北市,New Taipei City,YouBike2.0_捷運陶瓷老街站,鶯歌區,捷運陶瓷老街站(重慶街側),YouBike2.0_MRT Ceramics Old Street Sta.,Yingge Dist,MRT Ceramics Old Street Sta. (ChongQing St.),500234060,36,22,20260818T212403,24.95212,121.35065,14,1,22,0,2026-08-19T01:51:27+08:00
新北市,New Taipei City,YouBike2.0_捷運永吉公園站,鶯歌區,鶯桃路296巷口,YouBike2.0_MRT Yongji Park Sta.,Yingge Dist,"Ln. 296, YingTao Rd. Intersection",500234061,47,15,20260819T002704,24.96048,121.33476,31,1,11,4,2026-08-19T01:51:27+08:00
新北市,New Taipei City,YouBike2.0_捷運鶯桃福德站,鶯歌區,福德一路20號(對側),YouBike2.0_MRT Yingtao Fude Sta.,Yingge Dist,"No. 20, FuDe 1st Rd. (Opposite)",500234062,75,16,20260818T235202,24.96704,121.33044,59,1,16,0,2026-08-19T01:51:27+08:00
新北市,New Taipei City,YouBike2.0_捷運國華站(2號出口),鶯歌區,國華路97號(對側),YouBike2.0_MRT Guohua Sta.(Exit 2),Yingge Dist,"No. 97, GuoHua Rd. (Opposite)",500234063,60,18,20260819T000803,24.95374,121.34301,42,1,17,1,2026-08-19T01:51:27+08:00
新北市,New Taipei City,YouBike2.0_鶯歌山水步道停車場,鶯歌區,觀景涼亭停車場,YouBike2.0_YingGe Riverside Trail Car Park,Yingge Dist,YingGe Riverside Trail Car Park,500234064,24,6,20260818T192804,24.93205,121.32825,18,1,6,0,2026-08-19T01:51:27+08:00
新北市,New Taipei City,YouBike2.0_鶯歌環河自行車道,鶯歌區,環河路/甲三街(南側自行車道),YouBike2.0_YingGe Riverside Cycling Route,Yingge Dist,Huanhe Rd. & Jia 3rd St. (South),500234065,20,13,20260818T223504,24.92967,121.33837,7,1,13,0,2026-08-19T01:51:27+08:00
新北市,New Taipei City,YouBike2.0_鶯歌火車站(仁愛路),鶯歌區,仁愛路55號對側,YouBike2.0_Yingge Railway Station(Ren’ai Rd.),Yingge Dist,"No.55, Ren’ai Rd., Yingge Dist.(opposite)",500234001,69,1,20260819T001018,24.95559,121.35441,67,1,1,0,2026-08-19T02:24:00+08:00
新北市,New Taipei City,YouBike2.0_新北市立圖書館鶯歌分館,鶯歌區,中山路150號,YouBike2.0_New Taipei City Library Yingge Branch,Yingge Dist,"No.150, Zhongshan Rd.",500234002,20,16,20260819T001902,24.9572,121.34946,3,1,14,2,2026-08-19T02:24:00+08:00
新北市,New Taipei City,YouBike2.0_文化館前路口,鶯歌區,文化路407號旁,YouBike2.0_Yingge Ceramics Museum,Yingge Dist,"No. 407, Wenhua Rd.",500234003,44,18,20260819T014003,24.94948,121.35291,26,1,15,3,2026-08-19T02:24:00+08:00
新北市,New Taipei City,YouBike2.0_鶯歌國民運動中心,鶯歌區,館前路250號運動中心前,YouBike2.0_Yingge Civil Sports Center,Yingge Dist,"No.250, Guanqian Rd., Yingge Dist.",500234004,38,20,20260818T230903,24.95139,121.35733,18,1,20,0,2026-08-19T02:24:00+08:00
新北市,New Taipei City,YouBike2.0_尖山國中,鶯歌區,國中街1號,YouBike2.0_Municipal Jianshan Junior High School,Yingge Dist,"No.1, Guozhong St., Yingge Dist(sidewalk)",500234005,20,7,20260819T011504,24.94381,121.34207,13,1,7,0,2026-08-19T02:24:00+08:00
新北市,New Taipei City,YouBike2.0_新北市立鶯歌高級工商職業學校,鶯歌區,中正三路154號,YouBike2.0_New Taipei Municipal Yingge Vocational High School,Yingge Dist,"No. 154, Zhongzheng 3rd. Rd",500234006,56,7,20260819T001803,24.93923,121.33488,49,1,7,0,2026-08-19T02:24:00+08:00
新北市,New Taipei City,YouBike2.0_鶯歌國中,鶯歌區,鶯桃路39-5號對側,YouBike2.0_Yingge Junior High chool,Yingge Dist,"No.39-5, Yingtao Rd.(opposite)",500234007,30,5,20260818T223504,24.95119,121.34256,24,1,3,2,2026-08-19T02:24:00+08:00
新北市,New Taipei City,YouBike2.0_永吉國小,鶯歌區,德昌二街39號對側,YouBike2.0_Yongchi elementary school,Yingge Dist,"No.39, Dechang 2nd St., Yingge Dist.",500234008,20,5,20260818T233902,24.95865,121.33308,15,1,4,1,2026-08-19T02:24:00+08:00
新北市,New Taipei City,YouBike2.0_鳳祥公園,鶯歌區,鶯桃路365巷130號對側,YouBike2.0_Fengxiang Park,Yingge Dist,"No.130, Ln. 365, Yingtao Rd., Yingge Dist.",500234009,20,7,20260819T000003,24.96283,121.33025,13,1,7,0,2026-08-19T02:24:00+08:00
新北市,New Taipei City,YouBike2.0_鳳鳴國小,鶯歌區,永和街120號,YouBike2.0_Fengming Elementary School,Yingge Dist,"No.120, Yonghe St., Yingge Dist.",500234010,20,6,20260819T010602,24.9692,121.3347,14,1,6,0,2026-08-19T02:24:00+08:00
新北市,New Taipei City,YouBike2.0_國際二國際一路口,鶯歌區,國際二路與國際一路口,YouBike2.0_Guoji 2nd Guoji 1st Intersection,Yingge Dist,"Guoji 2nd Rd./Guoji 1st Rd., Yingge Dist.",500234011,20,10,20260819T003402,24.97577,121.3353,10,1,9,1,2026-08-19T02:24:00+08:00
新北市,New Taipei City,YouBike2.0_鳳福公園,鶯歌區,鳳吉一街186號(對面),YouBike2.0_Fengfu Park,Yingge Dist,"No. 186, Fengji 1st St., Yingge Dist.(opposite)",500234012,20,7,20260818T235902,24.97572,121.32938,13,1,5,2,2026-08-19T02:24:00+08:00
新北市,New Taipei City,YouBike2.0_尖山公園,鶯歌區,鶯歌區尖山路161號對面,YouBike2.0_Jianshan Park,Yingge Dist,"No.161, Jianshan Rd.(opposite)",500234013,29,19,20260819T004903,24.9482,121.346,10,1,19,0,2026-08-19T02:24:00+08:00
新北市,New Taipei City,YouBike2.0_永昌里兒一公園,鶯歌區,鶯桃路182巷96弄36-38號對側,YouBike2.0_Yongchang Village Children Park (No.1),Yingge Dist,"No.36-38, Aly. 96, Ln. 182, Yingtao Rd.(oppsite)",500234014,20,11,20260818T215703,24.956649374562204,121.33959628800724,9,1,8,3,2026-08-19T02:24:00+08:00
新北市,New Taipei City,YouBike2.0_南雅育智路口,鶯歌區,南雅路491號(對面),YouBike2.0_Nanya & Yuzhi Rd. Intersection,Yingge Dist,"No.491, Nanya Rd., Yingge Dist.(opposite)",500234015,22,11,20260818T232703,24.954,121.346,11,1,11,0,2026-08-19T02:24:00+08:00
新北市,New Taipei City,YouBike2.0_國中二甲路口,鶯歌區,國中街175號(前),YouBike2.0_Guozhong & Erjia Intersection,Yingge Dist,"No. 175, Guozhong St., Yingge Dist.",500234016,20,14,20260818T235702,24.939489067109363,121.33868650698288,6,1,9,5,2026-08-19T02:24:00+08:00
新北市,New Taipei City,YouBike2.0_鶯歌永利街,鶯歌區,永利街16號(對面),YouBike2.0_Yingge Yongli St.,Yingge Dist,"No. 16, Yongli St. Yingge Dist.",500234017,15,11,20260818T232903,24.95495,121.33911,3,1,11,0,2026-08-19T02:24:00+08:00
新北市,New Taipei City,YouBike2.0_二橋虹橋公園,鶯歌區,中正三路400號(對面),YouBike2.0_Erqiaoshiguanghongqiao Park,Yingge Dist,"No. 400, Zhongzheng 3rd Rd.(Opposite)",500234018,10,4,20260818T223004,24.93453,121.32595,6,1,4,0,2026-08-19T02:24:00+08:00
新北市,New Taipei City,YouBike2.0_鳳吉四鳳七路口(捷士匯社區),鶯歌區,鳳吉四街57-75號(旁),YouBike2.0_Fengji 4th & Feng 7th Rd. Intersection,Yingge Dist,"No. 57-75, Fengji 4th St.",500234021,40,19,20260818T235102,24.97383,121.32769,21,1,18,1,2026-08-19T02:24:00+08:00
新北市,New Taipei City,YouBike2.0_鶯歌老街第二停車場,鶯歌區,尖山埔路27-31號(對面),YouBike2.0_Yingge Old Street 2nd Parking Lot,Yingge Dist,"No. 27-31, Jianshanpu Rd.(Opposite)",500234022,20,12,20260818T214403,24.94895,121.34227,8,1,11,1,2026-08-19T02:24:00+08:00
新北市,New Taipei City,YouBike2.0_建國中正一路口(北鶯社區),鶯歌區,建國路6號(對面空地),YouBike2.0_Jianguo Zhongzheng 1st Rd. Intersection,Yingge Dist,"No. 6, Jianguo Rd.(Opposite)",500234023,20,10,20260819T001504,24.95658,121.35692,10,1,10,0,2026-08-19T02:24:00+08:00
新北市,New Taipei City,YouBike2.0_三鶯水資源回收中心,鶯歌區,館前路360號(旁),YouBike2.0_Sanying Water Recycling Center,Yingge Dist,"No. 360, Guanqian Rd.",500234024,14,11,20260818T222404,24.95535,121.35996,3,1,7,4,2026-08-19T02:24:00+08:00
新北市,New Taipei City,YouBike2.0_永和街65巷口,鶯歌區,永和街75號,"YouBike2.0_Ln. 65, Yonghe St. Intersection",Yingge Dist,"No. 75, Yonghe St.",500234025,37,17,20260819T014702,24.96798,121.3331413,20,1,13,4,2026-08-19T02:24:00+08:00
新北市,New Taipei City,YouBike2.0_鶯歌陶瓷博物館,鶯歌區,文化路200號(旁),YouBike2.0_Yingge Ceramics Museum(Wenhua Rd.),Yingge Dist,"No. 200, Wenhua Rd.",500234026,22,16,20260819T002704,24.95012,121.35245,5,1,14,2,2026-08-19T02:24:00+08:00
新北市,New Taipei City,YouBike2.0_礫間停車場,鶯歌區,礫間停車場,YouBike2.0_Lijian Parking,Yingge Dist,Lijian Parking,500234028,20,2,20260818T221504,24.9518,121.35445,18,1,1,1,2026-08-19T02:24:00+08:00
新北市,New Taipei City,YouBike2.0_北鶯停車場,鶯歌區,北鶯停車場,YouBike2.0_Beiying Parking,Yingge Dist,Beiying Parking,500234029,20,9,20260818T223102,24.95567,121.35992,11,1,9,0,2026-08-19T02:24:00+08:00
新北市,New Taipei City,YouBike2.0_育英建國路口,鶯歌區,建國路280號(旁),YouBike2.0_Yuying Jianguo Rd. Intersection,Yingge Dist,"No. 280, Jianguo Rd.",500234030,12,3,20260818T235303,24.95356,121.34693,9,1,3,0,2026-08-19T02:24:00+08:00
新北市,New Taipei City,YouBike2.0_中正一仁愛路口,鶯歌區,中正一路181號(對面),YouBike2.0_Zhongzheng 1st & Ren'ai Rd Intersection,Yingge Dist,"No. 181, Zhongzheng 1st Rd.(Opposite)",500234031,15,6,20260818T233503,24.95672,121.3532,9,1,3,3,2026-08-19T02:24:00+08:00
新北市,New Taipei City,YouBike2.0_建國國小,鶯歌區,育英街19號(旁),YouBike2.0_Jianguo Elementary School,Yingge Dist,"No. 19, Yuying St.",500234032,15,9,20260818T224303,24.95521,121.34727,6,1,9,0,2026-08-19T02:24:00+08:00
新北市,New Taipei City,YouBike2.0_光明橋,鶯歌區,永明街78號(旁),YouBike2.0_Guang-ming bridge,Yingge Dist,"No. 78, Yongming St., Yingge Dist.(side)",500234033,14,10,20260818T214904,24.95577,121.34128,4,1,9,1,2026-08-19T02:24:00+08:00
新北市,New Taipei City,YouBike2.0_二橋派出所,鶯歌區,高職西街/中正三路口(西北側),YouBike2.0_Erqiao Police Station,Yingge Dist,"Gaozhi W. St. & Zhongzheng 3rd Rd., Yingge Dist. (west side)",500234034,11,5,20260819T005303,24.94216,121.33884,6,1,5,0,2026-08-19T02:24:00+08:00
新北市,New Taipei City,YouBike2.0_國中高職東街口,鶯歌區,國中路113至117-3號(對面),YouBike2.0_Guozhong & Gaozhi E. Intersection,Yingge Dist,"No. 113, Guozhong St., Yingge Dist.(opposite)",500234035,15,4,20260818T212504,24.94117,121.34116,10,1,3,1,2026-08-19T02:24:00+08:00
新北市,New Taipei City,YouBike2.0_尖山路高厝巷口,鶯歌區,尖山路276-5號(旁),YouBike2.0_Gaocuo Ln. Jianshan Rd.,Yingge Dist,"No. 276-5, Jianshan Rd. (Side)",500234036,15,6,20260818T234903,24.94495,121.34102,8,1,6,0,2026-08-19T02:24:00+08:00
新北市,New Taipei City,YouBike2.0_公八停車場,鶯歌區,國華路53號(對面),YouBike2.0_Public 8th Parking Lot,Yingge Dist,"No.53, Guohua Rd. (opposite)",500234037,15,8,20260818T233004,24.95515,121.34285,7,1,6,2,2026-08-19T02:24:00+08:00
新北市,New Taipei City,YouBike2.0_龍三鳳鳴路口,鶯歌區,鳳鳴路541號,YouBike2.0_Long 3rd. Rd. & Fengming Rd. Intersection,Yingge Dist,"No. 541, Fengming Rd.",500234038,18,7,20260819T014903,24.97286,121.33137,11,1,7,0,2026-08-19T02:24:00+08:00
新北市,New Taipei City,YouBike2.0_鳳福鳳三路口,鶯歌區,鳳三路360號,YouBike2.0_Fengfu Rd. & Feng 3rd. Rd. Intersection,Yingge Dist,"No. 360, Feng 3rd Rd.",500234039,22,4,20260819T001716,24.97567,121.33143,18,1,4,0,2026-08-19T02:24:00+08:00
新北市,New Taipei City,YouBike2.0_北鶯公園,鶯歌區,成功街20巷19號(旁),YouBike2.0_Beiying Park,Yingge Dist,"No. 19, Ln. 20, Chenggong St. (Side)",500234040,15,8,20260819T010102,24.95777,121.35942,6,1,7,1,2026-08-19T02:24:00+08:00
新北市,New Taipei City,YouBike2.0_鶯歌火車站(文化路),鶯歌區,文化路/文化路115巷(北側),YouBike2.0_Yingge Station (Wenhua Rd.),Yingge Dist,"Ln. 115, Wenhua Rd. Intersection (North)",500234041,25,18,20260819T000304,24.95536,121.35697,7,1,17,1,2026-08-19T02:24:00+08:00
新北市,New Taipei City,YouBike2.0_鳳七鶯歌路口,鶯歌區,鶯歌路101-107號(旁),YouBike2.0_Feng 7th Rd. & Yingge Rd. Intersection,Yingge Dist,"No. 101-107, Yingge Rd. (Side)",500234042,11,3,20260819T001103,24.96916,121.33193,7,1,3,0,2026-08-19T02:24:00+08:00
新北市,New Taipei City,YouBike2.0_國際一路112巷口,鶯歌區,國際一路167號(前),"YouBike2.0_Ln. 112, GuoJi 1st Rd.",Yingge Dist,"No. 167, GuoJi 1st Rd. (Front)",500234043,15,11,20260819T021802,24.97667,121.33579,3,1,8,3,2026-08-19T02:24:00+08:00
新北市,New Taipei City,YouBike2.0_臺鐵鳳鳴站,鶯歌區,鳳一路/鶯歌路口,YouBike2.0_Fengming Station,Yingge Dist,Feng 1st Rd. & YingGe Rd.,500234044,40,0,20260817T173503,24.97227,121.33674,0,0,0,0,2026-08-19T02:24:00+08:00
新北市,New Taipei City,YouBike2.0_鶯歌陶瓷老街,鶯歌區,重慶街/國慶街(西南側),YouBike2.0_YingGe Old Street,Yingge Dist,ChongQing St. & GuoQing St. (Southwest),500234045,33,15,20260819T012804,24.95219,121.351,18,1,15,0,2026-08-19T02:24:00+08:00
新北市,New Taipei City,YouBike2.0_鶯歌火車站(仁愛路62號),鶯歌區,仁愛路62號(東側),"YouBike2.0_YingGe Station (No. 62, RenAi Rd.)",Yingge Dist,"No. 62, RenAi Rd. (East)",500234046,42,1,20260819T001504,24.95505,121.35407,40,1,0,1,2026-08-19T02:24:00+08:00
新北市,New Taipei City,YouBike2.0_臺鐵鳳鳴站(鶯歌路),鶯歌區,鶯歌路276號(對面),YouBike2.0_Fengming Station (YingGe Rd.),Yingge Dist,"No. 276, YingGe Rd. (Opposite)",500234047,20,2,20260819T005904,24.97189,121.33651,18,1,2,0,2026-08-19T02:24:00+08:00
新北市,New Taipei City,YouBike2.0_光明育智路口,鶯歌區,光明街126號(東南側),YouBike2.0_GuangMing St. & YuZhi Rd. Intersection,Yingge Dist,"No. 126, GuangMing St. (Southeast)",500234048,14,8,20260818T234616,24.95587,121.3456,6,1,8,0,2026-08-19T02:24:00+08:00
新北市,New Taipei City,YouBike2.0_新鳳公園,鶯歌區,鶯桃路二段60號(對側),YouBike2.0_XinFeng Park,Yingge Dist,"No. 60, Sec. 2, YingTao Rd. (Opposite)",500234049,14,10,20260819T001603,24.9732,121.32474,4,1,10,0,2026-08-19T02:24:00+08:00
新北市,New Taipei City,YouBike2.0_鳳鳴機器人公園,鶯歌區,鳳鳴路/福安街7巷24弄口,YouBike2.0_FengMing Robot Park,Yingge Dist,"FengMing Rd. & Aly. 24, Ln. 7, FuAn St.",500234050,17,11,20260819T004303,24.96618,121.33465,6,1,6,5,2026-08-19T02:24:00+08:00
新北市,New Taipei City,YouBike2.0_龍五鳳七路口,鶯歌區,龍五路/鳳七路口,YouBike2.0_Long 5th Rd. & Feng 7th Rd. Intersection,Yingge Dist,Long 5th Rd. & Feng 7th Rd. Intersection,500234051,30,8,20260818T235004,24.97043,121.33101,22,1,8,0,2026-08-19T02:24:00+08:00
新北市,New Taipei City,YouBike2.0_龍鳳夜市,鶯歌區,鳳三路/龍三路(東南側),YouBike2.0_LongFeng Night Market,Yingge Dist,Feng 3rd Rd. & Long 3rd Rd. (Southeast),500234052,30,10,20260819T000902,24.97329,121.33331,20,1,10,0,2026-08-19T02:24:00+08:00
新北市,New Taipei City,YouBike2.0_中湖市民活動中心,鶯歌區,中湖街21號,YouBike2.0_Zhonghu Civic Activity Center,Yingge Dist,"No. 21, ZhongHu St.",500234053,20,3,20260819T010102,24.97298,121.3472,16,1,2,1,2026-08-19T02:24:00+08:00
新北市,New Taipei City,YouBike2.0_鳳一鳳吉一街口,鶯歌區,鳳吉一街259號(旁),YouBike2.0_Feng 1st Rd. & FengJi 1st St. Intersection,Yingge Dist,"No. 259, FengJi 1st St. (Side)",500234054,20,5,20260819T015302,24.97677,121.3317,14,1,5,0,2026-08-19T02:24:00+08:00
新北市,New Taipei City,YouBike2.0_鳳五路122號前,鶯歌區,鳳五路122號前,"YouBike2.0_No. 122, Feng 5th Rd.",Yingge Dist,"No. 122, Feng 5th Rd. (Front)",500234055,18,12,20260819T005117,24.97316,121.32991,6,1,10,2,2026-08-19T02:24:00+08:00
新北市,New Taipei City,YouBike2.0_建國永昌街口,鶯歌區,建國路546號(對面),YouBike2.0_JianGuo Rd. & YongChang St. Intersection,Yingge Dist,"No. 546, JianGuo Rd. (Opposite)",500234056,17,3,20260818T181003,24.95031,121.33831,14,1,3,0,2026-08-19T02:24:00+08:00
新北市,New Taipei City,YouBike2.0_捷運鶯歌車站,鶯歌區,館前路300號(對側),YouBike2.0_MRT Yingge Sta.,Yingge Dist,"No. 300, GuanQian Rd. (Opposite)",500234057,34,7,20260818T231802,24.95322,121.35668,26,1,7,0,2026-08-19T02:24:00+08:00
新北市,New Taipei City,YouBike2.0_鳳三龍七路口,鶯歌區,鳳三路68號,YouBike2.0_Feng 3rd Rd. & Long 7th Rd. Intersection,Yingge Dist,"No. 68, Feng 3rd Rd.",500234058,18,4,20260819T000902,24.97204,121.33467,13,1,4,0,2026-08-19T02:24:00+08:00
新北市,New Taipei City,YouBike2.0_捷運國華站,鶯歌區,國華路45號(對側),YouBike2.0_MRT Guohua Sta.,Yingge Dist,"No. 45, GuoHua Rd. (Opposite)",500234059,24,10,20260818T231302,24.95535,121.34251,14,1,10,0,2026-08-19T02:24:00+08:00
新北市,New Taipei City,YouBike2.0_捷運陶瓷老街站,鶯歌區,捷運陶瓷老街站(重慶街側),YouBike2.0_MRT Ceramics Old Street Sta.,Yingge Dist,MRT Ceramics Old Street Sta. (ChongQing St.),500234060,36,22,20260818T212403,24.95212,121.35065,14,1,22,0,2026-08-19T02:24:00+08:00
新北市,New Taipei City,YouBike2.0_捷運永吉公園站,鶯歌區,鶯桃路296巷口,YouBike2.0_MRT Yongji Park Sta.,Yingge Dist,"Ln. 296, YingTao Rd. Intersection",500234061,47,15,20260819T002704,24.96048,121.33476,31,1,11,4,2026-08-19T02:24:00+08:00
新北市,New Taipei City,YouBike2.0_捷運鶯桃福德站,鶯歌區,福德一路20號(對側),YouBike2.0_MRT Yingtao Fude Sta.,Yingge Dist,"No. 20, FuDe 1st Rd. (Opposite)",500234062,75,16,20260818T235202,24.96704,121.33044,59,1,16,0,2026-08-19T02:24:00+08:00
新北市,New Taipei City,YouBike2.0_捷運國華站(2號出口),鶯歌區,國華路97號(對側),YouBike2.0_MRT Guohua Sta.(Exit 2),Yingge Dist,"No. 97, GuoHua Rd. (Opposite)",500234063,60,18,20260819T000803,24.95374,121.34301,42,1,17,1,2026-08-19T02:24:00+08:00
新北市,New Taipei City,YouBike2.0_鶯歌山水步道停車場,鶯歌區,觀景涼亭停車場,YouBike2.0_YingGe Riverside Trail Car Park,Yingge Dist,YingGe Riverside Trail Car Park,500234064,24,6,20260818T192804,24.93205,121.32825,18,1,6,0,2026-08-19T02:24:00+08:00
新北市,New Taipei City,YouBike2.0_鶯歌環河自行車道,鶯歌區,環河路/甲三街(南側自行車道),YouBike2.0_YingGe Riverside Cycling Route,Yingge Dist,Huanhe Rd. & Jia 3rd St. (South),500234065,20,13,20260818T223504,24.92967,121.33837,7,1,13,0,2026-08-19T02:24:00+08:00
新北市,New Taipei City,YouBike2.0_鶯歌火車站(仁愛路),鶯歌區,仁愛路55號對側,YouBike2.0_Yingge Railway Station(Ren’ai Rd.),Yingge Dist,"No.55, Ren’ai Rd., Yingge Dist.(opposite)",500234001,69,1,20260819T001018,24.95559,121.35441,67,1,1,0,2026-08-19T03:05:39+08:00
新北市,New Taipei City,YouBike2.0_新北市立圖書館鶯歌分館,鶯歌區,中山路150號,YouBike2.0_New Taipei City Library Yingge Branch,Yingge Dist,"No.150, Zhongshan Rd.",500234002,20,16,20260819T001902,24.9572,121.34946,3,1,14,2,2026-08-19T03:05:39+08:00
新北市,New Taipei City,YouBike2.0_文化館前路口,鶯歌區,文化路407號旁,YouBike2.0_Yingge Ceramics Museum,Yingge Dist,"No. 407, Wenhua Rd.",500234003,44,18,20260819T014003,24.94948,121.35291,26,1,15,3,2026-08-19T03:05:39+08:00
新北市,New Taipei City,YouBike2.0_鶯歌國民運動中心,鶯歌區,館前路250號運動中心前,YouBike2.0_Yingge Civil Sports Center,Yingge Dist,"No.250, Guanqian Rd., Yingge Dist.",500234004,38,20,20260818T230903,24.95139,121.35733,18,1,20,0,2026-08-19T03:05:39+08:00
新北市,New Taipei City,YouBike2.0_尖山國中,鶯歌區,國中街1號,YouBike2.0_Municipal Jianshan Junior High School,Yingge Dist,"No.1, Guozhong St., Yingge Dist(sidewalk)",500234005,20,7,20260819T011504,24.94381,121.34207,13,1,7,0,2026-08-19T03:05:39+08:00
新北市,New Taipei City,YouBike2.0_新北市立鶯歌高級工商職業學校,鶯歌區,中正三路154號,YouBike2.0_New Taipei Municipal Yingge Vocational High School,Yingge Dist,"No. 154, Zhongzheng 3rd. Rd",500234006,56,7,20260819T001803,24.93923,121.33488,49,1,7,0,2026-08-19T03:05:39+08:00
新北市,New Taipei City,YouBike2.0_鶯歌國中,鶯歌區,鶯桃路39-5號對側,YouBike2.0_Yingge Junior High chool,Yingge Dist,"No.39-5, Yingtao Rd.(opposite)",500234007,30,5,20260818T223504,24.95119,121.34256,24,1,3,2,2026-08-19T03:05:39+08:00
新北市,New Taipei City,YouBike2.0_永吉國小,鶯歌區,德昌二街39號對側,YouBike2.0_Yongchi elementary school,Yingge Dist,"No.39, Dechang 2nd St., Yingge Dist.",500234008,20,5,20260818T233902,24.95865,121.33308,15,1,4,1,2026-08-19T03:05:39+08:00
新北市,New Taipei City,YouBike2.0_鳳祥公園,鶯歌區,鶯桃路365巷130號對側,YouBike2.0_Fengxiang Park,Yingge Dist,"No.130, Ln. 365, Yingtao Rd., Yingge Dist.",500234009,20,7,20260819T000003,24.96283,121.33025,13,1,7,0,2026-08-19T03:05:39+08:00
新北市,New Taipei City,YouBike2.0_鳳鳴國小,鶯歌區,永和街120號,YouBike2.0_Fengming Elementary School,Yingge Dist,"No.120, Yonghe St., Yingge Dist.",500234010,20,6,20260819T010602,24.9692,121.3347,14,1,6,0,2026-08-19T03:05:39+08:00
新北市,New Taipei City,YouBike2.0_國際二國際一路口,鶯歌區,國際二路與國際一路口,YouBike2.0_Guoji 2nd Guoji 1st Intersection,Yingge Dist,"Guoji 2nd Rd./Guoji 1st Rd., Yingge Dist.",500234011,20,10,20260819T003402,24.97577,121.3353,10,1,9,1,2026-08-19T03:05:39+08:00
新北市,New Taipei City,YouBike2.0_鳳福公園,鶯歌區,鳳吉一街186號(對面),YouBike2.0_Fengfu Park,Yingge Dist,"No. 186, Fengji 1st St., Yingge Dist.(opposite)",500234012,20,7,20260818T235902,24.97572,121.32938,13,1,5,2,2026-08-19T03:05:39+08:00
新北市,New Taipei City,YouBike2.0_尖山公園,鶯歌區,鶯歌區尖山路161號對面,YouBike2.0_Jianshan Park,Yingge Dist,"No.161, Jianshan Rd.(opposite)",500234013,29,19,20260819T004903,24.9482,121.346,10,1,19,0,2026-08-19T03:05:39+08:00
新北市,New Taipei City,YouBike2.0_永昌里兒一公園,鶯歌區,鶯桃路182巷96弄36-38號對側,YouBike2.0_Yongchang Village Children Park (No.1),Yingge Dist,"No.36-38, Aly. 96, Ln. 182, Yingtao Rd.(oppsite)",500234014,20,11,20260818T215703,24.956649374562204,121.33959628800724,9,1,8,3,2026-08-19T03:05:39+08:00
新北市,New Taipei City,YouBike2.0_南雅育智路口,鶯歌區,南雅路491號(對面),YouBike2.0_Nanya & Yuzhi Rd. Intersection,Yingge Dist,"No.491, Nanya Rd., Yingge Dist.(opposite)",500234015,22,11,20260818T232703,24.954,121.346,11,1,11,0,2026-08-19T03:05:39+08:00
新北市,New Taipei City,YouBike2.0_國中二甲路口,鶯歌區,國中街175號(前),YouBike2.0_Guozhong & Erjia Intersection,Yingge Dist,"No. 175, Guozhong St., Yingge Dist.",500234016,20,14,20260818T235702,24.939489067109363,121.33868650698288,6,1,9,5,2026-08-19T03:05:39+08:00
新北市,New Taipei City,YouBike2.0_鶯歌永利街,鶯歌區,永利街16號(對面),YouBike2.0_Yingge Yongli St.,Yingge Dist,"No. 16, Yongli St. Yingge Dist.",500234017,15,11,20260818T232903,24.95495,121.33911,3,1,11,0,2026-08-19T03:05:39+08:00
新北市,New Taipei City,YouBike2.0_二橋虹橋公園,鶯歌區,中正三路400號(對面),YouBike2.0_Erqiaoshiguanghongqiao Park,Yingge Dist,"No. 400, Zhongzheng 3rd Rd.(Opposite)",500234018,10,4,20260818T223004,24.93453,121.32595,6,1,4,0,2026-08-19T03:05:39+08:00
新北市,New Taipei City,YouBike2.0_鳳吉四鳳七路口(捷士匯社區),鶯歌區,鳳吉四街57-75號(旁),YouBike2.0_Fengji 4th & Feng 7th Rd. Intersection,Yingge Dist,"No. 57-75, Fengji 4th St.",500234021,40,19,20260818T235102,24.97383,121.32769,21,1,18,1,2026-08-19T03:05:39+08:00
新北市,New Taipei City,YouBike2.0_鶯歌老街第二停車場,鶯歌區,尖山埔路27-31號(對面),YouBike2.0_Yingge Old Street 2nd Parking Lot,Yingge Dist,"No. 27-31, Jianshanpu Rd.(Opposite)",500234022,20,12,20260818T214403,24.94895,121.34227,8,1,11,1,2026-08-19T03:05:39+08:00
新北市,New Taipei City,YouBike2.0_建國中正一路口(北鶯社區),鶯歌區,建國路6號(對面空地),YouBike2.0_Jianguo Zhongzheng 1st Rd. Intersection,Yingge Dist,"No. 6, Jianguo Rd.(Opposite)",500234023,20,10,20260819T001504,24.95658,121.35692,10,1,10,0,2026-08-19T03:05:39+08:00
新北市,New Taipei City,YouBike2.0_三鶯水資源回收中心,鶯歌區,館前路360號(旁),YouBike2.0_Sanying Water Recycling Center,Yingge Dist,"No. 360, Guanqian Rd.",500234024,14,11,20260818T222404,24.95535,121.35996,3,1,7,4,2026-08-19T03:05:39+08:00
新北市,New Taipei City,YouBike2.0_永和街65巷口,鶯歌區,永和街75號,"YouBike2.0_Ln. 65, Yonghe St. Intersection",Yingge Dist,"No. 75, Yonghe St.",500234025,37,17,20260819T014702,24.96798,121.3331413,20,1,13,4,2026-08-19T03:05:39+08:00
新北市,New Taipei City,YouBike2.0_鶯歌陶瓷博物館,鶯歌區,文化路200號(旁),YouBike2.0_Yingge Ceramics Museum(Wenhua Rd.),Yingge Dist,"No. 200, Wenhua Rd.",500234026,22,16,20260819T002704,24.95012,121.35245,5,1,14,2,2026-08-19T03:05:39+08:00
新北市,New Taipei City,YouBike2.0_礫間停車場,鶯歌區,礫間停車場,YouBike2.0_Lijian Parking,Yingge Dist,Lijian Parking,500234028,20,2,20260818T221504,24.9518,121.35445,18,1,1,1,2026-08-19T03:05:39+08:00
新北市,New Taipei City,YouBike2.0_北鶯停車場,鶯歌區,北鶯停車場,YouBike2.0_Beiying Parking,Yingge Dist,Beiying Parking,500234029,20,9,20260818T223102,24.95567,121.35992,11,1,9,0,2026-08-19T03:05:39+08:00
新北市,New Taipei City,YouBike2.0_育英建國路口,鶯歌區,建國路280號(旁),YouBike2.0_Yuying Jianguo Rd. Intersection,Yingge Dist,"No. 280, Jianguo Rd.",500234030,12,3,20260818T235303,24.95356,121.34693,9,1,3,0,2026-08-19T03:05:39+08:00
新北市,New Taipei City,YouBike2.0_中正一仁愛路口,鶯歌區,中正一路181號(對面),YouBike2.0_Zhongzheng 1st & Ren'ai Rd Intersection,Yingge Dist,"No. 181, Zhongzheng 1st Rd.(Opposite)",500234031,15,6,20260818T233503,24.95672,121.3532,9,1,3,3,2026-08-19T03:05:39+08:00
新北市,New Taipei City,YouBike2.0_建國國小,鶯歌區,育英街19號(旁),YouBike2.0_Jianguo Elementary School,Yingge Dist,"No. 19, Yuying St.",500234032,15,9,20260818T224303,24.95521,121.34727,6,1,9,0,2026-08-19T03:05:39+08:00
新北市,New Taipei City,YouBike2.0_光明橋,鶯歌區,永明街78號(旁),YouBike2.0_Guang-ming bridge,Yingge Dist,"No. 78, Yongming St., Yingge Dist.(side)",500234033,14,10,20260818T214904,24.95577,121.34128,4,1,9,1,2026-08-19T03:05:39+08:00
新北市,New Taipei City,YouBike2.0_二橋派出所,鶯歌區,高職西街/中正三路口(西北側),YouBike2.0_Erqiao Police Station,Yingge Dist,"Gaozhi W. St. & Zhongzheng 3rd Rd., Yingge Dist. (west side)",500234034,11,5,20260819T005303,24.94216,121.33884,6,1,5,0,2026-08-19T03:05:39+08:00
新北市,New Taipei City,YouBike2.0_國中高職東街口,鶯歌區,國中路113至117-3號(對面),YouBike2.0_Guozhong & Gaozhi E. Intersection,Yingge Dist,"No. 113, Guozhong St., Yingge Dist.(opposite)",500234035,15,4,20260819T025902,24.94117,121.34116,10,1,3,1,2026-08-19T03:05:39+08:00
新北市,New Taipei City,YouBike2.0_尖山路高厝巷口,鶯歌區,尖山路276-5號(旁),YouBike2.0_Gaocuo Ln. Jianshan Rd.,Yingge Dist,"No. 276-5, Jianshan Rd. (Side)",500234036,15,6,20260818T234903,24.94495,121.34102,8,1,6,0,2026-08-19T03:05:39+08:00
新北市,New Taipei City,YouBike2.0_公八停車場,鶯歌區,國華路53號(對面),YouBike2.0_Public 8th Parking Lot,Yingge Dist,"No.53, Guohua Rd. (opposite)",500234037,15,8,20260818T233004,24.95515,121.34285,7,1,6,2,2026-08-19T03:05:39+08:00
新北市,New Taipei City,YouBike2.0_龍三鳳鳴路口,鶯歌區,鳳鳴路541號,YouBike2.0_Long 3rd. Rd. & Fengming Rd. Intersection,Yingge Dist,"No. 541, Fengming Rd.",500234038,18,7,20260819T014903,24.97286,121.33137,11,1,7,0,2026-08-19T03:05:39+08:00
新北市,New Taipei City,YouBike2.0_鳳福鳳三路口,鶯歌區,鳳三路360號,YouBike2.0_Fengfu Rd. & Feng 3rd. Rd. Intersection,Yingge Dist,"No. 360, Feng 3rd Rd.",500234039,22,5,20260819T025902,24.97567,121.33143,17,1,5,0,2026-08-19T03:05:39+08:00
新北市,New Taipei City,YouBike2.0_北鶯公園,鶯歌區,成功街20巷19號(旁),YouBike2.0_Beiying Park,Yingge Dist,"No. 19, Ln. 20, Chenggong St. (Side)",500234040,15,8,20260819T010102,24.95777,121.35942,6,1,7,1,2026-08-19T03:05:39+08:00
新北市,New Taipei City,YouBike2.0_鶯歌火車站(文化路),鶯歌區,文化路/文化路115巷(北側),YouBike2.0_Yingge Station (Wenhua Rd.),Yingge Dist,"Ln. 115, Wenhua Rd. Intersection (North)",500234041,25,18,20260819T000304,24.95536,121.35697,7,1,17,1,2026-08-19T03:05:39+08:00
新北市,New Taipei City,YouBike2.0_鳳七鶯歌路口,鶯歌區,鶯歌路101-107號(旁),YouBike2.0_Feng 7th Rd. & Yingge Rd. Intersection,Yingge Dist,"No. 101-107, Yingge Rd. (Side)",500234042,11,3,20260819T001103,24.96916,121.33193,7,1,3,0,2026-08-19T03:05:39+08:00
新北市,New Taipei City,YouBike2.0_國際一路112巷口,鶯歌區,國際一路167號(前),"YouBike2.0_Ln. 112, GuoJi 1st Rd.",Yingge Dist,"No. 167, GuoJi 1st Rd. (Front)",500234043,15,11,20260819T021802,24.97667,121.33579,3,1,8,3,2026-08-19T03:05:39+08:00
新北市,New Taipei City,YouBike2.0_臺鐵鳳鳴站,鶯歌區,鳳一路/鶯歌路口,YouBike2.0_Fengming Station,Yingge Dist,Feng 1st Rd. & YingGe Rd.,500234044,40,0,20260817T173503,24.97227,121.33674,0,0,0,0,2026-08-19T03:05:39+08:00
新北市,New Taipei City,YouBike2.0_鶯歌陶瓷老街,鶯歌區,重慶街/國慶街(西南側),YouBike2.0_YingGe Old Street,Yingge Dist,ChongQing St. & GuoQing St. (Southwest),500234045,33,15,20260819T012804,24.95219,121.351,18,1,15,0,2026-08-19T03:05:39+08:00
新北市,New Taipei City,YouBike2.0_鶯歌火車站(仁愛路62號),鶯歌區,仁愛路62號(東側),"YouBike2.0_YingGe Station (No. 62, RenAi Rd.)",Yingge Dist,"No. 62, RenAi Rd. (East)",500234046,42,1,20260819T001504,24.95505,121.35407,40,1,0,1,2026-08-19T03:05:39+08:00
新北市,New Taipei City,YouBike2.0_臺鐵鳳鳴站(鶯歌路),鶯歌區,鶯歌路276號(對面),YouBike2.0_Fengming Station (YingGe Rd.),Yingge Dist,"No. 276, YingGe Rd. (Opposite)",500234047,20,2,20260819T005904,24.97189,121.33651,18,1,2,0,2026-08-19T03:05:39+08:00
新北市,New Taipei City,YouBike2.0_光明育智路口,鶯歌區,光明街126號(東南側),YouBike2.0_GuangMing St. & YuZhi Rd. Intersection,Yingge Dist,"No. 126, GuangMing St. (Southeast)",500234048,14,8,20260818T234616,24.95587,121.3456,6,1,8,0,2026-08-19T03:05:39+08:00
新北市,New Taipei City,YouBike2.0_新鳳公園,鶯歌區,鶯桃路二段60號(對側),YouBike2.0_XinFeng Park,Yingge Dist,"No. 60, Sec. 2, YingTao Rd. (Opposite)",500234049,14,10,20260819T001603,24.9732,121.32474,4,1,10,0,2026-08-19T03:05:39+08:00
新北市,New Taipei City,YouBike2.0_鳳鳴機器人公園,鶯歌區,鳳鳴路/福安街7巷24弄口,YouBike2.0_FengMing Robot Park,Yingge Dist,"FengMing Rd. & Aly. 24, Ln. 7, FuAn St.",500234050,17,11,20260819T004303,24.96618,121.33465,6,1,6,5,2026-08-19T03:05:39+08:00
新北市,New Taipei City,YouBike2.0_龍五鳳七路口,鶯歌區,龍五路/鳳七路口,YouBike2.0_Long 5th Rd. & Feng 7th Rd. Intersection,Yingge Dist,Long 5th Rd. & Feng 7th Rd. Intersection,500234051,30,8,20260818T235004,24.97043,121.33101,22,1,8,0,2026-08-19T03:05:39+08:00
新北市,New Taipei City,YouBike2.0_龍鳳夜市,鶯歌區,鳳三路/龍三路(東南側),YouBike2.0_LongFeng Night Market,Yingge Dist,Feng 3rd Rd. & Long 3rd Rd. (Southeast),500234052,30,10,20260819T000902,24.97329,121.33331,20,1,10,0,2026-08-19T03:05:39+08:00
新北市,New Taipei City,YouBike2.0_中湖市民活動中心,鶯歌區,中湖街21號,YouBike2.0_Zhonghu Civic Activity Center,Yingge Dist,"No. 21, ZhongHu St.",500234053,20,3,20260819T010102,24.97298,121.3472,16,1,2,1,2026-08-19T03:05:39+08:00
新北市,New Taipei City,YouBike2.0_鳳一鳳吉一街口,鶯歌區,鳳吉一街259號(旁),YouBike2.0_Feng 1st Rd. & FengJi 1st St. Intersection,Yingge Dist,"No. 259, FengJi 1st St. (Side)",500234054,20,5,20260819T015302,24.97677,121.3317,14,1,5,0,2026-08-19T03:05:39+08:00
新北市,New Taipei City,YouBike2.0_鳳五路122號前,鶯歌區,鳳五路122號前,"YouBike2.0_No. 122, Feng 5th Rd.",Yingge Dist,"No. 122, Feng 5th Rd. (Front)",500234055,18,12,20260819T005117,24.97316,121.32991,6,1,10,2,2026-08-19T03:05:39+08:00
新北市,New Taipei City,YouBike2.0_建國永昌街口,鶯歌區,建國路546號(對面),YouBike2.0_JianGuo Rd. & YongChang St. Intersection,Yingge Dist,"No. 546, JianGuo Rd. (Opposite)",500234056,17,3,20260818T181003,24.95031,121.33831,14,1,3,0,2026-08-19T03:05:39+08:00
新北市,New Taipei City,YouBike2.0_捷運鶯歌車站,鶯歌區,館前路300號(對側),YouBike2.0_MRT Yingge Sta.,Yingge Dist,"No. 300, GuanQian Rd. (Opposite)",500234057,34,7,20260818T231802,24.95322,121.35668,26,1,7,0,2026-08-19T03:05:39+08:00
新北市,New Taipei City,YouBike2.0_鳳三龍七路口,鶯歌區,鳳三路68號,YouBike2.0_Feng 3rd Rd. & Long 7th Rd. Intersection,Yingge Dist,"No. 68, Feng 3rd Rd.",500234058,18,4,20260819T000902,24.97204,121.33467,13,1,4,0,2026-08-19T03:05:39+08:00
新北市,New Taipei City,YouBike2.0_捷運國華站,鶯歌區,國華路45號(對側),YouBike2.0_MRT Guohua Sta.,Yingge Dist,"No. 45, GuoHua Rd. (Opposite)",500234059,24,10,20260818T231302,24.95535,121.34251,14,1,10,0,2026-08-19T03:05:39+08:00
新北市,New Taipei City,YouBike2.0_捷運陶瓷老街站,鶯歌區,捷運陶瓷老街站(重慶街側),YouBike2.0_MRT Ceramics Old Street Sta.,Yingge Dist,MRT Ceramics Old Street Sta. (ChongQing St.),500234060,36,22,20260818T212403,24.95212,121.35065,14,1,22,0,2026-08-19T03:05:39+08:00
新北市,New Taipei City,YouBike2.0_捷運永吉公園站,鶯歌區,鶯桃路296巷口,YouBike2.0_MRT Yongji Park Sta.,Yingge Dist,"Ln. 296, YingTao Rd. Intersection",500234061,47,15,20260819T002704,24.96048,121.33476,31,1,11,4,2026-08-19T03:05:39+08:00
新北市,New Taipei City,YouBike2.0_捷運鶯桃福德站,鶯歌區,福德一路20號(對側),YouBike2.0_MRT Yingtao Fude Sta.,Yingge Dist,"No. 20, FuDe 1st Rd. (Opposite)",500234062,75,16,20260818T235202,24.96704,121.33044,59,1,16,0,2026-08-19T03:05:39+08:00
新北市,New Taipei City,YouBike2.0_捷運國華站(2號出口),鶯歌區,國華路97號(對側),YouBike2.0_MRT Guohua Sta.(Exit 2),Yingge Dist,"No. 97, GuoHua Rd. (Opposite)",500234063,60,18,20260819T000803,24.95374,121.34301,42,1,17,1,2026-08-19T03:05:39+08:00
新北市,New Taipei City,YouBike2.0_鶯歌山水步道停車場,鶯歌區,觀景涼亭停車場,YouBike2.0_YingGe Riverside Trail Car Park,Yingge Dist,YingGe Riverside Trail Car Park,500234064,24,6,20260818T192804,24.93205,121.32825,18,1,6,0,2026-08-19T03:05:39+08:00
新北市,New Taipei City,YouBike2.0_鶯歌環河自行車道,鶯歌區,環河路/甲三街(南側自行車道),YouBike2.0_YingGe Riverside Cycling Route,Yingge Dist,Huanhe Rd. & Jia 3rd St. (South),500234065,20,13,20260818T223504,24.92967,121.33837,7,1,13,0,2026-08-19T03:05:39+08:00
新北市,New Taipei City,YouBike2.0_鶯歌火車站(仁愛路),鶯歌區,仁愛路55號對側,YouBike2.0_Yingge Railway Station(Ren’ai Rd.),Yingge Dist,"No.55, Ren’ai Rd., Yingge Dist.(opposite)",500234001,69,1,20260819T001018,24.95559,121.35441,67,1,1,0,2026-08-19T03:38:23+08:00
新北市,New Taipei City,YouBike2.0_新北市立圖書館鶯歌分館,鶯歌區,中山路150號,YouBike2.0_New Taipei City Library Yingge Branch,Yingge Dist,"No.150, Zhongshan Rd.",500234002,20,16,20260819T001902,24.9572,121.34946,3,1,14,2,2026-08-19T03:38:23+08:00
新北市,New Taipei City,YouBike2.0_文化館前路口,鶯歌區,文化路407號旁,YouBike2.0_Yingge Ceramics Museum,Yingge Dist,"No. 407, Wenhua Rd.",500234003,44,18,20260819T014003,24.94948,121.35291,26,1,15,3,2026-08-19T03:38:23+08:00
新北市,New Taipei City,YouBike2.0_鶯歌國民運動中心,鶯歌區,館前路250號運動中心前,YouBike2.0_Yingge Civil Sports Center,Yingge Dist,"No.250, Guanqian Rd., Yingge Dist.",500234004,38,20,20260818T230903,24.95139,121.35733,18,1,20,0,2026-08-19T03:38:23+08:00
新北市,New Taipei City,YouBike2.0_尖山國中,鶯歌區,國中街1號,YouBike2.0_Municipal Jianshan Junior High School,Yingge Dist,"No.1, Guozhong St., Yingge Dist(sidewalk)",500234005,20,7,20260819T011504,24.94381,121.34207,13,1,7,0,2026-08-19T03:38:23+08:00
新北市,New Taipei City,YouBike2.0_新北市立鶯歌高級工商職業學校,鶯歌區,中正三路154號,YouBike2.0_New Taipei Municipal Yingge Vocational High School,Yingge Dist,"No. 154, Zhongzheng 3rd. Rd",500234006,56,7,20260819T001803,24.93923,121.33488,49,1,7,0,2026-08-19T03:38:23+08:00
新北市,New Taipei City,YouBike2.0_鶯歌國中,鶯歌區,鶯桃路39-5號對側,YouBike2.0_Yingge Junior High chool,Yingge Dist,"No.39-5, Yingtao Rd.(opposite)",500234007,30,5,20260818T223504,24.95119,121.34256,24,1,3,2,2026-08-19T03:38:23+08:00
新北市,New Taipei City,YouBike2.0_永吉國小,鶯歌區,德昌二街39號對側,YouBike2.0_Yongchi elementary school,Yingge Dist,"No.39, Dechang 2nd St., Yingge Dist.",500234008,20,5,20260818T233902,24.95865,121.33308,15,1,4,1,2026-08-19T03:38:23+08:00
新北市,New Taipei City,YouBike2.0_鳳祥公園,鶯歌區,鶯桃路365巷130號對側,YouBike2.0_Fengxiang Park,Yingge Dist,"No.130, Ln. 365, Yingtao Rd., Yingge Dist.",500234009,20,7,20260819T000003,24.96283,121.33025,13,1,7,0,2026-08-19T03:38:23+08:00
新北市,New Taipei City,YouBike2.0_鳳鳴國小,鶯歌區,永和街120號,YouBike2.0_Fengming Elementary School,Yingge Dist,"No.120, Yonghe St., Yingge Dist.",500234010,20,6,20260819T010602,24.9692,121.3347,14,1,6,0,2026-08-19T03:38:23+08:00
新北市,New Taipei City,YouBike2.0_國際二國際一路口,鶯歌區,國際二路與國際一路口,YouBike2.0_Guoji 2nd Guoji 1st Intersection,Yingge Dist,"Guoji 2nd Rd./Guoji 1st Rd., Yingge Dist.",500234011,20,10,20260819T003402,24.97577,121.3353,10,1,9,1,2026-08-19T03:38:23+08:00
新北市,New Taipei City,YouBike2.0_鳳福公園,鶯歌區,鳳吉一街186號(對面),YouBike2.0_Fengfu Park,Yingge Dist,"No. 186, Fengji 1st St., Yingge Dist.(opposite)",500234012,20,7,20260818T235902,24.97572,121.32938,13,1,5,2,2026-08-19T03:38:23+08:00
新北市,New Taipei City,YouBike2.0_尖山公園,鶯歌區,鶯歌區尖山路161號對面,YouBike2.0_Jianshan Park,Yingge Dist,"No.161, Jianshan Rd.(opposite)",500234013,29,19,20260819T004903,24.9482,121.346,10,1,19,0,2026-08-19T03:38:23+08:00
新北市,New Taipei City,YouBike2.0_永昌里兒一公園,鶯歌區,鶯桃路182巷96弄36-38號對側,YouBike2.0_Yongchang Village Children Park (No.1),Yingge Dist,"No.36-38, Aly. 96, Ln. 182, Yingtao Rd.(oppsite)",500234014,20,11,20260818T215703,24.956649374562204,121.33959628800724,9,1,8,3,2026-08-19T03:38:23+08:00
新北市,New Taipei City,YouBike2.0_南雅育智路口,鶯歌區,南雅路491號(對面),YouBike2.0_Nanya & Yuzhi Rd. Intersection,Yingge Dist,"No.491, Nanya Rd., Yingge Dist.(opposite)",500234015,22,11,20260818T232703,24.954,121.346,11,1,11,0,2026-08-19T03:38:23+08:00
新北市,New Taipei City,YouBike2.0_國中二甲路口,鶯歌區,國中街175號(前),YouBike2.0_Guozhong & Erjia Intersection,Yingge Dist,"No. 175, Guozhong St., Yingge Dist.",500234016,20,14,20260818T235702,24.939489067109363,121.33868650698288,6,1,9,5,2026-08-19T03:38:23+08:00
新北市,New Taipei City,YouBike2.0_鶯歌永利街,鶯歌區,永利街16號(對面),YouBike2.0_Yingge Yongli St.,Yingge Dist,"No. 16, Yongli St. Yingge Dist.",500234017,15,11,20260818T232903,24.95495,121.33911,3,1,11,0,2026-08-19T03:38:23+08:00
新北市,New Taipei City,YouBike2.0_二橋虹橋公園,鶯歌區,中正三路400號(對面),YouBike2.0_Erqiaoshiguanghongqiao Park,Yingge Dist,"No. 400, Zhongzheng 3rd Rd.(Opposite)",500234018,10,4,20260818T223004,24.93453,121.32595,6,1,4,0,2026-08-19T03:38:23+08:00
新北市,New Taipei City,YouBike2.0_鳳吉四鳳七路口(捷士匯社區),鶯歌區,鳳吉四街57-75號(旁),YouBike2.0_Fengji 4th & Feng 7th Rd. Intersection,Yingge Dist,"No. 57-75, Fengji 4th St.",500234021,40,19,20260818T235102,24.97383,121.32769,21,1,18,1,2026-08-19T03:38:23+08:00
新北市,New Taipei City,YouBike2.0_鶯歌老街第二停車場,鶯歌區,尖山埔路27-31號(對面),YouBike2.0_Yingge Old Street 2nd Parking Lot,Yingge Dist,"No. 27-31, Jianshanpu Rd.(Opposite)",500234022,20,12,20260818T214403,24.94895,121.34227,8,1,11,1,2026-08-19T03:38:23+08:00
新北市,New Taipei City,YouBike2.0_建國中正一路口(北鶯社區),鶯歌區,建國路6號(對面空地),YouBike2.0_Jianguo Zhongzheng 1st Rd. Intersection,Yingge Dist,"No. 6, Jianguo Rd.(Opposite)",500234023,20,10,20260819T001504,24.95658,121.35692,10,1,10,0,2026-08-19T03:38:23+08:00
新北市,New Taipei City,YouBike2.0_三鶯水資源回收中心,鶯歌區,館前路360號(旁),YouBike2.0_Sanying Water Recycling Center,Yingge Dist,"No. 360, Guanqian Rd.",500234024,14,11,20260818T222404,24.95535,121.35996,3,1,7,4,2026-08-19T03:38:23+08:00
新北市,New Taipei City,YouBike2.0_永和街65巷口,鶯歌區,永和街75號,"YouBike2.0_Ln. 65, Yonghe St. Intersection",Yingge Dist,"No. 75, Yonghe St.",500234025,37,17,20260819T014702,24.96798,121.3331413,20,1,13,4,2026-08-19T03:38:23+08:00
新北市,New Taipei City,YouBike2.0_鶯歌陶瓷博物館,鶯歌區,文化路200號(旁),YouBike2.0_Yingge Ceramics Museum(Wenhua Rd.),Yingge Dist,"No. 200, Wenhua Rd.",500234026,22,16,20260819T002704,24.95012,121.35245,5,1,14,2,2026-08-19T03:38:23+08:00
新北市,New Taipei City,YouBike2.0_礫間停車場,鶯歌區,礫間停車場,YouBike2.0_Lijian Parking,Yingge Dist,Lijian Parking,500234028,20,2,20260818T221504,24.9518,121.35445,18,1,1,1,2026-08-19T03:38:23+08:00
新北市,New Taipei City,YouBike2.0_北鶯停車場,鶯歌區,北鶯停車場,YouBike2.0_Beiying Parking,Yingge Dist,Beiying Parking,500234029,20,9,20260818T223102,24.95567,121.35992,11,1,9,0,2026-08-19T03:38:23+08:00
新北市,New Taipei City,YouBike2.0_育英建國路口,鶯歌區,建國路280號(旁),YouBike2.0_Yuying Jianguo Rd. Intersection,Yingge Dist,"No. 280, Jianguo Rd.",500234030,12,3,20260818T235303,24.95356,121.34693,9,1,3,0,2026-08-19T03:38:23+08:00
新北市,New Taipei City,YouBike2.0_中正一仁愛路口,鶯歌區,中正一路181號(對面),YouBike2.0_Zhongzheng 1st & Ren'ai Rd Intersection,Yingge Dist,"No. 181, Zhongzheng 1st Rd.(Opposite)",500234031,15,6,20260818T233503,24.95672,121.3532,9,1,3,3,2026-08-19T03:38:23+08:00
新北市,New Taipei City,YouBike2.0_建國國小,鶯歌區,育英街19號(旁),YouBike2.0_Jianguo Elementary School,Yingge Dist,"No. 19, Yuying St.",500234032,15,9,20260818T224303,24.95521,121.34727,6,1,9,0,2026-08-19T03:38:23+08:00
新北市,New Taipei City,YouBike2.0_光明橋,鶯歌區,永明街78號(旁),YouBike2.0_Guang-ming bridge,Yingge Dist,"No. 78, Yongming St., Yingge Dist.(side)",500234033,14,10,20260818T214904,24.95577,121.34128,4,1,9,1,2026-08-19T03:38:23+08:00
新北市,New Taipei City,YouBike2.0_二橋派出所,鶯歌區,高職西街/中正三路口(西北側),YouBike2.0_Erqiao Police Station,Yingge Dist,"Gaozhi W. St. & Zhongzheng 3rd Rd., Yingge Dist. (west side)",500234034,11,5,20260819T005303,24.94216,121.33884,6,1,5,0,2026-08-19T03:38:23+08:00
新北市,New Taipei City,YouBike2.0_國中高職東街口,鶯歌區,國中路113至117-3號(對面),YouBike2.0_Guozhong & Gaozhi E. Intersection,Yingge Dist,"No. 113, Guozhong St., Yingge Dist.(opposite)",500234035,15,4,20260819T025902,24.94117,121.34116,10,1,3,1,2026-08-19T03:38:23+08:00
新北市,New Taipei City,YouBike2.0_尖山路高厝巷口,鶯歌區,尖山路276-5號(旁),YouBike2.0_Gaocuo Ln. Jianshan Rd.,Yingge Dist,"No. 276-5, Jianshan Rd. (Side)",500234036,15,6,20260818T234903,24.94495,121.34102,8,1,6,0,2026-08-19T03:38:23+08:00
新北市,New Taipei City,YouBike2.0_公八停車場,鶯歌區,國華路53號(對面),YouBike2.0_Public 8th Parking Lot,Yingge Dist,"No.53, Guohua Rd. (opposite)",500234037,15,8,20260818T233004,24.95515,121.34285,7,1,6,2,2026-08-19T03:38:23+08:00
新北市,New Taipei City,YouBike2.0_龍三鳳鳴路口,鶯歌區,鳳鳴路541號,YouBike2.0_Long 3rd. Rd. & Fengming Rd. Intersection,Yingge Dist,"No. 541, Fengming Rd.",500234038,18,7,20260819T014903,24.97286,121.33137,11,1,7,0,2026-08-19T03:38:23+08:00
新北市,New Taipei City,YouBike2.0_鳳福鳳三路口,鶯歌區,鳳三路360號,YouBike2.0_Fengfu Rd. & Feng 3rd. Rd. Intersection,Yingge Dist,"No. 360, Feng 3rd Rd.",500234039,22,7,20260819T031302,24.97567,121.33143,15,1,7,0,2026-08-19T03:38:23+08:00
新北市,New Taipei City,YouBike2.0_北鶯公園,鶯歌區,成功街20巷19號(旁),YouBike2.0_Beiying Park,Yingge Dist,"No. 19, Ln. 20, Chenggong St. (Side)",500234040,15,8,20260819T010102,24.95777,121.35942,6,1,7,1,2026-08-19T03:38:23+08:00
新北市,New Taipei City,YouBike2.0_鶯歌火車站(文化路),鶯歌區,文化路/文化路115巷(北側),YouBike2.0_Yingge Station (Wenhua Rd.),Yingge Dist,"Ln. 115, Wenhua Rd. Intersection (North)",500234041,25,18,20260819T000304,24.95536,121.35697,7,1,17,1,2026-08-19T03:38:23+08:00
新北市,New Taipei City,YouBike2.0_鳳七鶯歌路口,鶯歌區,鶯歌路101-107號(旁),YouBike2.0_Feng 7th Rd. & Yingge Rd. Intersection,Yingge Dist,"No. 101-107, Yingge Rd. (Side)",500234042,11,3,20260819T001103,24.96916,121.33193,7,1,3,0,2026-08-19T03:38:23+08:00
新北市,New Taipei City,YouBike2.0_國際一路112巷口,鶯歌區,國際一路167號(前),"YouBike2.0_Ln. 112, GuoJi 1st Rd.",Yingge Dist,"No. 167, GuoJi 1st Rd. (Front)",500234043,15,11,20260819T021802,24.97667,121.33579,3,1,8,3,2026-08-19T03:38:23+08:00
新北市,New Taipei City,YouBike2.0_臺鐵鳳鳴站,鶯歌區,鳳一路/鶯歌路口,YouBike2.0_Fengming Station,Yingge Dist,Feng 1st Rd. & YingGe Rd.,500234044,40,0,20260817T173503,24.97227,121.33674,0,0,0,0,2026-08-19T03:38:23+08:00
新北市,New Taipei City,YouBike2.0_鶯歌陶瓷老街,鶯歌區,重慶街/國慶街(西南側),YouBike2.0_YingGe Old Street,Yingge Dist,ChongQing St. & GuoQing St. (Southwest),500234045,33,15,20260819T012804,24.95219,121.351,18,1,15,0,2026-08-19T03:38:23+08:00
新北市,New Taipei City,YouBike2.0_鶯歌火車站(仁愛路62號),鶯歌區,仁愛路62號(東側),"YouBike2.0_YingGe Station (No. 62, RenAi Rd.)",Yingge Dist,"No. 62, RenAi Rd. (East)",500234046,42,1,20260819T001504,24.95505,121.35407,40,1,0,1,2026-08-19T03:38:23+08:00
新北市,New Taipei City,YouBike2.0_臺鐵鳳鳴站(鶯歌路),鶯歌區,鶯歌路276號(對面),YouBike2.0_Fengming Station (YingGe Rd.),Yingge Dist,"No. 276, YingGe Rd. (Opposite)",500234047,20,2,20260819T005904,24.97189,121.33651,18,1,2,0,2026-08-19T03:38:23+08:00
新北市,New Taipei City,YouBike2.0_光明育智路口,鶯歌區,光明街126號(東南側),YouBike2.0_GuangMing St. & YuZhi Rd. Intersection,Yingge Dist,"No. 126, GuangMing St. (Southeast)",500234048,14,8,20260818T234616,24.95587,121.3456,6,1,8,0,2026-08-19T03:38:23+08:00
新北市,New Taipei City,YouBike2.0_新鳳公園,鶯歌區,鶯桃路二段60號(對側),YouBike2.0_XinFeng Park,Yingge Dist,"No. 60, Sec. 2, YingTao Rd. (Opposite)",500234049,14,10,20260819T001603,24.9732,121.32474,4,1,10,0,2026-08-19T03:38:23+08:00
新北市,New Taipei City,YouBike2.0_鳳鳴機器人公園,鶯歌區,鳳鳴路/福安街7巷24弄口,YouBike2.0_FengMing Robot Park,Yingge Dist,"FengMing Rd. & Aly. 24, Ln. 7, FuAn St.",500234050,17,11,20260819T004303,24.96618,121.33465,6,1,6,5,2026-08-19T03:38:23+08:00
新北市,New Taipei City,YouBike2.0_龍五鳳七路口,鶯歌區,龍五路/鳳七路口,YouBike2.0_Long 5th Rd. & Feng 7th Rd. Intersection,Yingge Dist,Long 5th Rd. & Feng 7th Rd. Intersection,500234051,30,8,20260818T235004,24.97043,121.33101,22,1,8,0,2026-08-19T03:38:23+08:00
新北市,New Taipei City,YouBike2.0_龍鳳夜市,鶯歌區,鳳三路/龍三路(東南側),YouBike2.0_LongFeng Night Market,Yingge Dist,Feng 3rd Rd. & Long 3rd Rd. (Southeast),500234052,30,10,20260819T000902,24.97329,121.33331,20,1,10,0,2026-08-19T03:38:23+08:00
新北市,New Taipei City,YouBike2.0_中湖市民活動中心,鶯歌區,中湖街21號,YouBike2.0_Zhonghu Civic Activity Center,Yingge Dist,"No. 21, ZhongHu St.",500234053,20,3,20260819T010102,24.97298,121.3472,16,1,2,1,2026-08-19T03:38:23+08:00
新北市,New Taipei City,YouBike2.0_鳳一鳳吉一街口,鶯歌區,鳳吉一街259號(旁),YouBike2.0_Feng 1st Rd. & FengJi 1st St. Intersection,Yingge Dist,"No. 259, FengJi 1st St. (Side)",500234054,20,5,20260819T015302,24.97677,121.3317,14,1,5,0,2026-08-19T03:38:23+08:00
新北市,New Taipei City,YouBike2.0_鳳五路122號前,鶯歌區,鳳五路122號前,"YouBike2.0_No. 122, Feng 5th Rd.",Yingge Dist,"No. 122, Feng 5th Rd. (Front)",500234055,18,12,20260819T005117,24.97316,121.32991,6,1,10,2,2026-08-19T03:38:23+08:00
新北市,New Taipei City,YouBike2.0_建國永昌街口,鶯歌區,建國路546號(對面),YouBike2.0_JianGuo Rd. & YongChang St. Intersection,Yingge Dist,"No. 546, JianGuo Rd. (Opposite)",500234056,17,3,20260818T181003,24.95031,121.33831,14,1,3,0,2026-08-19T03:38:23+08:00
新北市,New Taipei City,YouBike2.0_捷運鶯歌車站,鶯歌區,館前路300號(對側),YouBike2.0_MRT Yingge Sta.,Yingge Dist,"No. 300, GuanQian Rd. (Opposite)",500234057,34,7,20260818T231802,24.95322,121.35668,26,1,7,0,2026-08-19T03:38:23+08:00
新北市,New Taipei City,YouBike2.0_鳳三龍七路口,鶯歌區,鳳三路68號,YouBike2.0_Feng 3rd Rd. & Long 7th Rd. Intersection,Yingge Dist,"No. 68, Feng 3rd Rd.",500234058,18,4,20260819T000902,24.97204,121.33467,13,1,4,0,2026-08-19T03:38:23+08:00
新北市,New Taipei City,YouBike2.0_捷運國華站,鶯歌區,國華路45號(對側),YouBike2.0_MRT Guohua Sta.,Yingge Dist,"No. 45, GuoHua Rd. (Opposite)",500234059,24,10,20260818T231302,24.95535,121.34251,14,1,10,0,2026-08-19T03:38:23+08:00
新北市,New Taipei City,YouBike2.0_捷運陶瓷老街站,鶯歌區,捷運陶瓷老街站(重慶街側),YouBike2.0_MRT Ceramics Old Street Sta.,Yingge Dist,MRT Ceramics Old Street Sta. (ChongQing St.),500234060,36,22,20260818T212403,24.95212,121.35065,14,1,22,0,2026-08-19T03:38:23+08:00
新北市,New Taipei City,YouBike2.0_捷運永吉公園站,鶯歌區,鶯桃路296巷口,YouBike2.0_MRT Yongji Park Sta.,Yingge Dist,"Ln. 296, YingTao Rd. Intersection",500234061,47,15,20260819T002704,24.96048,121.33476,31,1,11,4,2026-08-19T03:38:23+08:00
新北市,New Taipei City,YouBike2.0_捷運鶯桃福德站,鶯歌區,福德一路20號(對側),YouBike2.0_MRT Yingtao Fude Sta.,Yingge Dist,"No. 20, FuDe 1st Rd. (Opposite)",500234062,75,16,20260818T235202,24.96704,121.33044,59,1,16,0,2026-08-19T03:38:23+08:00
新北市,New Taipei City,YouBike2.0_捷運國華站(2號出口),鶯歌區,國華路97號(對側),YouBike2.0_MRT Guohua Sta.(Exit 2),Yingge Dist,"No. 97, GuoHua Rd. (Opposite)",500234063,60,18,20260819T000803,24.95374,121.34301,42,1,17,1,2026-08-19T03:38:23+08:00
新北市,New Taipei City,YouBike2.0_鶯歌山水步道停車場,鶯歌區,觀景涼亭停車場,YouBike2.0_YingGe Riverside Trail Car Park,Yingge Dist,YingGe Riverside Trail Car Park,500234064,24,6,20260818T192804,24.93205,121.32825,18,1,6,0,2026-08-19T03:38:23+08:00
新北市,New Taipei City,YouBike2.0_鶯歌環河自行車道,鶯歌區,環河路/甲三街(南側自行車道),YouBike2.0_YingGe Riverside Cycling Route,Yingge Dist,Huanhe Rd. & Jia 3rd St. (South),500234065,20,13,20260818T223504,24.92967,121.33837,7,1,13,0,2026-08-19T03:38:23+08:00
新北市,New Taipei City,YouBike2.0_鶯歌火車站(仁愛路),鶯歌區,仁愛路55號對側,YouBike2.0_Yingge Railway Station(Ren’ai Rd.),Yingge Dist,"No.55, Ren’ai Rd., Yingge Dist.(opposite)",500234001,69,1,20260819T001018,24.95559,121.35441,67,1,1,0,2026-08-19T03:55:36+08:00
新北市,New Taipei City,YouBike2.0_新北市立圖書館鶯歌分館,鶯歌區,中山路150號,YouBike2.0_New Taipei City Library Yingge Branch,Yingge Dist,"No.150, Zhongshan Rd.",500234002,20,16,20260819T001902,24.9572,121.34946,3,1,14,2,2026-08-19T03:55:36+08:00
新北市,New Taipei City,YouBike2.0_文化館前路口,鶯歌區,文化路407號旁,YouBike2.0_Yingge Ceramics Museum,Yingge Dist,"No. 407, Wenhua Rd.",500234003,44,18,20260819T014003,24.94948,121.35291,26,1,15,3,2026-08-19T03:55:36+08:00
新北市,New Taipei City,YouBike2.0_鶯歌國民運動中心,鶯歌區,館前路250號運動中心前,YouBike2.0_Yingge Civil Sports Center,Yingge Dist,"No.250, Guanqian Rd., Yingge Dist.",500234004,38,20,20260818T230903,24.95139,121.35733,18,1,20,0,2026-08-19T03:55:36+08:00
新北市,New Taipei City,YouBike2.0_尖山國中,鶯歌區,國中街1號,YouBike2.0_Municipal Jianshan Junior High School,Yingge Dist,"No.1, Guozhong St., Yingge Dist(sidewalk)",500234005,20,7,20260819T011504,24.94381,121.34207,13,1,7,0,2026-08-19T03:55:36+08:00
新北市,New Taipei City,YouBike2.0_新北市立鶯歌高級工商職業學校,鶯歌區,中正三路154號,YouBike2.0_New Taipei Municipal Yingge Vocational High School,Yingge Dist,"No. 154, Zhongzheng 3rd. Rd",500234006,56,7,20260819T001803,24.93923,121.33488,49,1,7,0,2026-08-19T03:55:36+08:00
新北市,New Taipei City,YouBike2.0_鶯歌國中,鶯歌區,鶯桃路39-5號對側,YouBike2.0_Yingge Junior High chool,Yingge Dist,"No.39-5, Yingtao Rd.(opposite)",500234007,30,5,20260818T223504,24.95119,121.34256,24,1,3,2,2026-08-19T03:55:36+08:00
新北市,New Taipei City,YouBike2.0_永吉國小,鶯歌區,德昌二街39號對側,YouBike2.0_Yongchi elementary school,Yingge Dist,"No.39, Dechang 2nd St., Yingge Dist.",500234008,20,5,20260818T233902,24.95865,121.33308,15,1,4,1,2026-08-19T03:55:36+08:00
新北市,New Taipei City,YouBike2.0_鳳祥公園,鶯歌區,鶯桃路365巷130號對側,YouBike2.0_Fengxiang Park,Yingge Dist,"No.130, Ln. 365, Yingtao Rd., Yingge Dist.",500234009,20,7,20260819T000003,24.96283,121.33025,13,1,7,0,2026-08-19T03:55:36+08:00
新北市,New Taipei City,YouBike2.0_鳳鳴國小,鶯歌區,永和街120號,YouBike2.0_Fengming Elementary School,Yingge Dist,"No.120, Yonghe St., Yingge Dist.",500234010,20,6,20260819T010602,24.9692,121.3347,14,1,6,0,2026-08-19T03:55:36+08:00
新北市,New Taipei City,YouBike2.0_國際二國際一路口,鶯歌區,國際二路與國際一路口,YouBike2.0_Guoji 2nd Guoji 1st Intersection,Yingge Dist,"Guoji 2nd Rd./Guoji 1st Rd., Yingge Dist.",500234011,20,10,20260819T003402,24.97577,121.3353,10,1,9,1,2026-08-19T03:55:36+08:00
新北市,New Taipei City,YouBike2.0_鳳福公園,鶯歌區,鳳吉一街186號(對面),YouBike2.0_Fengfu Park,Yingge Dist,"No. 186, Fengji 1st St., Yingge Dist.(opposite)",500234012,20,7,20260818T235902,24.97572,121.32938,13,1,5,2,2026-08-19T03:55:36+08:00
新北市,New Taipei City,YouBike2.0_尖山公園,鶯歌區,鶯歌區尖山路161號對面,YouBike2.0_Jianshan Park,Yingge Dist,"No.161, Jianshan Rd.(opposite)",500234013,29,19,20260819T004903,24.9482,121.346,10,1,19,0,2026-08-19T03:55:36+08:00
新北市,New Taipei City,YouBike2.0_永昌里兒一公園,鶯歌區,鶯桃路182巷96弄36-38號對側,YouBike2.0_Yongchang Village Children Park (No.1),Yingge Dist,"No.36-38, Aly. 96, Ln. 182, Yingtao Rd.(oppsite)",500234014,20,11,20260818T215703,24.956649374562204,121.33959628800724,9,1,8,3,2026-08-19T03:55:36+08:00
新北市,New Taipei City,YouBike2.0_南雅育智路口,鶯歌區,南雅路491號(對面),YouBike2.0_Nanya & Yuzhi Rd. Intersection,Yingge Dist,"No.491, Nanya Rd., Yingge Dist.(opposite)",500234015,22,11,20260818T232703,24.954,121.346,11,1,11,0,2026-08-19T03:55:36+08:00
新北市,New Taipei City,YouBike2.0_國中二甲路口,鶯歌區,國中街175號(前),YouBike2.0_Guozhong & Erjia Intersection,Yingge Dist,"No. 175, Guozhong St., Yingge Dist.",500234016,20,14,20260818T235702,24.939489067109363,121.33868650698288,6,1,9,5,2026-08-19T03:55:36+08:00
新北市,New Taipei City,YouBike2.0_鶯歌永利街,鶯歌區,永利街16號(對面),YouBike2.0_Yingge Yongli St.,Yingge Dist,"No. 16, Yongli St. Yingge Dist.",500234017,15,11,20260818T232903,24.95495,121.33911,3,1,11,0,2026-08-19T03:55:36+08:00
新北市,New Taipei City,YouBike2.0_二橋虹橋公園,鶯歌區,中正三路400號(對面),YouBike2.0_Erqiaoshiguanghongqiao Park,Yingge Dist,"No. 400, Zhongzheng 3rd Rd.(Opposite)",500234018,10,4,20260818T223004,24.93453,121.32595,6,1,4,0,2026-08-19T03:55:36+08:00
新北市,New Taipei City,YouBike2.0_鳳吉四鳳七路口(捷士匯社區),鶯歌區,鳳吉四街57-75號(旁),YouBike2.0_Fengji 4th & Feng 7th Rd. Intersection,Yingge Dist,"No. 57-75, Fengji 4th St.",500234021,40,19,20260818T235102,24.97383,121.32769,21,1,18,1,2026-08-19T03:55:36+08:00
新北市,New Taipei City,YouBike2.0_鶯歌老街第二停車場,鶯歌區,尖山埔路27-31號(對面),YouBike2.0_Yingge Old Street 2nd Parking Lot,Yingge Dist,"No. 27-31, Jianshanpu Rd.(Opposite)",500234022,20,12,20260818T214403,24.94895,121.34227,8,1,11,1,2026-08-19T03:55:36+08:00
新北市,New Taipei City,YouBike2.0_建國中正一路口(北鶯社區),鶯歌區,建國路6號(對面空地),YouBike2.0_Jianguo Zhongzheng 1st Rd. Intersection,Yingge Dist,"No. 6, Jianguo Rd.(Opposite)",500234023,20,10,20260819T001504,24.95658,121.35692,10,1,10,0,2026-08-19T03:55:36+08:00
新北市,New Taipei City,YouBike2.0_三鶯水資源回收中心,鶯歌區,館前路360號(旁),YouBike2.0_Sanying Water Recycling Center,Yingge Dist,"No. 360, Guanqian Rd.",500234024,14,11,20260818T222404,24.95535,121.35996,3,1,7,4,2026-08-19T03:55:36+08:00
新北市,New Taipei City,YouBike2.0_永和街65巷口,鶯歌區,永和街75號,"YouBike2.0_Ln. 65, Yonghe St. Intersection",Yingge Dist,"No. 75, Yonghe St.",500234025,37,17,20260819T014702,24.96798,121.3331413,20,1,13,4,2026-08-19T03:55:36+08:00
新北市,New Taipei City,YouBike2.0_鶯歌陶瓷博物館,鶯歌區,文化路200號(旁),YouBike2.0_Yingge Ceramics Museum(Wenhua Rd.),Yingge Dist,"No. 200, Wenhua Rd.",500234026,22,16,20260819T002704,24.95012,121.35245,5,1,14,2,2026-08-19T03:55:36+08:00
新北市,New Taipei City,YouBike2.0_礫間停車場,鶯歌區,礫間停車場,YouBike2.0_Lijian Parking,Yingge Dist,Lijian Parking,500234028,20,2,20260818T221504,24.9518,121.35445,18,1,1,1,2026-08-19T03:55:36+08:00
新北市,New Taipei City,YouBike2.0_北鶯停車場,鶯歌區,北鶯停車場,YouBike2.0_Beiying Parking,Yingge Dist,Beiying Parking,500234029,20,9,20260818T223102,24.95567,121.35992,11,1,9,0,2026-08-19T03:55:36+08:00
新北市,New Taipei City,YouBike2.0_育英建國路口,鶯歌區,建國路280號(旁),YouBike2.0_Yuying Jianguo Rd. Intersection,Yingge Dist,"No. 280, Jianguo Rd.",500234030,12,3,20260818T235303,24.95356,121.34693,9,1,3,0,2026-08-19T03:55:36+08:00
新北市,New Taipei City,YouBike2.0_中正一仁愛路口,鶯歌區,中正一路181號(對面),YouBike2.0_Zhongzheng 1st & Ren'ai Rd Intersection,Yingge Dist,"No. 181, Zhongzheng 1st Rd.(Opposite)",500234031,15,6,20260818T233503,24.95672,121.3532,9,1,3,3,2026-08-19T03:55:36+08:00
新北市,New Taipei City,YouBike2.0_建國國小,鶯歌區,育英街19號(旁),YouBike2.0_Jianguo Elementary School,Yingge Dist,"No. 19, Yuying St.",500234032,15,9,20260818T224303,24.95521,121.34727,6,1,9,0,2026-08-19T03:55:36+08:00
新北市,New Taipei City,YouBike2.0_光明橋,鶯歌區,永明街78號(旁),YouBike2.0_Guang-ming bridge,Yingge Dist,"No. 78, Yongming St., Yingge Dist.(side)",500234033,14,10,20260818T214904,24.95577,121.34128,4,1,9,1,2026-08-19T03:55:36+08:00
新北市,New Taipei City,YouBike2.0_二橋派出所,鶯歌區,高職西街/中正三路口(西北側),YouBike2.0_Erqiao Police Station,Yingge Dist,"Gaozhi W. St. & Zhongzheng 3rd Rd., Yingge Dist. (west side)",500234034,11,5,20260819T005303,24.94216,121.33884,6,1,5,0,2026-08-19T03:55:36+08:00
新北市,New Taipei City,YouBike2.0_國中高職東街口,鶯歌區,國中路113至117-3號(對面),YouBike2.0_Guozhong & Gaozhi E. Intersection,Yingge Dist,"No. 113, Guozhong St., Yingge Dist.(opposite)",500234035,15,4,20260819T025902,24.94117,121.34116,10,1,3,1,2026-08-19T03:55:36+08:00
新北市,New Taipei City,YouBike2.0_尖山路高厝巷口,鶯歌區,尖山路276-5號(旁),YouBike2.0_Gaocuo Ln. Jianshan Rd.,Yingge Dist,"No. 276-5, Jianshan Rd. (Side)",500234036,15,6,20260818T234903,24.94495,121.34102,8,1,6,0,2026-08-19T03:55:36+08:00
新北市,New Taipei City,YouBike2.0_公八停車場,鶯歌區,國華路53號(對面),YouBike2.0_Public 8th Parking Lot,Yingge Dist,"No.53, Guohua Rd. (opposite)",500234037,15,8,20260818T233004,24.95515,121.34285,7,1,6,2,2026-08-19T03:55:36+08:00
新北市,New Taipei City,YouBike2.0_龍三鳳鳴路口,鶯歌區,鳳鳴路541號,YouBike2.0_Long 3rd. Rd. & Fengming Rd. Intersection,Yingge Dist,"No. 541, Fengming Rd.",500234038,18,7,20260819T014903,24.97286,121.33137,11,1,7,0,2026-08-19T03:55:36+08:00
新北市,New Taipei City,YouBike2.0_鳳福鳳三路口,鶯歌區,鳳三路360號,YouBike2.0_Fengfu Rd. & Feng 3rd. Rd. Intersection,Yingge Dist,"No. 360, Feng 3rd Rd.",500234039,22,8,20260819T034202,24.97567,121.33143,14,1,8,0,2026-08-19T03:55:36+08:00
新北市,New Taipei City,YouBike2.0_北鶯公園,鶯歌區,成功街20巷19號(旁),YouBike2.0_Beiying Park,Yingge Dist,"No. 19, Ln. 20, Chenggong St. (Side)",500234040,15,8,20260819T010102,24.95777,121.35942,6,1,7,1,2026-08-19T03:55:36+08:00
新北市,New Taipei City,YouBike2.0_鶯歌火車站(文化路),鶯歌區,文化路/文化路115巷(北側),YouBike2.0_Yingge Station (Wenhua Rd.),Yingge Dist,"Ln. 115, Wenhua Rd. Intersection (North)",500234041,25,18,20260819T000304,24.95536,121.35697,7,1,17,1,2026-08-19T03:55:36+08:00
新北市,New Taipei City,YouBike2.0_鳳七鶯歌路口,鶯歌區,鶯歌路101-107號(旁),YouBike2.0_Feng 7th Rd. & Yingge Rd. Intersection,Yingge Dist,"No. 101-107, Yingge Rd. (Side)",500234042,11,3,20260819T001103,24.96916,121.33193,7,1,3,0,2026-08-19T03:55:36+08:00
新北市,New Taipei City,YouBike2.0_國際一路112巷口,鶯歌區,國際一路167號(前),"YouBike2.0_Ln. 112, GuoJi 1st Rd.",Yingge Dist,"No. 167, GuoJi 1st Rd. (Front)",500234043,15,11,20260819T021802,24.97667,121.33579,3,1,8,3,2026-08-19T03:55:36+08:00
新北市,New Taipei City,YouBike2.0_臺鐵鳳鳴站,鶯歌區,鳳一路/鶯歌路口,YouBike2.0_Fengming Station,Yingge Dist,Feng 1st Rd. & YingGe Rd.,500234044,40,0,20260817T173503,24.97227,121.33674,0,0,0,0,2026-08-19T03:55:36+08:00
新北市,New Taipei City,YouBike2.0_鶯歌陶瓷老街,鶯歌區,重慶街/國慶街(西南側),YouBike2.0_YingGe Old Street,Yingge Dist,ChongQing St. & GuoQing St. (Southwest),500234045,33,15,20260819T012804,24.95219,121.351,18,1,15,0,2026-08-19T03:55:36+08:00
新北市,New Taipei City,YouBike2.0_鶯歌火車站(仁愛路62號),鶯歌區,仁愛路62號(東側),"YouBike2.0_YingGe Station (No. 62, RenAi Rd.)",Yingge Dist,"No. 62, RenAi Rd. (East)",500234046,42,1,20260819T001504,24.95505,121.35407,40,1,0,1,2026-08-19T03:55:36+08:00
新北市,New Taipei City,YouBike2.0_臺鐵鳳鳴站(鶯歌路),鶯歌區,鶯歌路276號(對面),YouBike2.0_Fengming Station (YingGe Rd.),Yingge Dist,"No. 276, YingGe Rd. (Opposite)",500234047,20,2,20260819T005904,24.97189,121.33651,18,1,2,0,2026-08-19T03:55:36+08:00
新北市,New Taipei City,YouBike2.0_光明育智路口,鶯歌區,光明街126號(東南側),YouBike2.0_GuangMing St. & YuZhi Rd. Intersection,Yingge Dist,"No. 126, GuangMing St. (Southeast)",500234048,14,8,20260818T234616,24.95587,121.3456,6,1,8,0,2026-08-19T03:55:36+08:00
新北市,New Taipei City,YouBike2.0_新鳳公園,鶯歌區,鶯桃路二段60號(對側),YouBike2.0_XinFeng Park,Yingge Dist,"No. 60, Sec. 2, YingTao Rd. (Opposite)",500234049,14,10,20260819T001603,24.9732,121.32474,4,1,10,0,2026-08-19T03:55:36+08:00
新北市,New Taipei City,YouBike2.0_鳳鳴機器人公園,鶯歌區,鳳鳴路/福安街7巷24弄口,YouBike2.0_FengMing Robot Park,Yingge Dist,"FengMing Rd. & Aly. 24, Ln. 7, FuAn St.",500234050,17,11,20260819T004303,24.96618,121.33465,6,1,6,5,2026-08-19T03:55:36+08:00
新北市,New Taipei City,YouBike2.0_龍五鳳七路口,鶯歌區,龍五路/鳳七路口,YouBike2.0_Long 5th Rd. & Feng 7th Rd. Intersection,Yingge Dist,Long 5th Rd. & Feng 7th Rd. Intersection,500234051,30,8,20260818T235004,24.97043,121.33101,22,1,8,0,2026-08-19T03:55:36+08:00
新北市,New Taipei City,YouBike2.0_龍鳳夜市,鶯歌區,鳳三路/龍三路(東南側),YouBike2.0_LongFeng Night Market,Yingge Dist,Feng 3rd Rd. & Long 3rd Rd. (Southeast),500234052,30,10,20260819T000902,24.97329,121.33331,20,1,10,0,2026-08-19T03:55:36+08:00
新北市,New Taipei City,YouBike2.0_中湖市民活動中心,鶯歌區,中湖街21號,YouBike2.0_Zhonghu Civic Activity Center,Yingge Dist,"No. 21, ZhongHu St.",500234053,20,3,20260819T010102,24.97298,121.3472,16,1,2,1,2026-08-19T03:55:36+08:00
新北市,New Taipei City,YouBike2.0_鳳一鳳吉一街口,鶯歌區,鳳吉一街259號(旁),YouBike2.0_Feng 1st Rd. & FengJi 1st St. Intersection,Yingge Dist,"No. 259, FengJi 1st St. (Side)",500234054,20,5,20260819T015302,24.97677,121.3317,14,1,5,0,2026-08-19T03:55:36+08:00
新北市,New Taipei City,YouBike2.0_鳳五路122號前,鶯歌區,鳳五路122號前,"YouBike2.0_No. 122, Feng 5th Rd.",Yingge Dist,"No. 122, Feng 5th Rd. (Front)",500234055,18,12,20260819T005117,24.97316,121.32991,6,1,10,2,2026-08-19T03:55:36+08:00
新北市,New Taipei City,YouBike2.0_建國永昌街口,鶯歌區,建國路546號(對面),YouBike2.0_JianGuo Rd. & YongChang St. Intersection,Yingge Dist,"No. 546, JianGuo Rd. (Opposite)",500234056,17,3,20260818T181003,24.95031,121.33831,14,1,3,0,2026-08-19T03:55:36+08:00
新北市,New Taipei City,YouBike2.0_捷運鶯歌車站,鶯歌區,館前路300號(對側),YouBike2.0_MRT Yingge Sta.,Yingge Dist,"No. 300, GuanQian Rd. (Opposite)",500234057,34,7,20260818T231802,24.95322,121.35668,26,1,7,0,2026-08-19T03:55:36+08:00
新北市,New Taipei City,YouBike2.0_鳳三龍七路口,鶯歌區,鳳三路68號,YouBike2.0_Feng 3rd Rd. & Long 7th Rd. Intersection,Yingge Dist,"No. 68, Feng 3rd Rd.",500234058,18,4,20260819T000902,24.97204,121.33467,13,1,4,0,2026-08-19T03:55:36+08:00
新北市,New Taipei City,YouBike2.0_捷運國華站,鶯歌區,國華路45號(對側),YouBike2.0_MRT Guohua Sta.,Yingge Dist,"No. 45, GuoHua Rd. (Opposite)",500234059,24,10,20260818T231302,24.95535,121.34251,14,1,10,0,2026-08-19T03:55:36+08:00
新北市,New Taipei City,YouBike2.0_捷運陶瓷老街站,鶯歌區,捷運陶瓷老街站(重慶街側),YouBike2.0_MRT Ceramics Old Street Sta.,Yingge Dist,MRT Ceramics Old Street Sta. (ChongQing St.),500234060,36,22,20260818T212403,24.95212,121.35065,14,1,22,0,2026-08-19T03:55:36+08:00
新北市,New Taipei City,YouBike2.0_捷運永吉公園站,鶯歌區,鶯桃路296巷口,YouBike2.0_MRT Yongji Park Sta.,Yingge Dist,"Ln. 296, YingTao Rd. Intersection",500234061,47,15,20260819T002704,24.96048,121.33476,31,1,11,4,2026-08-19T03:55:36+08:00
新北市,New Taipei City,YouBike2.0_捷運鶯桃福德站,鶯歌區,福德一路20號(對側),YouBike2.0_MRT Yingtao Fude Sta.,Yingge Dist,"No. 20, FuDe 1st Rd. (Opposite)",500234062,75,16,20260818T235202,24.96704,121.33044,59,1,16,0,2026-08-19T03:55:36+08:00
新北市,New Taipei City,YouBike2.0_捷運國華站(2號出口),鶯歌區,國華路97號(對側),YouBike2.0_MRT Guohua Sta.(Exit 2),Yingge Dist,"No. 97, GuoHua Rd. (Opposite)",500234063,60,18,20260819T000803,24.95374,121.34301,42,1,17,1,2026-08-19T03:55:36+08:00
新北市,New Taipei City,YouBike2.0_鶯歌山水步道停車場,鶯歌區,觀景涼亭停車場,YouBike2.0_YingGe Riverside Trail Car Park,Yingge Dist,YingGe Riverside Trail Car Park,500234064,24,6,20260818T192804,24.93205,121.32825,18,1,6,0,2026-08-19T03:55:36+08:00
新北市,New Taipei City,YouBike2.0_鶯歌環河自行車道,鶯歌區,環河路/甲三街(南側自行車道),YouBike2.0_YingGe Riverside Cycling Route,Yingge Dist,Huanhe Rd. & Jia 3rd St. (South),500234065,20,13,20260818T223504,24.92967,121.33837,7,1,13,0,2026-08-19T03:55:36+08:00
新北市,New Taipei City,YouBike2.0_鶯歌火車站(仁愛路),鶯歌區,仁愛路55號對側,YouBike2.0_Yingge Railway Station(Ren’ai Rd.),Yingge Dist,"No.55, Ren’ai Rd., Yingge Dist.(opposite)",500234001,69,1,20260819T001018,24.95559,121.35441,67,1,1,0,2026-08-19T04:14:39+08:00
新北市,New Taipei City,YouBike2.0_新北市立圖書館鶯歌分館,鶯歌區,中山路150號,YouBike2.0_New Taipei City Library Yingge Branch,Yingge Dist,"No.150, Zhongshan Rd.",500234002,20,16,20260819T001902,24.9572,121.34946,3,1,14,2,2026-08-19T04:14:39+08:00
新北市,New Taipei City,YouBike2.0_文化館前路口,鶯歌區,文化路407號旁,YouBike2.0_Yingge Ceramics Museum,Yingge Dist,"No. 407, Wenhua Rd.",500234003,44,18,20260819T014003,24.94948,121.35291,26,1,15,3,2026-08-19T04:14:39+08:00
新北市,New Taipei City,YouBike2.0_鶯歌國民運動中心,鶯歌區,館前路250號運動中心前,YouBike2.0_Yingge Civil Sports Center,Yingge Dist,"No.250, Guanqian Rd., Yingge Dist.",500234004,38,20,20260818T230903,24.95139,121.35733,18,1,20,0,2026-08-19T04:14:39+08:00
新北市,New Taipei City,YouBike2.0_尖山國中,鶯歌區,國中街1號,YouBike2.0_Municipal Jianshan Junior High School,Yingge Dist,"No.1, Guozhong St., Yingge Dist(sidewalk)",500234005,20,7,20260819T011504,24.94381,121.34207,13,1,7,0,2026-08-19T04:14:39+08:00
新北市,New Taipei City,YouBike2.0_新北市立鶯歌高級工商職業學校,鶯歌區,中正三路154號,YouBike2.0_New Taipei Municipal Yingge Vocational High School,Yingge Dist,"No. 154, Zhongzheng 3rd. Rd",500234006,56,7,20260819T001803,24.93923,121.33488,49,1,7,0,2026-08-19T04:14:39+08:00
新北市,New Taipei City,YouBike2.0_鶯歌國中,鶯歌區,鶯桃路39-5號對側,YouBike2.0_Yingge Junior High chool,Yingge Dist,"No.39-5, Yingtao Rd.(opposite)",500234007,30,5,20260818T223504,24.95119,121.34256,24,1,3,2,2026-08-19T04:14:39+08:00
新北市,New Taipei City,YouBike2.0_永吉國小,鶯歌區,德昌二街39號對側,YouBike2.0_Yongchi elementary school,Yingge Dist,"No.39, Dechang 2nd St., Yingge Dist.",500234008,20,5,20260818T233902,24.95865,121.33308,15,1,4,1,2026-08-19T04:14:39+08:00
新北市,New Taipei City,YouBike2.0_鳳祥公園,鶯歌區,鶯桃路365巷130號對側,YouBike2.0_Fengxiang Park,Yingge Dist,"No.130, Ln. 365, Yingtao Rd., Yingge Dist.",500234009,20,7,20260819T000003,24.96283,121.33025,13,1,7,0,2026-08-19T04:14:39+08:00
新北市,New Taipei City,YouBike2.0_鳳鳴國小,鶯歌區,永和街120號,YouBike2.0_Fengming Elementary School,Yingge Dist,"No.120, Yonghe St., Yingge Dist.",500234010,20,6,20260819T010602,24.9692,121.3347,14,1,6,0,2026-08-19T04:14:39+08:00
新北市,New Taipei City,YouBike2.0_國際二國際一路口,鶯歌區,國際二路與國際一路口,YouBike2.0_Guoji 2nd Guoji 1st Intersection,Yingge Dist,"Guoji 2nd Rd./Guoji 1st Rd., Yingge Dist.",500234011,20,10,20260819T003402,24.97577,121.3353,10,1,9,1,2026-08-19T04:14:39+08:00
新北市,New Taipei City,YouBike2.0_鳳福公園,鶯歌區,鳳吉一街186號(對面),YouBike2.0_Fengfu Park,Yingge Dist,"No. 186, Fengji 1st St., Yingge Dist.(opposite)",500234012,20,7,20260818T235902,24.97572,121.32938,13,1,5,2,2026-08-19T04:14:39+08:00
新北市,New Taipei City,YouBike2.0_尖山公園,鶯歌區,鶯歌區尖山路161號對面,YouBike2.0_Jianshan Park,Yingge Dist,"No.161, Jianshan Rd.(opposite)",500234013,29,19,20260819T004903,24.9482,121.346,10,1,19,0,2026-08-19T04:14:39+08:00
新北市,New Taipei City,YouBike2.0_永昌里兒一公園,鶯歌區,鶯桃路182巷96弄36-38號對側,YouBike2.0_Yongchang Village Children Park (No.1),Yingge Dist,"No.36-38, Aly. 96, Ln. 182, Yingtao Rd.(oppsite)",500234014,20,11,20260818T215703,24.956649374562204,121.33959628800724,9,1,8,3,2026-08-19T04:14:39+08:00
新北市,New Taipei City,YouBike2.0_南雅育智路口,鶯歌區,南雅路491號(對面),YouBike2.0_Nanya & Yuzhi Rd. Intersection,Yingge Dist,"No.491, Nanya Rd., Yingge Dist.(opposite)",500234015,22,11,20260818T232703,24.954,121.346,11,1,11,0,2026-08-19T04:14:39+08:00
新北市,New Taipei City,YouBike2.0_國中二甲路口,鶯歌區,國中街175號(前),YouBike2.0_Guozhong & Erjia Intersection,Yingge Dist,"No. 175, Guozhong St., Yingge Dist.",500234016,20,14,20260818T235702,24.939489067109363,121.33868650698288,6,1,9,5,2026-08-19T04:14:39+08:00
新北市,New Taipei City,YouBike2.0_鶯歌永利街,鶯歌區,永利街16號(對面),YouBike2.0_Yingge Yongli St.,Yingge Dist,"No. 16, Yongli St. Yingge Dist.",500234017,15,11,20260818T232903,24.95495,121.33911,3,1,11,0,2026-08-19T04:14:39+08:00
新北市,New Taipei City,YouBike2.0_二橋虹橋公園,鶯歌區,中正三路400號(對面),YouBike2.0_Erqiaoshiguanghongqiao Park,Yingge Dist,"No. 400, Zhongzheng 3rd Rd.(Opposite)",500234018,10,4,20260818T223004,24.93453,121.32595,6,1,4,0,2026-08-19T04:14:39+08:00
新北市,New Taipei City,YouBike2.0_鳳吉四鳳七路口(捷士匯社區),鶯歌區,鳳吉四街57-75號(旁),YouBike2.0_Fengji 4th & Feng 7th Rd. Intersection,Yingge Dist,"No. 57-75, Fengji 4th St.",500234021,40,19,20260818T235102,24.97383,121.32769,21,1,18,1,2026-08-19T04:14:39+08:00
新北市,New Taipei City,YouBike2.0_鶯歌老街第二停車場,鶯歌區,尖山埔路27-31號(對面),YouBike2.0_Yingge Old Street 2nd Parking Lot,Yingge Dist,"No. 27-31, Jianshanpu Rd.(Opposite)",500234022,20,12,20260818T214403,24.94895,121.34227,8,1,11,1,2026-08-19T04:14:39+08:00
新北市,New Taipei City,YouBike2.0_建國中正一路口(北鶯社區),鶯歌區,建國路6號(對面空地),YouBike2.0_Jianguo Zhongzheng 1st Rd. Intersection,Yingge Dist,"No. 6, Jianguo Rd.(Opposite)",500234023,20,10,20260819T001504,24.95658,121.35692,10,1,10,0,2026-08-19T04:14:39+08:00
新北市,New Taipei City,YouBike2.0_三鶯水資源回收中心,鶯歌區,館前路360號(旁),YouBike2.0_Sanying Water Recycling Center,Yingge Dist,"No. 360, Guanqian Rd.",500234024,14,11,20260818T222404,24.95535,121.35996,3,1,7,4,2026-08-19T04:14:39+08:00
新北市,New Taipei City,YouBike2.0_永和街65巷口,鶯歌區,永和街75號,"YouBike2.0_Ln. 65, Yonghe St. Intersection",Yingge Dist,"No. 75, Yonghe St.",500234025,37,17,20260819T014702,24.96798,121.3331413,20,1,13,4,2026-08-19T04:14:39+08:00
新北市,New Taipei City,YouBike2.0_鶯歌陶瓷博物館,鶯歌區,文化路200號(旁),YouBike2.0_Yingge Ceramics Museum(Wenhua Rd.),Yingge Dist,"No. 200, Wenhua Rd.",500234026,22,16,20260819T002704,24.95012,121.35245,5,1,14,2,2026-08-19T04:14:39+08:00
新北市,New Taipei City,YouBike2.0_礫間停車場,鶯歌區,礫間停車場,YouBike2.0_Lijian Parking,Yingge Dist,Lijian Parking,500234028,20,2,20260818T221504,24.9518,121.35445,18,1,1,1,2026-08-19T04:14:39+08:00
新北市,New Taipei City,YouBike2.0_北鶯停車場,鶯歌區,北鶯停車場,YouBike2.0_Beiying Parking,Yingge Dist,Beiying Parking,500234029,20,9,20260818T223102,24.95567,121.35992,11,1,9,0,2026-08-19T04:14:39+08:00
新北市,New Taipei City,YouBike2.0_育英建國路口,鶯歌區,建國路280號(旁),YouBike2.0_Yuying Jianguo Rd. Intersection,Yingge Dist,"No. 280, Jianguo Rd.",500234030,12,3,20260818T235303,24.95356,121.34693,9,1,3,0,2026-08-19T04:14:39+08:00
新北市,New Taipei City,YouBike2.0_中正一仁愛路口,鶯歌區,中正一路181號(對面),YouBike2.0_Zhongzheng 1st & Ren'ai Rd Intersection,Yingge Dist,"No. 181, Zhongzheng 1st Rd.(Opposite)",500234031,15,6,20260818T233503,24.95672,121.3532,9,1,3,3,2026-08-19T04:14:39+08:00
新北市,New Taipei City,YouBike2.0_建國國小,鶯歌區,育英街19號(旁),YouBike2.0_Jianguo Elementary School,Yingge Dist,"No. 19, Yuying St.",500234032,15,9,20260818T224303,24.95521,121.34727,6,1,9,0,2026-08-19T04:14:39+08:00
新北市,New Taipei City,YouBike2.0_光明橋,鶯歌區,永明街78號(旁),YouBike2.0_Guang-ming bridge,Yingge Dist,"No. 78, Yongming St., Yingge Dist.(side)",500234033,14,9,20260819T040102,24.95577,121.34128,5,1,9,0,2026-08-19T04:14:39+08:00
新北市,New Taipei City,YouBike2.0_二橋派出所,鶯歌區,高職西街/中正三路口(西北側),YouBike2.0_Erqiao Police Station,Yingge Dist,"Gaozhi W. St. & Zhongzheng 3rd Rd., Yingge Dist. (west side)",500234034,11,5,20260819T005303,24.94216,121.33884,6,1,5,0,2026-08-19T04:14:39+08:00
新北市,New Taipei City,YouBike2.0_國中高職東街口,鶯歌區,國中路113至117-3號(對面),YouBike2.0_Guozhong & Gaozhi E. Intersection,Yingge Dist,"No. 113, Guozhong St., Yingge Dist.(opposite)",500234035,15,4,20260819T025902,24.94117,121.34116,10,1,3,1,2026-08-19T04:14:39+08:00
新北市,New Taipei City,YouBike2.0_尖山路高厝巷口,鶯歌區,尖山路276-5號(旁),YouBike2.0_Gaocuo Ln. Jianshan Rd.,Yingge Dist,"No. 276-5, Jianshan Rd. (Side)",500234036,15,6,20260818T234903,24.94495,121.34102,8,1,6,0,2026-08-19T04:14:39+08:00
新北市,New Taipei City,YouBike2.0_公八停車場,鶯歌區,國華路53號(對面),YouBike2.0_Public 8th Parking Lot,Yingge Dist,"No.53, Guohua Rd. (opposite)",500234037,15,8,20260818T233004,24.95515,121.34285,7,1,6,2,2026-08-19T04:14:39+08:00
新北市,New Taipei City,YouBike2.0_龍三鳳鳴路口,鶯歌區,鳳鳴路541號,YouBike2.0_Long 3rd. Rd. & Fengming Rd. Intersection,Yingge Dist,"No. 541, Fengming Rd.",500234038,18,7,20260819T014903,24.97286,121.33137,11,1,7,0,2026-08-19T04:14:39+08:00
新北市,New Taipei City,YouBike2.0_鳳福鳳三路口,鶯歌區,鳳三路360號,YouBike2.0_Fengfu Rd. & Feng 3rd. Rd. Intersection,Yingge Dist,"No. 360, Feng 3rd Rd.",500234039,22,8,20260819T034202,24.97567,121.33143,14,1,8,0,2026-08-19T04:14:39+08:00
新北市,New Taipei City,YouBike2.0_北鶯公園,鶯歌區,成功街20巷19號(旁),YouBike2.0_Beiying Park,Yingge Dist,"No. 19, Ln. 20, Chenggong St. (Side)",500234040,15,7,20260819T035703,24.95777,121.35942,6,1,7,0,2026-08-19T04:14:39+08:00
新北市,New Taipei City,YouBike2.0_鶯歌火車站(文化路),鶯歌區,文化路/文化路115巷(北側),YouBike2.0_Yingge Station (Wenhua Rd.),Yingge Dist,"Ln. 115, Wenhua Rd. Intersection (North)",500234041,25,18,20260819T000304,24.95536,121.35697,7,1,17,1,2026-08-19T04:14:39+08:00
新北市,New Taipei City,YouBike2.0_鳳七鶯歌路口,鶯歌區,鶯歌路101-107號(旁),YouBike2.0_Feng 7th Rd. & Yingge Rd. Intersection,Yingge Dist,"No. 101-107, Yingge Rd. (Side)",500234042,11,3,20260819T001103,24.96916,121.33193,7,1,3,0,2026-08-19T04:14:39+08:00
新北市,New Taipei City,YouBike2.0_國際一路112巷口,鶯歌區,國際一路167號(前),"YouBike2.0_Ln. 112, GuoJi 1st Rd.",Yingge Dist,"No. 167, GuoJi 1st Rd. (Front)",500234043,15,11,20260819T021802,24.97667,121.33579,3,1,8,3,2026-08-19T04:14:39+08:00
新北市,New Taipei City,YouBike2.0_臺鐵鳳鳴站,鶯歌區,鳳一路/鶯歌路口,YouBike2.0_Fengming Station,Yingge Dist,Feng 1st Rd. & YingGe Rd.,500234044,40,0,20260817T173503,24.97227,121.33674,0,0,0,0,2026-08-19T04:14:39+08:00
新北市,New Taipei City,YouBike2.0_鶯歌陶瓷老街,鶯歌區,重慶街/國慶街(西南側),YouBike2.0_YingGe Old Street,Yingge Dist,ChongQing St. & GuoQing St. (Southwest),500234045,33,15,20260819T012804,24.95219,121.351,18,1,15,0,2026-08-19T04:14:39+08:00
新北市,New Taipei City,YouBike2.0_鶯歌火車站(仁愛路62號),鶯歌區,仁愛路62號(東側),"YouBike2.0_YingGe Station (No. 62, RenAi Rd.)",Yingge Dist,"No. 62, RenAi Rd. (East)",500234046,42,1,20260819T001504,24.95505,121.35407,40,1,0,1,2026-08-19T04:14:39+08:00
新北市,New Taipei City,YouBike2.0_臺鐵鳳鳴站(鶯歌路),鶯歌區,鶯歌路276號(對面),YouBike2.0_Fengming Station (YingGe Rd.),Yingge Dist,"No. 276, YingGe Rd. (Opposite)",500234047,20,2,20260819T005904,24.97189,121.33651,18,1,2,0,2026-08-19T04:14:39+08:00
新北市,New Taipei City,YouBike2.0_光明育智路口,鶯歌區,光明街126號(東南側),YouBike2.0_GuangMing St. & YuZhi Rd. Intersection,Yingge Dist,"No. 126, GuangMing St. (Southeast)",500234048,14,8,20260818T234616,24.95587,121.3456,6,1,8,0,2026-08-19T04:14:39+08:00
新北市,New Taipei City,YouBike2.0_新鳳公園,鶯歌區,鶯桃路二段60號(對側),YouBike2.0_XinFeng Park,Yingge Dist,"No. 60, Sec. 2, YingTao Rd. (Opposite)",500234049,14,10,20260819T001603,24.9732,121.32474,4,1,10,0,2026-08-19T04:14:39+08:00
新北市,New Taipei City,YouBike2.0_鳳鳴機器人公園,鶯歌區,鳳鳴路/福安街7巷24弄口,YouBike2.0_FengMing Robot Park,Yingge Dist,"FengMing Rd. & Aly. 24, Ln. 7, FuAn St.",500234050,17,11,20260819T004303,24.96618,121.33465,6,1,6,5,2026-08-19T04:14:39+08:00
新北市,New Taipei City,YouBike2.0_龍五鳳七路口,鶯歌區,龍五路/鳳七路口,YouBike2.0_Long 5th Rd. & Feng 7th Rd. Intersection,Yingge Dist,Long 5th Rd. & Feng 7th Rd. Intersection,500234051,30,8,20260818T235004,24.97043,121.33101,22,1,8,0,2026-08-19T04:14:39+08:00
新北市,New Taipei City,YouBike2.0_龍鳳夜市,鶯歌區,鳳三路/龍三路(東南側),YouBike2.0_LongFeng Night Market,Yingge Dist,Feng 3rd Rd. & Long 3rd Rd. (Southeast),500234052,30,10,20260819T000902,24.97329,121.33331,20,1,10,0,2026-08-19T04:14:39+08:00
新北市,New Taipei City,YouBike2.0_中湖市民活動中心,鶯歌區,中湖街21號,YouBike2.0_Zhonghu Civic Activity Center,Yingge Dist,"No. 21, ZhongHu St.",500234053,20,3,20260819T010102,24.97298,121.3472,16,1,2,1,2026-08-19T04:14:39+08:00
新北市,New Taipei City,YouBike2.0_鳳一鳳吉一街口,鶯歌區,鳳吉一街259號(旁),YouBike2.0_Feng 1st Rd. & FengJi 1st St. Intersection,Yingge Dist,"No. 259, FengJi 1st St. (Side)",500234054,20,4,20260819T035903,24.97677,121.3317,15,1,4,0,2026-08-19T04:14:39+08:00
新北市,New Taipei City,YouBike2.0_鳳五路122號前,鶯歌區,鳳五路122號前,"YouBike2.0_No. 122, Feng 5th Rd.",Yingge Dist,"No. 122, Feng 5th Rd. (Front)",500234055,18,12,20260819T005117,24.97316,121.32991,6,1,10,2,2026-08-19T04:14:39+08:00
新北市,New Taipei City,YouBike2.0_建國永昌街口,鶯歌區,建國路546號(對面),YouBike2.0_JianGuo Rd. & YongChang St. Intersection,Yingge Dist,"No. 546, JianGuo Rd. (Opposite)",500234056,17,3,20260818T181003,24.95031,121.33831,14,1,3,0,2026-08-19T04:14:39+08:00
新北市,New Taipei City,YouBike2.0_捷運鶯歌車站,鶯歌區,館前路300號(對側),YouBike2.0_MRT Yingge Sta.,Yingge Dist,"No. 300, GuanQian Rd. (Opposite)",500234057,34,7,20260818T231802,24.95322,121.35668,26,1,7,0,2026-08-19T04:14:39+08:00
新北市,New Taipei City,YouBike2.0_鳳三龍七路口,鶯歌區,鳳三路68號,YouBike2.0_Feng 3rd Rd. & Long 7th Rd. Intersection,Yingge Dist,"No. 68, Feng 3rd Rd.",500234058,18,4,20260819T000902,24.97204,121.33467,13,1,4,0,2026-08-19T04:14:39+08:00
新北市,New Taipei City,YouBike2.0_捷運國華站,鶯歌區,國華路45號(對側),YouBike2.0_MRT Guohua Sta.,Yingge Dist,"No. 45, GuoHua Rd. (Opposite)",500234059,24,10,20260818T231302,24.95535,121.34251,14,1,10,0,2026-08-19T04:14:39+08:00
新北市,New Taipei City,YouBike2.0_捷運陶瓷老街站,鶯歌區,捷運陶瓷老街站(重慶街側),YouBike2.0_MRT Ceramics Old Street Sta.,Yingge Dist,MRT Ceramics Old Street Sta. (ChongQing St.),500234060,36,22,20260818T212403,24.95212,121.35065,14,1,22,0,2026-08-19T04:14:39+08:00
新北市,New Taipei City,YouBike2.0_捷運永吉公園站,鶯歌區,鶯桃路296巷口,YouBike2.0_MRT Yongji Park Sta.,Yingge Dist,"Ln. 296, YingTao Rd. Intersection",500234061,47,15,20260819T002704,24.96048,121.33476,31,1,11,4,2026-08-19T04:14:39+08:00
新北市,New Taipei City,YouBike2.0_捷運鶯桃福德站,鶯歌區,福德一路20號(對側),YouBike2.0_MRT Yingtao Fude Sta.,Yingge Dist,"No. 20, FuDe 1st Rd. (Opposite)",500234062,75,15,20260819T040004,24.96704,121.33044,60,1,15,0,2026-08-19T04:14:39+08:00
新北市,New Taipei City,YouBike2.0_捷運國華站(2號出口),鶯歌區,國華路97號(對側),YouBike2.0_MRT Guohua Sta.(Exit 2),Yingge Dist,"No. 97, GuoHua Rd. (Opposite)",500234063,60,18,20260819T000803,24.95374,121.34301,42,1,17,1,2026-08-19T04:14:39+08:00
新北市,New Taipei City,YouBike2.0_鶯歌山水步道停車場,鶯歌區,觀景涼亭停車場,YouBike2.0_YingGe Riverside Trail Car Park,Yingge Dist,YingGe Riverside Trail Car Park,500234064,24,6,20260818T192804,24.93205,121.32825,18,1,6,0,2026-08-19T04:14:39+08:00
新北市,New Taipei City,YouBike2.0_鶯歌環河自行車道,鶯歌區,環河路/甲三街(南側自行車道),YouBike2.0_YingGe Riverside Cycling Route,Yingge Dist,Huanhe Rd. & Jia 3rd St. (South),500234065,20,13,20260818T223504,24.92967,121.33837,7,1,13,0,2026-08-19T04:14:39+08:00
新北市,New Taipei City,YouBike2.0_鶯歌火車站(仁愛路),鶯歌區,仁愛路55號對側,YouBike2.0_Yingge Railway Station(Ren’ai Rd.),Yingge Dist,"No.55, Ren’ai Rd., Yingge Dist.(opposite)",500234001,69,0,20260819T043704,24.95559,121.35441,68,1,0,0,2026-08-19T04:59:39+08:00
新北市,New Taipei City,YouBike2.0_新北市立圖書館鶯歌分館,鶯歌區,中山路150號,YouBike2.0_New Taipei City Library Yingge Branch,Yingge Dist,"No.150, Zhongshan Rd.",500234002,20,16,20260819T001902,24.9572,121.34946,3,1,14,2,2026-08-19T04:59:39+08:00
新北市,New Taipei City,YouBike2.0_文化館前路口,鶯歌區,文化路407號旁,YouBike2.0_Yingge Ceramics Museum,Yingge Dist,"No. 407, Wenhua Rd.",500234003,44,18,20260819T014003,24.94948,121.35291,26,1,15,3,2026-08-19T04:59:39+08:00
新北市,New Taipei City,YouBike2.0_鶯歌國民運動中心,鶯歌區,館前路250號運動中心前,YouBike2.0_Yingge Civil Sports Center,Yingge Dist,"No.250, Guanqian Rd., Yingge Dist.",500234004,38,20,20260818T230903,24.95139,121.35733,18,1,20,0,2026-08-19T04:59:39+08:00
新北市,New Taipei City,YouBike2.0_尖山國中,鶯歌區,國中街1號,YouBike2.0_Municipal Jianshan Junior High School,Yingge Dist,"No.1, Guozhong St., Yingge Dist(sidewalk)",500234005,20,7,20260819T011504,24.94381,121.34207,13,1,7,0,2026-08-19T04:59:39+08:00
新北市,New Taipei City,YouBike2.0_新北市立鶯歌高級工商職業學校,鶯歌區,中正三路154號,YouBike2.0_New Taipei Municipal Yingge Vocational High School,Yingge Dist,"No. 154, Zhongzheng 3rd. Rd",500234006,56,8,20260819T042402,24.93923,121.33488,48,1,8,0,2026-08-19T04:59:39+08:00
新北市,New Taipei City,YouBike2.0_鶯歌國中,鶯歌區,鶯桃路39-5號對側,YouBike2.0_Yingge Junior High chool,Yingge Dist,"No.39-5, Yingtao Rd.(opposite)",500234007,30,5,20260818T223504,24.95119,121.34256,24,1,3,2,2026-08-19T04:59:39+08:00
新北市,New Taipei City,YouBike2.0_永吉國小,鶯歌區,德昌二街39號對側,YouBike2.0_Yongchi elementary school,Yingge Dist,"No.39, Dechang 2nd St., Yingge Dist.",500234008,20,5,20260818T233902,24.95865,121.33308,15,1,4,1,2026-08-19T04:59:39+08:00
新北市,New Taipei City,YouBike2.0_鳳祥公園,鶯歌區,鶯桃路365巷130號對側,YouBike2.0_Fengxiang Park,Yingge Dist,"No.130, Ln. 365, Yingtao Rd., Yingge Dist.",500234009,20,7,20260819T000003,24.96283,121.33025,13,1,7,0,2026-08-19T04:59:39+08:00
新北市,New Taipei City,YouBike2.0_鳳鳴國小,鶯歌區,永和街120號,YouBike2.0_Fengming Elementary School,Yingge Dist,"No.120, Yonghe St., Yingge Dist.",500234010,20,6,20260819T010602,24.9692,121.3347,14,1,6,0,2026-08-19T04:59:39+08:00
新北市,New Taipei City,YouBike2.0_國際二國際一路口,鶯歌區,國際二路與國際一路口,YouBike2.0_Guoji 2nd Guoji 1st Intersection,Yingge Dist,"Guoji 2nd Rd./Guoji 1st Rd., Yingge Dist.",500234011,20,10,20260819T003402,24.97577,121.3353,10,1,9,1,2026-08-19T04:59:39+08:00
新北市,New Taipei City,YouBike2.0_鳳福公園,鶯歌區,鳳吉一街186號(對面),YouBike2.0_Fengfu Park,Yingge Dist,"No. 186, Fengji 1st St., Yingge Dist.(opposite)",500234012,20,7,20260818T235902,24.97572,121.32938,13,1,5,2,2026-08-19T04:59:39+08:00
新北市,New Taipei City,YouBike2.0_尖山公園,鶯歌區,鶯歌區尖山路161號對面,YouBike2.0_Jianshan Park,Yingge Dist,"No.161, Jianshan Rd.(opposite)",500234013,29,18,20260819T041702,24.9482,121.346,11,1,18,0,2026-08-19T04:59:39+08:00
新北市,New Taipei City,YouBike2.0_永昌里兒一公園,鶯歌區,鶯桃路182巷96弄36-38號對側,YouBike2.0_Yongchang Village Children Park (No.1),Yingge Dist,"No.36-38, Aly. 96, Ln. 182, Yingtao Rd.(oppsite)",500234014,20,11,20260818T215703,24.956649374562204,121.33959628800724,9,1,8,3,2026-08-19T04:59:39+08:00
新北市,New Taipei City,YouBike2.0_南雅育智路口,鶯歌區,南雅路491號(對面),YouBike2.0_Nanya & Yuzhi Rd. Intersection,Yingge Dist,"No.491, Nanya Rd., Yingge Dist.(opposite)",500234015,22,11,20260818T232703,24.954,121.346,11,1,11,0,2026-08-19T04:59:39+08:00
新北市,New Taipei City,YouBike2.0_國中二甲路口,鶯歌區,國中街175號(前),YouBike2.0_Guozhong & Erjia Intersection,Yingge Dist,"No. 175, Guozhong St., Yingge Dist.",500234016,20,14,20260818T235702,24.939489067109363,121.33868650698288,6,1,9,5,2026-08-19T04:59:39+08:00
新北市,New Taipei City,YouBike2.0_鶯歌永利街,鶯歌區,永利街16號(對面),YouBike2.0_Yingge Yongli St.,Yingge Dist,"No. 16, Yongli St. Yingge Dist.",500234017,15,11,20260818T232903,24.95495,121.33911,3,1,11,0,2026-08-19T04:59:39+08:00
新北市,New Taipei City,YouBike2.0_二橋虹橋公園,鶯歌區,中正三路400號(對面),YouBike2.0_Erqiaoshiguanghongqiao Park,Yingge Dist,"No. 400, Zhongzheng 3rd Rd.(Opposite)",500234018,10,4,20260818T223004,24.93453,121.32595,6,1,4,0,2026-08-19T04:59:39+08:00
新北市,New Taipei City,YouBike2.0_鳳吉四鳳七路口(捷士匯社區),鶯歌區,鳳吉四街57-75號(旁),YouBike2.0_Fengji 4th & Feng 7th Rd. Intersection,Yingge Dist,"No. 57-75, Fengji 4th St.",500234021,40,19,20260818T235102,24.97383,121.32769,21,1,18,1,2026-08-19T04:59:39+08:00
新北市,New Taipei City,YouBike2.0_鶯歌老街第二停車場,鶯歌區,尖山埔路27-31號(對面),YouBike2.0_Yingge Old Street 2nd Parking Lot,Yingge Dist,"No. 27-31, Jianshanpu Rd.(Opposite)",500234022,20,12,20260818T214403,24.94895,121.34227,8,1,11,1,2026-08-19T04:59:39+08:00
新北市,New Taipei City,YouBike2.0_建國中正一路口(北鶯社區),鶯歌區,建國路6號(對面空地),YouBike2.0_Jianguo Zhongzheng 1st Rd. Intersection,Yingge Dist,"No. 6, Jianguo Rd.(Opposite)",500234023,20,9,20260819T044504,24.95658,121.35692,11,1,9,0,2026-08-19T04:59:39+08:00
新北市,New Taipei City,YouBike2.0_三鶯水資源回收中心,鶯歌區,館前路360號(旁),YouBike2.0_Sanying Water Recycling Center,Yingge Dist,"No. 360, Guanqian Rd.",500234024,14,11,20260818T222404,24.95535,121.35996,3,1,7,4,2026-08-19T04:59:39+08:00
新北市,New Taipei City,YouBike2.0_永和街65巷口,鶯歌區,永和街75號,"YouBike2.0_Ln. 65, Yonghe St. Intersection",Yingge Dist,"No. 75, Yonghe St.",500234025,37,17,20260819T014702,24.96798,121.3331413,20,1,13,4,2026-08-19T04:59:39+08:00
新北市,New Taipei City,YouBike2.0_鶯歌陶瓷博物館,鶯歌區,文化路200號(旁),YouBike2.0_Yingge Ceramics Museum(Wenhua Rd.),Yingge Dist,"No. 200, Wenhua Rd.",500234026,22,16,20260819T002704,24.95012,121.35245,5,1,14,2,2026-08-19T04:59:39+08:00
新北市,New Taipei City,YouBike2.0_礫間停車場,鶯歌區,礫間停車場,YouBike2.0_Lijian Parking,Yingge Dist,Lijian Parking,500234028,20,2,20260818T221504,24.9518,121.35445,18,1,1,1,2026-08-19T04:59:39+08:00
新北市,New Taipei City,YouBike2.0_北鶯停車場,鶯歌區,北鶯停車場,YouBike2.0_Beiying Parking,Yingge Dist,Beiying Parking,500234029,20,9,20260818T223102,24.95567,121.35992,11,1,9,0,2026-08-19T04:59:39+08:00
新北市,New Taipei City,YouBike2.0_育英建國路口,鶯歌區,建國路280號(旁),YouBike2.0_Yuying Jianguo Rd. Intersection,Yingge Dist,"No. 280, Jianguo Rd.",500234030,12,4,20260819T044602,24.95356,121.34693,8,1,4,0,2026-08-19T04:59:39+08:00
新北市,New Taipei City,YouBike2.0_中正一仁愛路口,鶯歌區,中正一路181號(對面),YouBike2.0_Zhongzheng 1st & Ren'ai Rd Intersection,Yingge Dist,"No. 181, Zhongzheng 1st Rd.(Opposite)",500234031,15,6,20260818T233503,24.95672,121.3532,9,1,3,3,2026-08-19T04:59:39+08:00
新北市,New Taipei City,YouBike2.0_建國國小,鶯歌區,育英街19號(旁),YouBike2.0_Jianguo Elementary School,Yingge Dist,"No. 19, Yuying St.",500234032,15,9,20260818T224303,24.95521,121.34727,6,1,9,0,2026-08-19T04:59:39+08:00
新北市,New Taipei City,YouBike2.0_光明橋,鶯歌區,永明街78號(旁),YouBike2.0_Guang-ming bridge,Yingge Dist,"No. 78, Yongming St., Yingge Dist.(side)",500234033,14,9,20260819T040102,24.95577,121.34128,5,1,9,0,2026-08-19T04:59:39+08:00
新北市,New Taipei City,YouBike2.0_二橋派出所,鶯歌區,高職西街/中正三路口(西北側),YouBike2.0_Erqiao Police Station,Yingge Dist,"Gaozhi W. St. & Zhongzheng 3rd Rd., Yingge Dist. (west side)",500234034,11,5,20260819T005303,24.94216,121.33884,6,1,5,0,2026-08-19T04:59:39+08:00
新北市,New Taipei City,YouBike2.0_國中高職東街口,鶯歌區,國中路113至117-3號(對面),YouBike2.0_Guozhong & Gaozhi E. Intersection,Yingge Dist,"No. 113, Guozhong St., Yingge Dist.(opposite)",500234035,15,4,20260819T025902,24.94117,121.34116,10,1,3,1,2026-08-19T04:59:39+08:00
新北市,New Taipei City,YouBike2.0_尖山路高厝巷口,鶯歌區,尖山路276-5號(旁),YouBike2.0_Gaocuo Ln. Jianshan Rd.,Yingge Dist,"No. 276-5, Jianshan Rd. (Side)",500234036,15,6,20260818T234903,24.94495,121.34102,8,1,6,0,2026-08-19T04:59:39+08:00
新北市,New Taipei City,YouBike2.0_公八停車場,鶯歌區,國華路53號(對面),YouBike2.0_Public 8th Parking Lot,Yingge Dist,"No.53, Guohua Rd. (opposite)",500234037,15,8,20260818T233004,24.95515,121.34285,7,1,6,2,2026-08-19T04:59:39+08:00
新北市,New Taipei City,YouBike2.0_龍三鳳鳴路口,鶯歌區,鳳鳴路541號,YouBike2.0_Long 3rd. Rd. & Fengming Rd. Intersection,Yingge Dist,"No. 541, Fengming Rd.",500234038,18,7,20260819T014903,24.97286,121.33137,11,1,7,0,2026-08-19T04:59:39+08:00
新北市,New Taipei City,YouBike2.0_鳳福鳳三路口,鶯歌區,鳳三路360號,YouBike2.0_Fengfu Rd. & Feng 3rd. Rd. Intersection,Yingge Dist,"No. 360, Feng 3rd Rd.",500234039,22,8,20260819T034202,24.97567,121.33143,14,1,8,0,2026-08-19T04:59:39+08:00
新北市,New Taipei City,YouBike2.0_北鶯公園,鶯歌區,成功街20巷19號(旁),YouBike2.0_Beiying Park,Yingge Dist,"No. 19, Ln. 20, Chenggong St. (Side)",500234040,15,7,20260819T035703,24.95777,121.35942,6,1,7,0,2026-08-19T04:59:39+08:00
新北市,New Taipei City,YouBike2.0_鶯歌火車站(文化路),鶯歌區,文化路/文化路115巷(北側),YouBike2.0_Yingge Station (Wenhua Rd.),Yingge Dist,"Ln. 115, Wenhua Rd. Intersection (North)",500234041,25,17,20260819T044102,24.95536,121.35697,8,1,16,1,2026-08-19T04:59:39+08:00
新北市,New Taipei City,YouBike2.0_鳳七鶯歌路口,鶯歌區,鶯歌路101-107號(旁),YouBike2.0_Feng 7th Rd. & Yingge Rd. Intersection,Yingge Dist,"No. 101-107, Yingge Rd. (Side)",500234042,11,4,20260819T042102,24.96916,121.33193,6,1,4,0,2026-08-19T04:59:39+08:00
新北市,New Taipei City,YouBike2.0_國際一路112巷口,鶯歌區,國際一路167號(前),"YouBike2.0_Ln. 112, GuoJi 1st Rd.",Yingge Dist,"No. 167, GuoJi 1st Rd. (Front)",500234043,15,10,20260819T042503,24.97667,121.33579,4,1,7,3,2026-08-19T04:59:39+08:00
新北市,New Taipei City,YouBike2.0_臺鐵鳳鳴站,鶯歌區,鳳一路/鶯歌路口,YouBike2.0_Fengming Station,Yingge Dist,Feng 1st Rd. & YingGe Rd.,500234044,40,0,20260817T173503,24.97227,121.33674,0,0,0,0,2026-08-19T04:59:39+08:00
新北市,New Taipei City,YouBike2.0_鶯歌陶瓷老街,鶯歌區,重慶街/國慶街(西南側),YouBike2.0_YingGe Old Street,Yingge Dist,ChongQing St. & GuoQing St. (Southwest),500234045,33,15,20260819T012804,24.95219,121.351,18,1,15,0,2026-08-19T04:59:39+08:00
新北市,New Taipei City,YouBike2.0_鶯歌火車站(仁愛路62號),鶯歌區,仁愛路62號(東側),"YouBike2.0_YingGe Station (No. 62, RenAi Rd.)",Yingge Dist,"No. 62, RenAi Rd. (East)",500234046,42,0,20260819T043918,24.95505,121.35407,41,1,0,0,2026-08-19T04:59:39+08:00
新北市,New Taipei City,YouBike2.0_臺鐵鳳鳴站(鶯歌路),鶯歌區,鶯歌路276號(對面),YouBike2.0_Fengming Station (YingGe Rd.),Yingge Dist,"No. 276, YingGe Rd. (Opposite)",500234047,20,3,20260819T044504,24.97189,121.33651,17,1,3,0,2026-08-19T04:59:39+08:00
新北市,New Taipei City,YouBike2.0_光明育智路口,鶯歌區,光明街126號(東南側),YouBike2.0_GuangMing St. & YuZhi Rd. Intersection,Yingge Dist,"No. 126, GuangMing St. (Southeast)",500234048,14,8,20260818T234616,24.95587,121.3456,6,1,8,0,2026-08-19T04:59:39+08:00
新北市,New Taipei City,YouBike2.0_新鳳公園,鶯歌區,鶯桃路二段60號(對側),YouBike2.0_XinFeng Park,Yingge Dist,"No. 60, Sec. 2, YingTao Rd. (Opposite)",500234049,14,10,20260819T001603,24.9732,121.32474,4,1,10,0,2026-08-19T04:59:39+08:00
新北市,New Taipei City,YouBike2.0_鳳鳴機器人公園,鶯歌區,鳳鳴路/福安街7巷24弄口,YouBike2.0_FengMing Robot Park,Yingge Dist,"FengMing Rd. & Aly. 24, Ln. 7, FuAn St.",500234050,17,11,20260819T004303,24.96618,121.33465,6,1,6,5,2026-08-19T04:59:39+08:00
新北市,New Taipei City,YouBike2.0_龍五鳳七路口,鶯歌區,龍五路/鳳七路口,YouBike2.0_Long 5th Rd. & Feng 7th Rd. Intersection,Yingge Dist,Long 5th Rd. & Feng 7th Rd. Intersection,500234051,30,8,20260818T235004,24.97043,121.33101,22,1,8,0,2026-08-19T04:59:39+08:00
新北市,New Taipei City,YouBike2.0_龍鳳夜市,鶯歌區,鳳三路/龍三路(東南側),YouBike2.0_LongFeng Night Market,Yingge Dist,Feng 3rd Rd. & Long 3rd Rd. (Southeast),500234052,30,10,20260819T000902,24.97329,121.33331,20,1,10,0,2026-08-19T04:59:39+08:00
新北市,New Taipei City,YouBike2.0_中湖市民活動中心,鶯歌區,中湖街21號,YouBike2.0_Zhonghu Civic Activity Center,Yingge Dist,"No. 21, ZhongHu St.",500234053,20,3,20260819T010102,24.97298,121.3472,16,1,2,1,2026-08-19T04:59:39+08:00
新北市,New Taipei City,YouBike2.0_鳳一鳳吉一街口,鶯歌區,鳳吉一街259號(旁),YouBike2.0_Feng 1st Rd. & FengJi 1st St. Intersection,Yingge Dist,"No. 259, FengJi 1st St. (Side)",500234054,20,5,20260819T042702,24.97677,121.3317,14,1,5,0,2026-08-19T04:59:39+08:00
新北市,New Taipei City,YouBike2.0_鳳五路122號前,鶯歌區,鳳五路122號前,"YouBike2.0_No. 122, Feng 5th Rd.",Yingge Dist,"No. 122, Feng 5th Rd. (Front)",500234055,18,12,20260819T005117,24.97316,121.32991,6,1,10,2,2026-08-19T04:59:39+08:00
新北市,New Taipei City,YouBike2.0_建國永昌街口,鶯歌區,建國路546號(對面),YouBike2.0_JianGuo Rd. & YongChang St. Intersection,Yingge Dist,"No. 546, JianGuo Rd. (Opposite)",500234056,17,3,20260818T181003,24.95031,121.33831,14,1,3,0,2026-08-19T04:59:39+08:00
新北市,New Taipei City,YouBike2.0_捷運鶯歌車站,鶯歌區,館前路300號(對側),YouBike2.0_MRT Yingge Sta.,Yingge Dist,"No. 300, GuanQian Rd. (Opposite)",500234057,34,7,20260818T231802,24.95322,121.35668,26,1,7,0,2026-08-19T04:59:39+08:00
新北市,New Taipei City,YouBike2.0_鳳三龍七路口,鶯歌區,鳳三路68號,YouBike2.0_Feng 3rd Rd. & Long 7th Rd. Intersection,Yingge Dist,"No. 68, Feng 3rd Rd.",500234058,18,4,20260819T000902,24.97204,121.33467,13,1,4,0,2026-08-19T04:59:39+08:00
新北市,New Taipei City,YouBike2.0_捷運國華站,鶯歌區,國華路45號(對側),YouBike2.0_MRT Guohua Sta.,Yingge Dist,"No. 45, GuoHua Rd. (Opposite)",500234059,24,10,20260818T231302,24.95535,121.34251,14,1,10,0,2026-08-19T04:59:39+08:00
新北市,New Taipei City,YouBike2.0_捷運陶瓷老街站,鶯歌區,捷運陶瓷老街站(重慶街側),YouBike2.0_MRT Ceramics Old Street Sta.,Yingge Dist,MRT Ceramics Old Street Sta. (ChongQing St.),500234060,36,22,20260818T212403,24.95212,121.35065,14,1,22,0,2026-08-19T04:59:39+08:00
新北市,New Taipei City,YouBike2.0_捷運永吉公園站,鶯歌區,鶯桃路296巷口,YouBike2.0_MRT Yongji Park Sta.,Yingge Dist,"Ln. 296, YingTao Rd. Intersection",500234061,47,15,20260819T002704,24.96048,121.33476,31,1,11,4,2026-08-19T04:59:39+08:00
新北市,New Taipei City,YouBike2.0_捷運鶯桃福德站,鶯歌區,福德一路20號(對側),YouBike2.0_MRT Yingtao Fude Sta.,Yingge Dist,"No. 20, FuDe 1st Rd. (Opposite)",500234062,75,15,20260819T040004,24.96704,121.33044,60,1,15,0,2026-08-19T04:59:39+08:00
新北市,New Taipei City,YouBike2.0_捷運國華站(2號出口),鶯歌區,國華路97號(對側),YouBike2.0_MRT Guohua Sta.(Exit 2),Yingge Dist,"No. 97, GuoHua Rd. (Opposite)",500234063,60,18,20260819T000803,24.95374,121.34301,42,1,17,1,2026-08-19T04:59:39+08:00
新北市,New Taipei City,YouBike2.0_鶯歌山水步道停車場,鶯歌區,觀景涼亭停車場,YouBike2.0_YingGe Riverside Trail Car Park,Yingge Dist,YingGe Riverside Trail Car Park,500234064,24,6,20260818T192804,24.93205,121.32825,18,1,6,0,2026-08-19T04:59:39+08:00
新北市,New Taipei City,YouBike2.0_鶯歌環河自行車道,鶯歌區,環河路/甲三街(南側自行車道),YouBike2.0_YingGe Riverside Cycling Route,Yingge Dist,Huanhe Rd. & Jia 3rd St. (South),500234065,20,13,20260818T223504,24.92967,121.33837,7,1,13,0,2026-08-19T04:59:39+08:00
新北市,New Taipei City,YouBike2.0_鶯歌火車站(仁愛路),鶯歌區,仁愛路55號對側,YouBike2.0_Yingge Railway Station(Ren’ai Rd.),Yingge Dist,"No.55, Ren’ai Rd., Yingge Dist.(opposite)",500234001,69,2,20260819T052402,24.95559,121.35441,66,1,2,0,2026-08-19T05:27:27+08:00
新北市,New Taipei City,YouBike2.0_新北市立圖書館鶯歌分館,鶯歌區,中山路150號,YouBike2.0_New Taipei City Library Yingge Branch,Yingge Dist,"No.150, Zhongshan Rd.",500234002,20,13,20260819T052102,24.9572,121.34946,6,1,11,2,2026-08-19T05:27:27+08:00
新北市,New Taipei City,YouBike2.0_文化館前路口,鶯歌區,文化路407號旁,YouBike2.0_Yingge Ceramics Museum,Yingge Dist,"No. 407, Wenhua Rd.",500234003,44,19,20260819T051404,24.94948,121.35291,25,1,16,3,2026-08-19T05:27:27+08:00
新北市,New Taipei City,YouBike2.0_鶯歌國民運動中心,鶯歌區,館前路250號運動中心前,YouBike2.0_Yingge Civil Sports Center,Yingge Dist,"No.250, Guanqian Rd., Yingge Dist.",500234004,38,20,20260818T230903,24.95139,121.35733,18,1,20,0,2026-08-19T05:27:27+08:00
新北市,New Taipei City,YouBike2.0_尖山國中,鶯歌區,國中街1號,YouBike2.0_Municipal Jianshan Junior High School,Yingge Dist,"No.1, Guozhong St., Yingge Dist(sidewalk)",500234005,20,7,20260819T011504,24.94381,121.34207,13,1,7,0,2026-08-19T05:27:27+08:00
新北市,New Taipei City,YouBike2.0_新北市立鶯歌高級工商職業學校,鶯歌區,中正三路154號,YouBike2.0_New Taipei Municipal Yingge Vocational High School,Yingge Dist,"No. 154, Zhongzheng 3rd. Rd",500234006,56,8,20260819T042402,24.93923,121.33488,48,1,8,0,2026-08-19T05:27:27+08:00
新北市,New Taipei City,YouBike2.0_鶯歌國中,鶯歌區,鶯桃路39-5號對側,YouBike2.0_Yingge Junior High chool,Yingge Dist,"No.39-5, Yingtao Rd.(opposite)",500234007,30,5,20260818T223504,24.95119,121.34256,24,1,3,2,2026-08-19T05:27:27+08:00
新北市,New Taipei City,YouBike2.0_永吉國小,鶯歌區,德昌二街39號對側,YouBike2.0_Yongchi elementary school,Yingge Dist,"No.39, Dechang 2nd St., Yingge Dist.",500234008,20,5,20260818T233902,24.95865,121.33308,15,1,4,1,2026-08-19T05:27:27+08:00
新北市,New Taipei City,YouBike2.0_鳳祥公園,鶯歌區,鶯桃路365巷130號對側,YouBike2.0_Fengxiang Park,Yingge Dist,"No.130, Ln. 365, Yingtao Rd., Yingge Dist.",500234009,20,7,20260819T000003,24.96283,121.33025,13,1,7,0,2026-08-19T05:27:27+08:00
新北市,New Taipei City,YouBike2.0_鳳鳴國小,鶯歌區,永和街120號,YouBike2.0_Fengming Elementary School,Yingge Dist,"No.120, Yonghe St., Yingge Dist.",500234010,20,5,20260819T051404,24.9692,121.3347,15,1,5,0,2026-08-19T05:27:27+08:00
新北市,New Taipei City,YouBike2.0_國際二國際一路口,鶯歌區,國際二路與國際一路口,YouBike2.0_Guoji 2nd Guoji 1st Intersection,Yingge Dist,"Guoji 2nd Rd./Guoji 1st Rd., Yingge Dist.",500234011,20,9,20260819T050602,24.97577,121.3353,11,1,9,0,2026-08-19T05:27:27+08:00
新北市,New Taipei City,YouBike2.0_鳳福公園,鶯歌區,鳳吉一街186號(對面),YouBike2.0_Fengfu Park,Yingge Dist,"No. 186, Fengji 1st St., Yingge Dist.(opposite)",500234012,20,7,20260819T052302,24.97572,121.32938,13,1,5,2,2026-08-19T05:27:27+08:00
新北市,New Taipei City,YouBike2.0_尖山公園,鶯歌區,鶯歌區尖山路161號對面,YouBike2.0_Jianshan Park,Yingge Dist,"No.161, Jianshan Rd.(opposite)",500234013,29,15,20260819T052402,24.9482,121.346,14,1,15,0,2026-08-19T05:27:27+08:00
新北市,New Taipei City,YouBike2.0_永昌里兒一公園,鶯歌區,鶯桃路182巷96弄36-38號對側,YouBike2.0_Yongchang Village Children Park (No.1),Yingge Dist,"No.36-38, Aly. 96, Ln. 182, Yingtao Rd.(oppsite)",500234014,20,11,20260818T215703,24.956649374562204,121.33959628800724,9,1,8,3,2026-08-19T05:27:27+08:00
新北市,New Taipei City,YouBike2.0_南雅育智路口,鶯歌區,南雅路491號(對面),YouBike2.0_Nanya & Yuzhi Rd. Intersection,Yingge Dist,"No.491, Nanya Rd., Yingge Dist.(opposite)",500234015,22,10,20260819T052003,24.954,121.346,12,1,10,0,2026-08-19T05:27:27+08:00
新北市,New Taipei City,YouBike2.0_國中二甲路口,鶯歌區,國中街175號(前),YouBike2.0_Guozhong & Erjia Intersection,Yingge Dist,"No. 175, Guozhong St., Yingge Dist.",500234016,20,14,20260818T235702,24.939489067109363,121.33868650698288,6,1,9,5,2026-08-19T05:27:27+08:00
新北市,New Taipei City,YouBike2.0_鶯歌永利街,鶯歌區,永利街16號(對面),YouBike2.0_Yingge Yongli St.,Yingge Dist,"No. 16, Yongli St. Yingge Dist.",500234017,15,11,20260818T232903,24.95495,121.33911,3,1,11,0,2026-08-19T05:27:27+08:00
新北市,New Taipei City,YouBike2.0_二橋虹橋公園,鶯歌區,中正三路400號(對面),YouBike2.0_Erqiaoshiguanghongqiao Park,Yingge Dist,"No. 400, Zhongzheng 3rd Rd.(Opposite)",500234018,10,4,20260818T223004,24.93453,121.32595,6,1,4,0,2026-08-19T05:27:27+08:00
新北市,New Taipei City,YouBike2.0_鳳吉四鳳七路口(捷士匯社區),鶯歌區,鳳吉四街57-75號(旁),YouBike2.0_Fengji 4th & Feng 7th Rd. Intersection,Yingge Dist,"No. 57-75, Fengji 4th St.",500234021,40,19,20260818T235102,24.97383,121.32769,21,1,18,1,2026-08-19T05:27:27+08:00
新北市,New Taipei City,YouBike2.0_鶯歌老街第二停車場,鶯歌區,尖山埔路27-31號(對面),YouBike2.0_Yingge Old Street 2nd Parking Lot,Yingge Dist,"No. 27-31, Jianshanpu Rd.(Opposite)",500234022,20,12,20260818T214403,24.94895,121.34227,8,1,11,1,2026-08-19T05:27:27+08:00
新北市,New Taipei City,YouBike2.0_建國中正一路口(北鶯社區),鶯歌區,建國路6號(對面空地),YouBike2.0_Jianguo Zhongzheng 1st Rd. Intersection,Yingge Dist,"No. 6, Jianguo Rd.(Opposite)",500234023,20,9,20260819T044504,24.95658,121.35692,11,1,9,0,2026-08-19T05:27:27+08:00
新北市,New Taipei City,YouBike2.0_三鶯水資源回收中心,鶯歌區,館前路360號(旁),YouBike2.0_Sanying Water Recycling Center,Yingge Dist,"No. 360, Guanqian Rd.",500234024,14,11,20260818T222404,24.95535,121.35996,3,1,7,4,2026-08-19T05:27:27+08:00
新北市,New Taipei City,YouBike2.0_永和街65巷口,鶯歌區,永和街75號,"YouBike2.0_Ln. 65, Yonghe St. Intersection",Yingge Dist,"No. 75, Yonghe St.",500234025,37,15,20260819T052003,24.96798,121.3331413,22,1,11,4,2026-08-19T05:27:27+08:00
新北市,New Taipei City,YouBike2.0_鶯歌陶瓷博物館,鶯歌區,文化路200號(旁),YouBike2.0_Yingge Ceramics Museum(Wenhua Rd.),Yingge Dist,"No. 200, Wenhua Rd.",500234026,22,16,20260819T002704,24.95012,121.35245,5,1,14,2,2026-08-19T05:27:27+08:00
新北市,New Taipei City,YouBike2.0_礫間停車場,鶯歌區,礫間停車場,YouBike2.0_Lijian Parking,Yingge Dist,Lijian Parking,500234028,20,2,20260818T221504,24.9518,121.35445,18,1,1,1,2026-08-19T05:27:27+08:00
新北市,New Taipei City,YouBike2.0_北鶯停車場,鶯歌區,北鶯停車場,YouBike2.0_Beiying Parking,Yingge Dist,Beiying Parking,500234029,20,9,20260818T223102,24.95567,121.35992,11,1,9,0,2026-08-19T05:27:27+08:00
新北市,New Taipei City,YouBike2.0_育英建國路口,鶯歌區,建國路280號(旁),YouBike2.0_Yuying Jianguo Rd. Intersection,Yingge Dist,"No. 280, Jianguo Rd.",500234030,12,3,20260819T052203,24.95356,121.34693,9,1,3,0,2026-08-19T05:27:27+08:00
新北市,New Taipei City,YouBike2.0_中正一仁愛路口,鶯歌區,中正一路181號(對面),YouBike2.0_Zhongzheng 1st & Ren'ai Rd Intersection,Yingge Dist,"No. 181, Zhongzheng 1st Rd.(Opposite)",500234031,15,5,20260819T052402,24.95672,121.3532,10,1,3,2,2026-08-19T05:27:27+08:00
新北市,New Taipei City,YouBike2.0_建國國小,鶯歌區,育英街19號(旁),YouBike2.0_Jianguo Elementary School,Yingge Dist,"No. 19, Yuying St.",500234032,15,8,20260819T052402,24.95521,121.34727,7,1,8,0,2026-08-19T05:27:27+08:00
新北市,New Taipei City,YouBike2.0_光明橋,鶯歌區,永明街78號(旁),YouBike2.0_Guang-ming bridge,Yingge Dist,"No. 78, Yongming St., Yingge Dist.(side)",500234033,14,9,20260819T040102,24.95577,121.34128,5,1,9,0,2026-08-19T05:27:27+08:00
新北市,New Taipei City,YouBike2.0_二橋派出所,鶯歌區,高職西街/中正三路口(西北側),YouBike2.0_Erqiao Police Station,Yingge Dist,"Gaozhi W. St. & Zhongzheng 3rd Rd., Yingge Dist. (west side)",500234034,11,5,20260819T005303,24.94216,121.33884,6,1,5,0,2026-08-19T05:27:27+08:00
新北市,New Taipei City,YouBike2.0_國中高職東街口,鶯歌區,國中路113至117-3號(對面),YouBike2.0_Guozhong & Gaozhi E. Intersection,Yingge Dist,"No. 113, Guozhong St., Yingge Dist.(opposite)",500234035,15,3,20260819T051202,24.94117,121.34116,11,1,2,1,2026-08-19T05:27:27+08:00
新北市,New Taipei City,YouBike2.0_尖山路高厝巷口,鶯歌區,尖山路276-5號(旁),YouBike2.0_Gaocuo Ln. Jianshan Rd.,Yingge Dist,"No. 276-5, Jianshan Rd. (Side)",500234036,15,6,20260818T234903,24.94495,121.34102,8,1,6,0,2026-08-19T05:27:27+08:00
新北市,New Taipei City,YouBike2.0_公八停車場,鶯歌區,國華路53號(對面),YouBike2.0_Public 8th Parking Lot,Yingge Dist,"No.53, Guohua Rd. (opposite)",500234037,15,8,20260818T233004,24.95515,121.34285,7,1,6,2,2026-08-19T05:27:27+08:00
新北市,New Taipei City,YouBike2.0_龍三鳳鳴路口,鶯歌區,鳳鳴路541號,YouBike2.0_Long 3rd. Rd. & Fengming Rd. Intersection,Yingge Dist,"No. 541, Fengming Rd.",500234038,18,12,20260819T051404,24.97286,121.33137,6,1,12,0,2026-08-19T05:27:27+08:00
新北市,New Taipei City,YouBike2.0_鳳福鳳三路口,鶯歌區,鳳三路360號,YouBike2.0_Fengfu Rd. & Feng 3rd. Rd. Intersection,Yingge Dist,"No. 360, Feng 3rd Rd.",500234039,22,8,20260819T034202,24.97567,121.33143,14,1,8,0,2026-08-19T05:27:27+08:00
新北市,New Taipei City,YouBike2.0_北鶯公園,鶯歌區,成功街20巷19號(旁),YouBike2.0_Beiying Park,Yingge Dist,"No. 19, Ln. 20, Chenggong St. (Side)",500234040,15,7,20260819T035703,24.95777,121.35942,6,1,7,0,2026-08-19T05:27:27+08:00
新北市,New Taipei City,YouBike2.0_鶯歌火車站(文化路),鶯歌區,文化路/文化路115巷(北側),YouBike2.0_Yingge Station (Wenhua Rd.),Yingge Dist,"Ln. 115, Wenhua Rd. Intersection (North)",500234041,25,17,20260819T044102,24.95536,121.35697,8,1,16,1,2026-08-19T05:27:27+08:00
新北市,New Taipei City,YouBike2.0_鳳七鶯歌路口,鶯歌區,鶯歌路101-107號(旁),YouBike2.0_Feng 7th Rd. & Yingge Rd. Intersection,Yingge Dist,"No. 101-107, Yingge Rd. (Side)",500234042,11,4,20260819T042102,24.96916,121.33193,6,1,4,0,2026-08-19T05:27:27+08:00
新北市,New Taipei City,YouBike2.0_國際一路112巷口,鶯歌區,國際一路167號(前),"YouBike2.0_Ln. 112, GuoJi 1st Rd.",Yingge Dist,"No. 167, GuoJi 1st Rd. (Front)",500234043,15,9,20260819T051404,24.97667,121.33579,5,1,6,3,2026-08-19T05:27:27+08:00
新北市,New Taipei City,YouBike2.0_臺鐵鳳鳴站,鶯歌區,鳳一路/鶯歌路口,YouBike2.0_Fengming Station,Yingge Dist,Feng 1st Rd. & YingGe Rd.,500234044,40,0,20260817T173503,24.97227,121.33674,0,0,0,0,2026-08-19T05:27:27+08:00
新北市,New Taipei City,YouBike2.0_鶯歌陶瓷老街,鶯歌區,重慶街/國慶街(西南側),YouBike2.0_YingGe Old Street,Yingge Dist,ChongQing St. & GuoQing St. (Southwest),500234045,33,15,20260819T012804,24.95219,121.351,18,1,15,0,2026-08-19T05:27:27+08:00
新北市,New Taipei City,YouBike2.0_鶯歌火車站(仁愛路62號),鶯歌區,仁愛路62號(東側),"YouBike2.0_YingGe Station (No. 62, RenAi Rd.)",Yingge Dist,"No. 62, RenAi Rd. (East)",500234046,42,0,20260819T043918,24.95505,121.35407,41,1,0,0,2026-08-19T05:27:27+08:00
新北市,New Taipei City,YouBike2.0_臺鐵鳳鳴站(鶯歌路),鶯歌區,鶯歌路276號(對面),YouBike2.0_Fengming Station (YingGe Rd.),Yingge Dist,"No. 276, YingGe Rd. (Opposite)",500234047,20,3,20260819T052402,24.97189,121.33651,17,1,3,0,2026-08-19T05:27:27+08:00
新北市,New Taipei City,YouBike2.0_光明育智路口,鶯歌區,光明街126號(東南側),YouBike2.0_GuangMing St. & YuZhi Rd. Intersection,Yingge Dist,"No. 126, GuangMing St. (Southeast)",500234048,14,8,20260818T234616,24.95587,121.3456,6,1,8,0,2026-08-19T05:27:27+08:00
新北市,New Taipei City,YouBike2.0_新鳳公園,鶯歌區,鶯桃路二段60號(對側),YouBike2.0_XinFeng Park,Yingge Dist,"No. 60, Sec. 2, YingTao Rd. (Opposite)",500234049,14,9,20260819T052302,24.9732,121.32474,5,1,9,0,2026-08-19T05:27:27+08:00
新北市,New Taipei City,YouBike2.0_鳳鳴機器人公園,鶯歌區,鳳鳴路/福安街7巷24弄口,YouBike2.0_FengMing Robot Park,Yingge Dist,"FengMing Rd. & Aly. 24, Ln. 7, FuAn St.",500234050,17,11,20260819T004303,24.96618,121.33465,6,1,6,5,2026-08-19T05:27:27+08:00
新北市,New Taipei City,YouBike2.0_龍五鳳七路口,鶯歌區,龍五路/鳳七路口,YouBike2.0_Long 5th Rd. & Feng 7th Rd. Intersection,Yingge Dist,Long 5th Rd. & Feng 7th Rd. Intersection,500234051,30,7,20260819T052103,24.97043,121.33101,23,1,7,0,2026-08-19T05:27:27+08:00
新北市,New Taipei City,YouBike2.0_龍鳳夜市,鶯歌區,鳳三路/龍三路(東南側),YouBike2.0_LongFeng Night Market,Yingge Dist,Feng 3rd Rd. & Long 3rd Rd. (Southeast),500234052,30,10,20260819T000902,24.97329,121.33331,20,1,10,0,2026-08-19T05:27:27+08:00
新北市,New Taipei City,YouBike2.0_中湖市民活動中心,鶯歌區,中湖街21號,YouBike2.0_Zhonghu Civic Activity Center,Yingge Dist,"No. 21, ZhongHu St.",500234053,20,3,20260819T010102,24.97298,121.3472,16,1,2,1,2026-08-19T05:27:27+08:00
新北市,New Taipei City,YouBike2.0_鳳一鳳吉一街口,鶯歌區,鳳吉一街259號(旁),YouBike2.0_Feng 1st Rd. & FengJi 1st St. Intersection,Yingge Dist,"No. 259, FengJi 1st St. (Side)",500234054,20,11,20260819T052302,24.97677,121.3317,8,1,11,0,2026-08-19T05:27:27+08:00
新北市,New Taipei City,YouBike2.0_鳳五路122號前,鶯歌區,鳳五路122號前,"YouBike2.0_No. 122, Feng 5th Rd.",Yingge Dist,"No. 122, Feng 5th Rd. (Front)",500234055,18,12,20260819T005117,24.97316,121.32991,6,1,10,2,2026-08-19T05:27:27+08:00
新北市,New Taipei City,YouBike2.0_建國永昌街口,鶯歌區,建國路546號(對面),YouBike2.0_JianGuo Rd. & YongChang St. Intersection,Yingge Dist,"No. 546, JianGuo Rd. (Opposite)",500234056,17,3,20260818T181003,24.95031,121.33831,14,1,3,0,2026-08-19T05:27:27+08:00
新北市,New Taipei City,YouBike2.0_捷運鶯歌車站,鶯歌區,館前路300號(對側),YouBike2.0_MRT Yingge Sta.,Yingge Dist,"No. 300, GuanQian Rd. (Opposite)",500234057,34,7,20260818T231802,24.95322,121.35668,26,1,7,0,2026-08-19T05:27:27+08:00
新北市,New Taipei City,YouBike2.0_鳳三龍七路口,鶯歌區,鳳三路68號,YouBike2.0_Feng 3rd Rd. & Long 7th Rd. Intersection,Yingge Dist,"No. 68, Feng 3rd Rd.",500234058,18,5,20260819T051404,24.97204,121.33467,12,1,5,0,2026-08-19T05:27:27+08:00
新北市,New Taipei City,YouBike2.0_捷運國華站,鶯歌區,國華路45號(對側),YouBike2.0_MRT Guohua Sta.,Yingge Dist,"No. 45, GuoHua Rd. (Opposite)",500234059,24,10,20260818T231302,24.95535,121.34251,14,1,10,0,2026-08-19T05:27:27+08:00
新北市,New Taipei City,YouBike2.0_捷運陶瓷老街站,鶯歌區,捷運陶瓷老街站(重慶街側),YouBike2.0_MRT Ceramics Old Street Sta.,Yingge Dist,MRT Ceramics Old Street Sta. (ChongQing St.),500234060,36,22,20260818T212403,24.95212,121.35065,14,1,22,0,2026-08-19T05:27:27+08:00
新北市,New Taipei City,YouBike2.0_捷運永吉公園站,鶯歌區,鶯桃路296巷口,YouBike2.0_MRT Yongji Park Sta.,Yingge Dist,"Ln. 296, YingTao Rd. Intersection",500234061,47,15,20260819T002704,24.96048,121.33476,31,1,11,4,2026-08-19T05:27:27+08:00
新北市,New Taipei City,YouBike2.0_捷運鶯桃福德站,鶯歌區,福德一路20號(對側),YouBike2.0_MRT Yingtao Fude Sta.,Yingge Dist,"No. 20, FuDe 1st Rd. (Opposite)",500234062,75,15,20260819T040004,24.96704,121.33044,60,1,15,0,2026-08-19T05:27:27+08:00
新北市,New Taipei City,YouBike2.0_捷運國華站(2號出口),鶯歌區,國華路97號(對側),YouBike2.0_MRT Guohua Sta.(Exit 2),Yingge Dist,"No. 97, GuoHua Rd. (Opposite)",500234063,60,18,20260819T000803,24.95374,121.34301,42,1,17,1,2026-08-19T05:27:27+08:00
新北市,New Taipei City,YouBike2.0_鶯歌山水步道停車場,鶯歌區,觀景涼亭停車場,YouBike2.0_YingGe Riverside Trail Car Park,Yingge Dist,YingGe Riverside Trail Car Park,500234064,24,6,20260818T192804,24.93205,121.32825,18,1,6,0,2026-08-19T05:27:27+08:00
新北市,New Taipei City,YouBike2.0_鶯歌環河自行車道,鶯歌區,環河路/甲三街(南側自行車道),YouBike2.0_YingGe Riverside Cycling Route,Yingge Dist,Huanhe Rd. & Jia 3rd St. (South),500234065,20,13,20260818T223504,24.92967,121.33837,7,1,13,0,2026-08-19T05:27:27+08:00
新北市,New Taipei City,YouBike2.0_鶯歌火車站(仁愛路),鶯歌區,仁愛路55號對側,YouBike2.0_Yingge Railway Station(Ren’ai Rd.),Yingge Dist,"No.55, Ren’ai Rd., Yingge Dist.(opposite)",500234001,69,11,20260819T054304,24.95559,121.35441,57,1,11,0,2026-08-19T05:47:05+08:00
新北市,New Taipei City,YouBike2.0_新北市立圖書館鶯歌分館,鶯歌區,中山路150號,YouBike2.0_New Taipei City Library Yingge Branch,Yingge Dist,"No.150, Zhongshan Rd.",500234002,20,13,20260819T054304,24.9572,121.34946,7,1,10,3,2026-08-19T05:47:05+08:00
新北市,New Taipei City,YouBike2.0_文化館前路口,鶯歌區,文化路407號旁,YouBike2.0_Yingge Ceramics Museum,Yingge Dist,"No. 407, Wenhua Rd.",500234003,44,18,20260819T053103,24.94948,121.35291,26,1,16,2,2026-08-19T05:47:05+08:00
新北市,New Taipei City,YouBike2.0_鶯歌國民運動中心,鶯歌區,館前路250號運動中心前,YouBike2.0_Yingge Civil Sports Center,Yingge Dist,"No.250, Guanqian Rd., Yingge Dist.",500234004,38,20,20260819T054403,24.95139,121.35733,18,1,20,0,2026-08-19T05:47:05+08:00
新北市,New Taipei City,YouBike2.0_尖山國中,鶯歌區,國中街1號,YouBike2.0_Municipal Jianshan Junior High School,Yingge Dist,"No.1, Guozhong St., Yingge Dist(sidewalk)",500234005,20,7,20260819T054304,24.94381,121.34207,13,1,7,0,2026-08-19T05:47:05+08:00
新北市,New Taipei City,YouBike2.0_新北市立鶯歌高級工商職業學校,鶯歌區,中正三路154號,YouBike2.0_New Taipei Municipal Yingge Vocational High School,Yingge Dist,"No. 154, Zhongzheng 3rd. Rd",500234006,56,8,20260819T042402,24.93923,121.33488,48,1,8,0,2026-08-19T05:47:05+08:00
新北市,New Taipei City,YouBike2.0_鶯歌國中,鶯歌區,鶯桃路39-5號對側,YouBike2.0_Yingge Junior High chool,Yingge Dist,"No.39-5, Yingtao Rd.(opposite)",500234007,30,2,20260819T052902,24.95119,121.34256,27,1,0,2,2026-08-19T05:47:05+08:00
新北市,New Taipei City,YouBike2.0_永吉國小,鶯歌區,德昌二街39號對側,YouBike2.0_Yongchi elementary school,Yingge Dist,"No.39, Dechang 2nd St., Yingge Dist.",500234008,20,3,20260819T053703,24.95865,121.33308,17,1,3,0,2026-08-19T05:47:05+08:00
新北市,New Taipei City,YouBike2.0_鳳祥公園,鶯歌區,鶯桃路365巷130號對側,YouBike2.0_Fengxiang Park,Yingge Dist,"No.130, Ln. 365, Yingtao Rd., Yingge Dist.",500234009,20,7,20260819T000003,24.96283,121.33025,13,1,7,0,2026-08-19T05:47:05+08:00
新北市,New Taipei City,YouBike2.0_鳳鳴國小,鶯歌區,永和街120號,YouBike2.0_Fengming Elementary School,Yingge Dist,"No.120, Yonghe St., Yingge Dist.",500234010,20,5,20260819T051404,24.9692,121.3347,15,1,5,0,2026-08-19T05:47:05+08:00
新北市,New Taipei City,YouBike2.0_國際二國際一路口,鶯歌區,國際二路與國際一路口,YouBike2.0_Guoji 2nd Guoji 1st Intersection,Yingge Dist,"Guoji 2nd Rd./Guoji 1st Rd., Yingge Dist.",500234011,20,9,20260819T050602,24.97577,121.3353,11,1,9,0,2026-08-19T05:47:05+08:00
新北市,New Taipei City,YouBike2.0_鳳福公園,鶯歌區,鳳吉一街186號(對面),YouBike2.0_Fengfu Park,Yingge Dist,"No. 186, Fengji 1st St., Yingge Dist.(opposite)",500234012,20,6,20260819T053404,24.97572,121.32938,14,1,4,2,2026-08-19T05:47:05+08:00
新北市,New Taipei City,YouBike2.0_尖山公園,鶯歌區,鶯歌區尖山路161號對面,YouBike2.0_Jianshan Park,Yingge Dist,"No.161, Jianshan Rd.(opposite)",500234013,29,15,20260819T052402,24.9482,121.346,14,1,15,0,2026-08-19T05:47:05+08:00
新北市,New Taipei City,YouBike2.0_永昌里兒一公園,鶯歌區,鶯桃路182巷96弄36-38號對側,YouBike2.0_Yongchang Village Children Park (No.1),Yingge Dist,"No.36-38, Aly. 96, Ln. 182, Yingtao Rd.(oppsite)",500234014,20,11,20260818T215703,24.956649374562204,121.33959628800724,9,1,8,3,2026-08-19T05:47:05+08:00
新北市,New Taipei City,YouBike2.0_南雅育智路口,鶯歌區,南雅路491號(對面),YouBike2.0_Nanya & Yuzhi Rd. Intersection,Yingge Dist,"No.491, Nanya Rd., Yingge Dist.(opposite)",500234015,22,11,20260819T054101,24.954,121.346,11,1,10,1,2026-08-19T05:47:05+08:00
新北市,New Taipei City,YouBike2.0_國中二甲路口,鶯歌區,國中街175號(前),YouBike2.0_Guozhong & Erjia Intersection,Yingge Dist,"No. 175, Guozhong St., Yingge Dist.",500234016,20,14,20260818T235702,24.939489067109363,121.33868650698288,6,1,9,5,2026-08-19T05:47:05+08:00
新北市,New Taipei City,YouBike2.0_鶯歌永利街,鶯歌區,永利街16號(對面),YouBike2.0_Yingge Yongli St.,Yingge Dist,"No. 16, Yongli St. Yingge Dist.",500234017,15,11,20260818T232903,24.95495,121.33911,3,1,11,0,2026-08-19T05:47:05+08:00
新北市,New Taipei City,YouBike2.0_二橋虹橋公園,鶯歌區,中正三路400號(對面),YouBike2.0_Erqiaoshiguanghongqiao Park,Yingge Dist,"No. 400, Zhongzheng 3rd Rd.(Opposite)",500234018,10,4,20260818T223004,24.93453,121.32595,6,1,4,0,2026-08-19T05:47:05+08:00
新北市,New Taipei City,YouBike2.0_鳳吉四鳳七路口(捷士匯社區),鶯歌區,鳳吉四街57-75號(旁),YouBike2.0_Fengji 4th & Feng 7th Rd. Intersection,Yingge Dist,"No. 57-75, Fengji 4th St.",500234021,40,20,20260819T053703,24.97383,121.32769,20,1,18,2,2026-08-19T05:47:05+08:00
新北市,New Taipei City,YouBike2.0_鶯歌老街第二停車場,鶯歌區,尖山埔路27-31號(對面),YouBike2.0_Yingge Old Street 2nd Parking Lot,Yingge Dist,"No. 27-31, Jianshanpu Rd.(Opposite)",500234022,20,12,20260818T214403,24.94895,121.34227,8,1,11,1,2026-08-19T05:47:05+08:00
新北市,New Taipei City,YouBike2.0_建國中正一路口(北鶯社區),鶯歌區,建國路6號(對面空地),YouBike2.0_Jianguo Zhongzheng 1st Rd. Intersection,Yingge Dist,"No. 6, Jianguo Rd.(Opposite)",500234023,20,9,20260819T044504,24.95658,121.35692,11,1,9,0,2026-08-19T05:47:05+08:00
新北市,New Taipei City,YouBike2.0_三鶯水資源回收中心,鶯歌區,館前路360號(旁),YouBike2.0_Sanying Water Recycling Center,Yingge Dist,"No. 360, Guanqian Rd.",500234024,14,11,20260818T222404,24.95535,121.35996,3,1,7,4,2026-08-19T05:47:05+08:00
新北市,New Taipei City,YouBike2.0_永和街65巷口,鶯歌區,永和街75號,"YouBike2.0_Ln. 65, Yonghe St. Intersection",Yingge Dist,"No. 75, Yonghe St.",500234025,37,14,20260819T053305,24.96798,121.3331413,23,1,10,4,2026-08-19T05:47:05+08:00
新北市,New Taipei City,YouBike2.0_鶯歌陶瓷博物館,鶯歌區,文化路200號(旁),YouBike2.0_Yingge Ceramics Museum(Wenhua Rd.),Yingge Dist,"No. 200, Wenhua Rd.",500234026,22,18,20260819T054304,24.95012,121.35245,4,1,15,3,2026-08-19T05:47:05+08:00
新北市,New Taipei City,YouBike2.0_礫間停車場,鶯歌區,礫間停車場,YouBike2.0_Lijian Parking,Yingge Dist,Lijian Parking,500234028,20,2,20260818T221504,24.9518,121.35445,18,1,1,1,2026-08-19T05:47:05+08:00
新北市,New Taipei City,YouBike2.0_北鶯停車場,鶯歌區,北鶯停車場,YouBike2.0_Beiying Parking,Yingge Dist,Beiying Parking,500234029,20,9,20260818T223102,24.95567,121.35992,11,1,9,0,2026-08-19T05:47:05+08:00
新北市,New Taipei City,YouBike2.0_育英建國路口,鶯歌區,建國路280號(旁),YouBike2.0_Yuying Jianguo Rd. Intersection,Yingge Dist,"No. 280, Jianguo Rd.",500234030,12,2,20260819T053305,24.95356,121.34693,10,1,2,0,2026-08-19T05:47:05+08:00
新北市,New Taipei City,YouBike2.0_中正一仁愛路口,鶯歌區,中正一路181號(對面),YouBike2.0_Zhongzheng 1st & Ren'ai Rd Intersection,Yingge Dist,"No. 181, Zhongzheng 1st Rd.(Opposite)",500234031,15,5,20260819T052402,24.95672,121.3532,10,1,3,2,2026-08-19T05:47:05+08:00
新北市,New Taipei City,YouBike2.0_建國國小,鶯歌區,育英街19號(旁),YouBike2.0_Jianguo Elementary School,Yingge Dist,"No. 19, Yuying St.",500234032,15,8,20260819T052402,24.95521,121.34727,7,1,8,0,2026-08-19T05:47:05+08:00
新北市,New Taipei City,YouBike2.0_光明橋,鶯歌區,永明街78號(旁),YouBike2.0_Guang-ming bridge,Yingge Dist,"No. 78, Yongming St., Yingge Dist.(side)",500234033,14,9,20260819T040102,24.95577,121.34128,5,1,9,0,2026-08-19T05:47:05+08:00
新北市,New Taipei City,YouBike2.0_二橋派出所,鶯歌區,高職西街/中正三路口(西北側),YouBike2.0_Erqiao Police Station,Yingge Dist,"Gaozhi W. St. & Zhongzheng 3rd Rd., Yingge Dist. (west side)",500234034,11,3,20260819T054101,24.94216,121.33884,8,1,3,0,2026-08-19T05:47:05+08:00
新北市,New Taipei City,YouBike2.0_國中高職東街口,鶯歌區,國中路113至117-3號(對面),YouBike2.0_Guozhong & Gaozhi E. Intersection,Yingge Dist,"No. 113, Guozhong St., Yingge Dist.(opposite)",500234035,15,4,20260819T054304,24.94117,121.34116,11,1,2,2,2026-08-19T05:47:05+08:00
新北市,New Taipei City,YouBike2.0_尖山路高厝巷口,鶯歌區,尖山路276-5號(旁),YouBike2.0_Gaocuo Ln. Jianshan Rd.,Yingge Dist,"No. 276-5, Jianshan Rd. (Side)",500234036,15,6,20260819T053904,24.94495,121.34102,8,1,6,0,2026-08-19T05:47:05+08:00
新北市,New Taipei City,YouBike2.0_公八停車場,鶯歌區,國華路53號(對面),YouBike2.0_Public 8th Parking Lot,Yingge Dist,"No.53, Guohua Rd. (opposite)",500234037,15,7,20260819T053703,24.95515,121.34285,8,1,5,2,2026-08-19T05:47:05+08:00
新北市,New Taipei City,YouBike2.0_龍三鳳鳴路口,鶯歌區,鳳鳴路541號,YouBike2.0_Long 3rd. Rd. & Fengming Rd. Intersection,Yingge Dist,"No. 541, Fengming Rd.",500234038,18,9,20260819T054304,24.97286,121.33137,9,1,9,0,2026-08-19T05:47:05+08:00
新北市,New Taipei City,YouBike2.0_鳳福鳳三路口,鶯歌區,鳳三路360號,YouBike2.0_Fengfu Rd. & Feng 3rd. Rd. Intersection,Yingge Dist,"No. 360, Feng 3rd Rd.",500234039,22,7,20260819T054101,24.97567,121.33143,15,1,7,0,2026-08-19T05:47:05+08:00
新北市,New Taipei City,YouBike2.0_北鶯公園,鶯歌區,成功街20巷19號(旁),YouBike2.0_Beiying Park,Yingge Dist,"No. 19, Ln. 20, Chenggong St. (Side)",500234040,15,7,20260819T035703,24.95777,121.35942,6,1,7,0,2026-08-19T05:47:05+08:00
新北市,New Taipei City,YouBike2.0_鶯歌火車站(文化路),鶯歌區,文化路/文化路115巷(北側),YouBike2.0_Yingge Station (Wenhua Rd.),Yingge Dist,"Ln. 115, Wenhua Rd. Intersection (North)",500234041,25,18,20260819T053305,24.95536,121.35697,7,1,17,1,2026-08-19T05:47:05+08:00
新北市,New Taipei City,YouBike2.0_鳳七鶯歌路口,鶯歌區,鶯歌路101-107號(旁),YouBike2.0_Feng 7th Rd. & Yingge Rd. Intersection,Yingge Dist,"No. 101-107, Yingge Rd. (Side)",500234042,11,4,20260819T054304,24.96916,121.33193,7,1,3,1,2026-08-19T05:47:05+08:00
新北市,New Taipei City,YouBike2.0_國際一路112巷口,鶯歌區,國際一路167號(前),"YouBike2.0_Ln. 112, GuoJi 1st Rd.",Yingge Dist,"No. 167, GuoJi 1st Rd. (Front)",500234043,15,9,20260819T051404,24.97667,121.33579,5,1,6,3,2026-08-19T05:47:05+08:00
新北市,New Taipei City,YouBike2.0_臺鐵鳳鳴站,鶯歌區,鳳一路/鶯歌路口,YouBike2.0_Fengming Station,Yingge Dist,Feng 1st Rd. & YingGe Rd.,500234044,40,0,20260817T173503,24.97227,121.33674,0,0,0,0,2026-08-19T05:47:05+08:00
新北市,New Taipei City,YouBike2.0_鶯歌陶瓷老街,鶯歌區,重慶街/國慶街(西南側),YouBike2.0_YingGe Old Street,Yingge Dist,ChongQing St. & GuoQing St. (Southwest),500234045,33,15,20260819T012804,24.95219,121.351,18,1,15,0,2026-08-19T05:47:05+08:00
新北市,New Taipei City,YouBike2.0_鶯歌火車站(仁愛路62號),鶯歌區,仁愛路62號(東側),"YouBike2.0_YingGe Station (No. 62, RenAi Rd.)",Yingge Dist,"No. 62, RenAi Rd. (East)",500234046,42,5,20260819T054403,24.95505,121.35407,37,1,4,1,2026-08-19T05:47:05+08:00
新北市,New Taipei City,YouBike2.0_臺鐵鳳鳴站(鶯歌路),鶯歌區,鶯歌路276號(對面),YouBike2.0_Fengming Station (YingGe Rd.),Yingge Dist,"No. 276, YingGe Rd. (Opposite)",500234047,20,0,20260819T053616,24.97189,121.33651,20,1,0,0,2026-08-19T05:47:05+08:00
新北市,New Taipei City,YouBike2.0_光明育智路口,鶯歌區,光明街126號(東南側),YouBike2.0_GuangMing St. & YuZhi Rd. Intersection,Yingge Dist,"No. 126, GuangMing St. (Southeast)",500234048,14,8,20260818T234616,24.95587,121.3456,6,1,8,0,2026-08-19T05:47:05+08:00
新北市,New Taipei City,YouBike2.0_新鳳公園,鶯歌區,鶯桃路二段60號(對側),YouBike2.0_XinFeng Park,Yingge Dist,"No. 60, Sec. 2, YingTao Rd. (Opposite)",500234049,14,1,20260819T054318,24.9732,121.32474,13,1,1,0,2026-08-19T05:47:05+08:00
新北市,New Taipei City,YouBike2.0_鳳鳴機器人公園,鶯歌區,鳳鳴路/福安街7巷24弄口,YouBike2.0_FengMing Robot Park,Yingge Dist,"FengMing Rd. & Aly. 24, Ln. 7, FuAn St.",500234050,17,11,20260819T004303,24.96618,121.33465,6,1,6,5,2026-08-19T05:47:05+08:00
新北市,New Taipei City,YouBike2.0_龍五鳳七路口,鶯歌區,龍五路/鳳七路口,YouBike2.0_Long 5th Rd. & Feng 7th Rd. Intersection,Yingge Dist,Long 5th Rd. & Feng 7th Rd. Intersection,500234051,30,6,20260819T053305,24.97043,121.33101,24,1,6,0,2026-08-19T05:47:05+08:00
新北市,New Taipei City,YouBike2.0_龍鳳夜市,鶯歌區,鳳三路/龍三路(東南側),YouBike2.0_LongFeng Night Market,Yingge Dist,Feng 3rd Rd. & Long 3rd Rd. (Southeast),500234052,30,10,20260819T000902,24.97329,121.33331,20,1,10,0,2026-08-19T05:47:05+08:00
新北市,New Taipei City,YouBike2.0_中湖市民活動中心,鶯歌區,中湖街21號,YouBike2.0_Zhonghu Civic Activity Center,Yingge Dist,"No. 21, ZhongHu St.",500234053,20,3,20260819T010102,24.97298,121.3472,16,1,2,1,2026-08-19T05:47:05+08:00
新北市,New Taipei City,YouBike2.0_鳳一鳳吉一街口,鶯歌區,鳳吉一街259號(旁),YouBike2.0_Feng 1st Rd. & FengJi 1st St. Intersection,Yingge Dist,"No. 259, FengJi 1st St. (Side)",500234054,20,11,20260819T052302,24.97677,121.3317,8,1,11,0,2026-08-19T05:47:05+08:00
新北市,New Taipei City,YouBike2.0_鳳五路122號前,鶯歌區,鳳五路122號前,"YouBike2.0_No. 122, Feng 5th Rd.",Yingge Dist,"No. 122, Feng 5th Rd. (Front)",500234055,18,12,20260819T005117,24.97316,121.32991,6,1,10,2,2026-08-19T05:47:05+08:00
新北市,New Taipei City,YouBike2.0_建國永昌街口,鶯歌區,建國路546號(對面),YouBike2.0_JianGuo Rd. & YongChang St. Intersection,Yingge Dist,"No. 546, JianGuo Rd. (Opposite)",500234056,17,3,20260818T181003,24.95031,121.33831,14,1,3,0,2026-08-19T05:47:05+08:00
新北市,New Taipei City,YouBike2.0_捷運鶯歌車站,鶯歌區,館前路300號(對側),YouBike2.0_MRT Yingge Sta.,Yingge Dist,"No. 300, GuanQian Rd. (Opposite)",500234057,34,8,20260819T054304,24.95322,121.35668,26,1,7,1,2026-08-19T05:47:05+08:00
新北市,New Taipei City,YouBike2.0_鳳三龍七路口,鶯歌區,鳳三路68號,YouBike2.0_Feng 3rd Rd. & Long 7th Rd. Intersection,Yingge Dist,"No. 68, Feng 3rd Rd.",500234058,18,5,20260819T051404,24.97204,121.33467,12,1,5,0,2026-08-19T05:47:05+08:00
新北市,New Taipei City,YouBike2.0_捷運國華站,鶯歌區,國華路45號(對側),YouBike2.0_MRT Guohua Sta.,Yingge Dist,"No. 45, GuoHua Rd. (Opposite)",500234059,24,10,20260818T231302,24.95535,121.34251,14,1,10,0,2026-08-19T05:47:05+08:00
新北市,New Taipei City,YouBike2.0_捷運陶瓷老街站,鶯歌區,捷運陶瓷老街站(重慶街側),YouBike2.0_MRT Ceramics Old Street Sta.,Yingge Dist,MRT Ceramics Old Street Sta. (ChongQing St.),500234060,36,22,20260818T212403,24.95212,121.35065,14,1,22,0,2026-08-19T05:47:05+08:00
新北市,New Taipei City,YouBike2.0_捷運永吉公園站,鶯歌區,鶯桃路296巷口,YouBike2.0_MRT Yongji Park Sta.,Yingge Dist,"Ln. 296, YingTao Rd. Intersection",500234061,47,15,20260819T002704,24.96048,121.33476,31,1,11,4,2026-08-19T05:47:05+08:00
新北市,New Taipei City,YouBike2.0_捷運鶯桃福德站,鶯歌區,福德一路20號(對側),YouBike2.0_MRT Yingtao Fude Sta.,Yingge Dist,"No. 20, FuDe 1st Rd. (Opposite)",500234062,75,15,20260819T040004,24.96704,121.33044,60,1,15,0,2026-08-19T05:47:05+08:00
新北市,New Taipei City,YouBike2.0_捷運國華站(2號出口),鶯歌區,國華路97號(對側),YouBike2.0_MRT Guohua Sta.(Exit 2),Yingge Dist,"No. 97, GuoHua Rd. (Opposite)",500234063,60,17,20260819T053804,24.95374,121.34301,43,1,16,1,2026-08-19T05:47:05+08:00
新北市,New Taipei City,YouBike2.0_鶯歌山水步道停車場,鶯歌區,觀景涼亭停車場,YouBike2.0_YingGe Riverside Trail Car Park,Yingge Dist,YingGe Riverside Trail Car Park,500234064,24,6,20260818T192804,24.93205,121.32825,18,1,6,0,2026-08-19T05:47:05+08:00
新北市,New Taipei City,YouBike2.0_鶯歌環河自行車道,鶯歌區,環河路/甲三街(南側自行車道),YouBike2.0_YingGe Riverside Cycling Route,Yingge Dist,Huanhe Rd. & Jia 3rd St. (South),500234065,20,13,20260818T223504,24.92967,121.33837,7,1,13,0,2026-08-19T05:47:05+08:00
新北市,New Taipei City,YouBike2.0_鶯歌火車站(仁愛路),鶯歌區,仁愛路55號對側,YouBike2.0_Yingge Railway Station(Ren’ai Rd.),Yingge Dist,"No.55, Ren’ai Rd., Yingge Dist.(opposite)",500234001,69,6,20260819T060903,24.95559,121.35441,62,1,6,0,2026-08-19T06:13:14+08:00
新北市,New Taipei City,YouBike2.0_新北市立圖書館鶯歌分館,鶯歌區,中山路150號,YouBike2.0_New Taipei City Library Yingge Branch,Yingge Dist,"No.150, Zhongshan Rd.",500234002,20,12,20260819T055404,24.9572,121.34946,8,1,9,3,2026-08-19T06:13:14+08:00
新北市,New Taipei City,YouBike2.0_文化館前路口,鶯歌區,文化路407號旁,YouBike2.0_Yingge Ceramics Museum,Yingge Dist,"No. 407, Wenhua Rd.",500234003,44,18,20260819T053103,24.94948,121.35291,26,1,16,2,2026-08-19T06:13:14+08:00
新北市,New Taipei City,YouBike2.0_鶯歌國民運動中心,鶯歌區,館前路250號運動中心前,YouBike2.0_Yingge Civil Sports Center,Yingge Dist,"No.250, Guanqian Rd., Yingge Dist.",500234004,38,19,20260819T060903,24.95139,121.35733,19,1,19,0,2026-08-19T06:13:14+08:00
新北市,New Taipei City,YouBike2.0_尖山國中,鶯歌區,國中街1號,YouBike2.0_Municipal Jianshan Junior High School,Yingge Dist,"No.1, Guozhong St., Yingge Dist(sidewalk)",500234005,20,6,20260819T060203,24.94381,121.34207,14,1,6,0,2026-08-19T06:13:14+08:00
新北市,New Taipei City,YouBike2.0_新北市立鶯歌高級工商職業學校,鶯歌區,中正三路154號,YouBike2.0_New Taipei Municipal Yingge Vocational High School,Yingge Dist,"No. 154, Zhongzheng 3rd. Rd",500234006,56,8,20260819T042402,24.93923,121.33488,48,1,8,0,2026-08-19T06:13:14+08:00
新北市,New Taipei City,YouBike2.0_鶯歌國中,鶯歌區,鶯桃路39-5號對側,YouBike2.0_Yingge Junior High chool,Yingge Dist,"No.39-5, Yingtao Rd.(opposite)",500234007,30,2,20260819T060503,24.95119,121.34256,27,1,0,2,2026-08-19T06:13:14+08:00
新北市,New Taipei City,YouBike2.0_永吉國小,鶯歌區,德昌二街39號對側,YouBike2.0_Yongchi elementary school,Yingge Dist,"No.39, Dechang 2nd St., Yingge Dist.",500234008,20,3,20260819T053703,24.95865,121.33308,17,1,3,0,2026-08-19T06:13:14+08:00
新北市,New Taipei City,YouBike2.0_鳳祥公園,鶯歌區,鶯桃路365巷130號對側,YouBike2.0_Fengxiang Park,Yingge Dist,"No.130, Ln. 365, Yingtao Rd., Yingge Dist.",500234009,20,7,20260819T000003,24.96283,121.33025,13,1,7,0,2026-08-19T06:13:14+08:00
新北市,New Taipei City,YouBike2.0_鳳鳴國小,鶯歌區,永和街120號,YouBike2.0_Fengming Elementary School,Yingge Dist,"No.120, Yonghe St., Yingge Dist.",500234010,20,5,20260819T051404,24.9692,121.3347,15,1,5,0,2026-08-19T06:13:14+08:00
新北市,New Taipei City,YouBike2.0_國際二國際一路口,鶯歌區,國際二路與國際一路口,YouBike2.0_Guoji 2nd Guoji 1st Intersection,Yingge Dist,"Guoji 2nd Rd./Guoji 1st Rd., Yingge Dist.",500234011,20,9,20260819T050602,24.97577,121.3353,11,1,9,0,2026-08-19T06:13:14+08:00
新北市,New Taipei City,YouBike2.0_鳳福公園,鶯歌區,鳳吉一街186號(對面),YouBike2.0_Fengfu Park,Yingge Dist,"No. 186, Fengji 1st St., Yingge Dist.(opposite)",500234012,20,6,20260819T060903,24.97572,121.32938,14,1,4,2,2026-08-19T06:13:14+08:00
新北市,New Taipei City,YouBike2.0_尖山公園,鶯歌區,鶯歌區尖山路161號對面,YouBike2.0_Jianshan Park,Yingge Dist,"No.161, Jianshan Rd.(opposite)",500234013,29,14,20260819T054504,24.9482,121.346,15,1,14,0,2026-08-19T06:13:14+08:00
新北市,New Taipei City,YouBike2.0_永昌里兒一公園,鶯歌區,鶯桃路182巷96弄36-38號對側,YouBike2.0_Yongchang Village Children Park (No.1),Yingge Dist,"No.36-38, Aly. 96, Ln. 182, Yingtao Rd.(oppsite)",500234014,20,11,20260818T215703,24.956649374562204,121.33959628800724,9,1,8,3,2026-08-19T06:13:14+08:00
新北市,New Taipei City,YouBike2.0_南雅育智路口,鶯歌區,南雅路491號(對面),YouBike2.0_Nanya & Yuzhi Rd. Intersection,Yingge Dist,"No.491, Nanya Rd., Yingge Dist.(opposite)",500234015,22,9,20260819T060203,24.954,121.346,13,1,8,1,2026-08-19T06:13:14+08:00
新北市,New Taipei City,YouBike2.0_國中二甲路口,鶯歌區,國中街175號(前),YouBike2.0_Guozhong & Erjia Intersection,Yingge Dist,"No. 175, Guozhong St., Yingge Dist.",500234016,20,14,20260818T235702,24.939489067109363,121.33868650698288,6,1,9,5,2026-08-19T06:13:14+08:00
新北市,New Taipei City,YouBike2.0_鶯歌永利街,鶯歌區,永利街16號(對面),YouBike2.0_Yingge Yongli St.,Yingge Dist,"No. 16, Yongli St. Yingge Dist.",500234017,15,11,20260818T232903,24.95495,121.33911,3,1,11,0,2026-08-19T06:13:14+08:00
新北市,New Taipei City,YouBike2.0_二橋虹橋公園,鶯歌區,中正三路400號(對面),YouBike2.0_Erqiaoshiguanghongqiao Park,Yingge Dist,"No. 400, Zhongzheng 3rd Rd.(Opposite)",500234018,10,4,20260818T223004,24.93453,121.32595,6,1,4,0,2026-08-19T06:13:14+08:00
新北市,New Taipei City,YouBike2.0_鳳吉四鳳七路口(捷士匯社區),鶯歌區,鳳吉四街57-75號(旁),YouBike2.0_Fengji 4th & Feng 7th Rd. Intersection,Yingge Dist,"No. 57-75, Fengji 4th St.",500234021,40,17,20260819T055404,24.97383,121.32769,23,1,15,2,2026-08-19T06:13:14+08:00
新北市,New Taipei City,YouBike2.0_鶯歌老街第二停車場,鶯歌區,尖山埔路27-31號(對面),YouBike2.0_Yingge Old Street 2nd Parking Lot,Yingge Dist,"No. 27-31, Jianshanpu Rd.(Opposite)",500234022,20,12,20260818T214403,24.94895,121.34227,8,1,11,1,2026-08-19T06:13:14+08:00
新北市,New Taipei City,YouBike2.0_建國中正一路口(北鶯社區),鶯歌區,建國路6號(對面空地),YouBike2.0_Jianguo Zhongzheng 1st Rd. Intersection,Yingge Dist,"No. 6, Jianguo Rd.(Opposite)",500234023,20,9,20260819T044504,24.95658,121.35692,11,1,9,0,2026-08-19T06:13:14+08:00
新北市,New Taipei City,YouBike2.0_三鶯水資源回收中心,鶯歌區,館前路360號(旁),YouBike2.0_Sanying Water Recycling Center,Yingge Dist,"No. 360, Guanqian Rd.",500234024,14,10,20260819T055003,24.95535,121.35996,4,1,6,4,2026-08-19T06:13:14+08:00
新北市,New Taipei City,YouBike2.0_永和街65巷口,鶯歌區,永和街75號,"YouBike2.0_Ln. 65, Yonghe St. Intersection",Yingge Dist,"No. 75, Yonghe St.",500234025,37,12,20260819T060703,24.96798,121.3331413,25,1,9,3,2026-08-19T06:13:14+08:00
新北市,New Taipei City,YouBike2.0_鶯歌陶瓷博物館,鶯歌區,文化路200號(旁),YouBike2.0_Yingge Ceramics Museum(Wenhua Rd.),Yingge Dist,"No. 200, Wenhua Rd.",500234026,22,18,20260819T055204,24.95012,121.35245,4,1,15,3,2026-08-19T06:13:14+08:00
新北市,New Taipei City,YouBike2.0_礫間停車場,鶯歌區,礫間停車場,YouBike2.0_Lijian Parking,Yingge Dist,Lijian Parking,500234028,20,2,20260818T221504,24.9518,121.35445,18,1,1,1,2026-08-19T06:13:14+08:00
新北市,New Taipei City,YouBike2.0_北鶯停車場,鶯歌區,北鶯停車場,YouBike2.0_Beiying Parking,Yingge Dist,Beiying Parking,500234029,20,9,20260818T223102,24.95567,121.35992,11,1,9,0,2026-08-19T06:13:14+08:00
新北市,New Taipei City,YouBike2.0_育英建國路口,鶯歌區,建國路280號(旁),YouBike2.0_Yuying Jianguo Rd. Intersection,Yingge Dist,"No. 280, Jianguo Rd.",500234030,12,1,20260819T055504,24.95356,121.34693,11,1,0,1,2026-08-19T06:13:14+08:00
新北市,New Taipei City,YouBike2.0_中正一仁愛路口,鶯歌區,中正一路181號(對面),YouBike2.0_Zhongzheng 1st & Ren'ai Rd Intersection,Yingge Dist,"No. 181, Zhongzheng 1st Rd.(Opposite)",500234031,15,5,20260819T052402,24.95672,121.3532,10,1,3,2,2026-08-19T06:13:14+08:00
新北市,New Taipei City,YouBike2.0_建國國小,鶯歌區,育英街19號(旁),YouBike2.0_Jianguo Elementary School,Yingge Dist,"No. 19, Yuying St.",500234032,15,8,20260819T052402,24.95521,121.34727,7,1,8,0,2026-08-19T06:13:14+08:00
新北市,New Taipei City,YouBike2.0_光明橋,鶯歌區,永明街78號(旁),YouBike2.0_Guang-ming bridge,Yingge Dist,"No. 78, Yongming St., Yingge Dist.(side)",500234033,14,9,20260819T040102,24.95577,121.34128,5,1,9,0,2026-08-19T06:13:14+08:00
新北市,New Taipei City,YouBike2.0_二橋派出所,鶯歌區,高職西街/中正三路口(西北側),YouBike2.0_Erqiao Police Station,Yingge Dist,"Gaozhi W. St. & Zhongzheng 3rd Rd., Yingge Dist. (west side)",500234034,11,3,20260819T054101,24.94216,121.33884,8,1,3,0,2026-08-19T06:13:14+08:00
新北市,New Taipei City,YouBike2.0_國中高職東街口,鶯歌區,國中路113至117-3號(對面),YouBike2.0_Guozhong & Gaozhi E. Intersection,Yingge Dist,"No. 113, Guozhong St., Yingge Dist.(opposite)",500234035,15,4,20260819T054304,24.94117,121.34116,11,1,2,2,2026-08-19T06:13:14+08:00
新北市,New Taipei City,YouBike2.0_尖山路高厝巷口,鶯歌區,尖山路276-5號(旁),YouBike2.0_Gaocuo Ln. Jianshan Rd.,Yingge Dist,"No. 276-5, Jianshan Rd. (Side)",500234036,15,5,20260819T054804,24.94495,121.34102,9,1,5,0,2026-08-19T06:13:14+08:00
新北市,New Taipei City,YouBike2.0_公八停車場,鶯歌區,國華路53號(對面),YouBike2.0_Public 8th Parking Lot,Yingge Dist,"No.53, Guohua Rd. (opposite)",500234037,15,7,20260819T053703,24.95515,121.34285,8,1,5,2,2026-08-19T06:13:14+08:00
新北市,New Taipei City,YouBike2.0_龍三鳳鳴路口,鶯歌區,鳳鳴路541號,YouBike2.0_Long 3rd. Rd. & Fengming Rd. Intersection,Yingge Dist,"No. 541, Fengming Rd.",500234038,18,9,20260819T054304,24.97286,121.33137,9,1,9,0,2026-08-19T06:13:14+08:00
新北市,New Taipei City,YouBike2.0_鳳福鳳三路口,鶯歌區,鳳三路360號,YouBike2.0_Fengfu Rd. & Feng 3rd. Rd. Intersection,Yingge Dist,"No. 360, Feng 3rd Rd.",500234039,22,5,20260819T060603,24.97567,121.33143,17,1,5,0,2026-08-19T06:13:14+08:00
新北市,New Taipei City,YouBike2.0_北鶯公園,鶯歌區,成功街20巷19號(旁),YouBike2.0_Beiying Park,Yingge Dist,"No. 19, Ln. 20, Chenggong St. (Side)",500234040,15,8,20260819T055003,24.95777,121.35942,5,1,8,0,2026-08-19T06:13:14+08:00
新北市,New Taipei City,YouBike2.0_鶯歌火車站(文化路),鶯歌區,文化路/文化路115巷(北側),YouBike2.0_Yingge Station (Wenhua Rd.),Yingge Dist,"Ln. 115, Wenhua Rd. Intersection (North)",500234041,25,18,20260819T053305,24.95536,121.35697,7,1,17,1,2026-08-19T06:13:14+08:00
新北市,New Taipei City,YouBike2.0_鳳七鶯歌路口,鶯歌區,鶯歌路101-107號(旁),YouBike2.0_Feng 7th Rd. & Yingge Rd. Intersection,Yingge Dist,"No. 101-107, Yingge Rd. (Side)",500234042,11,3,20260819T055903,24.96916,121.33193,8,1,2,1,2026-08-19T06:13:14+08:00
新北市,New Taipei City,YouBike2.0_國際一路112巷口,鶯歌區,國際一路167號(前),"YouBike2.0_Ln. 112, GuoJi 1st Rd.",Yingge Dist,"No. 167, GuoJi 1st Rd. (Front)",500234043,15,9,20260819T051404,24.97667,121.33579,5,1,6,3,2026-08-19T06:13:14+08:00
新北市,New Taipei City,YouBike2.0_臺鐵鳳鳴站,鶯歌區,鳳一路/鶯歌路口,YouBike2.0_Fengming Station,Yingge Dist,Feng 1st Rd. & YingGe Rd.,500234044,40,0,20260817T173503,24.97227,121.33674,0,0,0,0,2026-08-19T06:13:14+08:00
新北市,New Taipei City,YouBike2.0_鶯歌陶瓷老街,鶯歌區,重慶街/國慶街(西南側),YouBike2.0_YingGe Old Street,Yingge Dist,ChongQing St. & GuoQing St. (Southwest),500234045,33,15,20260819T012804,24.95219,121.351,18,1,15,0,2026-08-19T06:13:14+08:00
新北市,New Taipei City,YouBike2.0_鶯歌火車站(仁愛路62號),鶯歌區,仁愛路62號(東側),"YouBike2.0_YingGe Station (No. 62, RenAi Rd.)",Yingge Dist,"No. 62, RenAi Rd. (East)",500234046,42,7,20260819T055504,24.95505,121.35407,35,1,6,1,2026-08-19T06:13:14+08:00
新北市,New Taipei City,YouBike2.0_臺鐵鳳鳴站(鶯歌路),鶯歌區,鶯歌路276號(對面),YouBike2.0_Fengming Station (YingGe Rd.),Yingge Dist,"No. 276, YingGe Rd. (Opposite)",500234047,20,7,20260819T060903,24.97189,121.33651,13,1,7,0,2026-08-19T06:13:14+08:00
新北市,New Taipei City,YouBike2.0_光明育智路口,鶯歌區,光明街126號(東南側),YouBike2.0_GuangMing St. & YuZhi Rd. Intersection,Yingge Dist,"No. 126, GuangMing St. (Southeast)",500234048,14,7,20260819T055404,24.95587,121.3456,7,1,7,0,2026-08-19T06:13:14+08:00
新北市,New Taipei City,YouBike2.0_新鳳公園,鶯歌區,鶯桃路二段60號(對側),YouBike2.0_XinFeng Park,Yingge Dist,"No. 60, Sec. 2, YingTao Rd. (Opposite)",500234049,14,9,20260819T060804,24.9732,121.32474,5,1,9,0,2026-08-19T06:13:14+08:00
新北市,New Taipei City,YouBike2.0_鳳鳴機器人公園,鶯歌區,鳳鳴路/福安街7巷24弄口,YouBike2.0_FengMing Robot Park,Yingge Dist,"FengMing Rd. & Aly. 24, Ln. 7, FuAn St.",500234050,17,11,20260819T004303,24.96618,121.33465,6,1,6,5,2026-08-19T06:13:14+08:00
新北市,New Taipei City,YouBike2.0_龍五鳳七路口,鶯歌區,龍五路/鳳七路口,YouBike2.0_Long 5th Rd. & Feng 7th Rd. Intersection,Yingge Dist,Long 5th Rd. & Feng 7th Rd. Intersection,500234051,30,6,20260819T053305,24.97043,121.33101,24,1,6,0,2026-08-19T06:13:14+08:00
新北市,New Taipei City,YouBike2.0_龍鳳夜市,鶯歌區,鳳三路/龍三路(東南側),YouBike2.0_LongFeng Night Market,Yingge Dist,Feng 3rd Rd. & Long 3rd Rd. (Southeast),500234052,30,10,20260819T000902,24.97329,121.33331,20,1,10,0,2026-08-19T06:13:14+08:00
新北市,New Taipei City,YouBike2.0_中湖市民活動中心,鶯歌區,中湖街21號,YouBike2.0_Zhonghu Civic Activity Center,Yingge Dist,"No. 21, ZhongHu St.",500234053,20,3,20260819T010102,24.97298,121.3472,16,1,2,1,2026-08-19T06:13:14+08:00
新北市,New Taipei City,YouBike2.0_鳳一鳳吉一街口,鶯歌區,鳳吉一街259號(旁),YouBike2.0_Feng 1st Rd. & FengJi 1st St. Intersection,Yingge Dist,"No. 259, FengJi 1st St. (Side)",500234054,20,9,20260819T055702,24.97677,121.3317,10,1,9,0,2026-08-19T06:13:14+08:00
新北市,New Taipei City,YouBike2.0_鳳五路122號前,鶯歌區,鳳五路122號前,"YouBike2.0_No. 122, Feng 5th Rd.",Yingge Dist,"No. 122, Feng 5th Rd. (Front)",500234055,18,9,20260819T060903,24.97316,121.32991,9,1,8,1,2026-08-19T06:13:14+08:00
新北市,New Taipei City,YouBike2.0_建國永昌街口,鶯歌區,建國路546號(對面),YouBike2.0_JianGuo Rd. & YongChang St. Intersection,Yingge Dist,"No. 546, JianGuo Rd. (Opposite)",500234056,17,3,20260818T181003,24.95031,121.33831,14,1,3,0,2026-08-19T06:13:14+08:00
新北市,New Taipei City,YouBike2.0_捷運鶯歌車站,鶯歌區,館前路300號(對側),YouBike2.0_MRT Yingge Sta.,Yingge Dist,"No. 300, GuanQian Rd. (Opposite)",500234057,34,8,20260819T060403,24.95322,121.35668,26,1,7,1,2026-08-19T06:13:14+08:00
新北市,New Taipei City,YouBike2.0_鳳三龍七路口,鶯歌區,鳳三路68號,YouBike2.0_Feng 3rd Rd. & Long 7th Rd. Intersection,Yingge Dist,"No. 68, Feng 3rd Rd.",500234058,18,7,20260819T060903,24.97204,121.33467,10,1,6,1,2026-08-19T06:13:14+08:00
新北市,New Taipei City,YouBike2.0_捷運國華站,鶯歌區,國華路45號(對側),YouBike2.0_MRT Guohua Sta.,Yingge Dist,"No. 45, GuoHua Rd. (Opposite)",500234059,24,11,20260819T055702,24.95535,121.34251,13,1,11,0,2026-08-19T06:13:14+08:00
新北市,New Taipei City,YouBike2.0_捷運陶瓷老街站,鶯歌區,捷運陶瓷老街站(重慶街側),YouBike2.0_MRT Ceramics Old Street Sta.,Yingge Dist,MRT Ceramics Old Street Sta. (ChongQing St.),500234060,36,22,20260818T212403,24.95212,121.35065,14,1,22,0,2026-08-19T06:13:14+08:00
新北市,New Taipei City,YouBike2.0_捷運永吉公園站,鶯歌區,鶯桃路296巷口,YouBike2.0_MRT Yongji Park Sta.,Yingge Dist,"Ln. 296, YingTao Rd. Intersection",500234061,47,15,20260819T002704,24.96048,121.33476,31,1,11,4,2026-08-19T06:13:14+08:00
新北市,New Taipei City,YouBike2.0_捷運鶯桃福德站,鶯歌區,福德一路20號(對側),YouBike2.0_MRT Yingtao Fude Sta.,Yingge Dist,"No. 20, FuDe 1st Rd. (Opposite)",500234062,75,19,20260819T060303,24.96704,121.33044,56,1,19,0,2026-08-19T06:13:14+08:00
新北市,New Taipei City,YouBike2.0_捷運國華站(2號出口),鶯歌區,國華路97號(對側),YouBike2.0_MRT Guohua Sta.(Exit 2),Yingge Dist,"No. 97, GuoHua Rd. (Opposite)",500234063,60,17,20260819T053804,24.95374,121.34301,43,1,16,1,2026-08-19T06:13:14+08:00
新北市,New Taipei City,YouBike2.0_鶯歌山水步道停車場,鶯歌區,觀景涼亭停車場,YouBike2.0_YingGe Riverside Trail Car Park,Yingge Dist,YingGe Riverside Trail Car Park,500234064,24,6,20260818T192804,24.93205,121.32825,18,1,6,0,2026-08-19T06:13:14+08:00
新北市,New Taipei City,YouBike2.0_鶯歌環河自行車道,鶯歌區,環河路/甲三街(南側自行車道),YouBike2.0_YingGe Riverside Cycling Route,Yingge Dist,Huanhe Rd. & Jia 3rd St. (South),500234065,20,12,20260819T060603,24.92967,121.33837,8,1,12,0,2026-08-19T06:13:14+08:00
新北市,New Taipei City,YouBike2.0_鶯歌火車站(仁愛路),鶯歌區,仁愛路55號對側,YouBike2.0_Yingge Railway Station(Ren’ai Rd.),Yingge Dist,"No.55, Ren’ai Rd., Yingge Dist.(opposite)",500234001,69,6,20260819T063903,24.95559,121.35441,62,1,6,0,2026-08-19T06:41:21+08:00
新北市,New Taipei City,YouBike2.0_新北市立圖書館鶯歌分館,鶯歌區,中山路150號,YouBike2.0_New Taipei City Library Yingge Branch,Yingge Dist,"No.150, Zhongshan Rd.",500234002,20,10,20260819T063802,24.9572,121.34946,10,1,7,3,2026-08-19T06:41:21+08:00
新北市,New Taipei City,YouBike2.0_文化館前路口,鶯歌區,文化路407號旁,YouBike2.0_Yingge Ceramics Museum,Yingge Dist,"No. 407, Wenhua Rd.",500234003,44,18,20260819T063003,24.94948,121.35291,26,1,15,3,2026-08-19T06:41:21+08:00
新北市,New Taipei City,YouBike2.0_鶯歌國民運動中心,鶯歌區,館前路250號運動中心前,YouBike2.0_Yingge Civil Sports Center,Yingge Dist,"No.250, Guanqian Rd., Yingge Dist.",500234004,38,21,20260819T063802,24.95139,121.35733,17,1,20,1,2026-08-19T06:41:21+08:00
新北市,New Taipei City,YouBike2.0_尖山國中,鶯歌區,國中街1號,YouBike2.0_Municipal Jianshan Junior High School,Yingge Dist,"No.1, Guozhong St., Yingge Dist(sidewalk)",500234005,20,6,20260819T063903,24.94381,121.34207,14,1,5,1,2026-08-19T06:41:21+08:00
新北市,New Taipei City,YouBike2.0_新北市立鶯歌高級工商職業學校,鶯歌區,中正三路154號,YouBike2.0_New Taipei Municipal Yingge Vocational High School,Yingge Dist,"No. 154, Zhongzheng 3rd. Rd",500234006,56,8,20260819T042402,24.93923,121.33488,48,1,8,0,2026-08-19T06:41:21+08:00
新北市,New Taipei City,YouBike2.0_鶯歌國中,鶯歌區,鶯桃路39-5號對側,YouBike2.0_Yingge Junior High chool,Yingge Dist,"No.39-5, Yingtao Rd.(opposite)",500234007,30,2,20260819T061504,24.95119,121.34256,27,1,1,1,2026-08-19T06:41:21+08:00
新北市,New Taipei City,YouBike2.0_永吉國小,鶯歌區,德昌二街39號對側,YouBike2.0_Yongchi elementary school,Yingge Dist,"No.39, Dechang 2nd St., Yingge Dist.",500234008,20,2,20260819T062602,24.95865,121.33308,18,1,2,0,2026-08-19T06:41:21+08:00
新北市,New Taipei City,YouBike2.0_鳳祥公園,鶯歌區,鶯桃路365巷130號對側,YouBike2.0_Fengxiang Park,Yingge Dist,"No.130, Ln. 365, Yingtao Rd., Yingge Dist.",500234009,20,7,20260819T000003,24.96283,121.33025,13,1,7,0,2026-08-19T06:41:21+08:00
新北市,New Taipei City,YouBike2.0_鳳鳴國小,鶯歌區,永和街120號,YouBike2.0_Fengming Elementary School,Yingge Dist,"No.120, Yonghe St., Yingge Dist.",500234010,20,2,20260819T062102,24.9692,121.3347,18,1,2,0,2026-08-19T06:41:21+08:00
新北市,New Taipei City,YouBike2.0_國際二國際一路口,鶯歌區,國際二路與國際一路口,YouBike2.0_Guoji 2nd Guoji 1st Intersection,Yingge Dist,"Guoji 2nd Rd./Guoji 1st Rd., Yingge Dist.",500234011,20,9,20260819T050602,24.97577,121.3353,11,1,9,0,2026-08-19T06:41:21+08:00
新北市,New Taipei City,YouBike2.0_鳳福公園,鶯歌區,鳳吉一街186號(對面),YouBike2.0_Fengfu Park,Yingge Dist,"No. 186, Fengji 1st St., Yingge Dist.(opposite)",500234012,20,5,20260819T061202,24.97572,121.32938,15,1,5,0,2026-08-19T06:41:21+08:00
新北市,New Taipei City,YouBike2.0_尖山公園,鶯歌區,鶯歌區尖山路161號對面,YouBike2.0_Jianshan Park,Yingge Dist,"No.161, Jianshan Rd.(opposite)",500234013,29,15,20260819T062404,24.9482,121.346,14,1,15,0,2026-08-19T06:41:21+08:00
新北市,New Taipei City,YouBike2.0_永昌里兒一公園,鶯歌區,鶯桃路182巷96弄36-38號對側,YouBike2.0_Yongchang Village Children Park (No.1),Yingge Dist,"No.36-38, Aly. 96, Ln. 182, Yingtao Rd.(oppsite)",500234014,20,10,20260819T063903,24.956649374562204,121.33959628800724,10,1,8,2,2026-08-19T06:41:21+08:00
新北市,New Taipei City,YouBike2.0_南雅育智路口,鶯歌區,南雅路491號(對面),YouBike2.0_Nanya & Yuzhi Rd. Intersection,Yingge Dist,"No.491, Nanya Rd., Yingge Dist.(opposite)",500234015,22,6,20260819T063302,24.954,121.346,16,1,6,0,2026-08-19T06:41:21+08:00
新北市,New Taipei City,YouBike2.0_國中二甲路口,鶯歌區,國中街175號(前),YouBike2.0_Guozhong & Erjia Intersection,Yingge Dist,"No. 175, Guozhong St., Yingge Dist.",500234016,20,15,20260819T062102,24.939489067109363,121.33868650698288,5,1,11,4,2026-08-19T06:41:21+08:00
新北市,New Taipei City,YouBike2.0_鶯歌永利街,鶯歌區,永利街16號(對面),YouBike2.0_Yingge Yongli St.,Yingge Dist,"No. 16, Yongli St. Yingge Dist.",500234017,15,11,20260818T232903,24.95495,121.33911,3,1,11,0,2026-08-19T06:41:21+08:00
新北市,New Taipei City,YouBike2.0_二橋虹橋公園,鶯歌區,中正三路400號(對面),YouBike2.0_Erqiaoshiguanghongqiao Park,Yingge Dist,"No. 400, Zhongzheng 3rd Rd.(Opposite)",500234018,10,4,20260818T223004,24.93453,121.32595,6,1,4,0,2026-08-19T06:41:21+08:00
新北市,New Taipei City,YouBike2.0_鳳吉四鳳七路口(捷士匯社區),鶯歌區,鳳吉四街57-75號(旁),YouBike2.0_Fengji 4th & Feng 7th Rd. Intersection,Yingge Dist,"No. 57-75, Fengji 4th St.",500234021,40,16,20260819T061903,24.97383,121.32769,24,1,15,1,2026-08-19T06:41:21+08:00
新北市,New Taipei City,YouBike2.0_鶯歌老街第二停車場,鶯歌區,尖山埔路27-31號(對面),YouBike2.0_Yingge Old Street 2nd Parking Lot,Yingge Dist,"No. 27-31, Jianshanpu Rd.(Opposite)",500234022,20,11,20260819T063302,24.94895,121.34227,9,1,10,1,2026-08-19T06:41:21+08:00
新北市,New Taipei City,YouBike2.0_建國中正一路口(北鶯社區),鶯歌區,建國路6號(對面空地),YouBike2.0_Jianguo Zhongzheng 1st Rd. Intersection,Yingge Dist,"No. 6, Jianguo Rd.(Opposite)",500234023,20,9,20260819T044504,24.95658,121.35692,11,1,9,0,2026-08-19T06:41:21+08:00
新北市,New Taipei City,YouBike2.0_三鶯水資源回收中心,鶯歌區,館前路360號(旁),YouBike2.0_Sanying Water Recycling Center,Yingge Dist,"No. 360, Guanqian Rd.",500234024,14,10,20260819T055003,24.95535,121.35996,4,1,6,4,2026-08-19T06:41:21+08:00
新北市,New Taipei City,YouBike2.0_永和街65巷口,鶯歌區,永和街75號,"YouBike2.0_Ln. 65, Yonghe St. Intersection",Yingge Dist,"No. 75, Yonghe St.",500234025,37,14,20260819T063504,24.96798,121.3331413,23,1,10,4,2026-08-19T06:41:21+08:00
新北市,New Taipei City,YouBike2.0_鶯歌陶瓷博物館,鶯歌區,文化路200號(旁),YouBike2.0_Yingge Ceramics Museum(Wenhua Rd.),Yingge Dist,"No. 200, Wenhua Rd.",500234026,22,17,20260819T063303,24.95012,121.35245,5,1,15,2,2026-08-19T06:41:21+08:00
新北市,New Taipei City,YouBike2.0_礫間停車場,鶯歌區,礫間停車場,YouBike2.0_Lijian Parking,Yingge Dist,Lijian Parking,500234028,20,2,20260818T221504,24.9518,121.35445,18,1,1,1,2026-08-19T06:41:21+08:00
新北市,New Taipei City,YouBike2.0_北鶯停車場,鶯歌區,北鶯停車場,YouBike2.0_Beiying Parking,Yingge Dist,Beiying Parking,500234029,20,9,20260818T223102,24.95567,121.35992,11,1,9,0,2026-08-19T06:41:21+08:00
新北市,New Taipei City,YouBike2.0_育英建國路口,鶯歌區,建國路280號(旁),YouBike2.0_Yuying Jianguo Rd. Intersection,Yingge Dist,"No. 280, Jianguo Rd.",500234030,12,1,20260819T063402,24.95356,121.34693,11,1,1,0,2026-08-19T06:41:21+08:00
新北市,New Taipei City,YouBike2.0_中正一仁愛路口,鶯歌區,中正一路181號(對面),YouBike2.0_Zhongzheng 1st & Ren'ai Rd Intersection,Yingge Dist,"No. 181, Zhongzheng 1st Rd.(Opposite)",500234031,15,4,20260819T063903,24.95672,121.3532,11,1,2,2,2026-08-19T06:41:21+08:00
新北市,New Taipei City,YouBike2.0_建國國小,鶯歌區,育英街19號(旁),YouBike2.0_Jianguo Elementary School,Yingge Dist,"No. 19, Yuying St.",500234032,15,7,20260819T063402,24.95521,121.34727,8,1,7,0,2026-08-19T06:41:21+08:00
新北市,New Taipei City,YouBike2.0_光明橋,鶯歌區,永明街78號(旁),YouBike2.0_Guang-ming bridge,Yingge Dist,"No. 78, Yongming St., Yingge Dist.(side)",500234033,14,9,20260819T040102,24.95577,121.34128,5,1,9,0,2026-08-19T06:41:21+08:00
新北市,New Taipei City,YouBike2.0_二橋派出所,鶯歌區,高職西街/中正三路口(西北側),YouBike2.0_Erqiao Police Station,Yingge Dist,"Gaozhi W. St. & Zhongzheng 3rd Rd., Yingge Dist. (west side)",500234034,11,3,20260819T054101,24.94216,121.33884,8,1,3,0,2026-08-19T06:41:21+08:00
新北市,New Taipei City,YouBike2.0_國中高職東街口,鶯歌區,國中路113至117-3號(對面),YouBike2.0_Guozhong & Gaozhi E. Intersection,Yingge Dist,"No. 113, Guozhong St., Yingge Dist.(opposite)",500234035,15,2,20260819T063802,24.94117,121.34116,13,1,1,1,2026-08-19T06:41:21+08:00
新北市,New Taipei City,YouBike2.0_尖山路高厝巷口,鶯歌區,尖山路276-5號(旁),YouBike2.0_Gaocuo Ln. Jianshan Rd.,Yingge Dist,"No. 276-5, Jianshan Rd. (Side)",500234036,15,5,20260819T054804,24.94495,121.34102,9,1,5,0,2026-08-19T06:41:21+08:00
新北市,New Taipei City,YouBike2.0_公八停車場,鶯歌區,國華路53號(對面),YouBike2.0_Public 8th Parking Lot,Yingge Dist,"No.53, Guohua Rd. (opposite)",500234037,15,7,20260819T053703,24.95515,121.34285,8,1,5,2,2026-08-19T06:41:21+08:00
新北市,New Taipei City,YouBike2.0_龍三鳳鳴路口,鶯歌區,鳳鳴路541號,YouBike2.0_Long 3rd. Rd. & Fengming Rd. Intersection,Yingge Dist,"No. 541, Fengming Rd.",500234038,18,4,20260819T063402,24.97286,121.33137,14,1,4,0,2026-08-19T06:41:21+08:00
新北市,New Taipei City,YouBike2.0_鳳福鳳三路口,鶯歌區,鳳三路360號,YouBike2.0_Fengfu Rd. & Feng 3rd. Rd. Intersection,Yingge Dist,"No. 360, Feng 3rd Rd.",500234039,22,6,20260819T063604,24.97567,121.33143,16,1,6,0,2026-08-19T06:41:21+08:00
新北市,New Taipei City,YouBike2.0_北鶯公園,鶯歌區,成功街20巷19號(旁),YouBike2.0_Beiying Park,Yingge Dist,"No. 19, Ln. 20, Chenggong St. (Side)",500234040,15,7,20260819T061903,24.95777,121.35942,6,1,7,0,2026-08-19T06:41:21+08:00
新北市,New Taipei City,YouBike2.0_鶯歌火車站(文化路),鶯歌區,文化路/文化路115巷(北側),YouBike2.0_Yingge Station (Wenhua Rd.),Yingge Dist,"Ln. 115, Wenhua Rd. Intersection (North)",500234041,25,18,20260819T053305,24.95536,121.35697,7,1,17,1,2026-08-19T06:41:21+08:00
新北市,New Taipei City,YouBike2.0_鳳七鶯歌路口,鶯歌區,鶯歌路101-107號(旁),YouBike2.0_Feng 7th Rd. & Yingge Rd. Intersection,Yingge Dist,"No. 101-107, Yingge Rd. (Side)",500234042,11,4,20260819T062904,24.96916,121.33193,7,1,2,2,2026-08-19T06:41:21+08:00
新北市,New Taipei City,YouBike2.0_國際一路112巷口,鶯歌區,國際一路167號(前),"YouBike2.0_Ln. 112, GuoJi 1st Rd.",Yingge Dist,"No. 167, GuoJi 1st Rd. (Front)",500234043,15,8,20260819T061403,24.97667,121.33579,6,1,5,3,2026-08-19T06:41:21+08:00
新北市,New Taipei City,YouBike2.0_臺鐵鳳鳴站,鶯歌區,鳳一路/鶯歌路口,YouBike2.0_Fengming Station,Yingge Dist,Feng 1st Rd. & YingGe Rd.,500234044,40,0,20260817T173503,24.97227,121.33674,0,0,0,0,2026-08-19T06:41:21+08:00
新北市,New Taipei City,YouBike2.0_鶯歌陶瓷老街,鶯歌區,重慶街/國慶街(西南側),YouBike2.0_YingGe Old Street,Yingge Dist,ChongQing St. & GuoQing St. (Southwest),500234045,33,15,20260819T012804,24.95219,121.351,18,1,15,0,2026-08-19T06:41:21+08:00
新北市,New Taipei City,YouBike2.0_鶯歌火車站(仁愛路62號),鶯歌區,仁愛路62號(東側),"YouBike2.0_YingGe Station (No. 62, RenAi Rd.)",Yingge Dist,"No. 62, RenAi Rd. (East)",500234046,42,11,20260819T063702,24.95505,121.35407,31,1,8,3,2026-08-19T06:41:21+08:00
新北市,New Taipei City,YouBike2.0_臺鐵鳳鳴站(鶯歌路),鶯歌區,鶯歌路276號(對面),YouBike2.0_Fengming Station (YingGe Rd.),Yingge Dist,"No. 276, YingGe Rd. (Opposite)",500234047,20,20,20260819T062421,24.97189,121.33651,0,1,17,3,2026-08-19T06:41:21+08:00
新北市,New Taipei City,YouBike2.0_光明育智路口,鶯歌區,光明街126號(東南側),YouBike2.0_GuangMing St. & YuZhi Rd. Intersection,Yingge Dist,"No. 126, GuangMing St. (Southeast)",500234048,14,8,20260819T061802,24.95587,121.3456,6,1,8,0,2026-08-19T06:41:21+08:00
新北市,New Taipei City,YouBike2.0_新鳳公園,鶯歌區,鶯桃路二段60號(對側),YouBike2.0_XinFeng Park,Yingge Dist,"No. 60, Sec. 2, YingTao Rd. (Opposite)",500234049,14,6,20260819T063802,24.9732,121.32474,8,1,6,0,2026-08-19T06:41:21+08:00
新北市,New Taipei City,YouBike2.0_鳳鳴機器人公園,鶯歌區,鳳鳴路/福安街7巷24弄口,YouBike2.0_FengMing Robot Park,Yingge Dist,"FengMing Rd. & Aly. 24, Ln. 7, FuAn St.",500234050,17,7,20260819T063904,24.96618,121.33465,10,1,3,4,2026-08-19T06:41:21+08:00
新北市,New Taipei City,YouBike2.0_龍五鳳七路口,鶯歌區,龍五路/鳳七路口,YouBike2.0_Long 5th Rd. & Feng 7th Rd. Intersection,Yingge Dist,Long 5th Rd. & Feng 7th Rd. Intersection,500234051,30,2,20260819T063003,24.97043,121.33101,28,1,2,0,2026-08-19T06:41:21+08:00
新北市,New Taipei City,YouBike2.0_龍鳳夜市,鶯歌區,鳳三路/龍三路(東南側),YouBike2.0_LongFeng Night Market,Yingge Dist,Feng 3rd Rd. & Long 3rd Rd. (Southeast),500234052,30,11,20260819T062803,24.97329,121.33331,19,1,11,0,2026-08-19T06:41:21+08:00
新北市,New Taipei City,YouBike2.0_中湖市民活動中心,鶯歌區,中湖街21號,YouBike2.0_Zhonghu Civic Activity Center,Yingge Dist,"No. 21, ZhongHu St.",500234053,20,3,20260819T010102,24.97298,121.3472,16,1,2,1,2026-08-19T06:41:21+08:00
新北市,New Taipei City,YouBike2.0_鳳一鳳吉一街口,鶯歌區,鳳吉一街259號(旁),YouBike2.0_Feng 1st Rd. & FengJi 1st St. Intersection,Yingge Dist,"No. 259, FengJi 1st St. (Side)",500234054,20,6,20260819T063904,24.97677,121.3317,13,1,6,0,2026-08-19T06:41:21+08:00
新北市,New Taipei City,YouBike2.0_鳳五路122號前,鶯歌區,鳳五路122號前,"YouBike2.0_No. 122, Feng 5th Rd.",Yingge Dist,"No. 122, Feng 5th Rd. (Front)",500234055,18,4,20260819T063702,24.97316,121.32991,14,1,3,1,2026-08-19T06:41:21+08:00
新北市,New Taipei City,YouBike2.0_建國永昌街口,鶯歌區,建國路546號(對面),YouBike2.0_JianGuo Rd. & YongChang St. Intersection,Yingge Dist,"No. 546, JianGuo Rd. (Opposite)",500234056,17,3,20260818T181003,24.95031,121.33831,14,1,3,0,2026-08-19T06:41:21+08:00
新北市,New Taipei City,YouBike2.0_捷運鶯歌車站,鶯歌區,館前路300號(對側),YouBike2.0_MRT Yingge Sta.,Yingge Dist,"No. 300, GuanQian Rd. (Opposite)",500234057,34,10,20260819T062405,24.95322,121.35668,24,1,9,1,2026-08-19T06:41:21+08:00
新北市,New Taipei City,YouBike2.0_鳳三龍七路口,鶯歌區,鳳三路68號,YouBike2.0_Feng 3rd Rd. & Long 7th Rd. Intersection,Yingge Dist,"No. 68, Feng 3rd Rd.",500234058,18,17,20260819T063917,24.97204,121.33467,0,1,15,2,2026-08-19T06:41:21+08:00
新北市,New Taipei City,YouBike2.0_捷運國華站,鶯歌區,國華路45號(對側),YouBike2.0_MRT Guohua Sta.,Yingge Dist,"No. 45, GuoHua Rd. (Opposite)",500234059,24,11,20260819T055702,24.95535,121.34251,13,1,11,0,2026-08-19T06:41:21+08:00
新北市,New Taipei City,YouBike2.0_捷運陶瓷老街站,鶯歌區,捷運陶瓷老街站(重慶街側),YouBike2.0_MRT Ceramics Old Street Sta.,Yingge Dist,MRT Ceramics Old Street Sta. (ChongQing St.),500234060,36,22,20260818T212403,24.95212,121.35065,14,1,22,0,2026-08-19T06:41:21+08:00
新北市,New Taipei City,YouBike2.0_捷運永吉公園站,鶯歌區,鶯桃路296巷口,YouBike2.0_MRT Yongji Park Sta.,Yingge Dist,"Ln. 296, YingTao Rd. Intersection",500234061,47,13,20260819T063802,24.96048,121.33476,33,1,10,3,2026-08-19T06:41:21+08:00
新北市,New Taipei City,YouBike2.0_捷運鶯桃福德站,鶯歌區,福德一路20號(對側),YouBike2.0_MRT Yingtao Fude Sta.,Yingge Dist,"No. 20, FuDe 1st Rd. (Opposite)",500234062,75,18,20260819T063604,24.96704,121.33044,57,1,18,0,2026-08-19T06:41:21+08:00
新北市,New Taipei City,YouBike2.0_捷運國華站(2號出口),鶯歌區,國華路97號(對側),YouBike2.0_MRT Guohua Sta.(Exit 2),Yingge Dist,"No. 97, GuoHua Rd. (Opposite)",500234063,60,17,20260819T053804,24.95374,121.34301,43,1,16,1,2026-08-19T06:41:21+08:00
新北市,New Taipei City,YouBike2.0_鶯歌山水步道停車場,鶯歌區,觀景涼亭停車場,YouBike2.0_YingGe Riverside Trail Car Park,Yingge Dist,YingGe Riverside Trail Car Park,500234064,24,6,20260818T192804,24.93205,121.32825,18,1,6,0,2026-08-19T06:41:21+08:00
新北市,New Taipei City,YouBike2.0_鶯歌環河自行車道,鶯歌區,環河路/甲三街(南側自行車道),YouBike2.0_YingGe Riverside Cycling Route,Yingge Dist,Huanhe Rd. & Jia 3rd St. (South),500234065,20,12,20260819T060603,24.92967,121.33837,8,1,12,0,2026-08-19T06:41:21+08:00
新北市,New Taipei City,YouBike2.0_鶯歌火車站(仁愛路),鶯歌區,仁愛路55號對側,YouBike2.0_Yingge Railway Station(Ren’ai Rd.),Yingge Dist,"No.55, Ren’ai Rd., Yingge Dist.(opposite)",500234001,69,10,20260819T065102,24.95559,121.35441,58,1,10,0,2026-08-19T06:59:22+08:00
新北市,New Taipei City,YouBike2.0_新北市立圖書館鶯歌分館,鶯歌區,中山路150號,YouBike2.0_New Taipei City Library Yingge Branch,Yingge Dist,"No.150, Zhongshan Rd.",500234002,20,10,20260819T063802,24.9572,121.34946,10,1,7,3,2026-08-19T06:59:22+08:00
新北市,New Taipei City,YouBike2.0_文化館前路口,鶯歌區,文化路407號旁,YouBike2.0_Yingge Ceramics Museum,Yingge Dist,"No. 407, Wenhua Rd.",500234003,44,17,20260819T064603,24.94948,121.35291,27,1,14,3,2026-08-19T06:59:22+08:00
新北市,New Taipei City,YouBike2.0_鶯歌國民運動中心,鶯歌區,館前路250號運動中心前,YouBike2.0_Yingge Civil Sports Center,Yingge Dist,"No.250, Guanqian Rd., Yingge Dist.",500234004,38,22,20260819T064803,24.95139,121.35733,16,1,21,1,2026-08-19T06:59:22+08:00
新北市,New Taipei City,YouBike2.0_尖山國中,鶯歌區,國中街1號,YouBike2.0_Municipal Jianshan Junior High School,Yingge Dist,"No.1, Guozhong St., Yingge Dist(sidewalk)",500234005,20,6,20260819T065302,24.94381,121.34207,14,1,5,1,2026-08-19T06:59:22+08:00
新北市,New Taipei City,YouBike2.0_新北市立鶯歌高級工商職業學校,鶯歌區,中正三路154號,YouBike2.0_New Taipei Municipal Yingge Vocational High School,Yingge Dist,"No. 154, Zhongzheng 3rd. Rd",500234006,56,8,20260819T042402,24.93923,121.33488,48,1,8,0,2026-08-19T06:59:22+08:00
新北市,New Taipei City,YouBike2.0_鶯歌國中,鶯歌區,鶯桃路39-5號對側,YouBike2.0_Yingge Junior High chool,Yingge Dist,"No.39-5, Yingtao Rd.(opposite)",500234007,30,2,20260819T061504,24.95119,121.34256,27,1,1,1,2026-08-19T06:59:22+08:00
新北市,New Taipei City,YouBike2.0_永吉國小,鶯歌區,德昌二街39號對側,YouBike2.0_Yongchi elementary school,Yingge Dist,"No.39, Dechang 2nd St., Yingge Dist.",500234008,20,2,20260819T062602,24.95865,121.33308,18,1,2,0,2026-08-19T06:59:22+08:00
新北市,New Taipei City,YouBike2.0_鳳祥公園,鶯歌區,鶯桃路365巷130號對側,YouBike2.0_Fengxiang Park,Yingge Dist,"No.130, Ln. 365, Yingtao Rd., Yingge Dist.",500234009,20,8,20260819T065102,24.96283,121.33025,12,1,7,1,2026-08-19T06:59:22+08:00
新北市,New Taipei City,YouBike2.0_鳳鳴國小,鶯歌區,永和街120號,YouBike2.0_Fengming Elementary School,Yingge Dist,"No.120, Yonghe St., Yingge Dist.",500234010,20,4,20260819T064902,24.9692,121.3347,16,1,4,0,2026-08-19T06:59:22+08:00
新北市,New Taipei City,YouBike2.0_國際二國際一路口,鶯歌區,國際二路與國際一路口,YouBike2.0_Guoji 2nd Guoji 1st Intersection,Yingge Dist,"Guoji 2nd Rd./Guoji 1st Rd., Yingge Dist.",500234011,20,9,20260819T050602,24.97577,121.3353,11,1,9,0,2026-08-19T06:59:22+08:00
新北市,New Taipei City,YouBike2.0_鳳福公園,鶯歌區,鳳吉一街186號(對面),YouBike2.0_Fengfu Park,Yingge Dist,"No. 186, Fengji 1st St., Yingge Dist.(opposite)",500234012,20,5,20260819T061202,24.97572,121.32938,15,1,5,0,2026-08-19T06:59:22+08:00
新北市,New Taipei City,YouBike2.0_尖山公園,鶯歌區,鶯歌區尖山路161號對面,YouBike2.0_Jianshan Park,Yingge Dist,"No.161, Jianshan Rd.(opposite)",500234013,29,15,20260819T062404,24.9482,121.346,14,1,15,0,2026-08-19T06:59:22+08:00
新北市,New Taipei City,YouBike2.0_永昌里兒一公園,鶯歌區,鶯桃路182巷96弄36-38號對側,YouBike2.0_Yongchang Village Children Park (No.1),Yingge Dist,"No.36-38, Aly. 96, Ln. 182, Yingtao Rd.(oppsite)",500234014,20,8,20260819T064702,24.956649374562204,121.33959628800724,12,1,6,2,2026-08-19T06:59:22+08:00
新北市,New Taipei City,YouBike2.0_南雅育智路口,鶯歌區,南雅路491號(對面),YouBike2.0_Nanya & Yuzhi Rd. Intersection,Yingge Dist,"No.491, Nanya Rd., Yingge Dist.(opposite)",500234015,22,6,20260819T063302,24.954,121.346,16,1,6,0,2026-08-19T06:59:22+08:00
新北市,New Taipei City,YouBike2.0_國中二甲路口,鶯歌區,國中街175號(前),YouBike2.0_Guozhong & Erjia Intersection,Yingge Dist,"No. 175, Guozhong St., Yingge Dist.",500234016,20,15,20260819T062102,24.939489067109363,121.33868650698288,5,1,11,4,2026-08-19T06:59:22+08:00
新北市,New Taipei City,YouBike2.0_鶯歌永利街,鶯歌區,永利街16號(對面),YouBike2.0_Yingge Yongli St.,Yingge Dist,"No. 16, Yongli St. Yingge Dist.",500234017,15,11,20260818T232903,24.95495,121.33911,3,1,11,0,2026-08-19T06:59:22+08:00
新北市,New Taipei City,YouBike2.0_二橋虹橋公園,鶯歌區,中正三路400號(對面),YouBike2.0_Erqiaoshiguanghongqiao Park,Yingge Dist,"No. 400, Zhongzheng 3rd Rd.(Opposite)",500234018,10,4,20260818T223004,24.93453,121.32595,6,1,4,0,2026-08-19T06:59:22+08:00
新北市,New Taipei City,YouBike2.0_鳳吉四鳳七路口(捷士匯社區),鶯歌區,鳳吉四街57-75號(旁),YouBike2.0_Fengji 4th & Feng 7th Rd. Intersection,Yingge Dist,"No. 57-75, Fengji 4th St.",500234021,40,15,20260819T065102,24.97383,121.32769,25,1,14,1,2026-08-19T06:59:22+08:00
新北市,New Taipei City,YouBike2.0_鶯歌老街第二停車場,鶯歌區,尖山埔路27-31號(對面),YouBike2.0_Yingge Old Street 2nd Parking Lot,Yingge Dist,"No. 27-31, Jianshanpu Rd.(Opposite)",500234022,20,11,20260819T063302,24.94895,121.34227,9,1,10,1,2026-08-19T06:59:22+08:00
新北市,New Taipei City,YouBike2.0_建國中正一路口(北鶯社區),鶯歌區,建國路6號(對面空地),YouBike2.0_Jianguo Zhongzheng 1st Rd. Intersection,Yingge Dist,"No. 6, Jianguo Rd.(Opposite)",500234023,20,9,20260819T044504,24.95658,121.35692,11,1,9,0,2026-08-19T06:59:22+08:00
新北市,New Taipei City,YouBike2.0_三鶯水資源回收中心,鶯歌區,館前路360號(旁),YouBike2.0_Sanying Water Recycling Center,Yingge Dist,"No. 360, Guanqian Rd.",500234024,14,11,20260819T064402,24.95535,121.35996,3,1,7,4,2026-08-19T06:59:22+08:00
新北市,New Taipei City,YouBike2.0_永和街65巷口,鶯歌區,永和街75號,"YouBike2.0_Ln. 65, Yonghe St. Intersection",Yingge Dist,"No. 75, Yonghe St.",500234025,37,14,20260819T064702,24.96798,121.3331413,23,1,10,4,2026-08-19T06:59:22+08:00
新北市,New Taipei City,YouBike2.0_鶯歌陶瓷博物館,鶯歌區,文化路200號(旁),YouBike2.0_Yingge Ceramics Museum(Wenhua Rd.),Yingge Dist,"No. 200, Wenhua Rd.",500234026,22,18,20260819T064902,24.95012,121.35245,4,1,15,3,2026-08-19T06:59:22+08:00
新北市,New Taipei City,YouBike2.0_礫間停車場,鶯歌區,礫間停車場,YouBike2.0_Lijian Parking,Yingge Dist,Lijian Parking,500234028,20,2,20260818T221504,24.9518,121.35445,18,1,1,1,2026-08-19T06:59:22+08:00
新北市,New Taipei City,YouBike2.0_北鶯停車場,鶯歌區,北鶯停車場,YouBike2.0_Beiying Parking,Yingge Dist,Beiying Parking,500234029,20,9,20260818T223102,24.95567,121.35992,11,1,9,0,2026-08-19T06:59:22+08:00
新北市,New Taipei City,YouBike2.0_育英建國路口,鶯歌區,建國路280號(旁),YouBike2.0_Yuying Jianguo Rd. Intersection,Yingge Dist,"No. 280, Jianguo Rd.",500234030,12,1,20260819T063402,24.95356,121.34693,11,1,1,0,2026-08-19T06:59:22+08:00
新北市,New Taipei City,YouBike2.0_中正一仁愛路口,鶯歌區,中正一路181號(對面),YouBike2.0_Zhongzheng 1st & Ren'ai Rd Intersection,Yingge Dist,"No. 181, Zhongzheng 1st Rd.(Opposite)",500234031,15,5,20260819T064004,24.95672,121.3532,10,1,2,3,2026-08-19T06:59:22+08:00
新北市,New Taipei City,YouBike2.0_建國國小,鶯歌區,育英街19號(旁),YouBike2.0_Jianguo Elementary School,Yingge Dist,"No. 19, Yuying St.",500234032,15,7,20260819T063402,24.95521,121.34727,8,1,7,0,2026-08-19T06:59:22+08:00
新北市,New Taipei City,YouBike2.0_光明橋,鶯歌區,永明街78號(旁),YouBike2.0_Guang-ming bridge,Yingge Dist,"No. 78, Yongming St., Yingge Dist.(side)",500234033,14,9,20260819T040102,24.95577,121.34128,5,1,9,0,2026-08-19T06:59:22+08:00
新北市,New Taipei City,YouBike2.0_二橋派出所,鶯歌區,高職西街/中正三路口(西北側),YouBike2.0_Erqiao Police Station,Yingge Dist,"Gaozhi W. St. & Zhongzheng 3rd Rd., Yingge Dist. (west side)",500234034,11,3,20260819T054101,24.94216,121.33884,8,1,3,0,2026-08-19T06:59:22+08:00
新北市,New Taipei City,YouBike2.0_國中高職東街口,鶯歌區,國中路113至117-3號(對面),YouBike2.0_Guozhong & Gaozhi E. Intersection,Yingge Dist,"No. 113, Guozhong St., Yingge Dist.(opposite)",500234035,15,2,20260819T063802,24.94117,121.34116,13,1,1,1,2026-08-19T06:59:22+08:00
新北市,New Taipei City,YouBike2.0_尖山路高厝巷口,鶯歌區,尖山路276-5號(旁),YouBike2.0_Gaocuo Ln. Jianshan Rd.,Yingge Dist,"No. 276-5, Jianshan Rd. (Side)",500234036,15,3,20260819T065004,24.94495,121.34102,11,1,3,0,2026-08-19T06:59:22+08:00
新北市,New Taipei City,YouBike2.0_公八停車場,鶯歌區,國華路53號(對面),YouBike2.0_Public 8th Parking Lot,Yingge Dist,"No.53, Guohua Rd. (opposite)",500234037,15,7,20260819T053703,24.95515,121.34285,8,1,5,2,2026-08-19T06:59:22+08:00
新北市,New Taipei City,YouBike2.0_龍三鳳鳴路口,鶯歌區,鳳鳴路541號,YouBike2.0_Long 3rd. Rd. & Fengming Rd. Intersection,Yingge Dist,"No. 541, Fengming Rd.",500234038,18,3,20260819T065404,24.97286,121.33137,15,1,3,0,2026-08-19T06:59:22+08:00
新北市,New Taipei City,YouBike2.0_鳳福鳳三路口,鶯歌區,鳳三路360號,YouBike2.0_Fengfu Rd. & Feng 3rd. Rd. Intersection,Yingge Dist,"No. 360, Feng 3rd Rd.",500234039,22,7,20260819T064603,24.97567,121.33143,15,1,7,0,2026-08-19T06:59:22+08:00
新北市,New Taipei City,YouBike2.0_北鶯公園,鶯歌區,成功街20巷19號(旁),YouBike2.0_Beiying Park,Yingge Dist,"No. 19, Ln. 20, Chenggong St. (Side)",500234040,15,7,20260819T061903,24.95777,121.35942,6,1,7,0,2026-08-19T06:59:22+08:00
新北市,New Taipei City,YouBike2.0_鶯歌火車站(文化路),鶯歌區,文化路/文化路115巷(北側),YouBike2.0_Yingge Station (Wenhua Rd.),Yingge Dist,"Ln. 115, Wenhua Rd. Intersection (North)",500234041,25,18,20260819T053305,24.95536,121.35697,7,1,17,1,2026-08-19T06:59:22+08:00
新北市,New Taipei City,YouBike2.0_鳳七鶯歌路口,鶯歌區,鶯歌路101-107號(旁),YouBike2.0_Feng 7th Rd. & Yingge Rd. Intersection,Yingge Dist,"No. 101-107, Yingge Rd. (Side)",500234042,11,4,20260819T062904,24.96916,121.33193,7,1,2,2,2026-08-19T06:59:22+08:00
新北市,New Taipei City,YouBike2.0_國際一路112巷口,鶯歌區,國際一路167號(前),"YouBike2.0_Ln. 112, GuoJi 1st Rd.",Yingge Dist,"No. 167, GuoJi 1st Rd. (Front)",500234043,15,7,20260819T065102,24.97667,121.33579,7,1,5,2,2026-08-19T06:59:22+08:00
新北市,New Taipei City,YouBike2.0_臺鐵鳳鳴站,鶯歌區,鳳一路/鶯歌路口,YouBike2.0_Fengming Station,Yingge Dist,Feng 1st Rd. & YingGe Rd.,500234044,40,0,20260817T173503,24.97227,121.33674,0,0,0,0,2026-08-19T06:59:22+08:00
新北市,New Taipei City,YouBike2.0_鶯歌陶瓷老街,鶯歌區,重慶街/國慶街(西南側),YouBike2.0_YingGe Old Street,Yingge Dist,ChongQing St. & GuoQing St. (Southwest),500234045,33,13,20260819T065102,24.95219,121.351,20,1,13,0,2026-08-19T06:59:22+08:00
新北市,New Taipei City,YouBike2.0_鶯歌火車站(仁愛路62號),鶯歌區,仁愛路62號(東側),"YouBike2.0_YingGe Station (No. 62, RenAi Rd.)",Yingge Dist,"No. 62, RenAi Rd. (East)",500234046,42,12,20260819T064203,24.95505,121.35407,30,1,9,3,2026-08-19T06:59:22+08:00
新北市,New Taipei City,YouBike2.0_臺鐵鳳鳴站(鶯歌路),鶯歌區,鶯歌路276號(對面),YouBike2.0_Fengming Station (YingGe Rd.),Yingge Dist,"No. 276, YingGe Rd. (Opposite)",500234047,20,16,20260819T065004,24.97189,121.33651,4,1,15,1,2026-08-19T06:59:22+08:00
新北市,New Taipei City,YouBike2.0_光明育智路口,鶯歌區,光明街126號(東南側),YouBike2.0_GuangMing St. & YuZhi Rd. Intersection,Yingge Dist,"No. 126, GuangMing St. (Southeast)",500234048,14,7,20260819T064403,24.95587,121.3456,7,1,7,0,2026-08-19T06:59:22+08:00
新北市,New Taipei City,YouBike2.0_新鳳公園,鶯歌區,鶯桃路二段60號(對側),YouBike2.0_XinFeng Park,Yingge Dist,"No. 60, Sec. 2, YingTao Rd. (Opposite)",500234049,14,8,20260819T065404,24.9732,121.32474,6,1,8,0,2026-08-19T06:59:22+08:00
新北市,New Taipei City,YouBike2.0_鳳鳴機器人公園,鶯歌區,鳳鳴路/福安街7巷24弄口,YouBike2.0_FengMing Robot Park,Yingge Dist,"FengMing Rd. & Aly. 24, Ln. 7, FuAn St.",500234050,17,4,20260819T064702,24.96618,121.33465,13,1,0,4,2026-08-19T06:59:22+08:00
新北市,New Taipei City,YouBike2.0_龍五鳳七路口,鶯歌區,龍五路/鳳七路口,YouBike2.0_Long 5th Rd. & Feng 7th Rd. Intersection,Yingge Dist,Long 5th Rd. & Feng 7th Rd. Intersection,500234051,30,1,20260819T065203,24.97043,121.33101,29,1,0,1,2026-08-19T06:59:22+08:00
新北市,New Taipei City,YouBike2.0_龍鳳夜市,鶯歌區,鳳三路/龍三路(東南側),YouBike2.0_LongFeng Night Market,Yingge Dist,Feng 3rd Rd. & Long 3rd Rd. (Southeast),500234052,30,15,20260819T065203,24.97329,121.33331,15,1,15,0,2026-08-19T06:59:22+08:00
新北市,New Taipei City,YouBike2.0_中湖市民活動中心,鶯歌區,中湖街21號,YouBike2.0_Zhonghu Civic Activity Center,Yingge Dist,"No. 21, ZhongHu St.",500234053,20,3,20260819T010102,24.97298,121.3472,16,1,2,1,2026-08-19T06:59:22+08:00
新北市,New Taipei City,YouBike2.0_鳳一鳳吉一街口,鶯歌區,鳳吉一街259號(旁),YouBike2.0_Feng 1st Rd. & FengJi 1st St. Intersection,Yingge Dist,"No. 259, FengJi 1st St. (Side)",500234054,20,6,20260819T063904,24.97677,121.3317,13,1,6,0,2026-08-19T06:59:22+08:00
新北市,New Taipei City,YouBike2.0_鳳五路122號前,鶯歌區,鳳五路122號前,"YouBike2.0_No. 122, Feng 5th Rd.",Yingge Dist,"No. 122, Feng 5th Rd. (Front)",500234055,18,1,20260819T065302,24.97316,121.32991,17,1,0,1,2026-08-19T06:59:22+08:00
新北市,New Taipei City,YouBike2.0_建國永昌街口,鶯歌區,建國路546號(對面),YouBike2.0_JianGuo Rd. & YongChang St. Intersection,Yingge Dist,"No. 546, JianGuo Rd. (Opposite)",500234056,17,3,20260818T181003,24.95031,121.33831,14,1,3,0,2026-08-19T06:59:22+08:00
新北市,New Taipei City,YouBike2.0_捷運鶯歌車站,鶯歌區,館前路300號(對側),YouBike2.0_MRT Yingge Sta.,Yingge Dist,"No. 300, GuanQian Rd. (Opposite)",500234057,34,12,20260819T064504,24.95322,121.35668,22,1,11,1,2026-08-19T06:59:22+08:00
新北市,New Taipei City,YouBike2.0_鳳三龍七路口,鶯歌區,鳳三路68號,YouBike2.0_Feng 3rd Rd. & Long 7th Rd. Intersection,Yingge Dist,"No. 68, Feng 3rd Rd.",500234058,18,17,20260819T063917,24.97204,121.33467,0,1,15,2,2026-08-19T06:59:22+08:00
新北市,New Taipei City,YouBike2.0_捷運國華站,鶯歌區,國華路45號(對側),YouBike2.0_MRT Guohua Sta.,Yingge Dist,"No. 45, GuoHua Rd. (Opposite)",500234059,24,11,20260819T055702,24.95535,121.34251,13,1,11,0,2026-08-19T06:59:22+08:00
新北市,New Taipei City,YouBike2.0_捷運陶瓷老街站,鶯歌區,捷運陶瓷老街站(重慶街側),YouBike2.0_MRT Ceramics Old Street Sta.,Yingge Dist,MRT Ceramics Old Street Sta. (ChongQing St.),500234060,36,22,20260818T212403,24.95212,121.35065,14,1,22,0,2026-08-19T06:59:22+08:00
新北市,New Taipei City,YouBike2.0_捷運永吉公園站,鶯歌區,鶯桃路296巷口,YouBike2.0_MRT Yongji Park Sta.,Yingge Dist,"Ln. 296, YingTao Rd. Intersection",500234061,47,13,20260819T063802,24.96048,121.33476,33,1,10,3,2026-08-19T06:59:22+08:00
新北市,New Taipei City,YouBike2.0_捷運鶯桃福德站,鶯歌區,福德一路20號(對側),YouBike2.0_MRT Yingtao Fude Sta.,Yingge Dist,"No. 20, FuDe 1st Rd. (Opposite)",500234062,75,19,20260819T064303,24.96704,121.33044,56,1,19,0,2026-08-19T06:59:22+08:00
新北市,New Taipei City,YouBike2.0_捷運國華站(2號出口),鶯歌區,國華路97號(對側),YouBike2.0_MRT Guohua Sta.(Exit 2),Yingge Dist,"No. 97, GuoHua Rd. (Opposite)",500234063,60,17,20260819T053804,24.95374,121.34301,43,1,16,1,2026-08-19T06:59:22+08:00
新北市,New Taipei City,YouBike2.0_鶯歌山水步道停車場,鶯歌區,觀景涼亭停車場,YouBike2.0_YingGe Riverside Trail Car Park,Yingge Dist,YingGe Riverside Trail Car Park,500234064,24,6,20260819T064403,24.93205,121.32825,18,1,6,0,2026-08-19T06:59:22+08:00
新北市,New Taipei City,YouBike2.0_鶯歌環河自行車道,鶯歌區,環河路/甲三街(南側自行車道),YouBike2.0_YingGe Riverside Cycling Route,Yingge Dist,Huanhe Rd. & Jia 3rd St. (South),500234065,20,12,20260819T064804,24.92967,121.33837,8,1,12,0,2026-08-19T06:59:22+08:00
新北市,New Taipei City,YouBike2.0_鶯歌火車站(仁愛路),鶯歌區,仁愛路55號對側,YouBike2.0_Yingge Railway Station(Ren’ai Rd.),Yingge Dist,"No.55, Ren’ai Rd., Yingge Dist.(opposite)",500234001,69,18,20260819T071504,24.95559,121.35441,50,1,18,0,2026-08-19T07:24:23+08:00
新北市,New Taipei City,YouBike2.0_新北市立圖書館鶯歌分館,鶯歌區,中山路150號,YouBike2.0_New Taipei City Library Yingge Branch,Yingge Dist,"No.150, Zhongshan Rd.",500234002,20,9,20260819T070103,24.9572,121.34946,11,1,6,3,2026-08-19T07:24:23+08:00
新北市,New Taipei City,YouBike2.0_文化館前路口,鶯歌區,文化路407號旁,YouBike2.0_Yingge Ceramics Museum,Yingge Dist,"No. 407, Wenhua Rd.",500234003,44,17,20260819T064603,24.94948,121.35291,27,1,14,3,2026-08-19T07:24:23+08:00
新北市,New Taipei City,YouBike2.0_鶯歌國民運動中心,鶯歌區,館前路250號運動中心前,YouBike2.0_Yingge Civil Sports Center,Yingge Dist,"No.250, Guanqian Rd., Yingge Dist.",500234004,38,22,20260819T071903,24.95139,121.35733,16,1,21,1,2026-08-19T07:24:23+08:00
新北市,New Taipei City,YouBike2.0_尖山國中,鶯歌區,國中街1號,YouBike2.0_Municipal Jianshan Junior High School,Yingge Dist,"No.1, Guozhong St., Yingge Dist(sidewalk)",500234005,20,5,20260819T071302,24.94381,121.34207,15,1,5,0,2026-08-19T07:24:23+08:00
新北市,New Taipei City,YouBike2.0_新北市立鶯歌高級工商職業學校,鶯歌區,中正三路154號,YouBike2.0_New Taipei Municipal Yingge Vocational High School,Yingge Dist,"No. 154, Zhongzheng 3rd. Rd",500234006,56,8,20260819T071802,24.93923,121.33488,48,1,8,0,2026-08-19T07:24:23+08:00
新北市,New Taipei City,YouBike2.0_鶯歌國中,鶯歌區,鶯桃路39-5號對側,YouBike2.0_Yingge Junior High chool,Yingge Dist,"No.39-5, Yingtao Rd.(opposite)",500234007,30,4,20260819T070702,24.95119,121.34256,25,1,3,1,2026-08-19T07:24:23+08:00
新北市,New Taipei City,YouBike2.0_永吉國小,鶯歌區,德昌二街39號對側,YouBike2.0_Yongchi elementary school,Yingge Dist,"No.39, Dechang 2nd St., Yingge Dist.",500234008,20,2,20260819T071403,24.95865,121.33308,18,1,2,0,2026-08-19T07:24:23+08:00
新北市,New Taipei City,YouBike2.0_鳳祥公園,鶯歌區,鶯桃路365巷130號對側,YouBike2.0_Fengxiang Park,Yingge Dist,"No.130, Ln. 365, Yingtao Rd., Yingge Dist.",500234009,20,8,20260819T065102,24.96283,121.33025,12,1,7,1,2026-08-19T07:24:23+08:00
新北市,New Taipei City,YouBike2.0_鳳鳴國小,鶯歌區,永和街120號,YouBike2.0_Fengming Elementary School,Yingge Dist,"No.120, Yonghe St., Yingge Dist.",500234010,20,5,20260819T071702,24.9692,121.3347,15,1,5,0,2026-08-19T07:24:23+08:00
新北市,New Taipei City,YouBike2.0_國際二國際一路口,鶯歌區,國際二路與國際一路口,YouBike2.0_Guoji 2nd Guoji 1st Intersection,Yingge Dist,"Guoji 2nd Rd./Guoji 1st Rd., Yingge Dist.",500234011,20,8,20260819T071603,24.97577,121.3353,12,1,8,0,2026-08-19T07:24:23+08:00
新北市,New Taipei City,YouBike2.0_鳳福公園,鶯歌區,鳳吉一街186號(對面),YouBike2.0_Fengfu Park,Yingge Dist,"No. 186, Fengji 1st St., Yingge Dist.(opposite)",500234012,20,1,20260819T071002,24.97572,121.32938,19,1,1,0,2026-08-19T07:24:23+08:00
新北市,New Taipei City,YouBike2.0_尖山公園,鶯歌區,鶯歌區尖山路161號對面,YouBike2.0_Jianshan Park,Yingge Dist,"No.161, Jianshan Rd.(opposite)",500234013,29,13,20260819T071802,24.9482,121.346,16,1,13,0,2026-08-19T07:24:23+08:00
新北市,New Taipei City,YouBike2.0_永昌里兒一公園,鶯歌區,鶯桃路182巷96弄36-38號對側,YouBike2.0_Yongchang Village Children Park (No.1),Yingge Dist,"No.36-38, Aly. 96, Ln. 182, Yingtao Rd.(oppsite)",500234014,20,8,20260819T064702,24.956649374562204,121.33959628800724,12,1,6,2,2026-08-19T07:24:23+08:00
新北市,New Taipei City,YouBike2.0_南雅育智路口,鶯歌區,南雅路491號(對面),YouBike2.0_Nanya & Yuzhi Rd. Intersection,Yingge Dist,"No.491, Nanya Rd., Yingge Dist.(opposite)",500234015,22,3,20260819T070902,24.954,121.346,19,1,3,0,2026-08-19T07:24:23+08:00
新北市,New Taipei City,YouBike2.0_國中二甲路口,鶯歌區,國中街175號(前),YouBike2.0_Guozhong & Erjia Intersection,Yingge Dist,"No. 175, Guozhong St., Yingge Dist.",500234016,20,15,20260819T062102,24.939489067109363,121.33868650698288,5,1,11,4,2026-08-19T07:24:23+08:00
新北市,New Taipei City,YouBike2.0_鶯歌永利街,鶯歌區,永利街16號(對面),YouBike2.0_Yingge Yongli St.,Yingge Dist,"No. 16, Yongli St. Yingge Dist.",500234017,15,12,20260819T071903,24.95495,121.33911,2,1,12,0,2026-08-19T07:24:23+08:00
新北市,New Taipei City,YouBike2.0_二橋虹橋公園,鶯歌區,中正三路400號(對面),YouBike2.0_Erqiaoshiguanghongqiao Park,Yingge Dist,"No. 400, Zhongzheng 3rd Rd.(Opposite)",500234018,10,4,20260818T223004,24.93453,121.32595,6,1,4,0,2026-08-19T07:24:23+08:00
新北市,New Taipei City,YouBike2.0_鳳吉四鳳七路口(捷士匯社區),鶯歌區,鳳吉四街57-75號(旁),YouBike2.0_Fengji 4th & Feng 7th Rd. Intersection,Yingge Dist,"No. 57-75, Fengji 4th St.",500234021,40,12,20260819T071403,24.97383,121.32769,28,1,11,1,2026-08-19T07:24:23+08:00
新北市,New Taipei City,YouBike2.0_鶯歌老街第二停車場,鶯歌區,尖山埔路27-31號(對面),YouBike2.0_Yingge Old Street 2nd Parking Lot,Yingge Dist,"No. 27-31, Jianshanpu Rd.(Opposite)",500234022,20,13,20260819T065803,24.94895,121.34227,7,1,12,1,2026-08-19T07:24:23+08:00
新北市,New Taipei City,YouBike2.0_建國中正一路口(北鶯社區),鶯歌區,建國路6號(對面空地),YouBike2.0_Jianguo Zhongzheng 1st Rd. Intersection,Yingge Dist,"No. 6, Jianguo Rd.(Opposite)",500234023,20,9,20260819T044504,24.95658,121.35692,11,1,9,0,2026-08-19T07:24:23+08:00
新北市,New Taipei City,YouBike2.0_三鶯水資源回收中心,鶯歌區,館前路360號(旁),YouBike2.0_Sanying Water Recycling Center,Yingge Dist,"No. 360, Guanqian Rd.",500234024,14,11,20260819T064402,24.95535,121.35996,3,1,7,4,2026-08-19T07:24:23+08:00
新北市,New Taipei City,YouBike2.0_永和街65巷口,鶯歌區,永和街75號,"YouBike2.0_Ln. 65, Yonghe St. Intersection",Yingge Dist,"No. 75, Yonghe St.",500234025,37,15,20260819T071603,24.96798,121.3331413,22,1,10,5,2026-08-19T07:24:23+08:00
新北市,New Taipei City,YouBike2.0_鶯歌陶瓷博物館,鶯歌區,文化路200號(旁),YouBike2.0_Yingge Ceramics Museum(Wenhua Rd.),Yingge Dist,"No. 200, Wenhua Rd.",500234026,22,15,20260819T071903,24.95012,121.35245,7,1,12,3,2026-08-19T07:24:23+08:00
新北市,New Taipei City,YouBike2.0_礫間停車場,鶯歌區,礫間停車場,YouBike2.0_Lijian Parking,Yingge Dist,Lijian Parking,500234028,20,2,20260818T221504,24.9518,121.35445,18,1,1,1,2026-08-19T07:24:23+08:00
新北市,New Taipei City,YouBike2.0_北鶯停車場,鶯歌區,北鶯停車場,YouBike2.0_Beiying Parking,Yingge Dist,Beiying Parking,500234029,20,9,20260818T223102,24.95567,121.35992,11,1,9,0,2026-08-19T07:24:23+08:00
新北市,New Taipei City,YouBike2.0_育英建國路口,鶯歌區,建國路280號(旁),YouBike2.0_Yuying Jianguo Rd. Intersection,Yingge Dist,"No. 280, Jianguo Rd.",500234030,12,1,20260819T071903,24.95356,121.34693,11,1,1,0,2026-08-19T07:24:23+08:00
新北市,New Taipei City,YouBike2.0_中正一仁愛路口,鶯歌區,中正一路181號(對面),YouBike2.0_Zhongzheng 1st & Ren'ai Rd Intersection,Yingge Dist,"No. 181, Zhongzheng 1st Rd.(Opposite)",500234031,15,5,20260819T064004,24.95672,121.3532,10,1,2,3,2026-08-19T07:24:23+08:00
新北市,New Taipei City,YouBike2.0_建國國小,鶯歌區,育英街19號(旁),YouBike2.0_Jianguo Elementary School,Yingge Dist,"No. 19, Yuying St.",500234032,15,6,20260819T070402,24.95521,121.34727,9,1,6,0,2026-08-19T07:24:23+08:00
新北市,New Taipei City,YouBike2.0_光明橋,鶯歌區,永明街78號(旁),YouBike2.0_Guang-ming bridge,Yingge Dist,"No. 78, Yongming St., Yingge Dist.(side)",500234033,14,7,20260819T070302,24.95577,121.34128,7,1,7,0,2026-08-19T07:24:23+08:00
新北市,New Taipei City,YouBike2.0_二橋派出所,鶯歌區,高職西街/中正三路口(西北側),YouBike2.0_Erqiao Police Station,Yingge Dist,"Gaozhi W. St. & Zhongzheng 3rd Rd., Yingge Dist. (west side)",500234034,11,1,20260819T071302,24.94216,121.33884,10,1,1,0,2026-08-19T07:24:23+08:00
新北市,New Taipei City,YouBike2.0_國中高職東街口,鶯歌區,國中路113至117-3號(對面),YouBike2.0_Guozhong & Gaozhi E. Intersection,Yingge Dist,"No. 113, Guozhong St., Yingge Dist.(opposite)",500234035,15,2,20260819T071603,24.94117,121.34116,13,1,2,0,2026-08-19T07:24:23+08:00
新北市,New Taipei City,YouBike2.0_尖山路高厝巷口,鶯歌區,尖山路276-5號(旁),YouBike2.0_Gaocuo Ln. Jianshan Rd.,Yingge Dist,"No. 276-5, Jianshan Rd. (Side)",500234036,15,3,20260819T065004,24.94495,121.34102,11,1,3,0,2026-08-19T07:24:23+08:00
新北市,New Taipei City,YouBike2.0_公八停車場,鶯歌區,國華路53號(對面),YouBike2.0_Public 8th Parking Lot,Yingge Dist,"No.53, Guohua Rd. (opposite)",500234037,15,6,20260819T070702,24.95515,121.34285,9,1,5,1,2026-08-19T07:24:23+08:00
新北市,New Taipei City,YouBike2.0_龍三鳳鳴路口,鶯歌區,鳳鳴路541號,YouBike2.0_Long 3rd. Rd. & Fengming Rd. Intersection,Yingge Dist,"No. 541, Fengming Rd.",500234038,18,1,20260819T071718,24.97286,121.33137,17,1,1,0,2026-08-19T07:24:23+08:00
新北市,New Taipei City,YouBike2.0_鳳福鳳三路口,鶯歌區,鳳三路360號,YouBike2.0_Fengfu Rd. & Feng 3rd. Rd. Intersection,Yingge Dist,"No. 360, Feng 3rd Rd.",500234039,22,8,20260819T071802,24.97567,121.33143,14,1,8,0,2026-08-19T07:24:23+08:00
新北市,New Taipei City,YouBike2.0_北鶯公園,鶯歌區,成功街20巷19號(旁),YouBike2.0_Beiying Park,Yingge Dist,"No. 19, Ln. 20, Chenggong St. (Side)",500234040,15,7,20260819T061903,24.95777,121.35942,6,1,7,0,2026-08-19T07:24:23+08:00
新北市,New Taipei City,YouBike2.0_鶯歌火車站(文化路),鶯歌區,文化路/文化路115巷(北側),YouBike2.0_Yingge Station (Wenhua Rd.),Yingge Dist,"Ln. 115, Wenhua Rd. Intersection (North)",500234041,25,19,20260819T070602,24.95536,121.35697,6,1,17,2,2026-08-19T07:24:23+08:00
新北市,New Taipei City,YouBike2.0_鳳七鶯歌路口,鶯歌區,鶯歌路101-107號(旁),YouBike2.0_Feng 7th Rd. & Yingge Rd. Intersection,Yingge Dist,"No. 101-107, Yingge Rd. (Side)",500234042,11,4,20260819T071205,24.96916,121.33193,7,1,2,2,2026-08-19T07:24:23+08:00
新北市,New Taipei City,YouBike2.0_國際一路112巷口,鶯歌區,國際一路167號(前),"YouBike2.0_Ln. 112, GuoJi 1st Rd.",Yingge Dist,"No. 167, GuoJi 1st Rd. (Front)",500234043,15,7,20260819T065102,24.97667,121.33579,7,1,5,2,2026-08-19T07:24:23+08:00
新北市,New Taipei City,YouBike2.0_臺鐵鳳鳴站,鶯歌區,鳳一路/鶯歌路口,YouBike2.0_Fengming Station,Yingge Dist,Feng 1st Rd. & YingGe Rd.,500234044,40,0,20260817T173503,24.97227,121.33674,0,0,0,0,2026-08-19T07:24:23+08:00
新北市,New Taipei City,YouBike2.0_鶯歌陶瓷老街,鶯歌區,重慶街/國慶街(西南側),YouBike2.0_YingGe Old Street,Yingge Dist,ChongQing St. & GuoQing St. (Southwest),500234045,33,12,20260819T071505,24.95219,121.351,21,1,12,0,2026-08-19T07:24:23+08:00
新北市,New Taipei City,YouBike2.0_鶯歌火車站(仁愛路62號),鶯歌區,仁愛路62號(東側),"YouBike2.0_YingGe Station (No. 62, RenAi Rd.)",Yingge Dist,"No. 62, RenAi Rd. (East)",500234046,42,15,20260819T071302,24.95505,121.35407,27,1,12,3,2026-08-19T07:24:23+08:00
新北市,New Taipei City,YouBike2.0_臺鐵鳳鳴站(鶯歌路),鶯歌區,鶯歌路276號(對面),YouBike2.0_Fengming Station (YingGe Rd.),Yingge Dist,"No. 276, YingGe Rd. (Opposite)",500234047,20,13,20260819T071904,24.97189,121.33651,7,1,11,2,2026-08-19T07:24:23+08:00
新北市,New Taipei City,YouBike2.0_光明育智路口,鶯歌區,光明街126號(東南側),YouBike2.0_GuangMing St. & YuZhi Rd. Intersection,Yingge Dist,"No. 126, GuangMing St. (Southeast)",500234048,14,6,20260819T065803,24.95587,121.3456,8,1,6,0,2026-08-19T07:24:23+08:00
新北市,New Taipei City,YouBike2.0_新鳳公園,鶯歌區,鶯桃路二段60號(對側),YouBike2.0_XinFeng Park,Yingge Dist,"No. 60, Sec. 2, YingTao Rd. (Opposite)",500234049,14,8,20260819T071505,24.9732,121.32474,6,1,8,0,2026-08-19T07:24:23+08:00
新北市,New Taipei City,YouBike2.0_鳳鳴機器人公園,鶯歌區,鳳鳴路/福安街7巷24弄口,YouBike2.0_FengMing Robot Park,Yingge Dist,"FengMing Rd. & Aly. 24, Ln. 7, FuAn St.",500234050,17,3,20260819T071403,24.96618,121.33465,14,1,0,3,2026-08-19T07:24:23+08:00
新北市,New Taipei City,YouBike2.0_龍五鳳七路口,鶯歌區,龍五路/鳳七路口,YouBike2.0_Long 5th Rd. & Feng 7th Rd. Intersection,Yingge Dist,Long 5th Rd. & Feng 7th Rd. Intersection,500234051,30,0,20260819T070818,24.97043,121.33101,30,1,0,0,2026-08-19T07:24:23+08:00
新北市,New Taipei City,YouBike2.0_龍鳳夜市,鶯歌區,鳳三路/龍三路(東南側),YouBike2.0_LongFeng Night Market,Yingge Dist,Feng 3rd Rd. & Long 3rd Rd. (Southeast),500234052,30,17,20260819T071904,24.97329,121.33331,13,1,17,0,2026-08-19T07:24:23+08:00
新北市,New Taipei City,YouBike2.0_中湖市民活動中心,鶯歌區,中湖街21號,YouBike2.0_Zhonghu Civic Activity Center,Yingge Dist,"No. 21, ZhongHu St.",500234053,20,3,20260819T010102,24.97298,121.3472,16,1,2,1,2026-08-19T07:24:23+08:00
新北市,New Taipei City,YouBike2.0_鳳一鳳吉一街口,鶯歌區,鳳吉一街259號(旁),YouBike2.0_Feng 1st Rd. & FengJi 1st St. Intersection,Yingge Dist,"No. 259, FengJi 1st St. (Side)",500234054,20,4,20260819T071702,24.97677,121.3317,15,1,4,0,2026-08-19T07:24:23+08:00
新北市,New Taipei City,YouBike2.0_鳳五路122號前,鶯歌區,鳳五路122號前,"YouBike2.0_No. 122, Feng 5th Rd.",Yingge Dist,"No. 122, Feng 5th Rd. (Front)",500234055,18,0,20260819T065718,24.97316,121.32991,18,1,0,0,2026-08-19T07:24:23+08:00
新北市,New Taipei City,YouBike2.0_建國永昌街口,鶯歌區,建國路546號(對面),YouBike2.0_JianGuo Rd. & YongChang St. Intersection,Yingge Dist,"No. 546, JianGuo Rd. (Opposite)",500234056,17,3,20260818T181003,24.95031,121.33831,14,1,3,0,2026-08-19T07:24:23+08:00
新北市,New Taipei City,YouBike2.0_捷運鶯歌車站,鶯歌區,館前路300號(對側),YouBike2.0_MRT Yingge Sta.,Yingge Dist,"No. 300, GuanQian Rd. (Opposite)",500234057,34,12,20260819T064504,24.95322,121.35668,22,1,11,1,2026-08-19T07:24:23+08:00
新北市,New Taipei City,YouBike2.0_鳳三龍七路口,鶯歌區,鳳三路68號,YouBike2.0_Feng 3rd Rd. & Long 7th Rd. Intersection,Yingge Dist,"No. 68, Feng 3rd Rd.",500234058,18,8,20260819T071904,24.97204,121.33467,9,1,5,3,2026-08-19T07:24:23+08:00
新北市,New Taipei City,YouBike2.0_捷運國華站,鶯歌區,國華路45號(對側),YouBike2.0_MRT Guohua Sta.,Yingge Dist,"No. 45, GuoHua Rd. (Opposite)",500234059,24,9,20260819T070302,24.95535,121.34251,15,1,9,0,2026-08-19T07:24:23+08:00
新北市,New Taipei City,YouBike2.0_捷運陶瓷老街站,鶯歌區,捷運陶瓷老街站(重慶街側),YouBike2.0_MRT Ceramics Old Street Sta.,Yingge Dist,MRT Ceramics Old Street Sta. (ChongQing St.),500234060,36,21,20260819T071205,24.95212,121.35065,15,1,21,0,2026-08-19T07:24:23+08:00
新北市,New Taipei City,YouBike2.0_捷運永吉公園站,鶯歌區,鶯桃路296巷口,YouBike2.0_MRT Yongji Park Sta.,Yingge Dist,"Ln. 296, YingTao Rd. Intersection",500234061,47,14,20260819T071702,24.96048,121.33476,32,1,11,3,2026-08-19T07:24:23+08:00
新北市,New Taipei City,YouBike2.0_捷運鶯桃福德站,鶯歌區,福德一路20號(對側),YouBike2.0_MRT Yingtao Fude Sta.,Yingge Dist,"No. 20, FuDe 1st Rd. (Opposite)",500234062,75,18,20260819T070402,24.96704,121.33044,57,1,18,0,2026-08-19T07:24:23+08:00
新北市,New Taipei City,YouBike2.0_捷運國華站(2號出口),鶯歌區,國華路97號(對側),YouBike2.0_MRT Guohua Sta.(Exit 2),Yingge Dist,"No. 97, GuoHua Rd. (Opposite)",500234063,60,17,20260819T071403,24.95374,121.34301,43,1,16,1,2026-08-19T07:24:23+08:00
新北市,New Taipei City,YouBike2.0_鶯歌山水步道停車場,鶯歌區,觀景涼亭停車場,YouBike2.0_YingGe Riverside Trail Car Park,Yingge Dist,YingGe Riverside Trail Car Park,500234064,24,2,20260819T070803,24.93205,121.32825,22,1,2,0,2026-08-19T07:24:23+08:00
新北市,New Taipei City,YouBike2.0_鶯歌環河自行車道,鶯歌區,環河路/甲三街(南側自行車道),YouBike2.0_YingGe Riverside Cycling Route,Yingge Dist,Huanhe Rd. & Jia 3rd St. (South),500234065,20,12,20260819T064804,24.92967,121.33837,8,1,12,0,2026-08-19T07:24:23+08:00
新北市,New Taipei City,YouBike2.0_鶯歌火車站(仁愛路),鶯歌區,仁愛路55號對側,YouBike2.0_Yingge Railway Station(Ren’ai Rd.),Yingge Dist,"No.55, Ren’ai Rd., Yingge Dist.(opposite)",500234001,69,22,20260819T073603,24.95559,121.35441,46,1,22,0,2026-08-19T07:43:35+08:00
新北市,New Taipei City,YouBike2.0_新北市立圖書館鶯歌分館,鶯歌區,中山路150號,YouBike2.0_New Taipei City Library Yingge Branch,Yingge Dist,"No.150, Zhongshan Rd.",500234002,20,6,20260819T073204,24.9572,121.34946,14,1,3,3,2026-08-19T07:43:35+08:00
新北市,New Taipei City,YouBike2.0_文化館前路口,鶯歌區,文化路407號旁,YouBike2.0_Yingge Ceramics Museum,Yingge Dist,"No. 407, Wenhua Rd.",500234003,44,16,20260819T072602,24.94948,121.35291,28,1,14,2,2026-08-19T07:43:35+08:00
新北市,New Taipei City,YouBike2.0_鶯歌國民運動中心,鶯歌區,館前路250號運動中心前,YouBike2.0_Yingge Civil Sports Center,Yingge Dist,"No.250, Guanqian Rd., Yingge Dist.",500234004,38,24,20260819T073302,24.95139,121.35733,14,1,24,0,2026-08-19T07:43:35+08:00
新北市,New Taipei City,YouBike2.0_尖山國中,鶯歌區,國中街1號,YouBike2.0_Municipal Jianshan Junior High School,Yingge Dist,"No.1, Guozhong St., Yingge Dist(sidewalk)",500234005,20,6,20260819T072602,24.94381,121.34207,14,1,6,0,2026-08-19T07:43:35+08:00
新北市,New Taipei City,YouBike2.0_新北市立鶯歌高級工商職業學校,鶯歌區,中正三路154號,YouBike2.0_New Taipei Municipal Yingge Vocational High School,Yingge Dist,"No. 154, Zhongzheng 3rd. Rd",500234006,56,11,20260819T072902,24.93923,121.33488,45,1,10,1,2026-08-19T07:43:35+08:00
新北市,New Taipei City,YouBike2.0_鶯歌國中,鶯歌區,鶯桃路39-5號對側,YouBike2.0_Yingge Junior High chool,Yingge Dist,"No.39-5, Yingtao Rd.(opposite)",500234007,30,5,20260819T073802,24.95119,121.34256,24,1,4,1,2026-08-19T07:43:35+08:00
新北市,New Taipei City,YouBike2.0_永吉國小,鶯歌區,德昌二街39號對側,YouBike2.0_Yongchi elementary school,Yingge Dist,"No.39, Dechang 2nd St., Yingge Dist.",500234008,20,1,20260819T072302,24.95865,121.33308,19,1,1,0,2026-08-19T07:43:35+08:00
新北市,New Taipei City,YouBike2.0_鳳祥公園,鶯歌區,鶯桃路365巷130號對側,YouBike2.0_Fengxiang Park,Yingge Dist,"No.130, Ln. 365, Yingtao Rd., Yingge Dist.",500234009,20,7,20260819T072602,24.96283,121.33025,13,1,6,1,2026-08-19T07:43:35+08:00
新北市,New Taipei City,YouBike2.0_鳳鳴國小,鶯歌區,永和街120號,YouBike2.0_Fengming Elementary School,Yingge Dist,"No.120, Yonghe St., Yingge Dist.",500234010,20,4,20260819T072504,24.9692,121.3347,16,1,4,0,2026-08-19T07:43:35+08:00
新北市,New Taipei City,YouBike2.0_國際二國際一路口,鶯歌區,國際二路與國際一路口,YouBike2.0_Guoji 2nd Guoji 1st Intersection,Yingge Dist,"Guoji 2nd Rd./Guoji 1st Rd., Yingge Dist.",500234011,20,7,20260819T072602,24.97577,121.3353,13,1,7,0,2026-08-19T07:43:35+08:00
新北市,New Taipei City,YouBike2.0_鳳福公園,鶯歌區,鳳吉一街186號(對面),YouBike2.0_Fengfu Park,Yingge Dist,"No. 186, Fengji 1st St., Yingge Dist.(opposite)",500234012,20,1,20260819T071002,24.97572,121.32938,19,1,1,0,2026-08-19T07:43:35+08:00
新北市,New Taipei City,YouBike2.0_尖山公園,鶯歌區,鶯歌區尖山路161號對面,YouBike2.0_Jianshan Park,Yingge Dist,"No.161, Jianshan Rd.(opposite)",500234013,29,13,20260819T071802,24.9482,121.346,16,1,13,0,2026-08-19T07:43:35+08:00
新北市,New Taipei City,YouBike2.0_永昌里兒一公園,鶯歌區,鶯桃路182巷96弄36-38號對側,YouBike2.0_Yongchang Village Children Park (No.1),Yingge Dist,"No.36-38, Aly. 96, Ln. 182, Yingtao Rd.(oppsite)",500234014,20,8,20260819T064702,24.956649374562204,121.33959628800724,12,1,6,2,2026-08-19T07:43:35+08:00
新北市,New Taipei City,YouBike2.0_南雅育智路口,鶯歌區,南雅路491號(對面),YouBike2.0_Nanya & Yuzhi Rd. Intersection,Yingge Dist,"No.491, Nanya Rd., Yingge Dist.(opposite)",500234015,22,3,20260819T070902,24.954,121.346,19,1,3,0,2026-08-19T07:43:35+08:00
新北市,New Taipei City,YouBike2.0_國中二甲路口,鶯歌區,國中街175號(前),YouBike2.0_Guozhong & Erjia Intersection,Yingge Dist,"No. 175, Guozhong St., Yingge Dist.",500234016,20,14,20260819T072403,24.939489067109363,121.33868650698288,6,1,10,4,2026-08-19T07:43:35+08:00
新北市,New Taipei City,YouBike2.0_鶯歌永利街,鶯歌區,永利街16號(對面),YouBike2.0_Yingge Yongli St.,Yingge Dist,"No. 16, Yongli St. Yingge Dist.",500234017,15,11,20260819T072202,24.95495,121.33911,3,1,11,0,2026-08-19T07:43:35+08:00
新北市,New Taipei City,YouBike2.0_二橋虹橋公園,鶯歌區,中正三路400號(對面),YouBike2.0_Erqiaoshiguanghongqiao Park,Yingge Dist,"No. 400, Zhongzheng 3rd Rd.(Opposite)",500234018,10,5,20260819T072803,24.93453,121.32595,5,1,4,1,2026-08-19T07:43:35+08:00
新北市,New Taipei City,YouBike2.0_鳳吉四鳳七路口(捷士匯社區),鶯歌區,鳳吉四街57-75號(旁),YouBike2.0_Fengji 4th & Feng 7th Rd. Intersection,Yingge Dist,"No. 57-75, Fengji 4th St.",500234021,40,10,20260819T072902,24.97383,121.32769,30,1,10,0,2026-08-19T07:43:35+08:00
新北市,New Taipei City,YouBike2.0_鶯歌老街第二停車場,鶯歌區,尖山埔路27-31號(對面),YouBike2.0_Yingge Old Street 2nd Parking Lot,Yingge Dist,"No. 27-31, Jianshanpu Rd.(Opposite)",500234022,20,18,20260819T073902,24.94895,121.34227,2,1,17,1,2026-08-19T07:43:35+08:00
新北市,New Taipei City,YouBike2.0_建國中正一路口(北鶯社區),鶯歌區,建國路6號(對面空地),YouBike2.0_Jianguo Zhongzheng 1st Rd. Intersection,Yingge Dist,"No. 6, Jianguo Rd.(Opposite)",500234023,20,9,20260819T044504,24.95658,121.35692,11,1,9,0,2026-08-19T07:43:35+08:00
新北市,New Taipei City,YouBike2.0_三鶯水資源回收中心,鶯歌區,館前路360號(旁),YouBike2.0_Sanying Water Recycling Center,Yingge Dist,"No. 360, Guanqian Rd.",500234024,14,11,20260819T064402,24.95535,121.35996,3,1,7,4,2026-08-19T07:43:35+08:00
新北市,New Taipei City,YouBike2.0_永和街65巷口,鶯歌區,永和街75號,"YouBike2.0_Ln. 65, Yonghe St. Intersection",Yingge Dist,"No. 75, Yonghe St.",500234025,37,15,20260819T073703,24.96798,121.3331413,22,1,10,5,2026-08-19T07:43:35+08:00
新北市,New Taipei City,YouBike2.0_鶯歌陶瓷博物館,鶯歌區,文化路200號(旁),YouBike2.0_Yingge Ceramics Museum(Wenhua Rd.),Yingge Dist,"No. 200, Wenhua Rd.",500234026,22,11,20260819T072403,24.95012,121.35245,11,1,7,4,2026-08-19T07:43:35+08:00
新北市,New Taipei City,YouBike2.0_礫間停車場,鶯歌區,礫間停車場,YouBike2.0_Lijian Parking,Yingge Dist,Lijian Parking,500234028,20,2,20260818T221504,24.9518,121.35445,18,1,1,1,2026-08-19T07:43:35+08:00
新北市,New Taipei City,YouBike2.0_北鶯停車場,鶯歌區,北鶯停車場,YouBike2.0_Beiying Parking,Yingge Dist,Beiying Parking,500234029,20,9,20260818T223102,24.95567,121.35992,11,1,9,0,2026-08-19T07:43:35+08:00
新北市,New Taipei City,YouBike2.0_育英建國路口,鶯歌區,建國路280號(旁),YouBike2.0_Yuying Jianguo Rd. Intersection,Yingge Dist,"No. 280, Jianguo Rd.",500234030,12,1,20260819T073204,24.95356,121.34693,11,1,1,0,2026-08-19T07:43:35+08:00
新北市,New Taipei City,YouBike2.0_中正一仁愛路口,鶯歌區,中正一路181號(對面),YouBike2.0_Zhongzheng 1st & Ren'ai Rd Intersection,Yingge Dist,"No. 181, Zhongzheng 1st Rd.(Opposite)",500234031,15,5,20260819T064004,24.95672,121.3532,10,1,2,3,2026-08-19T07:43:35+08:00
新北市,New Taipei City,YouBike2.0_建國國小,鶯歌區,育英街19號(旁),YouBike2.0_Jianguo Elementary School,Yingge Dist,"No. 19, Yuying St.",500234032,15,6,20260819T070402,24.95521,121.34727,9,1,6,0,2026-08-19T07:43:35+08:00
新北市,New Taipei City,YouBike2.0_光明橋,鶯歌區,永明街78號(旁),YouBike2.0_Guang-ming bridge,Yingge Dist,"No. 78, Yongming St., Yingge Dist.(side)",500234033,14,6,20260819T072302,24.95577,121.34128,8,1,6,0,2026-08-19T07:43:35+08:00
新北市,New Taipei City,YouBike2.0_二橋派出所,鶯歌區,高職西街/中正三路口(西北側),YouBike2.0_Erqiao Police Station,Yingge Dist,"Gaozhi W. St. & Zhongzheng 3rd Rd., Yingge Dist. (west side)",500234034,11,1,20260819T071302,24.94216,121.33884,10,1,1,0,2026-08-19T07:43:35+08:00
新北市,New Taipei City,YouBike2.0_國中高職東街口,鶯歌區,國中路113至117-3號(對面),YouBike2.0_Guozhong & Gaozhi E. Intersection,Yingge Dist,"No. 113, Guozhong St., Yingge Dist.(opposite)",500234035,15,3,20260819T073204,24.94117,121.34116,12,1,3,0,2026-08-19T07:43:35+08:00
新北市,New Taipei City,YouBike2.0_尖山路高厝巷口,鶯歌區,尖山路276-5號(旁),YouBike2.0_Gaocuo Ln. Jianshan Rd.,Yingge Dist,"No. 276-5, Jianshan Rd. (Side)",500234036,15,3,20260819T065004,24.94495,121.34102,11,1,3,0,2026-08-19T07:43:35+08:00
新北市,New Taipei City,YouBike2.0_公八停車場,鶯歌區,國華路53號(對面),YouBike2.0_Public 8th Parking Lot,Yingge Dist,"No.53, Guohua Rd. (opposite)",500234037,15,6,20260819T070702,24.95515,121.34285,9,1,5,1,2026-08-19T07:43:35+08:00
新北市,New Taipei City,YouBike2.0_龍三鳳鳴路口,鶯歌區,鳳鳴路541號,YouBike2.0_Long 3rd. Rd. & Fengming Rd. Intersection,Yingge Dist,"No. 541, Fengming Rd.",500234038,18,0,20260819T072418,24.97286,121.33137,18,1,0,0,2026-08-19T07:43:35+08:00
新北市,New Taipei City,YouBike2.0_鳳福鳳三路口,鶯歌區,鳳三路360號,YouBike2.0_Fengfu Rd. & Feng 3rd. Rd. Intersection,Yingge Dist,"No. 360, Feng 3rd Rd.",500234039,22,9,20260819T073703,24.97567,121.33143,13,1,9,0,2026-08-19T07:43:35+08:00
新北市,New Taipei City,YouBike2.0_北鶯公園,鶯歌區,成功街20巷19號(旁),YouBike2.0_Beiying Park,Yingge Dist,"No. 19, Ln. 20, Chenggong St. (Side)",500234040,15,5,20260819T073703,24.95777,121.35942,8,1,5,0,2026-08-19T07:43:35+08:00
新北市,New Taipei City,YouBike2.0_鶯歌火車站(文化路),鶯歌區,文化路/文化路115巷(北側),YouBike2.0_Yingge Station (Wenhua Rd.),Yingge Dist,"Ln. 115, Wenhua Rd. Intersection (North)",500234041,25,19,20260819T070602,24.95536,121.35697,6,1,17,2,2026-08-19T07:43:35+08:00
新北市,New Taipei City,YouBike2.0_鳳七鶯歌路口,鶯歌區,鶯歌路101-107號(旁),YouBike2.0_Feng 7th Rd. & Yingge Rd. Intersection,Yingge Dist,"No. 101-107, Yingge Rd. (Side)",500234042,11,1,20260819T072803,24.96916,121.33193,10,1,0,1,2026-08-19T07:43:35+08:00
新北市,New Taipei City,YouBike2.0_國際一路112巷口,鶯歌區,國際一路167號(前),"YouBike2.0_Ln. 112, GuoJi 1st Rd.",Yingge Dist,"No. 167, GuoJi 1st Rd. (Front)",500234043,15,8,20260819T073004,24.97667,121.33579,6,1,5,3,2026-08-19T07:43:35+08:00
新北市,New Taipei City,YouBike2.0_臺鐵鳳鳴站,鶯歌區,鳳一路/鶯歌路口,YouBike2.0_Fengming Station,Yingge Dist,Feng 1st Rd. & YingGe Rd.,500234044,40,0,20260817T173503,24.97227,121.33674,0,0,0,0,2026-08-19T07:43:35+08:00
新北市,New Taipei City,YouBike2.0_鶯歌陶瓷老街,鶯歌區,重慶街/國慶街(西南側),YouBike2.0_YingGe Old Street,Yingge Dist,ChongQing St. & GuoQing St. (Southwest),500234045,33,9,20260819T073403,24.95219,121.351,24,1,9,0,2026-08-19T07:43:35+08:00
新北市,New Taipei City,YouBike2.0_鶯歌火車站(仁愛路62號),鶯歌區,仁愛路62號(東側),"YouBike2.0_YingGe Station (No. 62, RenAi Rd.)",Yingge Dist,"No. 62, RenAi Rd. (East)",500234046,42,16,20260819T073504,24.95505,121.35407,26,1,13,3,2026-08-19T07:43:35+08:00
新北市,New Taipei City,YouBike2.0_臺鐵鳳鳴站(鶯歌路),鶯歌區,鶯歌路276號(對面),YouBike2.0_Fengming Station (YingGe Rd.),Yingge Dist,"No. 276, YingGe Rd. (Opposite)",500234047,20,10,20260819T073902,24.97189,121.33651,8,1,7,3,2026-08-19T07:43:35+08:00
新北市,New Taipei City,YouBike2.0_光明育智路口,鶯歌區,光明街126號(東南側),YouBike2.0_GuangMing St. & YuZhi Rd. Intersection,Yingge Dist,"No. 126, GuangMing St. (Southeast)",500234048,14,6,20260819T065803,24.95587,121.3456,8,1,6,0,2026-08-19T07:43:35+08:00
新北市,New Taipei City,YouBike2.0_新鳳公園,鶯歌區,鶯桃路二段60號(對側),YouBike2.0_XinFeng Park,Yingge Dist,"No. 60, Sec. 2, YingTao Rd. (Opposite)",500234049,14,9,20260819T073603,24.9732,121.32474,5,1,9,0,2026-08-19T07:43:35+08:00
新北市,New Taipei City,YouBike2.0_鳳鳴機器人公園,鶯歌區,鳳鳴路/福安街7巷24弄口,YouBike2.0_FengMing Robot Park,Yingge Dist,"FengMing Rd. & Aly. 24, Ln. 7, FuAn St.",500234050,17,1,20260819T073204,24.96618,121.33465,16,1,0,1,2026-08-19T07:43:35+08:00
新北市,New Taipei City,YouBike2.0_龍五鳳七路口,鶯歌區,龍五路/鳳七路口,YouBike2.0_Long 5th Rd. & Feng 7th Rd. Intersection,Yingge Dist,Long 5th Rd. & Feng 7th Rd. Intersection,500234051,30,0,20260819T070818,24.97043,121.33101,30,1,0,0,2026-08-19T07:43:35+08:00
新北市,New Taipei City,YouBike2.0_龍鳳夜市,鶯歌區,鳳三路/龍三路(東南側),YouBike2.0_LongFeng Night Market,Yingge Dist,Feng 3rd Rd. & Long 3rd Rd. (Southeast),500234052,30,13,20260819T072902,24.97329,121.33331,17,1,13,0,2026-08-19T07:43:35+08:00
新北市,New Taipei City,YouBike2.0_中湖市民活動中心,鶯歌區,中湖街21號,YouBike2.0_Zhonghu Civic Activity Center,Yingge Dist,"No. 21, ZhongHu St.",500234053,20,3,20260819T010102,24.97298,121.3472,16,1,2,1,2026-08-19T07:43:35+08:00
新北市,New Taipei City,YouBike2.0_鳳一鳳吉一街口,鶯歌區,鳳吉一街259號(旁),YouBike2.0_Feng 1st Rd. & FengJi 1st St. Intersection,Yingge Dist,"No. 259, FengJi 1st St. (Side)",500234054,20,8,20260819T073102,24.97677,121.3317,11,1,8,0,2026-08-19T07:43:35+08:00
新北市,New Taipei City,YouBike2.0_鳳五路122號前,鶯歌區,鳳五路122號前,"YouBike2.0_No. 122, Feng 5th Rd.",Yingge Dist,"No. 122, Feng 5th Rd. (Front)",500234055,18,0,20260819T065718,24.97316,121.32991,18,1,0,0,2026-08-19T07:43:35+08:00
新北市,New Taipei City,YouBike2.0_建國永昌街口,鶯歌區,建國路546號(對面),YouBike2.0_JianGuo Rd. & YongChang St. Intersection,Yingge Dist,"No. 546, JianGuo Rd. (Opposite)",500234056,17,3,20260818T181003,24.95031,121.33831,14,1,3,0,2026-08-19T07:43:35+08:00
新北市,New Taipei City,YouBike2.0_捷運鶯歌車站,鶯歌區,館前路300號(對側),YouBike2.0_MRT Yingge Sta.,Yingge Dist,"No. 300, GuanQian Rd. (Opposite)",500234057,34,13,20260819T072902,24.95322,121.35668,21,1,11,2,2026-08-19T07:43:35+08:00
新北市,New Taipei City,YouBike2.0_鳳三龍七路口,鶯歌區,鳳三路68號,YouBike2.0_Feng 3rd Rd. & Long 7th Rd. Intersection,Yingge Dist,"No. 68, Feng 3rd Rd.",500234058,18,5,20260819T073520,24.97204,121.33467,12,1,0,5,2026-08-19T07:43:35+08:00
新北市,New Taipei City,YouBike2.0_捷運國華站,鶯歌區,國華路45號(對側),YouBike2.0_MRT Guohua Sta.,Yingge Dist,"No. 45, GuoHua Rd. (Opposite)",500234059,24,9,20260819T070302,24.95535,121.34251,15,1,9,0,2026-08-19T07:43:35+08:00
新北市,New Taipei City,YouBike2.0_捷運陶瓷老街站,鶯歌區,捷運陶瓷老街站(重慶街側),YouBike2.0_MRT Ceramics Old Street Sta.,Yingge Dist,MRT Ceramics Old Street Sta. (ChongQing St.),500234060,36,20,20260819T072003,24.95212,121.35065,16,1,20,0,2026-08-19T07:43:35+08:00
新北市,New Taipei City,YouBike2.0_捷運永吉公園站,鶯歌區,鶯桃路296巷口,YouBike2.0_MRT Yongji Park Sta.,Yingge Dist,"Ln. 296, YingTao Rd. Intersection",500234061,47,14,20260819T071702,24.96048,121.33476,32,1,11,3,2026-08-19T07:43:35+08:00
新北市,New Taipei City,YouBike2.0_捷運鶯桃福德站,鶯歌區,福德一路20號(對側),YouBike2.0_MRT Yingtao Fude Sta.,Yingge Dist,"No. 20, FuDe 1st Rd. (Opposite)",500234062,75,20,20260819T073302,24.96704,121.33044,55,1,19,1,2026-08-19T07:43:35+08:00
新北市,New Taipei City,YouBike2.0_捷運國華站(2號出口),鶯歌區,國華路97號(對側),YouBike2.0_MRT Guohua Sta.(Exit 2),Yingge Dist,"No. 97, GuoHua Rd. (Opposite)",500234063,60,19,20260819T073802,24.95374,121.34301,41,1,18,1,2026-08-19T07:43:35+08:00
新北市,New Taipei City,YouBike2.0_鶯歌山水步道停車場,鶯歌區,觀景涼亭停車場,YouBike2.0_YingGe Riverside Trail Car Park,Yingge Dist,YingGe Riverside Trail Car Park,500234064,24,2,20260819T070803,24.93205,121.32825,22,1,2,0,2026-08-19T07:43:35+08:00
新北市,New Taipei City,YouBike2.0_鶯歌環河自行車道,鶯歌區,環河路/甲三街(南側自行車道),YouBike2.0_YingGe Riverside Cycling Route,Yingge Dist,Huanhe Rd. & Jia 3rd St. (South),500234065,20,12,20260819T064804,24.92967,121.33837,8,1,12,0,2026-08-19T07:43:35+08:00
新北市,New Taipei City,YouBike2.0_鶯歌火車站(仁愛路),鶯歌區,仁愛路55號對側,YouBike2.0_Yingge Railway Station(Ren’ai Rd.),Yingge Dist,"No.55, Ren’ai Rd., Yingge Dist.(opposite)",500234001,69,22,20260819T075403,24.95559,121.35441,46,1,22,0,2026-08-19T07:58:21+08:00
新北市,New Taipei City,YouBike2.0_新北市立圖書館鶯歌分館,鶯歌區,中山路150號,YouBike2.0_New Taipei City Library Yingge Branch,Yingge Dist,"No.150, Zhongshan Rd.",500234002,20,4,20260819T074804,24.9572,121.34946,16,1,1,3,2026-08-19T07:58:21+08:00
新北市,New Taipei City,YouBike2.0_文化館前路口,鶯歌區,文化路407號旁,YouBike2.0_Yingge Ceramics Museum,Yingge Dist,"No. 407, Wenhua Rd.",500234003,44,16,20260819T072602,24.94948,121.35291,28,1,14,2,2026-08-19T07:58:21+08:00
新北市,New Taipei City,YouBike2.0_鶯歌國民運動中心,鶯歌區,館前路250號運動中心前,YouBike2.0_Yingge Civil Sports Center,Yingge Dist,"No.250, Guanqian Rd., Yingge Dist.",500234004,38,22,20260819T075002,24.95139,121.35733,16,1,22,0,2026-08-19T07:58:21+08:00
新北市,New Taipei City,YouBike2.0_尖山國中,鶯歌區,國中街1號,YouBike2.0_Municipal Jianshan Junior High School,Yingge Dist,"No.1, Guozhong St., Yingge Dist(sidewalk)",500234005,20,7,20260819T074402,24.94381,121.34207,13,1,7,0,2026-08-19T07:58:21+08:00
新北市,New Taipei City,YouBike2.0_新北市立鶯歌高級工商職業學校,鶯歌區,中正三路154號,YouBike2.0_New Taipei Municipal Yingge Vocational High School,Yingge Dist,"No. 154, Zhongzheng 3rd. Rd",500234006,56,13,20260819T074604,24.93923,121.33488,43,1,12,1,2026-08-19T07:58:21+08:00
新北市,New Taipei City,YouBike2.0_鶯歌國中,鶯歌區,鶯桃路39-5號對側,YouBike2.0_Yingge Junior High chool,Yingge Dist,"No.39-5, Yingtao Rd.(opposite)",500234007,30,11,20260819T075403,24.95119,121.34256,18,1,10,1,2026-08-19T07:58:21+08:00
新北市,New Taipei City,YouBike2.0_永吉國小,鶯歌區,德昌二街39號對側,YouBike2.0_Yongchi elementary school,Yingge Dist,"No.39, Dechang 2nd St., Yingge Dist.",500234008,20,1,20260819T072302,24.95865,121.33308,19,1,1,0,2026-08-19T07:58:21+08:00
新北市,New Taipei City,YouBike2.0_鳳祥公園,鶯歌區,鶯桃路365巷130號對側,YouBike2.0_Fengxiang Park,Yingge Dist,"No.130, Ln. 365, Yingtao Rd., Yingge Dist.",500234009,20,7,20260819T072602,24.96283,121.33025,13,1,6,1,2026-08-19T07:58:21+08:00
新北市,New Taipei City,YouBike2.0_鳳鳴國小,鶯歌區,永和街120號,YouBike2.0_Fengming Elementary School,Yingge Dist,"No.120, Yonghe St., Yingge Dist.",500234010,20,2,20260819T074804,24.9692,121.3347,18,1,2,0,2026-08-19T07:58:21+08:00
新北市,New Taipei City,YouBike2.0_國際二國際一路口,鶯歌區,國際二路與國際一路口,YouBike2.0_Guoji 2nd Guoji 1st Intersection,Yingge Dist,"Guoji 2nd Rd./Guoji 1st Rd., Yingge Dist.",500234011,20,7,20260819T072602,24.97577,121.3353,13,1,7,0,2026-08-19T07:58:21+08:00
新北市,New Taipei City,YouBike2.0_鳳福公園,鶯歌區,鳳吉一街186號(對面),YouBike2.0_Fengfu Park,Yingge Dist,"No. 186, Fengji 1st St., Yingge Dist.(opposite)",500234012,20,0,20260819T074217,24.97572,121.32938,20,1,0,0,2026-08-19T07:58:21+08:00
新北市,New Taipei City,YouBike2.0_尖山公園,鶯歌區,鶯歌區尖山路161號對面,YouBike2.0_Jianshan Park,Yingge Dist,"No.161, Jianshan Rd.(opposite)",500234013,29,11,20260819T075002,24.9482,121.346,18,1,11,0,2026-08-19T07:58:21+08:00
新北市,New Taipei City,YouBike2.0_永昌里兒一公園,鶯歌區,鶯桃路182巷96弄36-38號對側,YouBike2.0_Yongchang Village Children Park (No.1),Yingge Dist,"No.36-38, Aly. 96, Ln. 182, Yingtao Rd.(oppsite)",500234014,20,8,20260819T064702,24.956649374562204,121.33959628800724,12,1,6,2,2026-08-19T07:58:21+08:00
新北市,New Taipei City,YouBike2.0_南雅育智路口,鶯歌區,南雅路491號(對面),YouBike2.0_Nanya & Yuzhi Rd. Intersection,Yingge Dist,"No.491, Nanya Rd., Yingge Dist.(opposite)",500234015,22,3,20260819T070902,24.954,121.346,19,1,3,0,2026-08-19T07:58:21+08:00
新北市,New Taipei City,YouBike2.0_國中二甲路口,鶯歌區,國中街175號(前),YouBike2.0_Guozhong & Erjia Intersection,Yingge Dist,"No. 175, Guozhong St., Yingge Dist.",500234016,20,14,20260819T072403,24.939489067109363,121.33868650698288,6,1,10,4,2026-08-19T07:58:21+08:00
新北市,New Taipei City,YouBike2.0_鶯歌永利街,鶯歌區,永利街16號(對面),YouBike2.0_Yingge Yongli St.,Yingge Dist,"No. 16, Yongli St. Yingge Dist.",500234017,15,7,20260819T075403,24.95495,121.33911,7,1,7,0,2026-08-19T07:58:21+08:00
新北市,New Taipei City,YouBike2.0_二橋虹橋公園,鶯歌區,中正三路400號(對面),YouBike2.0_Erqiaoshiguanghongqiao Park,Yingge Dist,"No. 400, Zhongzheng 3rd Rd.(Opposite)",500234018,10,5,20260819T072803,24.93453,121.32595,5,1,4,1,2026-08-19T07:58:21+08:00
新北市,New Taipei City,YouBike2.0_鳳吉四鳳七路口(捷士匯社區),鶯歌區,鳳吉四街57-75號(旁),YouBike2.0_Fengji 4th & Feng 7th Rd. Intersection,Yingge Dist,"No. 57-75, Fengji 4th St.",500234021,40,9,20260819T075102,24.97383,121.32769,31,1,9,0,2026-08-19T07:58:21+08:00
新北市,New Taipei City,YouBike2.0_鶯歌老街第二停車場,鶯歌區,尖山埔路27-31號(對面),YouBike2.0_Yingge Old Street 2nd Parking Lot,Yingge Dist,"No. 27-31, Jianshanpu Rd.(Opposite)",500234022,20,11,20260819T075302,24.94895,121.34227,7,1,10,1,2026-08-19T07:58:21+08:00
新北市,New Taipei City,YouBike2.0_建國中正一路口(北鶯社區),鶯歌區,建國路6號(對面空地),YouBike2.0_Jianguo Zhongzheng 1st Rd. Intersection,Yingge Dist,"No. 6, Jianguo Rd.(Opposite)",500234023,20,9,20260819T044504,24.95658,121.35692,11,1,9,0,2026-08-19T07:58:21+08:00
新北市,New Taipei City,YouBike2.0_三鶯水資源回收中心,鶯歌區,館前路360號(旁),YouBike2.0_Sanying Water Recycling Center,Yingge Dist,"No. 360, Guanqian Rd.",500234024,14,11,20260819T064402,24.95535,121.35996,3,1,7,4,2026-08-19T07:58:21+08:00
新北市,New Taipei City,YouBike2.0_永和街65巷口,鶯歌區,永和街75號,"YouBike2.0_Ln. 65, Yonghe St. Intersection",Yingge Dist,"No. 75, Yonghe St.",500234025,37,13,20260819T074804,24.96798,121.3331413,24,1,8,5,2026-08-19T07:58:21+08:00
新北市,New Taipei City,YouBike2.0_鶯歌陶瓷博物館,鶯歌區,文化路200號(旁),YouBike2.0_Yingge Ceramics Museum(Wenhua Rd.),Yingge Dist,"No. 200, Wenhua Rd.",500234026,22,12,20260819T075403,24.95012,121.35245,10,1,8,4,2026-08-19T07:58:21+08:00
新北市,New Taipei City,YouBike2.0_礫間停車場,鶯歌區,礫間停車場,YouBike2.0_Lijian Parking,Yingge Dist,Lijian Parking,500234028,20,2,20260818T221504,24.9518,121.35445,18,1,1,1,2026-08-19T07:58:21+08:00
新北市,New Taipei City,YouBike2.0_北鶯停車場,鶯歌區,北鶯停車場,YouBike2.0_Beiying Parking,Yingge Dist,Beiying Parking,500234029,20,9,20260818T223102,24.95567,121.35992,11,1,9,0,2026-08-19T07:58:21+08:00
新北市,New Taipei City,YouBike2.0_育英建國路口,鶯歌區,建國路280號(旁),YouBike2.0_Yuying Jianguo Rd. Intersection,Yingge Dist,"No. 280, Jianguo Rd.",500234030,12,2,20260819T074003,24.95356,121.34693,10,1,1,1,2026-08-19T07:58:21+08:00
新北市,New Taipei City,YouBike2.0_中正一仁愛路口,鶯歌區,中正一路181號(對面),YouBike2.0_Zhongzheng 1st & Ren'ai Rd Intersection,Yingge Dist,"No. 181, Zhongzheng 1st Rd.(Opposite)",500234031,15,4,20260819T074003,24.95672,121.3532,11,1,1,3,2026-08-19T07:58:21+08:00
新北市,New Taipei City,YouBike2.0_建國國小,鶯歌區,育英街19號(旁),YouBike2.0_Jianguo Elementary School,Yingge Dist,"No. 19, Yuying St.",500234032,15,7,20260819T074003,24.95521,121.34727,8,1,7,0,2026-08-19T07:58:21+08:00
新北市,New Taipei City,YouBike2.0_光明橋,鶯歌區,永明街78號(旁),YouBike2.0_Guang-ming bridge,Yingge Dist,"No. 78, Yongming St., Yingge Dist.(side)",500234033,14,6,20260819T074903,24.95577,121.34128,8,1,6,0,2026-08-19T07:58:21+08:00
新北市,New Taipei City,YouBike2.0_二橋派出所,鶯歌區,高職西街/中正三路口(西北側),YouBike2.0_Erqiao Police Station,Yingge Dist,"Gaozhi W. St. & Zhongzheng 3rd Rd., Yingge Dist. (west side)",500234034,11,1,20260819T075316,24.94216,121.33884,10,1,1,0,2026-08-19T07:58:21+08:00
新北市,New Taipei City,YouBike2.0_國中高職東街口,鶯歌區,國中路113至117-3號(對面),YouBike2.0_Guozhong & Gaozhi E. Intersection,Yingge Dist,"No. 113, Guozhong St., Yingge Dist.(opposite)",500234035,15,3,20260819T073204,24.94117,121.34116,12,1,3,0,2026-08-19T07:58:21+08:00
新北市,New Taipei City,YouBike2.0_尖山路高厝巷口,鶯歌區,尖山路276-5號(旁),YouBike2.0_Gaocuo Ln. Jianshan Rd.,Yingge Dist,"No. 276-5, Jianshan Rd. (Side)",500234036,15,3,20260819T065004,24.94495,121.34102,11,1,3,0,2026-08-19T07:58:21+08:00
新北市,New Taipei City,YouBike2.0_公八停車場,鶯歌區,國華路53號(對面),YouBike2.0_Public 8th Parking Lot,Yingge Dist,"No.53, Guohua Rd. (opposite)",500234037,15,5,20260819T075204,24.95515,121.34285,10,1,4,1,2026-08-19T07:58:21+08:00
新北市,New Taipei City,YouBike2.0_龍三鳳鳴路口,鶯歌區,鳳鳴路541號,YouBike2.0_Long 3rd. Rd. & Fengming Rd. Intersection,Yingge Dist,"No. 541, Fengming Rd.",500234038,18,0,20260819T072418,24.97286,121.33137,18,1,0,0,2026-08-19T07:58:21+08:00
新北市,New Taipei City,YouBike2.0_鳳福鳳三路口,鶯歌區,鳳三路360號,YouBike2.0_Fengfu Rd. & Feng 3rd. Rd. Intersection,Yingge Dist,"No. 360, Feng 3rd Rd.",500234039,22,5,20260819T075204,24.97567,121.33143,17,1,5,0,2026-08-19T07:58:21+08:00
新北市,New Taipei City,YouBike2.0_北鶯公園,鶯歌區,成功街20巷19號(旁),YouBike2.0_Beiying Park,Yingge Dist,"No. 19, Ln. 20, Chenggong St. (Side)",500234040,15,5,20260819T073703,24.95777,121.35942,8,1,5,0,2026-08-19T07:58:21+08:00
新北市,New Taipei City,YouBike2.0_鶯歌火車站(文化路),鶯歌區,文化路/文化路115巷(北側),YouBike2.0_Yingge Station (Wenhua Rd.),Yingge Dist,"Ln. 115, Wenhua Rd. Intersection (North)",500234041,25,17,20260819T074502,24.95536,121.35697,8,1,16,1,2026-08-19T07:58:21+08:00
新北市,New Taipei City,YouBike2.0_鳳七鶯歌路口,鶯歌區,鶯歌路101-107號(旁),YouBike2.0_Feng 7th Rd. & Yingge Rd. Intersection,Yingge Dist,"No. 101-107, Yingge Rd. (Side)",500234042,11,1,20260819T072803,24.96916,121.33193,10,1,0,1,2026-08-19T07:58:21+08:00
新北市,New Taipei City,YouBike2.0_國際一路112巷口,鶯歌區,國際一路167號(前),"YouBike2.0_Ln. 112, GuoJi 1st Rd.",Yingge Dist,"No. 167, GuoJi 1st Rd. (Front)",500234043,15,6,20260819T075002,24.97667,121.33579,8,1,3,3,2026-08-19T07:58:21+08:00
新北市,New Taipei City,YouBike2.0_臺鐵鳳鳴站,鶯歌區,鳳一路/鶯歌路口,YouBike2.0_Fengming Station,Yingge Dist,Feng 1st Rd. & YingGe Rd.,500234044,40,0,20260817T173503,24.97227,121.33674,0,0,0,0,2026-08-19T07:58:21+08:00
新北市,New Taipei City,YouBike2.0_鶯歌陶瓷老街,鶯歌區,重慶街/國慶街(西南側),YouBike2.0_YingGe Old Street,Yingge Dist,ChongQing St. & GuoQing St. (Southwest),500234045,33,9,20260819T073403,24.95219,121.351,24,1,9,0,2026-08-19T07:58:21+08:00
新北市,New Taipei City,YouBike2.0_鶯歌火車站(仁愛路62號),鶯歌區,仁愛路62號(東側),"YouBike2.0_YingGe Station (No. 62, RenAi Rd.)",Yingge Dist,"No. 62, RenAi Rd. (East)",500234046,42,18,20260819T074903,24.95505,121.35407,24,1,15,3,2026-08-19T07:58:21+08:00
新北市,New Taipei City,YouBike2.0_臺鐵鳳鳴站(鶯歌路),鶯歌區,鶯歌路276號(對面),YouBike2.0_Fengming Station (YingGe Rd.),Yingge Dist,"No. 276, YingGe Rd. (Opposite)",500234047,20,3,20260819T075302,24.97189,121.33651,12,1,2,1,2026-08-19T07:58:21+08:00
新北市,New Taipei City,YouBike2.0_光明育智路口,鶯歌區,光明街126號(東南側),YouBike2.0_GuangMing St. & YuZhi Rd. Intersection,Yingge Dist,"No. 126, GuangMing St. (Southeast)",500234048,14,5,20260819T074103,24.95587,121.3456,9,1,5,0,2026-08-19T07:58:21+08:00
新北市,New Taipei City,YouBike2.0_新鳳公園,鶯歌區,鶯桃路二段60號(對側),YouBike2.0_XinFeng Park,Yingge Dist,"No. 60, Sec. 2, YingTao Rd. (Opposite)",500234049,14,8,20260819T074103,24.9732,121.32474,6,1,8,0,2026-08-19T07:58:21+08:00
新北市,New Taipei City,YouBike2.0_鳳鳴機器人公園,鶯歌區,鳳鳴路/福安街7巷24弄口,YouBike2.0_FengMing Robot Park,Yingge Dist,"FengMing Rd. & Aly. 24, Ln. 7, FuAn St.",500234050,17,2,20260819T074402,24.96618,121.33465,15,1,1,1,2026-08-19T07:58:21+08:00
新北市,New Taipei City,YouBike2.0_龍五鳳七路口,鶯歌區,龍五路/鳳七路口,YouBike2.0_Long 5th Rd. & Feng 7th Rd. Intersection,Yingge Dist,Long 5th Rd. & Feng 7th Rd. Intersection,500234051,30,0,20260819T070818,24.97043,121.33101,30,1,0,0,2026-08-19T07:58:21+08:00
新北市,New Taipei City,YouBike2.0_龍鳳夜市,鶯歌區,鳳三路/龍三路(東南側),YouBike2.0_LongFeng Night Market,Yingge Dist,Feng 3rd Rd. & Long 3rd Rd. (Southeast),500234052,30,12,20260819T075102,24.97329,121.33331,18,1,12,0,2026-08-19T07:58:21+08:00
新北市,New Taipei City,YouBike2.0_中湖市民活動中心,鶯歌區,中湖街21號,YouBike2.0_Zhonghu Civic Activity Center,Yingge Dist,"No. 21, ZhongHu St.",500234053,20,3,20260819T010102,24.97298,121.3472,16,1,2,1,2026-08-19T07:58:21+08:00
新北市,New Taipei City,YouBike2.0_鳳一鳳吉一街口,鶯歌區,鳳吉一街259號(旁),YouBike2.0_Feng 1st Rd. & FengJi 1st St. Intersection,Yingge Dist,"No. 259, FengJi 1st St. (Side)",500234054,20,10,20260819T074903,24.97677,121.3317,9,1,9,1,2026-08-19T07:58:21+08:00
新北市,New Taipei City,YouBike2.0_鳳五路122號前,鶯歌區,鳳五路122號前,"YouBike2.0_No. 122, Feng 5th Rd.",Yingge Dist,"No. 122, Feng 5th Rd. (Front)",500234055,18,0,20260819T065718,24.97316,121.32991,18,1,0,0,2026-08-19T07:58:21+08:00
新北市,New Taipei City,YouBike2.0_建國永昌街口,鶯歌區,建國路546號(對面),YouBike2.0_JianGuo Rd. & YongChang St. Intersection,Yingge Dist,"No. 546, JianGuo Rd. (Opposite)",500234056,17,3,20260818T181003,24.95031,121.33831,14,1,3,0,2026-08-19T07:58:21+08:00
新北市,New Taipei City,YouBike2.0_捷運鶯歌車站,鶯歌區,館前路300號(對側),YouBike2.0_MRT Yingge Sta.,Yingge Dist,"No. 300, GuanQian Rd. (Opposite)",500234057,34,13,20260819T072902,24.95322,121.35668,21,1,11,2,2026-08-19T07:58:21+08:00
新北市,New Taipei City,YouBike2.0_鳳三龍七路口,鶯歌區,鳳三路68號,YouBike2.0_Feng 3rd Rd. & Long 7th Rd. Intersection,Yingge Dist,"No. 68, Feng 3rd Rd.",500234058,18,7,20260819T075102,24.97204,121.33467,10,1,2,5,2026-08-19T07:58:21+08:00
新北市,New Taipei City,YouBike2.0_捷運國華站,鶯歌區,國華路45號(對側),YouBike2.0_MRT Guohua Sta.,Yingge Dist,"No. 45, GuoHua Rd. (Opposite)",500234059,24,9,20260819T074804,24.95535,121.34251,15,1,9,0,2026-08-19T07:58:21+08:00
新北市,New Taipei City,YouBike2.0_捷運陶瓷老街站,鶯歌區,捷運陶瓷老街站(重慶街側),YouBike2.0_MRT Ceramics Old Street Sta.,Yingge Dist,MRT Ceramics Old Street Sta. (ChongQing St.),500234060,36,20,20260819T072003,24.95212,121.35065,16,1,20,0,2026-08-19T07:58:21+08:00
新北市,New Taipei City,YouBike2.0_捷運永吉公園站,鶯歌區,鶯桃路296巷口,YouBike2.0_MRT Yongji Park Sta.,Yingge Dist,"Ln. 296, YingTao Rd. Intersection",500234061,47,14,20260819T071702,24.96048,121.33476,32,1,11,3,2026-08-19T07:58:21+08:00
新北市,New Taipei City,YouBike2.0_捷運鶯桃福德站,鶯歌區,福德一路20號(對側),YouBike2.0_MRT Yingtao Fude Sta.,Yingge Dist,"No. 20, FuDe 1st Rd. (Opposite)",500234062,75,20,20260819T075204,24.96704,121.33044,55,1,19,1,2026-08-19T07:58:21+08:00
新北市,New Taipei City,YouBike2.0_捷運國華站(2號出口),鶯歌區,國華路97號(對側),YouBike2.0_MRT Guohua Sta.(Exit 2),Yingge Dist,"No. 97, GuoHua Rd. (Opposite)",500234063,60,17,20260819T074804,24.95374,121.34301,43,1,16,1,2026-08-19T07:58:21+08:00
新北市,New Taipei City,YouBike2.0_鶯歌山水步道停車場,鶯歌區,觀景涼亭停車場,YouBike2.0_YingGe Riverside Trail Car Park,Yingge Dist,YingGe Riverside Trail Car Park,500234064,24,2,20260819T070803,24.93205,121.32825,22,1,2,0,2026-08-19T07:58:21+08:00
新北市,New Taipei City,YouBike2.0_鶯歌環河自行車道,鶯歌區,環河路/甲三街(南側自行車道),YouBike2.0_YingGe Riverside Cycling Route,Yingge Dist,Huanhe Rd. & Jia 3rd St. (South),500234065,20,12,20260819T064804,24.92967,121.33837,8,1,12,0,2026-08-19T07:58:21+08:00
新北市,New Taipei City,YouBike2.0_鶯歌火車站(仁愛路),鶯歌區,仁愛路55號對側,YouBike2.0_Yingge Railway Station(Ren’ai Rd.),Yingge Dist,"No.55, Ren’ai Rd., Yingge Dist.(opposite)",500234001,69,30,20260819T090404,24.95559,121.35441,38,1,27,3,2026-08-19T09:12:18+08:00
新北市,New Taipei City,YouBike2.0_新北市立圖書館鶯歌分館,鶯歌區,中山路150號,YouBike2.0_New Taipei City Library Yingge Branch,Yingge Dist,"No.150, Zhongshan Rd.",500234002,20,6,20260819T090702,24.9572,121.34946,14,1,5,1,2026-08-19T09:12:18+08:00
新北市,New Taipei City,YouBike2.0_文化館前路口,鶯歌區,文化路407號旁,YouBike2.0_Yingge Ceramics Museum,Yingge Dist,"No. 407, Wenhua Rd.",500234003,44,16,20260819T090604,24.94948,121.35291,28,1,14,2,2026-08-19T09:12:18+08:00
新北市,New Taipei City,YouBike2.0_鶯歌國民運動中心,鶯歌區,館前路250號運動中心前,YouBike2.0_Yingge Civil Sports Center,Yingge Dist,"No.250, Guanqian Rd., Yingge Dist.",500234004,38,23,20260819T084504,24.95139,121.35733,15,1,23,0,2026-08-19T09:12:18+08:00
新北市,New Taipei City,YouBike2.0_尖山國中,鶯歌區,國中街1號,YouBike2.0_Municipal Jianshan Junior High School,Yingge Dist,"No.1, Guozhong St., Yingge Dist(sidewalk)",500234005,20,6,20260819T085102,24.94381,121.34207,14,1,6,0,2026-08-19T09:12:18+08:00
新北市,New Taipei City,YouBike2.0_新北市立鶯歌高級工商職業學校,鶯歌區,中正三路154號,YouBike2.0_New Taipei Municipal Yingge Vocational High School,Yingge Dist,"No. 154, Zhongzheng 3rd. Rd",500234006,56,22,20260819T090204,24.93923,121.33488,34,1,20,2,2026-08-19T09:12:18+08:00
新北市,New Taipei City,YouBike2.0_鶯歌國中,鶯歌區,鶯桃路39-5號對側,YouBike2.0_Yingge Junior High chool,Yingge Dist,"No.39-5, Yingtao Rd.(opposite)",500234007,30,16,20260819T083003,24.95119,121.34256,13,1,16,0,2026-08-19T09:12:18+08:00
新北市,New Taipei City,YouBike2.0_永吉國小,鶯歌區,德昌二街39號對側,YouBike2.0_Yongchi elementary school,Yingge Dist,"No.39, Dechang 2nd St., Yingge Dist.",500234008,20,0,20260819T085212,24.95865,121.33308,20,1,0,0,2026-08-19T09:12:18+08:00
新北市,New Taipei City,YouBike2.0_鳳祥公園,鶯歌區,鶯桃路365巷130號對側,YouBike2.0_Fengxiang Park,Yingge Dist,"No.130, Ln. 365, Yingtao Rd., Yingge Dist.",500234009,20,7,20260819T085302,24.96283,121.33025,13,1,6,1,2026-08-19T09:12:18+08:00
新北市,New Taipei City,YouBike2.0_鳳鳴國小,鶯歌區,永和街120號,YouBike2.0_Fengming Elementary School,Yingge Dist,"No.120, Yonghe St., Yingge Dist.",500234010,20,9,20260819T090004,24.9692,121.3347,11,1,9,0,2026-08-19T09:12:18+08:00
新北市,New Taipei City,YouBike2.0_國際二國際一路口,鶯歌區,國際二路與國際一路口,YouBike2.0_Guoji 2nd Guoji 1st Intersection,Yingge Dist,"Guoji 2nd Rd./Guoji 1st Rd., Yingge Dist.",500234011,20,7,20260819T072602,24.97577,121.3353,13,1,7,0,2026-08-19T09:12:18+08:00
新北市,New Taipei City,YouBike2.0_鳳福公園,鶯歌區,鳳吉一街186號(對面),YouBike2.0_Fengfu Park,Yingge Dist,"No. 186, Fengji 1st St., Yingge Dist.(opposite)",500234012,20,1,20260819T085218,24.97572,121.32938,19,1,1,0,2026-08-19T09:12:18+08:00
新北市,New Taipei City,YouBike2.0_尖山公園,鶯歌區,鶯歌區尖山路161號對面,YouBike2.0_Jianshan Park,Yingge Dist,"No.161, Jianshan Rd.(opposite)",500234013,29,8,20260819T090503,24.9482,121.346,21,1,8,0,2026-08-19T09:12:18+08:00
新北市,New Taipei City,YouBike2.0_永昌里兒一公園,鶯歌區,鶯桃路182巷96弄36-38號對側,YouBike2.0_Yongchang Village Children Park (No.1),Yingge Dist,"No.36-38, Aly. 96, Ln. 182, Yingtao Rd.(oppsite)",500234014,20,8,20260819T064702,24.956649374562204,121.33959628800724,12,1,6,2,2026-08-19T09:12:18+08:00
新北市,New Taipei City,YouBike2.0_南雅育智路口,鶯歌區,南雅路491號(對面),YouBike2.0_Nanya & Yuzhi Rd. Intersection,Yingge Dist,"No.491, Nanya Rd., Yingge Dist.(opposite)",500234015,22,1,20260819T085404,24.954,121.346,21,1,1,0,2026-08-19T09:12:18+08:00
新北市,New Taipei City,YouBike2.0_國中二甲路口,鶯歌區,國中街175號(前),YouBike2.0_Guozhong & Erjia Intersection,Yingge Dist,"No. 175, Guozhong St., Yingge Dist.",500234016,20,11,20260819T084004,24.939489067109363,121.33868650698288,9,1,8,3,2026-08-19T09:12:18+08:00
新北市,New Taipei City,YouBike2.0_鶯歌永利街,鶯歌區,永利街16號(對面),YouBike2.0_Yingge Yongli St.,Yingge Dist,"No. 16, Yongli St. Yingge Dist.",500234017,15,4,20260819T085802,24.95495,121.33911,10,1,4,0,2026-08-19T09:12:18+08:00
新北市,New Taipei City,YouBike2.0_二橋虹橋公園,鶯歌區,中正三路400號(對面),YouBike2.0_Erqiaoshiguanghongqiao Park,Yingge Dist,"No. 400, Zhongzheng 3rd Rd.(Opposite)",500234018,10,5,20260819T072803,24.93453,121.32595,5,1,4,1,2026-08-19T09:12:18+08:00
新北市,New Taipei City,YouBike2.0_鳳吉四鳳七路口(捷士匯社區),鶯歌區,鳳吉四街57-75號(旁),YouBike2.0_Fengji 4th & Feng 7th Rd. Intersection,Yingge Dist,"No. 57-75, Fengji 4th St.",500234021,40,3,20260819T084402,24.97383,121.32769,37,1,3,0,2026-08-19T09:12:18+08:00
新北市,New Taipei City,YouBike2.0_鶯歌老街第二停車場,鶯歌區,尖山埔路27-31號(對面),YouBike2.0_Yingge Old Street 2nd Parking Lot,Yingge Dist,"No. 27-31, Jianshanpu Rd.(Opposite)",500234022,20,12,20260819T081503,24.94895,121.34227,6,1,11,1,2026-08-19T09:12:18+08:00
新北市,New Taipei City,YouBike2.0_建國中正一路口(北鶯社區),鶯歌區,建國路6號(對面空地),YouBike2.0_Jianguo Zhongzheng 1st Rd. Intersection,Yingge Dist,"No. 6, Jianguo Rd.(Opposite)",500234023,20,9,20260819T044504,24.95658,121.35692,11,1,9,0,2026-08-19T09:12:18+08:00
新北市,New Taipei City,YouBike2.0_三鶯水資源回收中心,鶯歌區,館前路360號(旁),YouBike2.0_Sanying Water Recycling Center,Yingge Dist,"No. 360, Guanqian Rd.",500234024,14,11,20260819T064402,24.95535,121.35996,3,1,7,4,2026-08-19T09:12:18+08:00
新北市,New Taipei City,YouBike2.0_永和街65巷口,鶯歌區,永和街75號,"YouBike2.0_Ln. 65, Yonghe St. Intersection",Yingge Dist,"No. 75, Yonghe St.",500234025,37,11,20260819T085705,24.96798,121.3331413,26,1,8,3,2026-08-19T09:12:18+08:00
新北市,New Taipei City,YouBike2.0_鶯歌陶瓷博物館,鶯歌區,文化路200號(旁),YouBike2.0_Yingge Ceramics Museum(Wenhua Rd.),Yingge Dist,"No. 200, Wenhua Rd.",500234026,22,15,20260819T084704,24.95012,121.35245,7,1,11,4,2026-08-19T09:12:18+08:00
新北市,New Taipei City,YouBike2.0_礫間停車場,鶯歌區,礫間停車場,YouBike2.0_Lijian Parking,Yingge Dist,Lijian Parking,500234028,20,1,20260819T085904,24.9518,121.35445,19,1,0,1,2026-08-19T09:12:18+08:00
新北市,New Taipei City,YouBike2.0_北鶯停車場,鶯歌區,北鶯停車場,YouBike2.0_Beiying Parking,Yingge Dist,Beiying Parking,500234029,20,9,20260818T223102,24.95567,121.35992,11,1,9,0,2026-08-19T09:12:18+08:00
新北市,New Taipei City,YouBike2.0_育英建國路口,鶯歌區,建國路280號(旁),YouBike2.0_Yuying Jianguo Rd. Intersection,Yingge Dist,"No. 280, Jianguo Rd.",500234030,12,1,20260819T081602,24.95356,121.34693,11,1,0,1,2026-08-19T09:12:18+08:00
新北市,New Taipei City,YouBike2.0_中正一仁愛路口,鶯歌區,中正一路181號(對面),YouBike2.0_Zhongzheng 1st & Ren'ai Rd Intersection,Yingge Dist,"No. 181, Zhongzheng 1st Rd.(Opposite)",500234031,15,4,20260819T074003,24.95672,121.3532,11,1,1,3,2026-08-19T09:12:18+08:00
新北市,New Taipei City,YouBike2.0_建國國小,鶯歌區,育英街19號(旁),YouBike2.0_Jianguo Elementary School,Yingge Dist,"No. 19, Yuying St.",500234032,15,9,20260819T085005,24.95521,121.34727,6,1,9,0,2026-08-19T09:12:18+08:00
新北市,New Taipei City,YouBike2.0_光明橋,鶯歌區,永明街78號(旁),YouBike2.0_Guang-ming bridge,Yingge Dist,"No. 78, Yongming St., Yingge Dist.(side)",500234033,14,6,20260819T074903,24.95577,121.34128,8,1,6,0,2026-08-19T09:12:18+08:00
新北市,New Taipei City,YouBike2.0_二橋派出所,鶯歌區,高職西街/中正三路口(西北側),YouBike2.0_Erqiao Police Station,Yingge Dist,"Gaozhi W. St. & Zhongzheng 3rd Rd., Yingge Dist. (west side)",500234034,11,0,20260819T090816,24.94216,121.33884,11,1,0,0,2026-08-19T09:12:18+08:00
新北市,New Taipei City,YouBike2.0_國中高職東街口,鶯歌區,國中路113至117-3號(對面),YouBike2.0_Guozhong & Gaozhi E. Intersection,Yingge Dist,"No. 113, Guozhong St., Yingge Dist.(opposite)",500234035,15,3,20260819T073204,24.94117,121.34116,12,1,3,0,2026-08-19T09:12:18+08:00
新北市,New Taipei City,YouBike2.0_尖山路高厝巷口,鶯歌區,尖山路276-5號(旁),YouBike2.0_Gaocuo Ln. Jianshan Rd.,Yingge Dist,"No. 276-5, Jianshan Rd. (Side)",500234036,15,1,20260819T090004,24.94495,121.34102,13,1,1,0,2026-08-19T09:12:18+08:00
新北市,New Taipei City,YouBike2.0_公八停車場,鶯歌區,國華路53號(對面),YouBike2.0_Public 8th Parking Lot,Yingge Dist,"No.53, Guohua Rd. (opposite)",500234037,15,4,20260819T085404,24.95515,121.34285,11,1,3,1,2026-08-19T09:12:18+08:00
新北市,New Taipei City,YouBike2.0_龍三鳳鳴路口,鶯歌區,鳳鳴路541號,YouBike2.0_Long 3rd. Rd. & Fengming Rd. Intersection,Yingge Dist,"No. 541, Fengming Rd.",500234038,18,0,20260819T083324,24.97286,121.33137,18,1,0,0,2026-08-19T09:12:18+08:00
新北市,New Taipei City,YouBike2.0_鳳福鳳三路口,鶯歌區,鳳三路360號,YouBike2.0_Fengfu Rd. & Feng 3rd. Rd. Intersection,Yingge Dist,"No. 360, Feng 3rd Rd.",500234039,22,3,20260819T082303,24.97567,121.33143,19,1,3,0,2026-08-19T09:12:18+08:00
新北市,New Taipei City,YouBike2.0_北鶯公園,鶯歌區,成功街20巷19號(旁),YouBike2.0_Beiying Park,Yingge Dist,"No. 19, Ln. 20, Chenggong St. (Side)",500234040,15,1,20260819T085719,24.95777,121.35942,12,1,1,0,2026-08-19T09:12:18+08:00
新北市,New Taipei City,YouBike2.0_鶯歌火車站(文化路),鶯歌區,文化路/文化路115巷(北側),YouBike2.0_Yingge Station (Wenhua Rd.),Yingge Dist,"Ln. 115, Wenhua Rd. Intersection (North)",500234041,25,15,20260819T083503,24.95536,121.35697,10,1,14,1,2026-08-19T09:12:18+08:00
新北市,New Taipei City,YouBike2.0_鳳七鶯歌路口,鶯歌區,鶯歌路101-107號(旁),YouBike2.0_Feng 7th Rd. & Yingge Rd. Intersection,Yingge Dist,"No. 101-107, Yingge Rd. (Side)",500234042,11,2,20260819T090903,24.96916,121.33193,9,1,0,2,2026-08-19T09:12:18+08:00
新北市,New Taipei City,YouBike2.0_國際一路112巷口,鶯歌區,國際一路167號(前),"YouBike2.0_Ln. 112, GuoJi 1st Rd.",Yingge Dist,"No. 167, GuoJi 1st Rd. (Front)",500234043,15,3,20260819T085503,24.97667,121.33579,11,1,2,1,2026-08-19T09:12:18+08:00
新北市,New Taipei City,YouBike2.0_臺鐵鳳鳴站,鶯歌區,鳳一路/鶯歌路口,YouBike2.0_Fengming Station,Yingge Dist,Feng 1st Rd. & YingGe Rd.,500234044,40,0,20260817T173503,24.97227,121.33674,0,0,0,0,2026-08-19T09:12:18+08:00
新北市,New Taipei City,YouBike2.0_鶯歌陶瓷老街,鶯歌區,重慶街/國慶街(西南側),YouBike2.0_YingGe Old Street,Yingge Dist,ChongQing St. & GuoQing St. (Southwest),500234045,33,11,20260819T085404,24.95219,121.351,22,1,11,0,2026-08-19T09:12:18+08:00
新北市,New Taipei City,YouBike2.0_鶯歌火車站(仁愛路62號),鶯歌區,仁愛路62號(東側),"YouBike2.0_YingGe Station (No. 62, RenAi Rd.)",Yingge Dist,"No. 62, RenAi Rd. (East)",500234046,42,21,20260819T085302,24.95505,121.35407,21,1,18,3,2026-08-19T09:12:18+08:00
新北市,New Taipei City,YouBike2.0_臺鐵鳳鳴站(鶯歌路),鶯歌區,鶯歌路276號(對面),YouBike2.0_Fengming Station (YingGe Rd.),Yingge Dist,"No. 276, YingGe Rd. (Opposite)",500234047,20,4,20260819T090804,24.97189,121.33651,11,1,0,4,2026-08-19T09:12:18+08:00
新北市,New Taipei City,YouBike2.0_光明育智路口,鶯歌區,光明街126號(東南側),YouBike2.0_GuangMing St. & YuZhi Rd. Intersection,Yingge Dist,"No. 126, GuangMing St. (Southeast)",500234048,14,2,20260819T084903,24.95587,121.3456,12,1,2,0,2026-08-19T09:12:18+08:00
新北市,New Taipei City,YouBike2.0_新鳳公園,鶯歌區,鶯桃路二段60號(對側),YouBike2.0_XinFeng Park,Yingge Dist,"No. 60, Sec. 2, YingTao Rd. (Opposite)",500234049,14,9,20260819T085802,24.9732,121.32474,5,1,8,1,2026-08-19T09:12:18+08:00
新北市,New Taipei City,YouBike2.0_鳳鳴機器人公園,鶯歌區,鳳鳴路/福安街7巷24弄口,YouBike2.0_FengMing Robot Park,Yingge Dist,"FengMing Rd. & Aly. 24, Ln. 7, FuAn St.",500234050,17,2,20260819T084303,24.96618,121.33465,15,1,1,1,2026-08-19T09:12:18+08:00
新北市,New Taipei City,YouBike2.0_龍五鳳七路口,鶯歌區,龍五路/鳳七路口,YouBike2.0_Long 5th Rd. & Feng 7th Rd. Intersection,Yingge Dist,Long 5th Rd. & Feng 7th Rd. Intersection,500234051,30,6,20260819T085503,24.97043,121.33101,24,1,6,0,2026-08-19T09:12:18+08:00
新北市,New Taipei City,YouBike2.0_龍鳳夜市,鶯歌區,鳳三路/龍三路(東南側),YouBike2.0_LongFeng Night Market,Yingge Dist,Feng 3rd Rd. & Long 3rd Rd. (Southeast),500234052,30,9,20260819T084303,24.97329,121.33331,21,1,9,0,2026-08-19T09:12:18+08:00
新北市,New Taipei City,YouBike2.0_中湖市民活動中心,鶯歌區,中湖街21號,YouBike2.0_Zhonghu Civic Activity Center,Yingge Dist,"No. 21, ZhongHu St.",500234053,20,3,20260819T010102,24.97298,121.3472,16,1,2,1,2026-08-19T09:12:18+08:00
新北市,New Taipei City,YouBike2.0_鳳一鳳吉一街口,鶯歌區,鳳吉一街259號(旁),YouBike2.0_Feng 1st Rd. & FengJi 1st St. Intersection,Yingge Dist,"No. 259, FengJi 1st St. (Side)",500234054,20,11,20260819T085404,24.97677,121.3317,8,1,11,0,2026-08-19T09:12:18+08:00
新北市,New Taipei City,YouBike2.0_鳳五路122號前,鶯歌區,鳳五路122號前,"YouBike2.0_No. 122, Feng 5th Rd.",Yingge Dist,"No. 122, Feng 5th Rd. (Front)",500234055,18,2,20260819T085404,24.97316,121.32991,15,1,2,0,2026-08-19T09:12:18+08:00
新北市,New Taipei City,YouBike2.0_建國永昌街口,鶯歌區,建國路546號(對面),YouBike2.0_JianGuo Rd. & YongChang St. Intersection,Yingge Dist,"No. 546, JianGuo Rd. (Opposite)",500234056,17,3,20260818T181003,24.95031,121.33831,14,1,3,0,2026-08-19T09:12:18+08:00
新北市,New Taipei City,YouBike2.0_捷運鶯歌車站,鶯歌區,館前路300號(對側),YouBike2.0_MRT Yingge Sta.,Yingge Dist,"No. 300, GuanQian Rd. (Opposite)",500234057,34,14,20260819T090204,24.95322,121.35668,20,1,12,2,2026-08-19T09:12:18+08:00
新北市,New Taipei City,YouBike2.0_鳳三龍七路口,鶯歌區,鳳三路68號,YouBike2.0_Feng 3rd Rd. & Long 7th Rd. Intersection,Yingge Dist,"No. 68, Feng 3rd Rd.",500234058,18,1,20260819T090302,24.97204,121.33467,16,1,1,0,2026-08-19T09:12:18+08:00
新北市,New Taipei City,YouBike2.0_捷運國華站,鶯歌區,國華路45號(對側),YouBike2.0_MRT Guohua Sta.,Yingge Dist,"No. 45, GuoHua Rd. (Opposite)",500234059,24,7,20260819T085503,24.95535,121.34251,17,1,7,0,2026-08-19T09:12:18+08:00
新北市,New Taipei City,YouBike2.0_捷運陶瓷老街站,鶯歌區,捷運陶瓷老街站(重慶街側),YouBike2.0_MRT Ceramics Old Street Sta.,Yingge Dist,MRT Ceramics Old Street Sta. (ChongQing St.),500234060,36,17,20260819T083103,24.95212,121.35065,19,1,17,0,2026-08-19T09:12:18+08:00
新北市,New Taipei City,YouBike2.0_捷運永吉公園站,鶯歌區,鶯桃路296巷口,YouBike2.0_MRT Yongji Park Sta.,Yingge Dist,"Ln. 296, YingTao Rd. Intersection",500234061,47,9,20260819T090804,24.96048,121.33476,37,1,7,2,2026-08-19T09:12:18+08:00
新北市,New Taipei City,YouBike2.0_捷運鶯桃福德站,鶯歌區,福德一路20號(對側),YouBike2.0_MRT Yingtao Fude Sta.,Yingge Dist,"No. 20, FuDe 1st Rd. (Opposite)",500234062,75,18,20260819T090604,24.96704,121.33044,56,1,18,0,2026-08-19T09:12:18+08:00
新北市,New Taipei City,YouBike2.0_捷運國華站(2號出口),鶯歌區,國華路97號(對側),YouBike2.0_MRT Guohua Sta.(Exit 2),Yingge Dist,"No. 97, GuoHua Rd. (Opposite)",500234063,60,17,20260819T084603,24.95374,121.34301,43,1,16,1,2026-08-19T09:12:18+08:00
新北市,New Taipei City,YouBike2.0_鶯歌山水步道停車場,鶯歌區,觀景涼亭停車場,YouBike2.0_YingGe Riverside Trail Car Park,Yingge Dist,YingGe Riverside Trail Car Park,500234064,24,6,20260819T082603,24.93205,121.32825,18,1,5,1,2026-08-19T09:12:18+08:00
新北市,New Taipei City,YouBike2.0_鶯歌環河自行車道,鶯歌區,環河路/甲三街(南側自行車道),YouBike2.0_YingGe Riverside Cycling Route,Yingge Dist,Huanhe Rd. & Jia 3rd St. (South),500234065,20,12,20260819T064804,24.92967,121.33837,8,1,12,0,2026-08-19T09:12:18+08:00
新北市,New Taipei City,YouBike2.0_鶯歌火車站(仁愛路),鶯歌區,仁愛路55號對側,YouBike2.0_Yingge Railway Station(Ren’ai Rd.),Yingge Dist,"No.55, Ren’ai Rd., Yingge Dist.(opposite)",500234001,69,34,20260819T101904,24.95559,121.35441,33,1,30,4,2026-08-19T10:31:21+08:00
新北市,New Taipei City,YouBike2.0_新北市立圖書館鶯歌分館,鶯歌區,中山路150號,YouBike2.0_New Taipei City Library Yingge Branch,Yingge Dist,"No.150, Zhongshan Rd.",500234002,20,9,20260819T102003,24.9572,121.34946,11,1,8,1,2026-08-19T10:31:21+08:00
新北市,New Taipei City,YouBike2.0_文化館前路口,鶯歌區,文化路407號旁,YouBike2.0_Yingge Ceramics Museum,Yingge Dist,"No. 407, Wenhua Rd.",500234003,44,13,20260819T102003,24.94948,121.35291,31,1,13,0,2026-08-19T10:31:21+08:00
新北市,New Taipei City,YouBike2.0_鶯歌國民運動中心,鶯歌區,館前路250號運動中心前,YouBike2.0_Yingge Civil Sports Center,Yingge Dist,"No.250, Guanqian Rd., Yingge Dist.",500234004,38,17,20260819T102903,24.95139,121.35733,21,1,13,4,2026-08-19T10:31:21+08:00
新北市,New Taipei City,YouBike2.0_尖山國中,鶯歌區,國中街1號,YouBike2.0_Municipal Jianshan Junior High School,Yingge Dist,"No.1, Guozhong St., Yingge Dist(sidewalk)",500234005,20,5,20260819T100503,24.94381,121.34207,15,1,4,1,2026-08-19T10:31:21+08:00
新北市,New Taipei City,YouBike2.0_新北市立鶯歌高級工商職業學校,鶯歌區,中正三路154號,YouBike2.0_New Taipei Municipal Yingge Vocational High School,Yingge Dist,"No. 154, Zhongzheng 3rd. Rd",500234006,56,21,20260819T095403,24.93923,121.33488,35,1,20,1,2026-08-19T10:31:21+08:00
新北市,New Taipei City,YouBike2.0_鶯歌國中,鶯歌區,鶯桃路39-5號對側,YouBike2.0_Yingge Junior High chool,Yingge Dist,"No.39-5, Yingtao Rd.(opposite)",500234007,30,18,20260819T102903,24.95119,121.34256,11,1,18,0,2026-08-19T10:31:21+08:00
新北市,New Taipei City,YouBike2.0_永吉國小,鶯歌區,德昌二街39號對側,YouBike2.0_Yongchi elementary school,Yingge Dist,"No.39, Dechang 2nd St., Yingge Dist.",500234008,20,6,20260819T101119,24.95865,121.33308,14,1,5,1,2026-08-19T10:31:21+08:00
新北市,New Taipei City,YouBike2.0_鳳祥公園,鶯歌區,鶯桃路365巷130號對側,YouBike2.0_Fengxiang Park,Yingge Dist,"No.130, Ln. 365, Yingtao Rd., Yingge Dist.",500234009,20,6,20260819T102403,24.96283,121.33025,14,1,4,2,2026-08-19T10:31:21+08:00
新北市,New Taipei City,YouBike2.0_鳳鳴國小,鶯歌區,永和街120號,YouBike2.0_Fengming Elementary School,Yingge Dist,"No.120, Yonghe St., Yingge Dist.",500234010,20,7,20260819T102903,24.9692,121.3347,12,1,7,0,2026-08-19T10:31:21+08:00
新北市,New Taipei City,YouBike2.0_國際二國際一路口,鶯歌區,國際二路與國際一路口,YouBike2.0_Guoji 2nd Guoji 1st Intersection,Yingge Dist,"Guoji 2nd Rd./Guoji 1st Rd., Yingge Dist.",500234011,20,7,20260819T072602,24.97577,121.3353,13,1,7,0,2026-08-19T10:31:21+08:00
新北市,New Taipei City,YouBike2.0_鳳福公園,鶯歌區,鳳吉一街186號(對面),YouBike2.0_Fengfu Park,Yingge Dist,"No. 186, Fengji 1st St., Yingge Dist.(opposite)",500234012,20,1,20260819T085218,24.97572,121.32938,19,1,1,0,2026-08-19T10:31:21+08:00
新北市,New Taipei City,YouBike2.0_尖山公園,鶯歌區,鶯歌區尖山路161號對面,YouBike2.0_Jianshan Park,Yingge Dist,"No.161, Jianshan Rd.(opposite)",500234013,29,7,20260819T094804,24.9482,121.346,22,1,7,0,2026-08-19T10:31:21+08:00
新北市,New Taipei City,YouBike2.0_永昌里兒一公園,鶯歌區,鶯桃路182巷96弄36-38號對側,YouBike2.0_Yongchang Village Children Park (No.1),Yingge Dist,"No.36-38, Aly. 96, Ln. 182, Yingtao Rd.(oppsite)",500234014,20,6,20260819T100802,24.956649374562204,121.33959628800724,13,1,4,2,2026-08-19T10:31:21+08:00
新北市,New Taipei City,YouBike2.0_南雅育智路口,鶯歌區,南雅路491號(對面),YouBike2.0_Nanya & Yuzhi Rd. Intersection,Yingge Dist,"No.491, Nanya Rd., Yingge Dist.(opposite)",500234015,22,4,20260819T094902,24.954,121.346,18,1,4,0,2026-08-19T10:31:21+08:00
新北市,New Taipei City,YouBike2.0_國中二甲路口,鶯歌區,國中街175號(前),YouBike2.0_Guozhong & Erjia Intersection,Yingge Dist,"No. 175, Guozhong St., Yingge Dist.",500234016,20,9,20260819T095204,24.939489067109363,121.33868650698288,11,1,7,2,2026-08-19T10:31:21+08:00
新北市,New Taipei City,YouBike2.0_鶯歌永利街,鶯歌區,永利街16號(對面),YouBike2.0_Yingge Yongli St.,Yingge Dist,"No. 16, Yongli St. Yingge Dist.",500234017,15,3,20260819T100603,24.95495,121.33911,11,1,3,0,2026-08-19T10:31:21+08:00
新北市,New Taipei City,YouBike2.0_二橋虹橋公園,鶯歌區,中正三路400號(對面),YouBike2.0_Erqiaoshiguanghongqiao Park,Yingge Dist,"No. 400, Zhongzheng 3rd Rd.(Opposite)",500234018,10,5,20260819T072803,24.93453,121.32595,5,1,4,1,2026-08-19T10:31:21+08:00
新北市,New Taipei City,YouBike2.0_鳳吉四鳳七路口(捷士匯社區),鶯歌區,鳳吉四街57-75號(旁),YouBike2.0_Fengji 4th & Feng 7th Rd. Intersection,Yingge Dist,"No. 57-75, Fengji 4th St.",500234021,40,1,20260819T102304,24.97383,121.32769,39,1,1,0,2026-08-19T10:31:21+08:00
新北市,New Taipei City,YouBike2.0_鶯歌老街第二停車場,鶯歌區,尖山埔路27-31號(對面),YouBike2.0_Yingge Old Street 2nd Parking Lot,Yingge Dist,"No. 27-31, Jianshanpu Rd.(Opposite)",500234022,20,12,20260819T081503,24.94895,121.34227,6,1,11,1,2026-08-19T10:31:21+08:00
新北市,New Taipei City,YouBike2.0_建國中正一路口(北鶯社區),鶯歌區,建國路6號(對面空地),YouBike2.0_Jianguo Zhongzheng 1st Rd. Intersection,Yingge Dist,"No. 6, Jianguo Rd.(Opposite)",500234023,20,9,20260819T044504,24.95658,121.35692,11,1,9,0,2026-08-19T10:31:21+08:00
新北市,New Taipei City,YouBike2.0_三鶯水資源回收中心,鶯歌區,館前路360號(旁),YouBike2.0_Sanying Water Recycling Center,Yingge Dist,"No. 360, Guanqian Rd.",500234024,14,11,20260819T092402,24.95535,121.35996,3,1,8,3,2026-08-19T10:31:21+08:00
新北市,New Taipei City,YouBike2.0_永和街65巷口,鶯歌區,永和街75號,"YouBike2.0_Ln. 65, Yonghe St. Intersection",Yingge Dist,"No. 75, Yonghe St.",500234025,37,10,20260819T094102,24.96798,121.3331413,27,1,7,3,2026-08-19T10:31:21+08:00
新北市,New Taipei City,YouBike2.0_鶯歌陶瓷博物館,鶯歌區,文化路200號(旁),YouBike2.0_Yingge Ceramics Museum(Wenhua Rd.),Yingge Dist,"No. 200, Wenhua Rd.",500234026,22,6,20260819T102803,24.95012,121.35245,14,1,4,2,2026-08-19T10:31:21+08:00
新北市,New Taipei City,YouBike2.0_礫間停車場,鶯歌區,礫間停車場,YouBike2.0_Lijian Parking,Yingge Dist,Lijian Parking,500234028,20,1,20260819T085904,24.9518,121.35445,19,1,0,1,2026-08-19T10:31:21+08:00
新北市,New Taipei City,YouBike2.0_北鶯停車場,鶯歌區,北鶯停車場,YouBike2.0_Beiying Parking,Yingge Dist,Beiying Parking,500234029,20,9,20260818T223102,24.95567,121.35992,11,1,9,0,2026-08-19T10:31:21+08:00
新北市,New Taipei City,YouBike2.0_育英建國路口,鶯歌區,建國路280號(旁),YouBike2.0_Yuying Jianguo Rd. Intersection,Yingge Dist,"No. 280, Jianguo Rd.",500234030,12,1,20260819T101816,24.95356,121.34693,10,1,1,0,2026-08-19T10:31:21+08:00
新北市,New Taipei City,YouBike2.0_中正一仁愛路口,鶯歌區,中正一路181號(對面),YouBike2.0_Zhongzheng 1st & Ren'ai Rd Intersection,Yingge Dist,"No. 181, Zhongzheng 1st Rd.(Opposite)",500234031,15,3,20260819T102503,24.95672,121.3532,12,1,0,3,2026-08-19T10:31:21+08:00
新北市,New Taipei City,YouBike2.0_建國國小,鶯歌區,育英街19號(旁),YouBike2.0_Jianguo Elementary School,Yingge Dist,"No. 19, Yuying St.",500234032,15,12,20260819T101102,24.95521,121.34727,3,1,12,0,2026-08-19T10:31:21+08:00
新北市,New Taipei City,YouBike2.0_光明橋,鶯歌區,永明街78號(旁),YouBike2.0_Guang-ming bridge,Yingge Dist,"No. 78, Yongming St., Yingge Dist.(side)",500234033,14,3,20260819T101402,24.95577,121.34128,11,1,3,0,2026-08-19T10:31:21+08:00
新北市,New Taipei City,YouBike2.0_二橋派出所,鶯歌區,高職西街/中正三路口(西北側),YouBike2.0_Erqiao Police Station,Yingge Dist,"Gaozhi W. St. & Zhongzheng 3rd Rd., Yingge Dist. (west side)",500234034,11,0,20260819T090816,24.94216,121.33884,11,1,0,0,2026-08-19T10:31:21+08:00
新北市,New Taipei City,YouBike2.0_國中高職東街口,鶯歌區,國中路113至117-3號(對面),YouBike2.0_Guozhong & Gaozhi E. Intersection,Yingge Dist,"No. 113, Guozhong St., Yingge Dist.(opposite)",500234035,15,2,20260819T095302,24.94117,121.34116,13,1,2,0,2026-08-19T10:31:21+08:00
新北市,New Taipei City,YouBike2.0_尖山路高厝巷口,鶯歌區,尖山路276-5號(旁),YouBike2.0_Gaocuo Ln. Jianshan Rd.,Yingge Dist,"No. 276-5, Jianshan Rd. (Side)",500234036,15,0,20260819T092317,24.94495,121.34102,14,1,0,0,2026-08-19T10:31:21+08:00
新北市,New Taipei City,YouBike2.0_公八停車場,鶯歌區,國華路53號(對面),YouBike2.0_Public 8th Parking Lot,Yingge Dist,"No.53, Guohua Rd. (opposite)",500234037,15,3,20260819T092303,24.95515,121.34285,12,1,2,1,2026-08-19T10:31:21+08:00
新北市,New Taipei City,YouBike2.0_龍三鳳鳴路口,鶯歌區,鳳鳴路541號,YouBike2.0_Long 3rd. Rd. & Fengming Rd. Intersection,Yingge Dist,"No. 541, Fengming Rd.",500234038,18,4,20260819T100603,24.97286,121.33137,14,1,1,3,2026-08-19T10:31:21+08:00
新北市,New Taipei City,YouBike2.0_鳳福鳳三路口,鶯歌區,鳳三路360號,YouBike2.0_Fengfu Rd. & Feng 3rd. Rd. Intersection,Yingge Dist,"No. 360, Feng 3rd Rd.",500234039,22,1,20260819T100802,24.97567,121.33143,21,1,1,0,2026-08-19T10:31:21+08:00
新北市,New Taipei City,YouBike2.0_北鶯公園,鶯歌區,成功街20巷19號(旁),YouBike2.0_Beiying Park,Yingge Dist,"No. 19, Ln. 20, Chenggong St. (Side)",500234040,15,1,20260819T101924,24.95777,121.35942,12,1,0,1,2026-08-19T10:31:21+08:00
新北市,New Taipei City,YouBike2.0_鶯歌火車站(文化路),鶯歌區,文化路/文化路115巷(北側),YouBike2.0_Yingge Station (Wenhua Rd.),Yingge Dist,"Ln. 115, Wenhua Rd. Intersection (North)",500234041,25,12,20260819T092504,24.95536,121.35697,13,1,11,1,2026-08-19T10:31:21+08:00
新北市,New Taipei City,YouBike2.0_鳳七鶯歌路口,鶯歌區,鶯歌路101-107號(旁),YouBike2.0_Feng 7th Rd. & Yingge Rd. Intersection,Yingge Dist,"No. 101-107, Yingge Rd. (Side)",500234042,11,4,20260819T094902,24.96916,121.33193,7,1,2,2,2026-08-19T10:31:21+08:00
新北市,New Taipei City,YouBike2.0_國際一路112巷口,鶯歌區,國際一路167號(前),"YouBike2.0_Ln. 112, GuoJi 1st Rd.",Yingge Dist,"No. 167, GuoJi 1st Rd. (Front)",500234043,15,2,20260819T100002,24.97667,121.33579,12,1,2,0,2026-08-19T10:31:21+08:00
新北市,New Taipei City,YouBike2.0_臺鐵鳳鳴站,鶯歌區,鳳一路/鶯歌路口,YouBike2.0_Fengming Station,Yingge Dist,Feng 1st Rd. & YingGe Rd.,500234044,40,0,20260817T173503,24.97227,121.33674,0,0,0,0,2026-08-19T10:31:21+08:00
新北市,New Taipei City,YouBike2.0_鶯歌陶瓷老街,鶯歌區,重慶街/國慶街(西南側),YouBike2.0_YingGe Old Street,Yingge Dist,ChongQing St. & GuoQing St. (Southwest),500234045,33,12,20260819T100703,24.95219,121.351,21,1,12,0,2026-08-19T10:31:21+08:00
新北市,New Taipei City,YouBike2.0_鶯歌火車站(仁愛路62號),鶯歌區,仁愛路62號(東側),"YouBike2.0_YingGe Station (No. 62, RenAi Rd.)",Yingge Dist,"No. 62, RenAi Rd. (East)",500234046,42,20,20260819T101303,24.95505,121.35407,21,1,17,3,2026-08-19T10:31:21+08:00
新北市,New Taipei City,YouBike2.0_臺鐵鳳鳴站(鶯歌路),鶯歌區,鶯歌路276號(對面),YouBike2.0_Fengming Station (YingGe Rd.),Yingge Dist,"No. 276, YingGe Rd. (Opposite)",500234047,20,7,20260819T101603,24.97189,121.33651,8,1,6,1,2026-08-19T10:31:21+08:00
新北市,New Taipei City,YouBike2.0_光明育智路口,鶯歌區,光明街126號(東南側),YouBike2.0_GuangMing St. & YuZhi Rd. Intersection,Yingge Dist,"No. 126, GuangMing St. (Southeast)",500234048,14,2,20260819T093703,24.95587,121.3456,12,1,2,0,2026-08-19T10:31:21+08:00
新北市,New Taipei City,YouBike2.0_新鳳公園,鶯歌區,鶯桃路二段60號(對側),YouBike2.0_XinFeng Park,Yingge Dist,"No. 60, Sec. 2, YingTao Rd. (Opposite)",500234049,14,6,20260819T101003,24.9732,121.32474,8,1,5,1,2026-08-19T10:31:21+08:00
新北市,New Taipei City,YouBike2.0_鳳鳴機器人公園,鶯歌區,鳳鳴路/福安街7巷24弄口,YouBike2.0_FengMing Robot Park,Yingge Dist,"FengMing Rd. & Aly. 24, Ln. 7, FuAn St.",500234050,17,1,20260819T094702,24.96618,121.33465,16,1,0,1,2026-08-19T10:31:21+08:00
新北市,New Taipei City,YouBike2.0_龍五鳳七路口,鶯歌區,龍五路/鳳七路口,YouBike2.0_Long 5th Rd. & Feng 7th Rd. Intersection,Yingge Dist,Long 5th Rd. & Feng 7th Rd. Intersection,500234051,30,5,20260819T091202,24.97043,121.33101,25,1,5,0,2026-08-19T10:31:21+08:00
新北市,New Taipei City,YouBike2.0_龍鳳夜市,鶯歌區,鳳三路/龍三路(東南側),YouBike2.0_LongFeng Night Market,Yingge Dist,Feng 3rd Rd. & Long 3rd Rd. (Southeast),500234052,30,9,20260819T084303,24.97329,121.33331,21,1,9,0,2026-08-19T10:31:21+08:00
新北市,New Taipei City,YouBike2.0_中湖市民活動中心,鶯歌區,中湖街21號,YouBike2.0_Zhonghu Civic Activity Center,Yingge Dist,"No. 21, ZhongHu St.",500234053,20,2,20260819T102803,24.97298,121.3472,17,1,2,0,2026-08-19T10:31:21+08:00
新北市,New Taipei City,YouBike2.0_鳳一鳳吉一街口,鶯歌區,鳳吉一街259號(旁),YouBike2.0_Feng 1st Rd. & FengJi 1st St. Intersection,Yingge Dist,"No. 259, FengJi 1st St. (Side)",500234054,20,4,20260819T094403,24.97677,121.3317,14,1,4,0,2026-08-19T10:31:21+08:00
新北市,New Taipei City,YouBike2.0_鳳五路122號前,鶯歌區,鳳五路122號前,"YouBike2.0_No. 122, Feng 5th Rd.",Yingge Dist,"No. 122, Feng 5th Rd. (Front)",500234055,18,0,20260819T101320,24.97316,121.32991,17,1,0,0,2026-08-19T10:31:21+08:00
新北市,New Taipei City,YouBike2.0_建國永昌街口,鶯歌區,建國路546號(對面),YouBike2.0_JianGuo Rd. & YongChang St. Intersection,Yingge Dist,"No. 546, JianGuo Rd. (Opposite)",500234056,17,3,20260818T181003,24.95031,121.33831,14,1,3,0,2026-08-19T10:31:21+08:00
新北市,New Taipei City,YouBike2.0_捷運鶯歌車站,鶯歌區,館前路300號(對側),YouBike2.0_MRT Yingge Sta.,Yingge Dist,"No. 300, GuanQian Rd. (Opposite)",500234057,34,16,20260819T095102,24.95322,121.35668,18,1,14,2,2026-08-19T10:31:21+08:00
新北市,New Taipei City,YouBike2.0_鳳三龍七路口,鶯歌區,鳳三路68號,YouBike2.0_Feng 3rd Rd. & Long 7th Rd. Intersection,Yingge Dist,"No. 68, Feng 3rd Rd.",500234058,18,6,20260819T101603,24.97204,121.33467,11,1,6,0,2026-08-19T10:31:21+08:00
新北市,New Taipei City,YouBike2.0_捷運國華站,鶯歌區,國華路45號(對側),YouBike2.0_MRT Guohua Sta.,Yingge Dist,"No. 45, GuoHua Rd. (Opposite)",500234059,24,6,20260819T102102,24.95535,121.34251,18,1,6,0,2026-08-19T10:31:21+08:00
新北市,New Taipei City,YouBike2.0_捷運陶瓷老街站,鶯歌區,捷運陶瓷老街站(重慶街側),YouBike2.0_MRT Ceramics Old Street Sta.,Yingge Dist,MRT Ceramics Old Street Sta. (ChongQing St.),500234060,36,17,20260819T083103,24.95212,121.35065,19,1,17,0,2026-08-19T10:31:21+08:00
新北市,New Taipei City,YouBike2.0_捷運永吉公園站,鶯歌區,鶯桃路296巷口,YouBike2.0_MRT Yongji Park Sta.,Yingge Dist,"Ln. 296, YingTao Rd. Intersection",500234061,47,8,20260819T094602,24.96048,121.33476,38,1,6,2,2026-08-19T10:31:21+08:00
新北市,New Taipei City,YouBike2.0_捷運鶯桃福德站,鶯歌區,福德一路20號(對側),YouBike2.0_MRT Yingtao Fude Sta.,Yingge Dist,"No. 20, FuDe 1st Rd. (Opposite)",500234062,75,21,20260819T095703,24.96704,121.33044,53,1,21,0,2026-08-19T10:31:21+08:00
新北市,New Taipei City,YouBike2.0_捷運國華站(2號出口),鶯歌區,國華路97號(對側),YouBike2.0_MRT Guohua Sta.(Exit 2),Yingge Dist,"No. 97, GuoHua Rd. (Opposite)",500234063,60,16,20260819T092903,24.95374,121.34301,44,1,15,1,2026-08-19T10:31:21+08:00
新北市,New Taipei City,YouBike2.0_鶯歌山水步道停車場,鶯歌區,觀景涼亭停車場,YouBike2.0_YingGe Riverside Trail Car Park,Yingge Dist,YingGe Riverside Trail Car Park,500234064,24,5,20260819T101704,24.93205,121.32825,19,1,4,1,2026-08-19T10:31:21+08:00
新北市,New Taipei City,YouBike2.0_鶯歌環河自行車道,鶯歌區,環河路/甲三街(南側自行車道),YouBike2.0_YingGe Riverside Cycling Route,Yingge Dist,Huanhe Rd. & Jia 3rd St. (South),500234065,20,12,20260819T101603,24.92967,121.33837,8,1,12,0,2026-08-19T10:31:21+08:00
新北市,New Taipei City,YouBike2.0_鶯歌火車站(仁愛路),鶯歌區,仁愛路55號對側,YouBike2.0_Yingge Railway Station(Ren’ai Rd.),Yingge Dist,"No.55, Ren’ai Rd., Yingge Dist.(opposite)",500234001,69,36,20260819T112403,24.95559,121.35441,31,1,33,3,2026-08-19T11:28:08+08:00
新北市,New Taipei City,YouBike2.0_新北市立圖書館鶯歌分館,鶯歌區,中山路150號,YouBike2.0_New Taipei City Library Yingge Branch,Yingge Dist,"No.150, Zhongshan Rd.",500234002,20,8,20260819T110604,24.9572,121.34946,12,1,7,1,2026-08-19T11:28:08+08:00
新北市,New Taipei City,YouBike2.0_文化館前路口,鶯歌區,文化路407號旁,YouBike2.0_Yingge Ceramics Museum,Yingge Dist,"No. 407, Wenhua Rd.",500234003,44,13,20260819T102003,24.94948,121.35291,31,1,13,0,2026-08-19T11:28:08+08:00
新北市,New Taipei City,YouBike2.0_鶯歌國民運動中心,鶯歌區,館前路250號運動中心前,YouBike2.0_Yingge Civil Sports Center,Yingge Dist,"No.250, Guanqian Rd., Yingge Dist.",500234004,38,17,20260819T110902,24.95139,121.35733,21,1,13,4,2026-08-19T11:28:08+08:00
新北市,New Taipei City,YouBike2.0_尖山國中,鶯歌區,國中街1號,YouBike2.0_Municipal Jianshan Junior High School,Yingge Dist,"No.1, Guozhong St., Yingge Dist(sidewalk)",500234005,20,2,20260819T105603,24.94381,121.34207,18,1,2,0,2026-08-19T11:28:08+08:00
新北市,New Taipei City,YouBike2.0_新北市立鶯歌高級工商職業學校,鶯歌區,中正三路154號,YouBike2.0_New Taipei Municipal Yingge Vocational High School,Yingge Dist,"No. 154, Zhongzheng 3rd. Rd",500234006,56,19,20260819T105704,24.93923,121.33488,37,1,18,1,2026-08-19T11:28:08+08:00
新北市,New Taipei City,YouBike2.0_鶯歌國中,鶯歌區,鶯桃路39-5號對側,YouBike2.0_Yingge Junior High chool,Yingge Dist,"No.39-5, Yingtao Rd.(opposite)",500234007,30,17,20260819T111904,24.95119,121.34256,12,1,17,0,2026-08-19T11:28:08+08:00
新北市,New Taipei City,YouBike2.0_永吉國小,鶯歌區,德昌二街39號對側,YouBike2.0_Yongchi elementary school,Yingge Dist,"No.39, Dechang 2nd St., Yingge Dist.",500234008,20,6,20260819T101119,24.95865,121.33308,14,1,5,1,2026-08-19T11:28:08+08:00
新北市,New Taipei City,YouBike2.0_鳳祥公園,鶯歌區,鶯桃路365巷130號對側,YouBike2.0_Fengxiang Park,Yingge Dist,"No.130, Ln. 365, Yingtao Rd., Yingge Dist.",500234009,20,6,20260819T102403,24.96283,121.33025,14,1,4,2,2026-08-19T11:28:08+08:00
新北市,New Taipei City,YouBike2.0_鳳鳴國小,鶯歌區,永和街120號,YouBike2.0_Fengming Elementary School,Yingge Dist,"No.120, Yonghe St., Yingge Dist.",500234010,20,6,20260819T103204,24.9692,121.3347,13,1,6,0,2026-08-19T11:28:08+08:00
新北市,New Taipei City,YouBike2.0_國際二國際一路口,鶯歌區,國際二路與國際一路口,YouBike2.0_Guoji 2nd Guoji 1st Intersection,Yingge Dist,"Guoji 2nd Rd./Guoji 1st Rd., Yingge Dist.",500234011,20,5,20260819T111504,24.97577,121.3353,15,1,5,0,2026-08-19T11:28:08+08:00
新北市,New Taipei City,YouBike2.0_鳳福公園,鶯歌區,鳳吉一街186號(對面),YouBike2.0_Fengfu Park,Yingge Dist,"No. 186, Fengji 1st St., Yingge Dist.(opposite)",500234012,20,0,20260819T112218,24.97572,121.32938,20,1,0,0,2026-08-19T11:28:08+08:00
新北市,New Taipei City,YouBike2.0_尖山公園,鶯歌區,鶯歌區尖山路161號對面,YouBike2.0_Jianshan Park,Yingge Dist,"No.161, Jianshan Rd.(opposite)",500234013,29,8,20260819T104103,24.9482,121.346,21,1,7,1,2026-08-19T11:28:08+08:00
新北市,New Taipei City,YouBike2.0_永昌里兒一公園,鶯歌區,鶯桃路182巷96弄36-38號對側,YouBike2.0_Yongchang Village Children Park (No.1),Yingge Dist,"No.36-38, Aly. 96, Ln. 182, Yingtao Rd.(oppsite)",500234014,20,5,20260819T104603,24.956649374562204,121.33959628800724,14,1,4,1,2026-08-19T11:28:08+08:00
新北市,New Taipei City,YouBike2.0_南雅育智路口,鶯歌區,南雅路491號(對面),YouBike2.0_Nanya & Yuzhi Rd. Intersection,Yingge Dist,"No.491, Nanya Rd., Yingge Dist.(opposite)",500234015,22,4,20260819T094902,24.954,121.346,18,1,4,0,2026-08-19T11:28:08+08:00
新北市,New Taipei City,YouBike2.0_國中二甲路口,鶯歌區,國中街175號(前),YouBike2.0_Guozhong & Erjia Intersection,Yingge Dist,"No. 175, Guozhong St., Yingge Dist.",500234016,20,10,20260819T110902,24.939489067109363,121.33868650698288,10,1,9,1,2026-08-19T11:28:08+08:00
新北市,New Taipei City,YouBike2.0_鶯歌永利街,鶯歌區,永利街16號(對面),YouBike2.0_Yingge Yongli St.,Yingge Dist,"No. 16, Yongli St. Yingge Dist.",500234017,15,1,20260819T105904,24.95495,121.33911,13,1,1,0,2026-08-19T11:28:08+08:00
新北市,New Taipei City,YouBike2.0_二橋虹橋公園,鶯歌區,中正三路400號(對面),YouBike2.0_Erqiaoshiguanghongqiao Park,Yingge Dist,"No. 400, Zhongzheng 3rd Rd.(Opposite)",500234018,10,7,20260819T104404,24.93453,121.32595,3,1,6,1,2026-08-19T11:28:08+08:00
新北市,New Taipei City,YouBike2.0_鳳吉四鳳七路口(捷士匯社區),鶯歌區,鳳吉四街57-75號(旁),YouBike2.0_Fengji 4th & Feng 7th Rd. Intersection,Yingge Dist,"No. 57-75, Fengji 4th St.",500234021,40,4,20260819T112403,24.97383,121.32769,36,1,4,0,2026-08-19T11:28:08+08:00
新北市,New Taipei City,YouBike2.0_鶯歌老街第二停車場,鶯歌區,尖山埔路27-31號(對面),YouBike2.0_Yingge Old Street 2nd Parking Lot,Yingge Dist,"No. 27-31, Jianshanpu Rd.(Opposite)",500234022,20,12,20260819T081503,24.94895,121.34227,6,1,11,1,2026-08-19T11:28:08+08:00
新北市,New Taipei City,YouBike2.0_建國中正一路口(北鶯社區),鶯歌區,建國路6號(對面空地),YouBike2.0_Jianguo Zhongzheng 1st Rd. Intersection,Yingge Dist,"No. 6, Jianguo Rd.(Opposite)",500234023,20,8,20260819T111603,24.95658,121.35692,12,1,8,0,2026-08-19T11:28:08+08:00
新北市,New Taipei City,YouBike2.0_三鶯水資源回收中心,鶯歌區,館前路360號(旁),YouBike2.0_Sanying Water Recycling Center,Yingge Dist,"No. 360, Guanqian Rd.",500234024,14,10,20260819T111703,24.95535,121.35996,4,1,8,2,2026-08-19T11:28:08+08:00
新北市,New Taipei City,YouBike2.0_永和街65巷口,鶯歌區,永和街75號,"YouBike2.0_Ln. 65, Yonghe St. Intersection",Yingge Dist,"No. 75, Yonghe St.",500234025,37,9,20260819T110303,24.96798,121.3331413,28,1,7,2,2026-08-19T11:28:08+08:00
新北市,New Taipei City,YouBike2.0_鶯歌陶瓷博物館,鶯歌區,文化路200號(旁),YouBike2.0_Yingge Ceramics Museum(Wenhua Rd.),Yingge Dist,"No. 200, Wenhua Rd.",500234026,22,3,20260819T110103,24.95012,121.35245,17,1,2,1,2026-08-19T11:28:08+08:00
新北市,New Taipei City,YouBike2.0_礫間停車場,鶯歌區,礫間停車場,YouBike2.0_Lijian Parking,Yingge Dist,Lijian Parking,500234028,20,1,20260819T085904,24.9518,121.35445,19,1,0,1,2026-08-19T11:28:08+08:00
新北市,New Taipei City,YouBike2.0_北鶯停車場,鶯歌區,北鶯停車場,YouBike2.0_Beiying Parking,Yingge Dist,Beiying Parking,500234029,20,10,20260819T105704,24.95567,121.35992,10,1,10,0,2026-08-19T11:28:08+08:00
新北市,New Taipei City,YouBike2.0_育英建國路口,鶯歌區,建國路280號(旁),YouBike2.0_Yuying Jianguo Rd. Intersection,Yingge Dist,"No. 280, Jianguo Rd.",500234030,12,2,20260819T105704,24.95356,121.34693,9,1,2,0,2026-08-19T11:28:08+08:00
新北市,New Taipei City,YouBike2.0_中正一仁愛路口,鶯歌區,中正一路181號(對面),YouBike2.0_Zhongzheng 1st & Ren'ai Rd Intersection,Yingge Dist,"No. 181, Zhongzheng 1st Rd.(Opposite)",500234031,15,4,20260819T105603,24.95672,121.3532,11,1,1,3,2026-08-19T11:28:08+08:00
新北市,New Taipei City,YouBike2.0_建國國小,鶯歌區,育英街19號(旁),YouBike2.0_Jianguo Elementary School,Yingge Dist,"No. 19, Yuying St.",500234032,15,6,20260819T112005,24.95521,121.34727,9,1,5,1,2026-08-19T11:28:08+08:00
新北市,New Taipei City,YouBike2.0_光明橋,鶯歌區,永明街78號(旁),YouBike2.0_Guang-ming bridge,Yingge Dist,"No. 78, Yongming St., Yingge Dist.(side)",500234033,14,2,20260819T111803,24.95577,121.34128,12,1,2,0,2026-08-19T11:28:08+08:00
新北市,New Taipei City,YouBike2.0_二橋派出所,鶯歌區,高職西街/中正三路口(西北側),YouBike2.0_Erqiao Police Station,Yingge Dist,"Gaozhi W. St. & Zhongzheng 3rd Rd., Yingge Dist. (west side)",500234034,11,4,20260819T111803,24.94216,121.33884,7,1,4,0,2026-08-19T11:28:08+08:00
新北市,New Taipei City,YouBike2.0_國中高職東街口,鶯歌區,國中路113至117-3號(對面),YouBike2.0_Guozhong & Gaozhi E. Intersection,Yingge Dist,"No. 113, Guozhong St., Yingge Dist.(opposite)",500234035,15,2,20260819T095302,24.94117,121.34116,13,1,2,0,2026-08-19T11:28:08+08:00
新北市,New Taipei City,YouBike2.0_尖山路高厝巷口,鶯歌區,尖山路276-5號(旁),YouBike2.0_Gaocuo Ln. Jianshan Rd.,Yingge Dist,"No. 276-5, Jianshan Rd. (Side)",500234036,15,4,20260819T110204,24.94495,121.34102,10,1,2,2,2026-08-19T11:28:08+08:00
新北市,New Taipei City,YouBike2.0_公八停車場,鶯歌區,國華路53號(對面),YouBike2.0_Public 8th Parking Lot,Yingge Dist,"No.53, Guohua Rd. (opposite)",500234037,15,6,20260819T111104,24.95515,121.34285,9,1,5,1,2026-08-19T11:28:08+08:00
新北市,New Taipei City,YouBike2.0_龍三鳳鳴路口,鶯歌區,鳳鳴路541號,YouBike2.0_Long 3rd. Rd. & Fengming Rd. Intersection,Yingge Dist,"No. 541, Fengming Rd.",500234038,18,2,20260819T111104,24.97286,121.33137,16,1,0,2,2026-08-19T11:28:08+08:00
新北市,New Taipei City,YouBike2.0_鳳福鳳三路口,鶯歌區,鳳三路360號,YouBike2.0_Fengfu Rd. & Feng 3rd. Rd. Intersection,Yingge Dist,"No. 360, Feng 3rd Rd.",500234039,22,0,20260819T103320,24.97567,121.33143,22,1,0,0,2026-08-19T11:28:08+08:00
新北市,New Taipei City,YouBike2.0_北鶯公園,鶯歌區,成功街20巷19號(旁),YouBike2.0_Beiying Park,Yingge Dist,"No. 19, Ln. 20, Chenggong St. (Side)",500234040,15,1,20260819T101924,24.95777,121.35942,12,1,0,1,2026-08-19T11:28:08+08:00
新北市,New Taipei City,YouBike2.0_鶯歌火車站(文化路),鶯歌區,文化路/文化路115巷(北側),YouBike2.0_Yingge Station (Wenhua Rd.),Yingge Dist,"Ln. 115, Wenhua Rd. Intersection (North)",500234041,25,12,20260819T092504,24.95536,121.35697,13,1,11,1,2026-08-19T11:28:08+08:00
新北市,New Taipei City,YouBike2.0_鳳七鶯歌路口,鶯歌區,鶯歌路101-107號(旁),YouBike2.0_Feng 7th Rd. & Yingge Rd. Intersection,Yingge Dist,"No. 101-107, Yingge Rd. (Side)",500234042,11,4,20260819T094902,24.96916,121.33193,7,1,2,2,2026-08-19T11:28:08+08:00
新北市,New Taipei City,YouBike2.0_國際一路112巷口,鶯歌區,國際一路167號(前),"YouBike2.0_Ln. 112, GuoJi 1st Rd.",Yingge Dist,"No. 167, GuoJi 1st Rd. (Front)",500234043,15,2,20260819T112403,24.97667,121.33579,13,1,2,0,2026-08-19T11:28:08+08:00
新北市,New Taipei City,YouBike2.0_臺鐵鳳鳴站,鶯歌區,鳳一路/鶯歌路口,YouBike2.0_Fengming Station,Yingge Dist,Feng 1st Rd. & YingGe Rd.,500234044,40,0,20260817T173503,24.97227,121.33674,0,0,0,0,2026-08-19T11:28:08+08:00
新北市,New Taipei City,YouBike2.0_鶯歌陶瓷老街,鶯歌區,重慶街/國慶街(西南側),YouBike2.0_YingGe Old Street,Yingge Dist,ChongQing St. & GuoQing St. (Southwest),500234045,33,12,20260819T112005,24.95219,121.351,21,1,11,1,2026-08-19T11:28:08+08:00
新北市,New Taipei City,YouBike2.0_鶯歌火車站(仁愛路62號),鶯歌區,仁愛路62號(東側),"YouBike2.0_YingGe Station (No. 62, RenAi Rd.)",Yingge Dist,"No. 62, RenAi Rd. (East)",500234046,42,17,20260819T111603,24.95505,121.35407,24,1,14,3,2026-08-19T11:28:08+08:00
新北市,New Taipei City,YouBike2.0_臺鐵鳳鳴站(鶯歌路),鶯歌區,鶯歌路276號(對面),YouBike2.0_Fengming Station (YingGe Rd.),Yingge Dist,"No. 276, YingGe Rd. (Opposite)",500234047,20,7,20260819T112303,24.97189,121.33651,7,1,3,4,2026-08-19T11:28:08+08:00
新北市,New Taipei City,YouBike2.0_光明育智路口,鶯歌區,光明街126號(東南側),YouBike2.0_GuangMing St. & YuZhi Rd. Intersection,Yingge Dist,"No. 126, GuangMing St. (Southeast)",500234048,14,3,20260819T105404,24.95587,121.3456,11,1,3,0,2026-08-19T11:28:08+08:00
新北市,New Taipei City,YouBike2.0_新鳳公園,鶯歌區,鶯桃路二段60號(對側),YouBike2.0_XinFeng Park,Yingge Dist,"No. 60, Sec. 2, YingTao Rd. (Opposite)",500234049,14,5,20260819T111504,24.9732,121.32474,9,1,4,1,2026-08-19T11:28:08+08:00
新北市,New Taipei City,YouBike2.0_鳳鳴機器人公園,鶯歌區,鳳鳴路/福安街7巷24弄口,YouBike2.0_FengMing Robot Park,Yingge Dist,"FengMing Rd. & Aly. 24, Ln. 7, FuAn St.",500234050,17,1,20260819T094702,24.96618,121.33465,16,1,0,1,2026-08-19T11:28:08+08:00
新北市,New Taipei City,YouBike2.0_龍五鳳七路口,鶯歌區,龍五路/鳳七路口,YouBike2.0_Long 5th Rd. & Feng 7th Rd. Intersection,Yingge Dist,Long 5th Rd. & Feng 7th Rd. Intersection,500234051,30,5,20260819T112103,24.97043,121.33101,25,1,5,0,2026-08-19T11:28:08+08:00
新北市,New Taipei City,YouBike2.0_龍鳳夜市,鶯歌區,鳳三路/龍三路(東南側),YouBike2.0_LongFeng Night Market,Yingge Dist,Feng 3rd Rd. & Long 3rd Rd. (Southeast),500234052,30,9,20260819T084303,24.97329,121.33331,21,1,9,0,2026-08-19T11:28:08+08:00
新北市,New Taipei City,YouBike2.0_中湖市民活動中心,鶯歌區,中湖街21號,YouBike2.0_Zhonghu Civic Activity Center,Yingge Dist,"No. 21, ZhongHu St.",500234053,20,2,20260819T103904,24.97298,121.3472,18,1,2,0,2026-08-19T11:28:08+08:00
新北市,New Taipei City,YouBike2.0_鳳一鳳吉一街口,鶯歌區,鳳吉一街259號(旁),YouBike2.0_Feng 1st Rd. & FengJi 1st St. Intersection,Yingge Dist,"No. 259, FengJi 1st St. (Side)",500234054,20,3,20260819T111803,24.97677,121.3317,16,1,3,0,2026-08-19T11:28:08+08:00
新北市,New Taipei City,YouBike2.0_鳳五路122號前,鶯歌區,鳳五路122號前,"YouBike2.0_No. 122, Feng 5th Rd.",Yingge Dist,"No. 122, Feng 5th Rd. (Front)",500234055,18,0,20260819T101320,24.97316,121.32991,17,1,0,0,2026-08-19T11:28:08+08:00
新北市,New Taipei City,YouBike2.0_建國永昌街口,鶯歌區,建國路546號(對面),YouBike2.0_JianGuo Rd. & YongChang St. Intersection,Yingge Dist,"No. 546, JianGuo Rd. (Opposite)",500234056,17,3,20260818T181003,24.95031,121.33831,14,1,3,0,2026-08-19T11:28:08+08:00
新北市,New Taipei City,YouBike2.0_捷運鶯歌車站,鶯歌區,館前路300號(對側),YouBike2.0_MRT Yingge Sta.,Yingge Dist,"No. 300, GuanQian Rd. (Opposite)",500234057,34,15,20260819T110605,24.95322,121.35668,19,1,12,3,2026-08-19T11:28:08+08:00
新北市,New Taipei City,YouBike2.0_鳳三龍七路口,鶯歌區,鳳三路68號,YouBike2.0_Feng 3rd Rd. & Long 7th Rd. Intersection,Yingge Dist,"No. 68, Feng 3rd Rd.",500234058,18,10,20260819T111803,24.97204,121.33467,8,1,9,1,2026-08-19T11:28:08+08:00
新北市,New Taipei City,YouBike2.0_捷運國華站,鶯歌區,國華路45號(對側),YouBike2.0_MRT Guohua Sta.,Yingge Dist,"No. 45, GuoHua Rd. (Opposite)",500234059,24,4,20260819T111004,24.95535,121.34251,20,1,4,0,2026-08-19T11:28:08+08:00
新北市,New Taipei City,YouBike2.0_捷運陶瓷老街站,鶯歌區,捷運陶瓷老街站(重慶街側),YouBike2.0_MRT Ceramics Old Street Sta.,Yingge Dist,MRT Ceramics Old Street Sta. (ChongQing St.),500234060,36,18,20260819T110103,24.95212,121.35065,18,1,18,0,2026-08-19T11:28:08+08:00
新北市,New Taipei City,YouBike2.0_捷運永吉公園站,鶯歌區,鶯桃路296巷口,YouBike2.0_MRT Yongji Park Sta.,Yingge Dist,"Ln. 296, YingTao Rd. Intersection",500234061,47,7,20260819T110704,24.96048,121.33476,39,1,6,1,2026-08-19T11:28:08+08:00
新北市,New Taipei City,YouBike2.0_捷運鶯桃福德站,鶯歌區,福德一路20號(對側),YouBike2.0_MRT Yingtao Fude Sta.,Yingge Dist,"No. 20, FuDe 1st Rd. (Opposite)",500234062,75,22,20260819T112303,24.96704,121.33044,52,1,21,1,2026-08-19T11:28:08+08:00
新北市,New Taipei City,YouBike2.0_捷運國華站(2號出口),鶯歌區,國華路97號(對側),YouBike2.0_MRT Guohua Sta.(Exit 2),Yingge Dist,"No. 97, GuoHua Rd. (Opposite)",500234063,60,17,20260819T112403,24.95374,121.34301,43,1,16,1,2026-08-19T11:28:08+08:00
新北市,New Taipei City,YouBike2.0_鶯歌山水步道停車場,鶯歌區,觀景涼亭停車場,YouBike2.0_YingGe Riverside Trail Car Park,Yingge Dist,YingGe Riverside Trail Car Park,500234064,24,6,20260819T103904,24.93205,121.32825,18,1,5,1,2026-08-19T11:28:08+08:00
新北市,New Taipei City,YouBike2.0_鶯歌環河自行車道,鶯歌區,環河路/甲三街(南側自行車道),YouBike2.0_YingGe Riverside Cycling Route,Yingge Dist,Huanhe Rd. & Jia 3rd St. (South),500234065,20,12,20260819T101603,24.92967,121.33837,8,1,12,0,2026-08-19T11:28:08+08:00
新北市,New Taipei City,YouBike2.0_鶯歌火車站(仁愛路),鶯歌區,仁愛路55號對側,YouBike2.0_Yingge Railway Station(Ren’ai Rd.),Yingge Dist,"No.55, Ren’ai Rd., Yingge Dist.(opposite)",500234001,69,35,20260819T114903,24.95559,121.35441,32,1,32,3,2026-08-19T12:07:29+08:00
新北市,New Taipei City,YouBike2.0_新北市立圖書館鶯歌分館,鶯歌區,中山路150號,YouBike2.0_New Taipei City Library Yingge Branch,Yingge Dist,"No.150, Zhongshan Rd.",500234002,20,4,20260819T120302,24.9572,121.34946,15,1,3,1,2026-08-19T12:07:29+08:00
新北市,New Taipei City,YouBike2.0_文化館前路口,鶯歌區,文化路407號旁,YouBike2.0_Yingge Ceramics Museum,Yingge Dist,"No. 407, Wenhua Rd.",500234003,44,13,20260819T102003,24.94948,121.35291,31,1,13,0,2026-08-19T12:07:29+08:00
新北市,New Taipei City,YouBike2.0_鶯歌國民運動中心,鶯歌區,館前路250號運動中心前,YouBike2.0_Yingge Civil Sports Center,Yingge Dist,"No.250, Guanqian Rd., Yingge Dist.",500234004,38,18,20260819T120403,24.95139,121.35733,20,1,14,4,2026-08-19T12:07:29+08:00
新北市,New Taipei City,YouBike2.0_尖山國中,鶯歌區,國中街1號,YouBike2.0_Municipal Jianshan Junior High School,Yingge Dist,"No.1, Guozhong St., Yingge Dist(sidewalk)",500234005,20,2,20260819T105603,24.94381,121.34207,18,1,2,0,2026-08-19T12:07:29+08:00
新北市,New Taipei City,YouBike2.0_新北市立鶯歌高級工商職業學校,鶯歌區,中正三路154號,YouBike2.0_New Taipei Municipal Yingge Vocational High School,Yingge Dist,"No. 154, Zhongzheng 3rd. Rd",500234006,56,19,20260819T120004,24.93923,121.33488,37,1,18,1,2026-08-19T12:07:29+08:00
新北市,New Taipei City,YouBike2.0_鶯歌國中,鶯歌區,鶯桃路39-5號對側,YouBike2.0_Yingge Junior High chool,Yingge Dist,"No.39-5, Yingtao Rd.(opposite)",500234007,30,4,20260819T120403,24.95119,121.34256,25,1,4,0,2026-08-19T12:07:29+08:00
新北市,New Taipei City,YouBike2.0_永吉國小,鶯歌區,德昌二街39號對側,YouBike2.0_Yongchi elementary school,Yingge Dist,"No.39, Dechang 2nd St., Yingge Dist.",500234008,20,6,20260819T115103,24.95865,121.33308,14,1,5,1,2026-08-19T12:07:29+08:00
新北市,New Taipei City,YouBike2.0_鳳祥公園,鶯歌區,鶯桃路365巷130號對側,YouBike2.0_Fengxiang Park,Yingge Dist,"No.130, Ln. 365, Yingtao Rd., Yingge Dist.",500234009,20,6,20260819T102403,24.96283,121.33025,14,1,4,2,2026-08-19T12:07:29+08:00
新北市,New Taipei City,YouBike2.0_鳳鳴國小,鶯歌區,永和街120號,YouBike2.0_Fengming Elementary School,Yingge Dist,"No.120, Yonghe St., Yingge Dist.",500234010,20,6,20260819T103204,24.9692,121.3347,13,1,6,0,2026-08-19T12:07:29+08:00
新北市,New Taipei City,YouBike2.0_國際二國際一路口,鶯歌區,國際二路與國際一路口,YouBike2.0_Guoji 2nd Guoji 1st Intersection,Yingge Dist,"Guoji 2nd Rd./Guoji 1st Rd., Yingge Dist.",500234011,20,5,20260819T111504,24.97577,121.3353,15,1,5,0,2026-08-19T12:07:29+08:00
新北市,New Taipei City,YouBike2.0_鳳福公園,鶯歌區,鳳吉一街186號(對面),YouBike2.0_Fengfu Park,Yingge Dist,"No. 186, Fengji 1st St., Yingge Dist.(opposite)",500234012,20,1,20260819T120420,24.97572,121.32938,19,1,1,0,2026-08-19T12:07:29+08:00
新北市,New Taipei City,YouBike2.0_尖山公園,鶯歌區,鶯歌區尖山路161號對面,YouBike2.0_Jianshan Park,Yingge Dist,"No.161, Jianshan Rd.(opposite)",500234013,29,9,20260819T120202,24.9482,121.346,20,1,8,1,2026-08-19T12:07:29+08:00
新北市,New Taipei City,YouBike2.0_永昌里兒一公園,鶯歌區,鶯桃路182巷96弄36-38號對側,YouBike2.0_Yongchang Village Children Park (No.1),Yingge Dist,"No.36-38, Aly. 96, Ln. 182, Yingtao Rd.(oppsite)",500234014,20,5,20260819T104603,24.956649374562204,121.33959628800724,14,1,4,1,2026-08-19T12:07:29+08:00
新北市,New Taipei City,YouBike2.0_南雅育智路口,鶯歌區,南雅路491號(對面),YouBike2.0_Nanya & Yuzhi Rd. Intersection,Yingge Dist,"No.491, Nanya Rd., Yingge Dist.(opposite)",500234015,22,7,20260819T120004,24.954,121.346,15,1,7,0,2026-08-19T12:07:29+08:00
新北市,New Taipei City,YouBike2.0_國中二甲路口,鶯歌區,國中街175號(前),YouBike2.0_Guozhong & Erjia Intersection,Yingge Dist,"No. 175, Guozhong St., Yingge Dist.",500234016,20,12,20260819T112803,24.939489067109363,121.33868650698288,8,1,11,1,2026-08-19T12:07:29+08:00
新北市,New Taipei City,YouBike2.0_鶯歌永利街,鶯歌區,永利街16號(對面),YouBike2.0_Yingge Yongli St.,Yingge Dist,"No. 16, Yongli St. Yingge Dist.",500234017,15,1,20260819T120403,24.95495,121.33911,13,1,1,0,2026-08-19T12:07:29+08:00
新北市,New Taipei City,YouBike2.0_二橋虹橋公園,鶯歌區,中正三路400號(對面),YouBike2.0_Erqiaoshiguanghongqiao Park,Yingge Dist,"No. 400, Zhongzheng 3rd Rd.(Opposite)",500234018,10,5,20260819T120302,24.93453,121.32595,5,1,4,1,2026-08-19T12:07:29+08:00
新北市,New Taipei City,YouBike2.0_鳳吉四鳳七路口(捷士匯社區),鶯歌區,鳳吉四街57-75號(旁),YouBike2.0_Fengji 4th & Feng 7th Rd. Intersection,Yingge Dist,"No. 57-75, Fengji 4th St.",500234021,40,1,20260819T114703,24.97383,121.32769,38,1,1,0,2026-08-19T12:07:29+08:00
新北市,New Taipei City,YouBike2.0_鶯歌老街第二停車場,鶯歌區,尖山埔路27-31號(對面),YouBike2.0_Yingge Old Street 2nd Parking Lot,Yingge Dist,"No. 27-31, Jianshanpu Rd.(Opposite)",500234022,20,12,20260819T114402,24.94895,121.34227,6,1,11,1,2026-08-19T12:07:29+08:00
新北市,New Taipei City,YouBike2.0_建國中正一路口(北鶯社區),鶯歌區,建國路6號(對面空地),YouBike2.0_Jianguo Zhongzheng 1st Rd. Intersection,Yingge Dist,"No. 6, Jianguo Rd.(Opposite)",500234023,20,9,20260819T112902,24.95658,121.35692,11,1,9,0,2026-08-19T12:07:29+08:00
新北市,New Taipei City,YouBike2.0_三鶯水資源回收中心,鶯歌區,館前路360號(旁),YouBike2.0_Sanying Water Recycling Center,Yingge Dist,"No. 360, Guanqian Rd.",500234024,14,11,20260819T114603,24.95535,121.35996,3,1,8,3,2026-08-19T12:07:29+08:00
新北市,New Taipei City,YouBike2.0_永和街65巷口,鶯歌區,永和街75號,"YouBike2.0_Ln. 65, Yonghe St. Intersection",Yingge Dist,"No. 75, Yonghe St.",500234025,37,8,20260819T114004,24.96798,121.3331413,29,1,7,1,2026-08-19T12:07:29+08:00
新北市,New Taipei City,YouBike2.0_鶯歌陶瓷博物館,鶯歌區,文化路200號(旁),YouBike2.0_Yingge Ceramics Museum(Wenhua Rd.),Yingge Dist,"No. 200, Wenhua Rd.",500234026,22,1,20260819T120403,24.95012,121.35245,19,1,1,0,2026-08-19T12:07:29+08:00
新北市,New Taipei City,YouBike2.0_礫間停車場,鶯歌區,礫間停車場,YouBike2.0_Lijian Parking,Yingge Dist,Lijian Parking,500234028,20,1,20260819T085904,24.9518,121.35445,19,1,0,1,2026-08-19T12:07:29+08:00
新北市,New Taipei City,YouBike2.0_北鶯停車場,鶯歌區,北鶯停車場,YouBike2.0_Beiying Parking,Yingge Dist,Beiying Parking,500234029,20,10,20260819T105704,24.95567,121.35992,10,1,10,0,2026-08-19T12:07:29+08:00
新北市,New Taipei City,YouBike2.0_育英建國路口,鶯歌區,建國路280號(旁),YouBike2.0_Yuying Jianguo Rd. Intersection,Yingge Dist,"No. 280, Jianguo Rd.",500234030,12,9,20260819T120004,24.95356,121.34693,2,1,8,1,2026-08-19T12:07:29+08:00
新北市,New Taipei City,YouBike2.0_中正一仁愛路口,鶯歌區,中正一路181號(對面),YouBike2.0_Zhongzheng 1st & Ren'ai Rd Intersection,Yingge Dist,"No. 181, Zhongzheng 1st Rd.(Opposite)",500234031,15,4,20260819T105603,24.95672,121.3532,11,1,1,3,2026-08-19T12:07:29+08:00
新北市,New Taipei City,YouBike2.0_建國國小,鶯歌區,育英街19號(旁),YouBike2.0_Jianguo Elementary School,Yingge Dist,"No. 19, Yuying St.",500234032,15,6,20260819T113803,24.95521,121.34727,9,1,5,1,2026-08-19T12:07:29+08:00
新北市,New Taipei City,YouBike2.0_光明橋,鶯歌區,永明街78號(旁),YouBike2.0_Guang-ming bridge,Yingge Dist,"No. 78, Yongming St., Yingge Dist.(side)",500234033,14,3,20260819T120202,24.95577,121.34128,11,1,2,1,2026-08-19T12:07:29+08:00
新北市,New Taipei City,YouBike2.0_二橋派出所,鶯歌區,高職西街/中正三路口(西北側),YouBike2.0_Erqiao Police Station,Yingge Dist,"Gaozhi W. St. & Zhongzheng 3rd Rd., Yingge Dist. (west side)",500234034,11,4,20260819T111803,24.94216,121.33884,7,1,4,0,2026-08-19T12:07:29+08:00
新北市,New Taipei City,YouBike2.0_國中高職東街口,鶯歌區,國中路113至117-3號(對面),YouBike2.0_Guozhong & Gaozhi E. Intersection,Yingge Dist,"No. 113, Guozhong St., Yingge Dist.(opposite)",500234035,15,2,20260819T095302,24.94117,121.34116,13,1,2,0,2026-08-19T12:07:29+08:00
新北市,New Taipei City,YouBike2.0_尖山路高厝巷口,鶯歌區,尖山路276-5號(旁),YouBike2.0_Gaocuo Ln. Jianshan Rd.,Yingge Dist,"No. 276-5, Jianshan Rd. (Side)",500234036,15,2,20260819T113703,24.94495,121.34102,12,1,0,2,2026-08-19T12:07:29+08:00
新北市,New Taipei City,YouBike2.0_公八停車場,鶯歌區,國華路53號(對面),YouBike2.0_Public 8th Parking Lot,Yingge Dist,"No.53, Guohua Rd. (opposite)",500234037,15,6,20260819T115704,24.95515,121.34285,9,1,5,1,2026-08-19T12:07:29+08:00
新北市,New Taipei City,YouBike2.0_龍三鳳鳴路口,鶯歌區,鳳鳴路541號,YouBike2.0_Long 3rd. Rd. & Fengming Rd. Intersection,Yingge Dist,"No. 541, Fengming Rd.",500234038,18,2,20260819T115503,24.97286,121.33137,16,1,0,2,2026-08-19T12:07:29+08:00
新北市,New Taipei City,YouBike2.0_鳳福鳳三路口,鶯歌區,鳳三路360號,YouBike2.0_Fengfu Rd. & Feng 3rd. Rd. Intersection,Yingge Dist,"No. 360, Feng 3rd Rd.",500234039,22,2,20260819T115003,24.97567,121.33143,20,1,2,0,2026-08-19T12:07:29+08:00
新北市,New Taipei City,YouBike2.0_北鶯公園,鶯歌區,成功街20巷19號(旁),YouBike2.0_Beiying Park,Yingge Dist,"No. 19, Ln. 20, Chenggong St. (Side)",500234040,15,1,20260819T101924,24.95777,121.35942,12,1,0,1,2026-08-19T12:07:29+08:00
新北市,New Taipei City,YouBike2.0_鶯歌火車站(文化路),鶯歌區,文化路/文化路115巷(北側),YouBike2.0_Yingge Station (Wenhua Rd.),Yingge Dist,"Ln. 115, Wenhua Rd. Intersection (North)",500234041,25,12,20260819T120005,24.95536,121.35697,13,1,11,1,2026-08-19T12:07:29+08:00
新北市,New Taipei City,YouBike2.0_鳳七鶯歌路口,鶯歌區,鶯歌路101-107號(旁),YouBike2.0_Feng 7th Rd. & Yingge Rd. Intersection,Yingge Dist,"No. 101-107, Yingge Rd. (Side)",500234042,11,6,20260819T114802,24.96916,121.33193,5,1,4,2,2026-08-19T12:07:29+08:00
新北市,New Taipei City,YouBike2.0_國際一路112巷口,鶯歌區,國際一路167號(前),"YouBike2.0_Ln. 112, GuoJi 1st Rd.",Yingge Dist,"No. 167, GuoJi 1st Rd. (Front)",500234043,15,3,20260819T112803,24.97667,121.33579,12,1,3,0,2026-08-19T12:07:29+08:00
新北市,New Taipei City,YouBike2.0_臺鐵鳳鳴站,鶯歌區,鳳一路/鶯歌路口,YouBike2.0_Fengming Station,Yingge Dist,Feng 1st Rd. & YingGe Rd.,500234044,40,0,20260817T173503,24.97227,121.33674,0,0,0,0,2026-08-19T12:07:29+08:00
新北市,New Taipei City,YouBike2.0_鶯歌陶瓷老街,鶯歌區,重慶街/國慶街(西南側),YouBike2.0_YingGe Old Street,Yingge Dist,ChongQing St. & GuoQing St. (Southwest),500234045,33,11,20260819T115804,24.95219,121.351,22,1,10,1,2026-08-19T12:07:29+08:00
新北市,New Taipei City,YouBike2.0_鶯歌火車站(仁愛路62號),鶯歌區,仁愛路62號(東側),"YouBike2.0_YingGe Station (No. 62, RenAi Rd.)",Yingge Dist,"No. 62, RenAi Rd. (East)",500234046,42,18,20260819T112504,24.95505,121.35407,23,1,15,3,2026-08-19T12:07:29+08:00
新北市,New Taipei City,YouBike2.0_臺鐵鳳鳴站(鶯歌路),鶯歌區,鶯歌路276號(對面),YouBike2.0_Fengming Station (YingGe Rd.),Yingge Dist,"No. 276, YingGe Rd. (Opposite)",500234047,20,6,20260819T120302,24.97189,121.33651,5,1,3,3,2026-08-19T12:07:29+08:00
新北市,New Taipei City,YouBike2.0_光明育智路口,鶯歌區,光明街126號(東南側),YouBike2.0_GuangMing St. & YuZhi Rd. Intersection,Yingge Dist,"No. 126, GuangMing St. (Southeast)",500234048,14,4,20260819T120404,24.95587,121.3456,10,1,4,0,2026-08-19T12:07:29+08:00
新北市,New Taipei City,YouBike2.0_新鳳公園,鶯歌區,鶯桃路二段60號(對側),YouBike2.0_XinFeng Park,Yingge Dist,"No. 60, Sec. 2, YingTao Rd. (Opposite)",500234049,14,4,20260819T120404,24.9732,121.32474,10,1,3,1,2026-08-19T12:07:29+08:00
新北市,New Taipei City,YouBike2.0_鳳鳴機器人公園,鶯歌區,鳳鳴路/福安街7巷24弄口,YouBike2.0_FengMing Robot Park,Yingge Dist,"FengMing Rd. & Aly. 24, Ln. 7, FuAn St.",500234050,17,1,20260819T094702,24.96618,121.33465,16,1,0,1,2026-08-19T12:07:29+08:00
新北市,New Taipei City,YouBike2.0_龍五鳳七路口,鶯歌區,龍五路/鳳七路口,YouBike2.0_Long 5th Rd. & Feng 7th Rd. Intersection,Yingge Dist,Long 5th Rd. & Feng 7th Rd. Intersection,500234051,30,4,20260819T120404,24.97043,121.33101,26,1,4,0,2026-08-19T12:07:29+08:00
新北市,New Taipei City,YouBike2.0_龍鳳夜市,鶯歌區,鳳三路/龍三路(東南側),YouBike2.0_LongFeng Night Market,Yingge Dist,Feng 3rd Rd. & Long 3rd Rd. (Southeast),500234052,30,10,20260819T115603,24.97329,121.33331,20,1,10,0,2026-08-19T12:07:29+08:00
新北市,New Taipei City,YouBike2.0_中湖市民活動中心,鶯歌區,中湖街21號,YouBike2.0_Zhonghu Civic Activity Center,Yingge Dist,"No. 21, ZhongHu St.",500234053,20,2,20260819T103904,24.97298,121.3472,18,1,2,0,2026-08-19T12:07:29+08:00
新北市,New Taipei City,YouBike2.0_鳳一鳳吉一街口,鶯歌區,鳳吉一街259號(旁),YouBike2.0_Feng 1st Rd. & FengJi 1st St. Intersection,Yingge Dist,"No. 259, FengJi 1st St. (Side)",500234054,20,2,20260819T120203,24.97677,121.3317,17,1,2,0,2026-08-19T12:07:29+08:00
新北市,New Taipei City,YouBike2.0_鳳五路122號前,鶯歌區,鳳五路122號前,"YouBike2.0_No. 122, Feng 5th Rd.",Yingge Dist,"No. 122, Feng 5th Rd. (Front)",500234055,18,4,20260819T114504,24.97316,121.32991,13,1,3,1,2026-08-19T12:07:29+08:00
新北市,New Taipei City,YouBike2.0_建國永昌街口,鶯歌區,建國路546號(對面),YouBike2.0_JianGuo Rd. & YongChang St. Intersection,Yingge Dist,"No. 546, JianGuo Rd. (Opposite)",500234056,17,2,20260819T113103,24.95031,121.33831,15,1,2,0,2026-08-19T12:07:29+08:00
新北市,New Taipei City,YouBike2.0_捷運鶯歌車站,鶯歌區,館前路300號(對側),YouBike2.0_MRT Yingge Sta.,Yingge Dist,"No. 300, GuanQian Rd. (Opposite)",500234057,34,15,20260819T115304,24.95322,121.35668,19,1,12,3,2026-08-19T12:07:29+08:00
新北市,New Taipei City,YouBike2.0_鳳三龍七路口,鶯歌區,鳳三路68號,YouBike2.0_Feng 3rd Rd. & Long 7th Rd. Intersection,Yingge Dist,"No. 68, Feng 3rd Rd.",500234058,18,3,20260819T114218,24.97204,121.33467,15,1,2,1,2026-08-19T12:07:29+08:00
新北市,New Taipei City,YouBike2.0_捷運國華站,鶯歌區,國華路45號(對側),YouBike2.0_MRT Guohua Sta.,Yingge Dist,"No. 45, GuoHua Rd. (Opposite)",500234059,24,9,20260819T120104,24.95535,121.34251,15,1,9,0,2026-08-19T12:07:29+08:00
新北市,New Taipei City,YouBike2.0_捷運陶瓷老街站,鶯歌區,捷運陶瓷老街站(重慶街側),YouBike2.0_MRT Ceramics Old Street Sta.,Yingge Dist,MRT Ceramics Old Street Sta. (ChongQing St.),500234060,36,18,20260819T110103,24.95212,121.35065,18,1,18,0,2026-08-19T12:07:29+08:00
新北市,New Taipei City,YouBike2.0_捷運永吉公園站,鶯歌區,鶯桃路296巷口,YouBike2.0_MRT Yongji Park Sta.,Yingge Dist,"Ln. 296, YingTao Rd. Intersection",500234061,47,8,20260819T115004,24.96048,121.33476,38,1,7,1,2026-08-19T12:07:29+08:00
新北市,New Taipei City,YouBike2.0_捷運鶯桃福德站,鶯歌區,福德一路20號(對側),YouBike2.0_MRT Yingtao Fude Sta.,Yingge Dist,"No. 20, FuDe 1st Rd. (Opposite)",500234062,75,23,20260819T120302,24.96704,121.33044,51,1,22,1,2026-08-19T12:07:29+08:00
新北市,New Taipei City,YouBike2.0_捷運國華站(2號出口),鶯歌區,國華路97號(對側),YouBike2.0_MRT Guohua Sta.(Exit 2),Yingge Dist,"No. 97, GuoHua Rd. (Opposite)",500234063,60,16,20260819T120005,24.95374,121.34301,44,1,15,1,2026-08-19T12:07:29+08:00
新北市,New Taipei City,YouBike2.0_鶯歌山水步道停車場,鶯歌區,觀景涼亭停車場,YouBike2.0_YingGe Riverside Trail Car Park,Yingge Dist,YingGe Riverside Trail Car Park,500234064,24,6,20260819T103904,24.93205,121.32825,18,1,5,1,2026-08-19T12:07:29+08:00
新北市,New Taipei City,YouBike2.0_鶯歌環河自行車道,鶯歌區,環河路/甲三街(南側自行車道),YouBike2.0_YingGe Riverside Cycling Route,Yingge Dist,Huanhe Rd. & Jia 3rd St. (South),500234065,20,12,20260819T101603,24.92967,121.33837,8,1,12,0,2026-08-19T12:07:29+08:00
新北市,New Taipei City,YouBike2.0_鶯歌火車站(仁愛路),鶯歌區,仁愛路55號對側,YouBike2.0_Yingge Railway Station(Ren’ai Rd.),Yingge Dist,"No.55, Ren’ai Rd., Yingge Dist.(opposite)",500234001,69,34,20260819T123902,24.95559,121.35441,33,1,32,2,2026-08-19T12:49:37+08:00
新北市,New Taipei City,YouBike2.0_新北市立圖書館鶯歌分館,鶯歌區,中山路150號,YouBike2.0_New Taipei City Library Yingge Branch,Yingge Dist,"No.150, Zhongshan Rd.",500234002,20,3,20260819T120504,24.9572,121.34946,16,1,2,1,2026-08-19T12:49:37+08:00
新北市,New Taipei City,YouBike2.0_文化館前路口,鶯歌區,文化路407號旁,YouBike2.0_Yingge Ceramics Museum,Yingge Dist,"No. 407, Wenhua Rd.",500234003,44,13,20260819T102003,24.94948,121.35291,31,1,13,0,2026-08-19T12:49:37+08:00
新北市,New Taipei City,YouBike2.0_鶯歌國民運動中心,鶯歌區,館前路250號運動中心前,YouBike2.0_Yingge Civil Sports Center,Yingge Dist,"No.250, Guanqian Rd., Yingge Dist.",500234004,38,21,20260819T124404,24.95139,121.35733,17,1,17,4,2026-08-19T12:49:37+08:00
新北市,New Taipei City,YouBike2.0_尖山國中,鶯歌區,國中街1號,YouBike2.0_Municipal Jianshan Junior High School,Yingge Dist,"No.1, Guozhong St., Yingge Dist(sidewalk)",500234005,20,2,20260819T105603,24.94381,121.34207,18,1,2,0,2026-08-19T12:49:37+08:00
新北市,New Taipei City,YouBike2.0_新北市立鶯歌高級工商職業學校,鶯歌區,中正三路154號,YouBike2.0_New Taipei Municipal Yingge Vocational High School,Yingge Dist,"No. 154, Zhongzheng 3rd. Rd",500234006,56,17,20260819T124102,24.93923,121.33488,39,1,16,1,2026-08-19T12:49:37+08:00
新北市,New Taipei City,YouBike2.0_鶯歌國中,鶯歌區,鶯桃路39-5號對側,YouBike2.0_Yingge Junior High chool,Yingge Dist,"No.39-5, Yingtao Rd.(opposite)",500234007,30,8,20260819T124404,24.95119,121.34256,21,1,7,1,2026-08-19T12:49:37+08:00
新北市,New Taipei City,YouBike2.0_永吉國小,鶯歌區,德昌二街39號對側,YouBike2.0_Yongchi elementary school,Yingge Dist,"No.39, Dechang 2nd St., Yingge Dist.",500234008,20,6,20260819T124004,24.95865,121.33308,14,1,5,1,2026-08-19T12:49:37+08:00
新北市,New Taipei City,YouBike2.0_鳳祥公園,鶯歌區,鶯桃路365巷130號對側,YouBike2.0_Fengxiang Park,Yingge Dist,"No.130, Ln. 365, Yingtao Rd., Yingge Dist.",500234009,20,7,20260819T121503,24.96283,121.33025,13,1,2,5,2026-08-19T12:49:37+08:00
新北市,New Taipei City,YouBike2.0_鳳鳴國小,鶯歌區,永和街120號,YouBike2.0_Fengming Elementary School,Yingge Dist,"No.120, Yonghe St., Yingge Dist.",500234010,20,5,20260819T122003,24.9692,121.3347,14,1,5,0,2026-08-19T12:49:37+08:00
新北市,New Taipei City,YouBike2.0_國際二國際一路口,鶯歌區,國際二路與國際一路口,YouBike2.0_Guoji 2nd Guoji 1st Intersection,Yingge Dist,"Guoji 2nd Rd./Guoji 1st Rd., Yingge Dist.",500234011,20,5,20260819T111504,24.97577,121.3353,15,1,5,0,2026-08-19T12:49:37+08:00
新北市,New Taipei City,YouBike2.0_鳳福公園,鶯歌區,鳳吉一街186號(對面),YouBike2.0_Fengfu Park,Yingge Dist,"No. 186, Fengji 1st St., Yingge Dist.(opposite)",500234012,20,0,20260819T122815,24.97572,121.32938,20,1,0,0,2026-08-19T12:49:37+08:00
新北市,New Taipei City,YouBike2.0_尖山公園,鶯歌區,鶯歌區尖山路161號對面,YouBike2.0_Jianshan Park,Yingge Dist,"No.161, Jianshan Rd.(opposite)",500234013,29,9,20260819T120202,24.9482,121.346,20,1,8,1,2026-08-19T12:49:37+08:00
新北市,New Taipei City,YouBike2.0_永昌里兒一公園,鶯歌區,鶯桃路182巷96弄36-38號對側,YouBike2.0_Yongchang Village Children Park (No.1),Yingge Dist,"No.36-38, Aly. 96, Ln. 182, Yingtao Rd.(oppsite)",500234014,20,5,20260819T104603,24.956649374562204,121.33959628800724,14,1,4,1,2026-08-19T12:49:37+08:00
新北市,New Taipei City,YouBike2.0_南雅育智路口,鶯歌區,南雅路491號(對面),YouBike2.0_Nanya & Yuzhi Rd. Intersection,Yingge Dist,"No.491, Nanya Rd., Yingge Dist.(opposite)",500234015,22,13,20260819T123703,24.954,121.346,9,1,12,1,2026-08-19T12:49:37+08:00
新北市,New Taipei City,YouBike2.0_國中二甲路口,鶯歌區,國中街175號(前),YouBike2.0_Guozhong & Erjia Intersection,Yingge Dist,"No. 175, Guozhong St., Yingge Dist.",500234016,20,12,20260819T112803,24.939489067109363,121.33868650698288,8,1,11,1,2026-08-19T12:49:37+08:00
新北市,New Taipei City,YouBike2.0_鶯歌永利街,鶯歌區,永利街16號(對面),YouBike2.0_Yingge Yongli St.,Yingge Dist,"No. 16, Yongli St. Yingge Dist.",500234017,15,0,20260819T122219,24.95495,121.33911,14,1,0,0,2026-08-19T12:49:37+08:00
新北市,New Taipei City,YouBike2.0_二橋虹橋公園,鶯歌區,中正三路400號(對面),YouBike2.0_Erqiaoshiguanghongqiao Park,Yingge Dist,"No. 400, Zhongzheng 3rd Rd.(Opposite)",500234018,10,5,20260819T120702,24.93453,121.32595,5,1,4,1,2026-08-19T12:49:37+08:00
新北市,New Taipei City,YouBike2.0_鳳吉四鳳七路口(捷士匯社區),鶯歌區,鳳吉四街57-75號(旁),YouBike2.0_Fengji 4th & Feng 7th Rd. Intersection,Yingge Dist,"No. 57-75, Fengji 4th St.",500234021,40,2,20260819T124102,24.97383,121.32769,38,1,2,0,2026-08-19T12:49:37+08:00
新北市,New Taipei City,YouBike2.0_鶯歌老街第二停車場,鶯歌區,尖山埔路27-31號(對面),YouBike2.0_Yingge Old Street 2nd Parking Lot,Yingge Dist,"No. 27-31, Jianshanpu Rd.(Opposite)",500234022,20,10,20260819T122303,24.94895,121.34227,8,1,9,1,2026-08-19T12:49:37+08:00
新北市,New Taipei City,YouBike2.0_建國中正一路口(北鶯社區),鶯歌區,建國路6號(對面空地),YouBike2.0_Jianguo Zhongzheng 1st Rd. Intersection,Yingge Dist,"No. 6, Jianguo Rd.(Opposite)",500234023,20,9,20260819T112902,24.95658,121.35692,11,1,9,0,2026-08-19T12:49:37+08:00
新北市,New Taipei City,YouBike2.0_三鶯水資源回收中心,鶯歌區,館前路360號(旁),YouBike2.0_Sanying Water Recycling Center,Yingge Dist,"No. 360, Guanqian Rd.",500234024,14,11,20260819T114603,24.95535,121.35996,3,1,8,3,2026-08-19T12:49:37+08:00
新北市,New Taipei City,YouBike2.0_永和街65巷口,鶯歌區,永和街75號,"YouBike2.0_Ln. 65, Yonghe St. Intersection",Yingge Dist,"No. 75, Yonghe St.",500234025,37,7,20260819T123602,24.96798,121.3331413,30,1,6,1,2026-08-19T12:49:37+08:00
新北市,New Taipei City,YouBike2.0_鶯歌陶瓷博物館,鶯歌區,文化路200號(旁),YouBike2.0_Yingge Ceramics Museum(Wenhua Rd.),Yingge Dist,"No. 200, Wenhua Rd.",500234026,22,6,20260819T120619,24.95012,121.35245,16,1,6,0,2026-08-19T12:49:37+08:00
新北市,New Taipei City,YouBike2.0_礫間停車場,鶯歌區,礫間停車場,YouBike2.0_Lijian Parking,Yingge Dist,Lijian Parking,500234028,20,1,20260819T085904,24.9518,121.35445,19,1,0,1,2026-08-19T12:49:37+08:00
新北市,New Taipei City,YouBike2.0_北鶯停車場,鶯歌區,北鶯停車場,YouBike2.0_Beiying Parking,Yingge Dist,Beiying Parking,500234029,20,10,20260819T105704,24.95567,121.35992,10,1,10,0,2026-08-19T12:49:37+08:00
新北市,New Taipei City,YouBike2.0_育英建國路口,鶯歌區,建國路280號(旁),YouBike2.0_Yuying Jianguo Rd. Intersection,Yingge Dist,"No. 280, Jianguo Rd.",500234030,12,5,20260819T122802,24.95356,121.34693,6,1,4,1,2026-08-19T12:49:37+08:00
新北市,New Taipei City,YouBike2.0_中正一仁愛路口,鶯歌區,中正一路181號(對面),YouBike2.0_Zhongzheng 1st & Ren'ai Rd Intersection,Yingge Dist,"No. 181, Zhongzheng 1st Rd.(Opposite)",500234031,15,6,20260819T121404,24.95672,121.3532,9,1,3,3,2026-08-19T12:49:37+08:00
新北市,New Taipei City,YouBike2.0_建國國小,鶯歌區,育英街19號(旁),YouBike2.0_Jianguo Elementary School,Yingge Dist,"No. 19, Yuying St.",500234032,15,5,20260819T123805,24.95521,121.34727,10,1,5,0,2026-08-19T12:49:37+08:00
新北市,New Taipei City,YouBike2.0_光明橋,鶯歌區,永明街78號(旁),YouBike2.0_Guang-ming bridge,Yingge Dist,"No. 78, Yongming St., Yingge Dist.(side)",500234033,14,3,20260819T120202,24.95577,121.34128,11,1,2,1,2026-08-19T12:49:37+08:00
新北市,New Taipei City,YouBike2.0_二橋派出所,鶯歌區,高職西街/中正三路口(西北側),YouBike2.0_Erqiao Police Station,Yingge Dist,"Gaozhi W. St. & Zhongzheng 3rd Rd., Yingge Dist. (west side)",500234034,11,4,20260819T111803,24.94216,121.33884,7,1,4,0,2026-08-19T12:49:37+08:00
新北市,New Taipei City,YouBike2.0_國中高職東街口,鶯歌區,國中路113至117-3號(對面),YouBike2.0_Guozhong & Gaozhi E. Intersection,Yingge Dist,"No. 113, Guozhong St., Yingge Dist.(opposite)",500234035,15,2,20260819T095302,24.94117,121.34116,13,1,2,0,2026-08-19T12:49:37+08:00
新北市,New Taipei City,YouBike2.0_尖山路高厝巷口,鶯歌區,尖山路276-5號(旁),YouBike2.0_Gaocuo Ln. Jianshan Rd.,Yingge Dist,"No. 276-5, Jianshan Rd. (Side)",500234036,15,2,20260819T113703,24.94495,121.34102,12,1,0,2,2026-08-19T12:49:37+08:00
新北市,New Taipei City,YouBike2.0_公八停車場,鶯歌區,國華路53號(對面),YouBike2.0_Public 8th Parking Lot,Yingge Dist,"No.53, Guohua Rd. (opposite)",500234037,15,6,20260819T115704,24.95515,121.34285,9,1,5,1,2026-08-19T12:49:37+08:00
新北市,New Taipei City,YouBike2.0_龍三鳳鳴路口,鶯歌區,鳳鳴路541號,YouBike2.0_Long 3rd. Rd. & Fengming Rd. Intersection,Yingge Dist,"No. 541, Fengming Rd.",500234038,18,0,20260819T123518,24.97286,121.33137,18,1,0,0,2026-08-19T12:49:37+08:00
新北市,New Taipei City,YouBike2.0_鳳福鳳三路口,鶯歌區,鳳三路360號,YouBike2.0_Fengfu Rd. & Feng 3rd. Rd. Intersection,Yingge Dist,"No. 360, Feng 3rd Rd.",500234039,22,1,20260819T123602,24.97567,121.33143,21,1,1,0,2026-08-19T12:49:37+08:00
新北市,New Taipei City,YouBike2.0_北鶯公園,鶯歌區,成功街20巷19號(旁),YouBike2.0_Beiying Park,Yingge Dist,"No. 19, Ln. 20, Chenggong St. (Side)",500234040,15,2,20260819T124404,24.95777,121.35942,13,1,1,1,2026-08-19T12:49:37+08:00
新北市,New Taipei City,YouBike2.0_鶯歌火車站(文化路),鶯歌區,文化路/文化路115巷(北側),YouBike2.0_Yingge Station (Wenhua Rd.),Yingge Dist,"Ln. 115, Wenhua Rd. Intersection (North)",500234041,25,11,20260819T121602,24.95536,121.35697,14,1,10,1,2026-08-19T12:49:37+08:00
新北市,New Taipei City,YouBike2.0_鳳七鶯歌路口,鶯歌區,鶯歌路101-107號(旁),YouBike2.0_Feng 7th Rd. & Yingge Rd. Intersection,Yingge Dist,"No. 101-107, Yingge Rd. (Side)",500234042,11,6,20260819T122703,24.96916,121.33193,5,1,5,1,2026-08-19T12:49:37+08:00
新北市,New Taipei City,YouBike2.0_國際一路112巷口,鶯歌區,國際一路167號(前),"YouBike2.0_Ln. 112, GuoJi 1st Rd.",Yingge Dist,"No. 167, GuoJi 1st Rd. (Front)",500234043,15,5,20260819T124302,24.97667,121.33579,10,1,3,2,2026-08-19T12:49:37+08:00
新北市,New Taipei City,YouBike2.0_臺鐵鳳鳴站,鶯歌區,鳳一路/鶯歌路口,YouBike2.0_Fengming Station,Yingge Dist,Feng 1st Rd. & YingGe Rd.,500234044,40,0,20260817T173503,24.97227,121.33674,0,0,0,0,2026-08-19T12:49:37+08:00
新北市,New Taipei City,YouBike2.0_鶯歌陶瓷老街,鶯歌區,重慶街/國慶街(西南側),YouBike2.0_YingGe Old Street,Yingge Dist,ChongQing St. & GuoQing St. (Southwest),500234045,33,10,20260819T121005,24.95219,121.351,23,1,9,1,2026-08-19T12:49:37+08:00
新北市,New Taipei City,YouBike2.0_鶯歌火車站(仁愛路62號),鶯歌區,仁愛路62號(東側),"YouBike2.0_YingGe Station (No. 62, RenAi Rd.)",Yingge Dist,"No. 62, RenAi Rd. (East)",500234046,42,21,20260819T122303,24.95505,121.35407,20,1,17,4,2026-08-19T12:49:37+08:00
新北市,New Taipei City,YouBike2.0_臺鐵鳳鳴站(鶯歌路),鶯歌區,鶯歌路276號(對面),YouBike2.0_Fengming Station (YingGe Rd.),Yingge Dist,"No. 276, YingGe Rd. (Opposite)",500234047,20,5,20260819T124302,24.97189,121.33651,6,1,3,2,2026-08-19T12:49:37+08:00
新北市,New Taipei City,YouBike2.0_光明育智路口,鶯歌區,光明街126號(東南側),YouBike2.0_GuangMing St. & YuZhi Rd. Intersection,Yingge Dist,"No. 126, GuangMing St. (Southeast)",500234048,14,6,20260819T123304,24.95587,121.3456,8,1,6,0,2026-08-19T12:49:37+08:00
新北市,New Taipei City,YouBike2.0_新鳳公園,鶯歌區,鶯桃路二段60號(對側),YouBike2.0_XinFeng Park,Yingge Dist,"No. 60, Sec. 2, YingTao Rd. (Opposite)",500234049,14,0,20260819T124021,24.9732,121.32474,13,1,0,0,2026-08-19T12:49:37+08:00
新北市,New Taipei City,YouBike2.0_鳳鳴機器人公園,鶯歌區,鳳鳴路/福安街7巷24弄口,YouBike2.0_FengMing Robot Park,Yingge Dist,"FengMing Rd. & Aly. 24, Ln. 7, FuAn St.",500234050,17,2,20260819T123204,24.96618,121.33465,15,1,1,1,2026-08-19T12:49:37+08:00
新北市,New Taipei City,YouBike2.0_龍五鳳七路口,鶯歌區,龍五路/鳳七路口,YouBike2.0_Long 5th Rd. & Feng 7th Rd. Intersection,Yingge Dist,Long 5th Rd. & Feng 7th Rd. Intersection,500234051,30,9,20260819T122602,24.97043,121.33101,21,1,9,0,2026-08-19T12:49:37+08:00
新北市,New Taipei City,YouBike2.0_龍鳳夜市,鶯歌區,鳳三路/龍三路(東南側),YouBike2.0_LongFeng Night Market,Yingge Dist,Feng 3rd Rd. & Long 3rd Rd. (Southeast),500234052,30,11,20260819T123402,24.97329,121.33331,19,1,11,0,2026-08-19T12:49:37+08:00
新北市,New Taipei City,YouBike2.0_中湖市民活動中心,鶯歌區,中湖街21號,YouBike2.0_Zhonghu Civic Activity Center,Yingge Dist,"No. 21, ZhongHu St.",500234053,20,2,20260819T103904,24.97298,121.3472,18,1,2,0,2026-08-19T12:49:37+08:00
新北市,New Taipei City,YouBike2.0_鳳一鳳吉一街口,鶯歌區,鳳吉一街259號(旁),YouBike2.0_Feng 1st Rd. & FengJi 1st St. Intersection,Yingge Dist,"No. 259, FengJi 1st St. (Side)",500234054,20,5,20260819T123004,24.97677,121.3317,14,1,5,0,2026-08-19T12:49:37+08:00
新北市,New Taipei City,YouBike2.0_鳳五路122號前,鶯歌區,鳳五路122號前,"YouBike2.0_No. 122, Feng 5th Rd.",Yingge Dist,"No. 122, Feng 5th Rd. (Front)",500234055,18,3,20260819T121504,24.97316,121.32991,14,1,2,1,2026-08-19T12:49:37+08:00
新北市,New Taipei City,YouBike2.0_建國永昌街口,鶯歌區,建國路546號(對面),YouBike2.0_JianGuo Rd. & YongChang St. Intersection,Yingge Dist,"No. 546, JianGuo Rd. (Opposite)",500234056,17,4,20260819T121602,24.95031,121.33831,13,1,4,0,2026-08-19T12:49:37+08:00
新北市,New Taipei City,YouBike2.0_捷運鶯歌車站,鶯歌區,館前路300號(對側),YouBike2.0_MRT Yingge Sta.,Yingge Dist,"No. 300, GuanQian Rd. (Opposite)",500234057,34,15,20260819T124103,24.95322,121.35668,19,1,12,3,2026-08-19T12:49:37+08:00
新北市,New Taipei City,YouBike2.0_鳳三龍七路口,鶯歌區,鳳三路68號,YouBike2.0_Feng 3rd Rd. & Long 7th Rd. Intersection,Yingge Dist,"No. 68, Feng 3rd Rd.",500234058,18,4,20260819T124004,24.97204,121.33467,14,1,3,1,2026-08-19T12:49:37+08:00
新北市,New Taipei City,YouBike2.0_捷運國華站,鶯歌區,國華路45號(對側),YouBike2.0_MRT Guohua Sta.,Yingge Dist,"No. 45, GuoHua Rd. (Opposite)",500234059,24,7,20260819T123103,24.95535,121.34251,17,1,7,0,2026-08-19T12:49:37+08:00
新北市,New Taipei City,YouBike2.0_捷運陶瓷老街站,鶯歌區,捷運陶瓷老街站(重慶街側),YouBike2.0_MRT Ceramics Old Street Sta.,Yingge Dist,MRT Ceramics Old Street Sta. (ChongQing St.),500234060,36,19,20260819T120904,24.95212,121.35065,17,1,19,0,2026-08-19T12:49:37+08:00
新北市,New Taipei City,YouBike2.0_捷運永吉公園站,鶯歌區,鶯桃路296巷口,YouBike2.0_MRT Yongji Park Sta.,Yingge Dist,"Ln. 296, YingTao Rd. Intersection",500234061,47,9,20260819T123004,24.96048,121.33476,38,1,8,1,2026-08-19T12:49:37+08:00
新北市,New Taipei City,YouBike2.0_捷運鶯桃福德站,鶯歌區,福德一路20號(對側),YouBike2.0_MRT Yingtao Fude Sta.,Yingge Dist,"No. 20, FuDe 1st Rd. (Opposite)",500234062,75,20,20260819T123304,24.96704,121.33044,54,1,20,0,2026-08-19T12:49:37+08:00
新北市,New Taipei City,YouBike2.0_捷運國華站(2號出口),鶯歌區,國華路97號(對側),YouBike2.0_MRT Guohua Sta.(Exit 2),Yingge Dist,"No. 97, GuoHua Rd. (Opposite)",500234063,60,18,20260819T123304,24.95374,121.34301,42,1,17,1,2026-08-19T12:49:37+08:00
新北市,New Taipei City,YouBike2.0_鶯歌山水步道停車場,鶯歌區,觀景涼亭停車場,YouBike2.0_YingGe Riverside Trail Car Park,Yingge Dist,YingGe Riverside Trail Car Park,500234064,24,6,20260819T103904,24.93205,121.32825,18,1,5,1,2026-08-19T12:49:37+08:00
新北市,New Taipei City,YouBike2.0_鶯歌環河自行車道,鶯歌區,環河路/甲三街(南側自行車道),YouBike2.0_YingGe Riverside Cycling Route,Yingge Dist,Huanhe Rd. & Jia 3rd St. (South),500234065,20,12,20260819T101603,24.92967,121.33837,8,1,12,0,2026-08-19T12:49:37+08:00
新北市,New Taipei City,YouBike2.0_鶯歌火車站(仁愛路),鶯歌區,仁愛路55號對側,YouBike2.0_Yingge Railway Station(Ren’ai Rd.),Yingge Dist,"No.55, Ren’ai Rd., Yingge Dist.(opposite)",500234001,69,29,20260819T131603,24.95559,121.35441,38,1,29,0,2026-08-19T13:21:12+08:00
新北市,New Taipei City,YouBike2.0_新北市立圖書館鶯歌分館,鶯歌區,中山路150號,YouBike2.0_New Taipei City Library Yingge Branch,Yingge Dist,"No.150, Zhongshan Rd.",500234002,20,4,20260819T131902,24.9572,121.34946,15,1,3,1,2026-08-19T13:21:12+08:00
新北市,New Taipei City,YouBike2.0_文化館前路口,鶯歌區,文化路407號旁,YouBike2.0_Yingge Ceramics Museum,Yingge Dist,"No. 407, Wenhua Rd.",500234003,44,15,20260819T131005,24.94948,121.35291,29,1,15,0,2026-08-19T13:21:12+08:00
新北市,New Taipei City,YouBike2.0_鶯歌國民運動中心,鶯歌區,館前路250號運動中心前,YouBike2.0_Yingge Civil Sports Center,Yingge Dist,"No.250, Guanqian Rd., Yingge Dist.",500234004,38,21,20260819T124404,24.95139,121.35733,17,1,17,4,2026-08-19T13:21:12+08:00
新北市,New Taipei City,YouBike2.0_尖山國中,鶯歌區,國中街1號,YouBike2.0_Municipal Jianshan Junior High School,Yingge Dist,"No.1, Guozhong St., Yingge Dist(sidewalk)",500234005,20,1,20260819T125903,24.94381,121.34207,19,1,1,0,2026-08-19T13:21:12+08:00
新北市,New Taipei City,YouBike2.0_新北市立鶯歌高級工商職業學校,鶯歌區,中正三路154號,YouBike2.0_New Taipei Municipal Yingge Vocational High School,Yingge Dist,"No. 154, Zhongzheng 3rd. Rd",500234006,56,21,20260819T125804,24.93923,121.33488,35,1,19,2,2026-08-19T13:21:12+08:00
新北市,New Taipei City,YouBike2.0_鶯歌國中,鶯歌區,鶯桃路39-5號對側,YouBike2.0_Yingge Junior High chool,Yingge Dist,"No.39-5, Yingtao Rd.(opposite)",500234007,30,20,20260819T130703,24.95119,121.34256,9,1,16,4,2026-08-19T13:21:12+08:00
新北市,New Taipei City,YouBike2.0_永吉國小,鶯歌區,德昌二街39號對側,YouBike2.0_Yongchi elementary school,Yingge Dist,"No.39, Dechang 2nd St., Yingge Dist.",500234008,20,6,20260819T124004,24.95865,121.33308,14,1,5,1,2026-08-19T13:21:12+08:00
新北市,New Taipei City,YouBike2.0_鳳祥公園,鶯歌區,鶯桃路365巷130號對側,YouBike2.0_Fengxiang Park,Yingge Dist,"No.130, Ln. 365, Yingtao Rd., Yingge Dist.",500234009,20,8,20260819T130703,24.96283,121.33025,11,1,4,4,2026-08-19T13:21:12+08:00
新北市,New Taipei City,YouBike2.0_鳳鳴國小,鶯歌區,永和街120號,YouBike2.0_Fengming Elementary School,Yingge Dist,"No.120, Yonghe St., Yingge Dist.",500234010,20,5,20260819T122003,24.9692,121.3347,14,1,5,0,2026-08-19T13:21:12+08:00
新北市,New Taipei City,YouBike2.0_國際二國際一路口,鶯歌區,國際二路與國際一路口,YouBike2.0_Guoji 2nd Guoji 1st Intersection,Yingge Dist,"Guoji 2nd Rd./Guoji 1st Rd., Yingge Dist.",500234011,20,2,20260819T125704,24.97577,121.3353,18,1,2,0,2026-08-19T13:21:12+08:00
新北市,New Taipei City,YouBike2.0_鳳福公園,鶯歌區,鳳吉一街186號(對面),YouBike2.0_Fengfu Park,Yingge Dist,"No. 186, Fengji 1st St., Yingge Dist.(opposite)",500234012,20,0,20260819T122815,24.97572,121.32938,20,1,0,0,2026-08-19T13:21:12+08:00
新北市,New Taipei City,YouBike2.0_尖山公園,鶯歌區,鶯歌區尖山路161號對面,YouBike2.0_Jianshan Park,Yingge Dist,"No.161, Jianshan Rd.(opposite)",500234013,29,10,20260819T130503,24.9482,121.346,19,1,9,1,2026-08-19T13:21:12+08:00
新北市,New Taipei City,YouBike2.0_永昌里兒一公園,鶯歌區,鶯桃路182巷96弄36-38號對側,YouBike2.0_Yongchang Village Children Park (No.1),Yingge Dist,"No.36-38, Aly. 96, Ln. 182, Yingtao Rd.(oppsite)",500234014,20,5,20260819T104603,24.956649374562204,121.33959628800724,14,1,4,1,2026-08-19T13:21:12+08:00
新北市,New Taipei City,YouBike2.0_南雅育智路口,鶯歌區,南雅路491號(對面),YouBike2.0_Nanya & Yuzhi Rd. Intersection,Yingge Dist,"No.491, Nanya Rd., Yingge Dist.(opposite)",500234015,22,4,20260819T131704,24.954,121.346,18,1,3,1,2026-08-19T13:21:12+08:00
新北市,New Taipei City,YouBike2.0_國中二甲路口,鶯歌區,國中街175號(前),YouBike2.0_Guozhong & Erjia Intersection,Yingge Dist,"No. 175, Guozhong St., Yingge Dist.",500234016,20,10,20260819T125004,24.939489067109363,121.33868650698288,10,1,9,1,2026-08-19T13:21:12+08:00
新北市,New Taipei City,YouBike2.0_鶯歌永利街,鶯歌區,永利街16號(對面),YouBike2.0_Yingge Yongli St.,Yingge Dist,"No. 16, Yongli St. Yingge Dist.",500234017,15,0,20260819T122219,24.95495,121.33911,14,1,0,0,2026-08-19T13:21:12+08:00
新北市,New Taipei City,YouBike2.0_二橋虹橋公園,鶯歌區,中正三路400號(對面),YouBike2.0_Erqiaoshiguanghongqiao Park,Yingge Dist,"No. 400, Zhongzheng 3rd Rd.(Opposite)",500234018,10,7,20260819T131103,24.93453,121.32595,3,1,6,1,2026-08-19T13:21:12+08:00
新北市,New Taipei City,YouBike2.0_鳳吉四鳳七路口(捷士匯社區),鶯歌區,鳳吉四街57-75號(旁),YouBike2.0_Fengji 4th & Feng 7th Rd. Intersection,Yingge Dist,"No. 57-75, Fengji 4th St.",500234021,40,2,20260819T124102,24.97383,121.32769,38,1,2,0,2026-08-19T13:21:12+08:00
新北市,New Taipei City,YouBike2.0_鶯歌老街第二停車場,鶯歌區,尖山埔路27-31號(對面),YouBike2.0_Yingge Old Street 2nd Parking Lot,Yingge Dist,"No. 27-31, Jianshanpu Rd.(Opposite)",500234022,20,9,20260819T131504,24.94895,121.34227,9,1,8,1,2026-08-19T13:21:12+08:00
新北市,New Taipei City,YouBike2.0_建國中正一路口(北鶯社區),鶯歌區,建國路6號(對面空地),YouBike2.0_Jianguo Zhongzheng 1st Rd. Intersection,Yingge Dist,"No. 6, Jianguo Rd.(Opposite)",500234023,20,9,20260819T112902,24.95658,121.35692,11,1,9,0,2026-08-19T13:21:12+08:00
新北市,New Taipei City,YouBike2.0_三鶯水資源回收中心,鶯歌區,館前路360號(旁),YouBike2.0_Sanying Water Recycling Center,Yingge Dist,"No. 360, Guanqian Rd.",500234024,14,11,20260819T114603,24.95535,121.35996,3,1,8,3,2026-08-19T13:21:12+08:00
新北市,New Taipei City,YouBike2.0_永和街65巷口,鶯歌區,永和街75號,"YouBike2.0_Ln. 65, Yonghe St. Intersection",Yingge Dist,"No. 75, Yonghe St.",500234025,37,7,20260819T131704,24.96798,121.3331413,30,1,6,1,2026-08-19T13:21:12+08:00
新北市,New Taipei City,YouBike2.0_鶯歌陶瓷博物館,鶯歌區,文化路200號(旁),YouBike2.0_Yingge Ceramics Museum(Wenhua Rd.),Yingge Dist,"No. 200, Wenhua Rd.",500234026,22,5,20260819T130703,24.95012,121.35245,17,1,5,0,2026-08-19T13:21:12+08:00
新北市,New Taipei City,YouBike2.0_礫間停車場,鶯歌區,礫間停車場,YouBike2.0_Lijian Parking,Yingge Dist,Lijian Parking,500234028,20,1,20260819T085904,24.9518,121.35445,19,1,0,1,2026-08-19T13:21:12+08:00
新北市,New Taipei City,YouBike2.0_北鶯停車場,鶯歌區,北鶯停車場,YouBike2.0_Beiying Parking,Yingge Dist,Beiying Parking,500234029,20,10,20260819T130204,24.95567,121.35992,10,1,10,0,2026-08-19T13:21:12+08:00
新北市,New Taipei City,YouBike2.0_育英建國路口,鶯歌區,建國路280號(旁),YouBike2.0_Yuying Jianguo Rd. Intersection,Yingge Dist,"No. 280, Jianguo Rd.",500234030,12,5,20260819T131903,24.95356,121.34693,6,1,4,1,2026-08-19T13:21:12+08:00
新北市,New Taipei City,YouBike2.0_中正一仁愛路口,鶯歌區,中正一路181號(對面),YouBike2.0_Zhongzheng 1st & Ren'ai Rd Intersection,Yingge Dist,"No. 181, Zhongzheng 1st Rd.(Opposite)",500234031,15,6,20260819T121404,24.95672,121.3532,9,1,3,3,2026-08-19T13:21:12+08:00
新北市,New Taipei City,YouBike2.0_建國國小,鶯歌區,育英街19號(旁),YouBike2.0_Jianguo Elementary School,Yingge Dist,"No. 19, Yuying St.",500234032,15,3,20260819T125502,24.95521,121.34727,12,1,3,0,2026-08-19T13:21:12+08:00
新北市,New Taipei City,YouBike2.0_光明橋,鶯歌區,永明街78號(旁),YouBike2.0_Guang-ming bridge,Yingge Dist,"No. 78, Yongming St., Yingge Dist.(side)",500234033,14,2,20260819T131903,24.95577,121.34128,12,1,2,0,2026-08-19T13:21:12+08:00
新北市,New Taipei City,YouBike2.0_二橋派出所,鶯歌區,高職西街/中正三路口(西北側),YouBike2.0_Erqiao Police Station,Yingge Dist,"Gaozhi W. St. & Zhongzheng 3rd Rd., Yingge Dist. (west side)",500234034,11,4,20260819T111803,24.94216,121.33884,7,1,4,0,2026-08-19T13:21:12+08:00
新北市,New Taipei City,YouBike2.0_國中高職東街口,鶯歌區,國中路113至117-3號(對面),YouBike2.0_Guozhong & Gaozhi E. Intersection,Yingge Dist,"No. 113, Guozhong St., Yingge Dist.(opposite)",500234035,15,3,20260819T130303,24.94117,121.34116,12,1,3,0,2026-08-19T13:21:12+08:00
新北市,New Taipei City,YouBike2.0_尖山路高厝巷口,鶯歌區,尖山路276-5號(旁),YouBike2.0_Gaocuo Ln. Jianshan Rd.,Yingge Dist,"No. 276-5, Jianshan Rd. (Side)",500234036,15,3,20260819T131504,24.94495,121.34102,11,1,1,2,2026-08-19T13:21:12+08:00
新北市,New Taipei City,YouBike2.0_公八停車場,鶯歌區,國華路53號(對面),YouBike2.0_Public 8th Parking Lot,Yingge Dist,"No.53, Guohua Rd. (opposite)",500234037,15,8,20260819T125402,24.95515,121.34285,7,1,7,1,2026-08-19T13:21:12+08:00
新北市,New Taipei City,YouBike2.0_龍三鳳鳴路口,鶯歌區,鳳鳴路541號,YouBike2.0_Long 3rd. Rd. & Fengming Rd. Intersection,Yingge Dist,"No. 541, Fengming Rd.",500234038,18,0,20260819T123518,24.97286,121.33137,18,1,0,0,2026-08-19T13:21:12+08:00
新北市,New Taipei City,YouBike2.0_鳳福鳳三路口,鶯歌區,鳳三路360號,YouBike2.0_Fengfu Rd. & Feng 3rd. Rd. Intersection,Yingge Dist,"No. 360, Feng 3rd Rd.",500234039,22,0,20260819T125019,24.97567,121.33143,22,1,0,0,2026-08-19T13:21:12+08:00
新北市,New Taipei City,YouBike2.0_北鶯公園,鶯歌區,成功街20巷19號(旁),YouBike2.0_Beiying Park,Yingge Dist,"No. 19, Ln. 20, Chenggong St. (Side)",500234040,15,2,20260819T131005,24.95777,121.35942,13,1,1,1,2026-08-19T13:21:12+08:00
新北市,New Taipei City,YouBike2.0_鶯歌火車站(文化路),鶯歌區,文化路/文化路115巷(北側),YouBike2.0_Yingge Station (Wenhua Rd.),Yingge Dist,"Ln. 115, Wenhua Rd. Intersection (North)",500234041,25,11,20260819T121602,24.95536,121.35697,14,1,10,1,2026-08-19T13:21:12+08:00
新北市,New Taipei City,YouBike2.0_鳳七鶯歌路口,鶯歌區,鶯歌路101-107號(旁),YouBike2.0_Feng 7th Rd. & Yingge Rd. Intersection,Yingge Dist,"No. 101-107, Yingge Rd. (Side)",500234042,11,6,20260819T122703,24.96916,121.33193,5,1,5,1,2026-08-19T13:21:12+08:00
新北市,New Taipei City,YouBike2.0_國際一路112巷口,鶯歌區,國際一路167號(前),"YouBike2.0_Ln. 112, GuoJi 1st Rd.",Yingge Dist,"No. 167, GuoJi 1st Rd. (Front)",500234043,15,5,20260819T124302,24.97667,121.33579,10,1,3,2,2026-08-19T13:21:12+08:00
新北市,New Taipei City,YouBike2.0_臺鐵鳳鳴站,鶯歌區,鳳一路/鶯歌路口,YouBike2.0_Fengming Station,Yingge Dist,Feng 1st Rd. & YingGe Rd.,500234044,40,0,20260817T173503,24.97227,121.33674,0,0,0,0,2026-08-19T13:21:12+08:00
新北市,New Taipei City,YouBike2.0_鶯歌陶瓷老街,鶯歌區,重慶街/國慶街(西南側),YouBike2.0_YingGe Old Street,Yingge Dist,ChongQing St. & GuoQing St. (Southwest),500234045,33,11,20260819T125004,24.95219,121.351,22,1,10,1,2026-08-19T13:21:12+08:00
新北市,New Taipei City,YouBike2.0_鶯歌火車站(仁愛路62號),鶯歌區,仁愛路62號(東側),"YouBike2.0_YingGe Station (No. 62, RenAi Rd.)",Yingge Dist,"No. 62, RenAi Rd. (East)",500234046,42,22,20260819T131005,24.95505,121.35407,19,1,18,4,2026-08-19T13:21:12+08:00
新北市,New Taipei City,YouBike2.0_臺鐵鳳鳴站(鶯歌路),鶯歌區,鶯歌路276號(對面),YouBike2.0_Fengming Station (YingGe Rd.),Yingge Dist,"No. 276, YingGe Rd. (Opposite)",500234047,20,4,20260819T131903,24.97189,121.33651,7,1,3,1,2026-08-19T13:21:12+08:00
新北市,New Taipei City,YouBike2.0_光明育智路口,鶯歌區,光明街126號(東南側),YouBike2.0_GuangMing St. & YuZhi Rd. Intersection,Yingge Dist,"No. 126, GuangMing St. (Southeast)",500234048,14,4,20260819T131903,24.95587,121.3456,10,1,4,0,2026-08-19T13:21:12+08:00
新北市,New Taipei City,YouBike2.0_新鳳公園,鶯歌區,鶯桃路二段60號(對側),YouBike2.0_XinFeng Park,Yingge Dist,"No. 60, Sec. 2, YingTao Rd. (Opposite)",500234049,14,1,20260819T131704,24.9732,121.32474,12,1,1,0,2026-08-19T13:21:12+08:00
新北市,New Taipei City,YouBike2.0_鳳鳴機器人公園,鶯歌區,鳳鳴路/福安街7巷24弄口,YouBike2.0_FengMing Robot Park,Yingge Dist,"FengMing Rd. & Aly. 24, Ln. 7, FuAn St.",500234050,17,3,20260819T130004,24.96618,121.33465,14,1,2,1,2026-08-19T13:21:12+08:00
新北市,New Taipei City,YouBike2.0_龍五鳳七路口,鶯歌區,龍五路/鳳七路口,YouBike2.0_Long 5th Rd. & Feng 7th Rd. Intersection,Yingge Dist,Long 5th Rd. & Feng 7th Rd. Intersection,500234051,30,6,20260819T130902,24.97043,121.33101,24,1,6,0,2026-08-19T13:21:12+08:00
新北市,New Taipei City,YouBike2.0_龍鳳夜市,鶯歌區,鳳三路/龍三路(東南側),YouBike2.0_LongFeng Night Market,Yingge Dist,Feng 3rd Rd. & Long 3rd Rd. (Southeast),500234052,30,10,20260819T130603,24.97329,121.33331,20,1,10,0,2026-08-19T13:21:12+08:00
新北市,New Taipei City,YouBike2.0_中湖市民活動中心,鶯歌區,中湖街21號,YouBike2.0_Zhonghu Civic Activity Center,Yingge Dist,"No. 21, ZhongHu St.",500234053,20,2,20260819T103904,24.97298,121.3472,18,1,2,0,2026-08-19T13:21:12+08:00
新北市,New Taipei City,YouBike2.0_鳳一鳳吉一街口,鶯歌區,鳳吉一街259號(旁),YouBike2.0_Feng 1st Rd. & FengJi 1st St. Intersection,Yingge Dist,"No. 259, FengJi 1st St. (Side)",500234054,20,4,20260819T130204,24.97677,121.3317,15,1,4,0,2026-08-19T13:21:12+08:00
新北市,New Taipei City,YouBike2.0_鳳五路122號前,鶯歌區,鳳五路122號前,"YouBike2.0_No. 122, Feng 5th Rd.",Yingge Dist,"No. 122, Feng 5th Rd. (Front)",500234055,18,3,20260819T121504,24.97316,121.32991,14,1,2,1,2026-08-19T13:21:12+08:00
新北市,New Taipei City,YouBike2.0_建國永昌街口,鶯歌區,建國路546號(對面),YouBike2.0_JianGuo Rd. & YongChang St. Intersection,Yingge Dist,"No. 546, JianGuo Rd. (Opposite)",500234056,17,3,20260819T130103,24.95031,121.33831,14,1,3,0,2026-08-19T13:21:12+08:00
新北市,New Taipei City,YouBike2.0_捷運鶯歌車站,鶯歌區,館前路300號(對側),YouBike2.0_MRT Yingge Sta.,Yingge Dist,"No. 300, GuanQian Rd. (Opposite)",500234057,34,15,20260819T124103,24.95322,121.35668,19,1,12,3,2026-08-19T13:21:12+08:00
新北市,New Taipei City,YouBike2.0_鳳三龍七路口,鶯歌區,鳳三路68號,YouBike2.0_Feng 3rd Rd. & Long 7th Rd. Intersection,Yingge Dist,"No. 68, Feng 3rd Rd.",500234058,18,5,20260819T130503,24.97204,121.33467,13,1,4,1,2026-08-19T13:21:12+08:00
新北市,New Taipei City,YouBike2.0_捷運國華站,鶯歌區,國華路45號(對側),YouBike2.0_MRT Guohua Sta.,Yingge Dist,"No. 45, GuoHua Rd. (Opposite)",500234059,24,6,20260819T124703,24.95535,121.34251,18,1,6,0,2026-08-19T13:21:12+08:00
新北市,New Taipei City,YouBike2.0_捷運陶瓷老街站,鶯歌區,捷運陶瓷老街站(重慶街側),YouBike2.0_MRT Ceramics Old Street Sta.,Yingge Dist,MRT Ceramics Old Street Sta. (ChongQing St.),500234060,36,19,20260819T131603,24.95212,121.35065,17,1,19,0,2026-08-19T13:21:12+08:00
新北市,New Taipei City,YouBike2.0_捷運永吉公園站,鶯歌區,鶯桃路296巷口,YouBike2.0_MRT Yongji Park Sta.,Yingge Dist,"Ln. 296, YingTao Rd. Intersection",500234061,47,9,20260819T123004,24.96048,121.33476,38,1,8,1,2026-08-19T13:21:12+08:00
新北市,New Taipei City,YouBike2.0_捷運鶯桃福德站,鶯歌區,福德一路20號(對側),YouBike2.0_MRT Yingtao Fude Sta.,Yingge Dist,"No. 20, FuDe 1st Rd. (Opposite)",500234062,75,20,20260819T131402,24.96704,121.33044,54,1,20,0,2026-08-19T13:21:12+08:00
新北市,New Taipei City,YouBike2.0_捷運國華站(2號出口),鶯歌區,國華路97號(對側),YouBike2.0_MRT Guohua Sta.(Exit 2),Yingge Dist,"No. 97, GuoHua Rd. (Opposite)",500234063,60,17,20260819T125004,24.95374,121.34301,43,1,17,0,2026-08-19T13:21:12+08:00
新北市,New Taipei City,YouBike2.0_鶯歌山水步道停車場,鶯歌區,觀景涼亭停車場,YouBike2.0_YingGe Riverside Trail Car Park,Yingge Dist,YingGe Riverside Trail Car Park,500234064,24,6,20260819T103904,24.93205,121.32825,18,1,5,1,2026-08-19T13:21:12+08:00
新北市,New Taipei City,YouBike2.0_鶯歌環河自行車道,鶯歌區,環河路/甲三街(南側自行車道),YouBike2.0_YingGe Riverside Cycling Route,Yingge Dist,Huanhe Rd. & Jia 3rd St. (South),500234065,20,12,20260819T101603,24.92967,121.33837,8,1,12,0,2026-08-19T13:21:12+08:00
新北市,New Taipei City,YouBike2.0_鶯歌火車站(仁愛路),鶯歌區,仁愛路55號對側,YouBike2.0_Yingge Railway Station(Ren’ai Rd.),Yingge Dist,"No.55, Ren’ai Rd., Yingge Dist.(opposite)",500234001,69,24,20260819T134802,24.95559,121.35441,43,1,24,0,2026-08-19T13:53:16+08:00
新北市,New Taipei City,YouBike2.0_新北市立圖書館鶯歌分館,鶯歌區,中山路150號,YouBike2.0_New Taipei City Library Yingge Branch,Yingge Dist,"No.150, Zhongshan Rd.",500234002,20,3,20260819T134005,24.9572,121.34946,16,1,2,1,2026-08-19T13:53:16+08:00
新北市,New Taipei City,YouBike2.0_文化館前路口,鶯歌區,文化路407號旁,YouBike2.0_Yingge Ceramics Museum,Yingge Dist,"No. 407, Wenhua Rd.",500234003,44,15,20260819T134104,24.94948,121.35291,29,1,15,0,2026-08-19T13:53:16+08:00
新北市,New Taipei City,YouBike2.0_鶯歌國民運動中心,鶯歌區,館前路250號運動中心前,YouBike2.0_Yingge Civil Sports Center,Yingge Dist,"No.250, Guanqian Rd., Yingge Dist.",500234004,38,18,20260819T134304,24.95139,121.35733,20,1,15,3,2026-08-19T13:53:16+08:00
新北市,New Taipei City,YouBike2.0_尖山國中,鶯歌區,國中街1號,YouBike2.0_Municipal Jianshan Junior High School,Yingge Dist,"No.1, Guozhong St., Yingge Dist(sidewalk)",500234005,20,2,20260819T134502,24.94381,121.34207,18,1,2,0,2026-08-19T13:53:16+08:00
新北市,New Taipei City,YouBike2.0_新北市立鶯歌高級工商職業學校,鶯歌區,中正三路154號,YouBike2.0_New Taipei Municipal Yingge Vocational High School,Yingge Dist,"No. 154, Zhongzheng 3rd. Rd",500234006,56,21,20260819T125804,24.93923,121.33488,35,1,19,2,2026-08-19T13:53:16+08:00
新北市,New Taipei City,YouBike2.0_鶯歌國中,鶯歌區,鶯桃路39-5號對側,YouBike2.0_Yingge Junior High chool,Yingge Dist,"No.39-5, Yingtao Rd.(opposite)",500234007,30,24,20260819T132703,24.95119,121.34256,5,1,20,4,2026-08-19T13:53:16+08:00
新北市,New Taipei City,YouBike2.0_永吉國小,鶯歌區,德昌二街39號對側,YouBike2.0_Yongchi elementary school,Yingge Dist,"No.39, Dechang 2nd St., Yingge Dist.",500234008,20,5,20260819T133402,24.95865,121.33308,15,1,5,0,2026-08-19T13:53:16+08:00
新北市,New Taipei City,YouBike2.0_鳳祥公園,鶯歌區,鶯桃路365巷130號對側,YouBike2.0_Fengxiang Park,Yingge Dist,"No.130, Ln. 365, Yingtao Rd., Yingge Dist.",500234009,20,8,20260819T130703,24.96283,121.33025,11,1,4,4,2026-08-19T13:53:16+08:00
新北市,New Taipei City,YouBike2.0_鳳鳴國小,鶯歌區,永和街120號,YouBike2.0_Fengming Elementary School,Yingge Dist,"No.120, Yonghe St., Yingge Dist.",500234010,20,8,20260819T134502,24.9692,121.3347,11,1,7,1,2026-08-19T13:53:16+08:00
新北市,New Taipei City,YouBike2.0_國際二國際一路口,鶯歌區,國際二路與國際一路口,YouBike2.0_Guoji 2nd Guoji 1st Intersection,Yingge Dist,"Guoji 2nd Rd./Guoji 1st Rd., Yingge Dist.",500234011,20,2,20260819T125704,24.97577,121.3353,18,1,2,0,2026-08-19T13:53:16+08:00
新北市,New Taipei City,YouBike2.0_鳳福公園,鶯歌區,鳳吉一街186號(對面),YouBike2.0_Fengfu Park,Yingge Dist,"No. 186, Fengji 1st St., Yingge Dist.(opposite)",500234012,20,1,20260819T133132,24.97572,121.32938,19,1,1,0,2026-08-19T13:53:16+08:00
新北市,New Taipei City,YouBike2.0_尖山公園,鶯歌區,鶯歌區尖山路161號對面,YouBike2.0_Jianshan Park,Yingge Dist,"No.161, Jianshan Rd.(opposite)",500234013,29,9,20260819T134502,24.9482,121.346,20,1,9,0,2026-08-19T13:53:16+08:00
新北市,New Taipei City,YouBike2.0_永昌里兒一公園,鶯歌區,鶯桃路182巷96弄36-38號對側,YouBike2.0_Yongchang Village Children Park (No.1),Yingge Dist,"No.36-38, Aly. 96, Ln. 182, Yingtao Rd.(oppsite)",500234014,20,5,20260819T134502,24.956649374562204,121.33959628800724,14,1,3,2,2026-08-19T13:53:16+08:00
新北市,New Taipei City,YouBike2.0_南雅育智路口,鶯歌區,南雅路491號(對面),YouBike2.0_Nanya & Yuzhi Rd. Intersection,Yingge Dist,"No.491, Nanya Rd., Yingge Dist.(opposite)",500234015,22,5,20260819T134802,24.954,121.346,17,1,4,1,2026-08-19T13:53:16+08:00
新北市,New Taipei City,YouBike2.0_國中二甲路口,鶯歌區,國中街175號(前),YouBike2.0_Guozhong & Erjia Intersection,Yingge Dist,"No. 175, Guozhong St., Yingge Dist.",500234016,20,9,20260819T134202,24.939489067109363,121.33868650698288,11,1,8,1,2026-08-19T13:53:16+08:00
新北市,New Taipei City,YouBike2.0_鶯歌永利街,鶯歌區,永利街16號(對面),YouBike2.0_Yingge Yongli St.,Yingge Dist,"No. 16, Yongli St. Yingge Dist.",500234017,15,0,20260819T122219,24.95495,121.33911,14,1,0,0,2026-08-19T13:53:16+08:00
新北市,New Taipei City,YouBike2.0_二橋虹橋公園,鶯歌區,中正三路400號(對面),YouBike2.0_Erqiaoshiguanghongqiao Park,Yingge Dist,"No. 400, Zhongzheng 3rd Rd.(Opposite)",500234018,10,7,20260819T131103,24.93453,121.32595,3,1,6,1,2026-08-19T13:53:16+08:00
新北市,New Taipei City,YouBike2.0_鳳吉四鳳七路口(捷士匯社區),鶯歌區,鳳吉四街57-75號(旁),YouBike2.0_Fengji 4th & Feng 7th Rd. Intersection,Yingge Dist,"No. 57-75, Fengji 4th St.",500234021,40,2,20260819T124102,24.97383,121.32769,38,1,2,0,2026-08-19T13:53:16+08:00
新北市,New Taipei City,YouBike2.0_鶯歌老街第二停車場,鶯歌區,尖山埔路27-31號(對面),YouBike2.0_Yingge Old Street 2nd Parking Lot,Yingge Dist,"No. 27-31, Jianshanpu Rd.(Opposite)",500234022,20,9,20260819T131504,24.94895,121.34227,9,1,8,1,2026-08-19T13:53:16+08:00
新北市,New Taipei City,YouBike2.0_建國中正一路口(北鶯社區),鶯歌區,建國路6號(對面空地),YouBike2.0_Jianguo Zhongzheng 1st Rd. Intersection,Yingge Dist,"No. 6, Jianguo Rd.(Opposite)",500234023,20,9,20260819T112902,24.95658,121.35692,11,1,9,0,2026-08-19T13:53:16+08:00
新北市,New Taipei City,YouBike2.0_三鶯水資源回收中心,鶯歌區,館前路360號(旁),YouBike2.0_Sanying Water Recycling Center,Yingge Dist,"No. 360, Guanqian Rd.",500234024,14,11,20260819T114603,24.95535,121.35996,3,1,8,3,2026-08-19T13:53:16+08:00
新北市,New Taipei City,YouBike2.0_永和街65巷口,鶯歌區,永和街75號,"YouBike2.0_Ln. 65, Yonghe St. Intersection",Yingge Dist,"No. 75, Yonghe St.",500234025,37,9,20260819T134403,24.96798,121.3331413,28,1,7,2,2026-08-19T13:53:16+08:00
新北市,New Taipei City,YouBike2.0_鶯歌陶瓷博物館,鶯歌區,文化路200號(旁),YouBike2.0_Yingge Ceramics Museum(Wenhua Rd.),Yingge Dist,"No. 200, Wenhua Rd.",500234026,22,3,20260819T134403,24.95012,121.35245,19,1,3,0,2026-08-19T13:53:16+08:00
新北市,New Taipei City,YouBike2.0_礫間停車場,鶯歌區,礫間停車場,YouBike2.0_Lijian Parking,Yingge Dist,Lijian Parking,500234028,20,1,20260819T085904,24.9518,121.35445,19,1,0,1,2026-08-19T13:53:16+08:00
新北市,New Taipei City,YouBike2.0_北鶯停車場,鶯歌區,北鶯停車場,YouBike2.0_Beiying Parking,Yingge Dist,Beiying Parking,500234029,20,10,20260819T130204,24.95567,121.35992,10,1,10,0,2026-08-19T13:53:16+08:00
新北市,New Taipei City,YouBike2.0_育英建國路口,鶯歌區,建國路280號(旁),YouBike2.0_Yuying Jianguo Rd. Intersection,Yingge Dist,"No. 280, Jianguo Rd.",500234030,12,7,20260819T134902,24.95356,121.34693,4,1,6,1,2026-08-19T13:53:16+08:00
新北市,New Taipei City,YouBike2.0_中正一仁愛路口,鶯歌區,中正一路181號(對面),YouBike2.0_Zhongzheng 1st & Ren'ai Rd Intersection,Yingge Dist,"No. 181, Zhongzheng 1st Rd.(Opposite)",500234031,15,6,20260819T121404,24.95672,121.3532,9,1,3,3,2026-08-19T13:53:16+08:00
新北市,New Taipei City,YouBike2.0_建國國小,鶯歌區,育英街19號(旁),YouBike2.0_Jianguo Elementary School,Yingge Dist,"No. 19, Yuying St.",500234032,15,6,20260819T134202,24.95521,121.34727,9,1,6,0,2026-08-19T13:53:16+08:00
新北市,New Taipei City,YouBike2.0_光明橋,鶯歌區,永明街78號(旁),YouBike2.0_Guang-ming bridge,Yingge Dist,"No. 78, Yongming St., Yingge Dist.(side)",500234033,14,1,20260819T132103,24.95577,121.34128,13,1,1,0,2026-08-19T13:53:16+08:00
新北市,New Taipei City,YouBike2.0_二橋派出所,鶯歌區,高職西街/中正三路口(西北側),YouBike2.0_Erqiao Police Station,Yingge Dist,"Gaozhi W. St. & Zhongzheng 3rd Rd., Yingge Dist. (west side)",500234034,11,3,20260819T134502,24.94216,121.33884,8,1,3,0,2026-08-19T13:53:16+08:00
新北市,New Taipei City,YouBike2.0_國中高職東街口,鶯歌區,國中路113至117-3號(對面),YouBike2.0_Guozhong & Gaozhi E. Intersection,Yingge Dist,"No. 113, Guozhong St., Yingge Dist.(opposite)",500234035,15,3,20260819T134005,24.94117,121.34116,12,1,3,0,2026-08-19T13:53:16+08:00
新北市,New Taipei City,YouBike2.0_尖山路高厝巷口,鶯歌區,尖山路276-5號(旁),YouBike2.0_Gaocuo Ln. Jianshan Rd.,Yingge Dist,"No. 276-5, Jianshan Rd. (Side)",500234036,15,2,20260819T134502,24.94495,121.34102,12,1,0,2,2026-08-19T13:53:16+08:00
新北市,New Taipei City,YouBike2.0_公八停車場,鶯歌區,國華路53號(對面),YouBike2.0_Public 8th Parking Lot,Yingge Dist,"No.53, Guohua Rd. (opposite)",500234037,15,8,20260819T125402,24.95515,121.34285,7,1,7,1,2026-08-19T13:53:16+08:00
新北市,New Taipei City,YouBike2.0_龍三鳳鳴路口,鶯歌區,鳳鳴路541號,YouBike2.0_Long 3rd. Rd. & Fengming Rd. Intersection,Yingge Dist,"No. 541, Fengming Rd.",500234038,18,0,20260819T123518,24.97286,121.33137,18,1,0,0,2026-08-19T13:53:16+08:00
新北市,New Taipei City,YouBike2.0_鳳福鳳三路口,鶯歌區,鳳三路360號,YouBike2.0_Fengfu Rd. & Feng 3rd. Rd. Intersection,Yingge Dist,"No. 360, Feng 3rd Rd.",500234039,22,0,20260819T125019,24.97567,121.33143,22,1,0,0,2026-08-19T13:53:16+08:00
新北市,New Taipei City,YouBike2.0_北鶯公園,鶯歌區,成功街20巷19號(旁),YouBike2.0_Beiying Park,Yingge Dist,"No. 19, Ln. 20, Chenggong St. (Side)",500234040,15,0,20260819T134320,24.95777,121.35942,15,1,0,0,2026-08-19T13:53:16+08:00
新北市,New Taipei City,YouBike2.0_鶯歌火車站(文化路),鶯歌區,文化路/文化路115巷(北側),YouBike2.0_Yingge Station (Wenhua Rd.),Yingge Dist,"Ln. 115, Wenhua Rd. Intersection (North)",500234041,25,10,20260819T133103,24.95536,121.35697,15,1,9,1,2026-08-19T13:53:16+08:00
新北市,New Taipei City,YouBike2.0_鳳七鶯歌路口,鶯歌區,鶯歌路101-107號(旁),YouBike2.0_Feng 7th Rd. & Yingge Rd. Intersection,Yingge Dist,"No. 101-107, Yingge Rd. (Side)",500234042,11,6,20260819T122703,24.96916,121.33193,5,1,5,1,2026-08-19T13:53:16+08:00
新北市,New Taipei City,YouBike2.0_國際一路112巷口,鶯歌區,國際一路167號(前),"YouBike2.0_Ln. 112, GuoJi 1st Rd.",Yingge Dist,"No. 167, GuoJi 1st Rd. (Front)",500234043,15,5,20260819T124302,24.97667,121.33579,10,1,3,2,2026-08-19T13:53:16+08:00
新北市,New Taipei City,YouBike2.0_臺鐵鳳鳴站,鶯歌區,鳳一路/鶯歌路口,YouBike2.0_Fengming Station,Yingge Dist,Feng 1st Rd. & YingGe Rd.,500234044,40,0,20260817T173503,24.97227,121.33674,0,0,0,0,2026-08-19T13:53:16+08:00
新北市,New Taipei City,YouBike2.0_鶯歌陶瓷老街,鶯歌區,重慶街/國慶街(西南側),YouBike2.0_YingGe Old Street,Yingge Dist,ChongQing St. & GuoQing St. (Southwest),500234045,33,12,20260819T134703,24.95219,121.351,21,1,11,1,2026-08-19T13:53:16+08:00
新北市,New Taipei City,YouBike2.0_鶯歌火車站(仁愛路62號),鶯歌區,仁愛路62號(東側),"YouBike2.0_YingGe Station (No. 62, RenAi Rd.)",Yingge Dist,"No. 62, RenAi Rd. (East)",500234046,42,20,20260819T134802,24.95505,121.35407,21,1,16,4,2026-08-19T13:53:16+08:00
新北市,New Taipei City,YouBike2.0_臺鐵鳳鳴站(鶯歌路),鶯歌區,鶯歌路276號(對面),YouBike2.0_Fengming Station (YingGe Rd.),Yingge Dist,"No. 276, YingGe Rd. (Opposite)",500234047,20,1,20260819T134202,24.97189,121.33651,10,1,1,0,2026-08-19T13:53:16+08:00
新北市,New Taipei City,YouBike2.0_光明育智路口,鶯歌區,光明街126號(東南側),YouBike2.0_GuangMing St. & YuZhi Rd. Intersection,Yingge Dist,"No. 126, GuangMing St. (Southeast)",500234048,14,5,20260819T133802,24.95587,121.3456,9,1,5,0,2026-08-19T13:53:16+08:00
新北市,New Taipei City,YouBike2.0_新鳳公園,鶯歌區,鶯桃路二段60號(對側),YouBike2.0_XinFeng Park,Yingge Dist,"No. 60, Sec. 2, YingTao Rd. (Opposite)",500234049,14,2,20260819T133902,24.9732,121.32474,11,1,2,0,2026-08-19T13:53:16+08:00
新北市,New Taipei City,YouBike2.0_鳳鳴機器人公園,鶯歌區,鳳鳴路/福安街7巷24弄口,YouBike2.0_FengMing Robot Park,Yingge Dist,"FengMing Rd. & Aly. 24, Ln. 7, FuAn St.",500234050,17,4,20260819T133802,24.96618,121.33465,13,1,3,1,2026-08-19T13:53:16+08:00
新北市,New Taipei City,YouBike2.0_龍五鳳七路口,鶯歌區,龍五路/鳳七路口,YouBike2.0_Long 5th Rd. & Feng 7th Rd. Intersection,Yingge Dist,Long 5th Rd. & Feng 7th Rd. Intersection,500234051,30,4,20260819T134403,24.97043,121.33101,26,1,4,0,2026-08-19T13:53:16+08:00
新北市,New Taipei City,YouBike2.0_龍鳳夜市,鶯歌區,鳳三路/龍三路(東南側),YouBike2.0_LongFeng Night Market,Yingge Dist,Feng 3rd Rd. & Long 3rd Rd. (Southeast),500234052,30,10,20260819T130603,24.97329,121.33331,20,1,10,0,2026-08-19T13:53:16+08:00
新北市,New Taipei City,YouBike2.0_中湖市民活動中心,鶯歌區,中湖街21號,YouBike2.0_Zhonghu Civic Activity Center,Yingge Dist,"No. 21, ZhongHu St.",500234053,20,2,20260819T103904,24.97298,121.3472,18,1,2,0,2026-08-19T13:53:16+08:00
新北市,New Taipei City,YouBike2.0_鳳一鳳吉一街口,鶯歌區,鳳吉一街259號(旁),YouBike2.0_Feng 1st Rd. & FengJi 1st St. Intersection,Yingge Dist,"No. 259, FengJi 1st St. (Side)",500234054,20,3,20260819T133103,24.97677,121.3317,16,1,3,0,2026-08-19T13:53:16+08:00
新北市,New Taipei City,YouBike2.0_鳳五路122號前,鶯歌區,鳳五路122號前,"YouBike2.0_No. 122, Feng 5th Rd.",Yingge Dist,"No. 122, Feng 5th Rd. (Front)",500234055,18,3,20260819T134603,24.97316,121.32991,14,1,2,1,2026-08-19T13:53:16+08:00
新北市,New Taipei City,YouBike2.0_建國永昌街口,鶯歌區,建國路546號(對面),YouBike2.0_JianGuo Rd. & YongChang St. Intersection,Yingge Dist,"No. 546, JianGuo Rd. (Opposite)",500234056,17,3,20260819T130103,24.95031,121.33831,14,1,3,0,2026-08-19T13:53:16+08:00
新北市,New Taipei City,YouBike2.0_捷運鶯歌車站,鶯歌區,館前路300號(對側),YouBike2.0_MRT Yingge Sta.,Yingge Dist,"No. 300, GuanQian Rd. (Opposite)",500234057,34,16,20260819T134403,24.95322,121.35668,18,1,13,3,2026-08-19T13:53:16+08:00
新北市,New Taipei City,YouBike2.0_鳳三龍七路口,鶯歌區,鳳三路68號,YouBike2.0_Feng 3rd Rd. & Long 7th Rd. Intersection,Yingge Dist,"No. 68, Feng 3rd Rd.",500234058,18,9,20260819T134902,24.97204,121.33467,9,1,8,1,2026-08-19T13:53:16+08:00
新北市,New Taipei City,YouBike2.0_捷運國華站,鶯歌區,國華路45號(對側),YouBike2.0_MRT Guohua Sta.,Yingge Dist,"No. 45, GuoHua Rd. (Opposite)",500234059,24,6,20260819T124703,24.95535,121.34251,18,1,6,0,2026-08-19T13:53:16+08:00
新北市,New Taipei City,YouBike2.0_捷運陶瓷老街站,鶯歌區,捷運陶瓷老街站(重慶街側),YouBike2.0_MRT Ceramics Old Street Sta.,Yingge Dist,MRT Ceramics Old Street Sta. (ChongQing St.),500234060,36,19,20260819T131603,24.95212,121.35065,17,1,19,0,2026-08-19T13:53:16+08:00
新北市,New Taipei City,YouBike2.0_捷運永吉公園站,鶯歌區,鶯桃路296巷口,YouBike2.0_MRT Yongji Park Sta.,Yingge Dist,"Ln. 296, YingTao Rd. Intersection",500234061,47,20,20260819T133402,24.96048,121.33476,27,1,19,1,2026-08-19T13:53:16+08:00
新北市,New Taipei City,YouBike2.0_捷運鶯桃福德站,鶯歌區,福德一路20號(對側),YouBike2.0_MRT Yingtao Fude Sta.,Yingge Dist,"No. 20, FuDe 1st Rd. (Opposite)",500234062,75,22,20260819T134703,24.96704,121.33044,52,1,21,1,2026-08-19T13:53:16+08:00
新北市,New Taipei City,YouBike2.0_捷運國華站(2號出口),鶯歌區,國華路97號(對側),YouBike2.0_MRT Guohua Sta.(Exit 2),Yingge Dist,"No. 97, GuoHua Rd. (Opposite)",500234063,60,17,20260819T133504,24.95374,121.34301,43,1,17,0,2026-08-19T13:53:16+08:00
新北市,New Taipei City,YouBike2.0_鶯歌山水步道停車場,鶯歌區,觀景涼亭停車場,YouBike2.0_YingGe Riverside Trail Car Park,Yingge Dist,YingGe Riverside Trail Car Park,500234064,24,6,20260819T103904,24.93205,121.32825,18,1,5,1,2026-08-19T13:53:16+08:00
新北市,New Taipei City,YouBike2.0_鶯歌環河自行車道,鶯歌區,環河路/甲三街(南側自行車道),YouBike2.0_YingGe Riverside Cycling Route,Yingge Dist,Huanhe Rd. & Jia 3rd St. (South),500234065,20,12,20260819T101603,24.92967,121.33837,8,1,12,0,2026-08-19T13:53:16+08:00
新北市,New Taipei City,YouBike2.0_鶯歌火車站(仁愛路),鶯歌區,仁愛路55號對側,YouBike2.0_Yingge Railway Station(Ren’ai Rd.),Yingge Dist,"No.55, Ren’ai Rd., Yingge Dist.(opposite)",500234001,69,21,20260819T142402,24.95559,121.35441,46,1,20,1,2026-08-19T14:28:20+08:00
新北市,New Taipei City,YouBike2.0_新北市立圖書館鶯歌分館,鶯歌區,中山路150號,YouBike2.0_New Taipei City Library Yingge Branch,Yingge Dist,"No.150, Zhongshan Rd.",500234002,20,5,20260819T141602,24.9572,121.34946,14,1,4,1,2026-08-19T14:28:20+08:00
新北市,New Taipei City,YouBike2.0_文化館前路口,鶯歌區,文化路407號旁,YouBike2.0_Yingge Ceramics Museum,Yingge Dist,"No. 407, Wenhua Rd.",500234003,44,1,20260819T135203,24.94948,121.35291,43,1,1,0,2026-08-19T14:28:20+08:00
新北市,New Taipei City,YouBike2.0_鶯歌國民運動中心,鶯歌區,館前路250號運動中心前,YouBike2.0_Yingge Civil Sports Center,Yingge Dist,"No.250, Guanqian Rd., Yingge Dist.",500234004,38,18,20260819T142103,24.95139,121.35733,20,1,15,3,2026-08-19T14:28:20+08:00
新北市,New Taipei City,YouBike2.0_尖山國中,鶯歌區,國中街1號,YouBike2.0_Municipal Jianshan Junior High School,Yingge Dist,"No.1, Guozhong St., Yingge Dist(sidewalk)",500234005,20,2,20260819T134502,24.94381,121.34207,18,1,2,0,2026-08-19T14:28:20+08:00
新北市,New Taipei City,YouBike2.0_新北市立鶯歌高級工商職業學校,鶯歌區,中正三路154號,YouBike2.0_New Taipei Municipal Yingge Vocational High School,Yingge Dist,"No. 154, Zhongzheng 3rd. Rd",500234006,56,23,20260819T141504,24.93923,121.33488,33,1,21,2,2026-08-19T14:28:20+08:00
新北市,New Taipei City,YouBike2.0_鶯歌國中,鶯歌區,鶯桃路39-5號對側,YouBike2.0_Yingge Junior High chool,Yingge Dist,"No.39-5, Yingtao Rd.(opposite)",500234007,30,25,20260819T142402,24.95119,121.34256,4,1,20,5,2026-08-19T14:28:20+08:00
新北市,New Taipei City,YouBike2.0_永吉國小,鶯歌區,德昌二街39號對側,YouBike2.0_Yongchi elementary school,Yingge Dist,"No.39, Dechang 2nd St., Yingge Dist.",500234008,20,5,20260819T133402,24.95865,121.33308,15,1,5,0,2026-08-19T14:28:20+08:00
新北市,New Taipei City,YouBike2.0_鳳祥公園,鶯歌區,鶯桃路365巷130號對側,YouBike2.0_Fengxiang Park,Yingge Dist,"No.130, Ln. 365, Yingtao Rd., Yingge Dist.",500234009,20,8,20260819T130703,24.96283,121.33025,11,1,4,4,2026-08-19T14:28:20+08:00
新北市,New Taipei City,YouBike2.0_鳳鳴國小,鶯歌區,永和街120號,YouBike2.0_Fengming Elementary School,Yingge Dist,"No.120, Yonghe St., Yingge Dist.",500234010,20,5,20260819T142204,24.9692,121.3347,14,1,4,1,2026-08-19T14:28:20+08:00
新北市,New Taipei City,YouBike2.0_國際二國際一路口,鶯歌區,國際二路與國際一路口,YouBike2.0_Guoji 2nd Guoji 1st Intersection,Yingge Dist,"Guoji 2nd Rd./Guoji 1st Rd., Yingge Dist.",500234011,20,2,20260819T125704,24.97577,121.3353,18,1,2,0,2026-08-19T14:28:20+08:00
新北市,New Taipei City,YouBike2.0_鳳福公園,鶯歌區,鳳吉一街186號(對面),YouBike2.0_Fengfu Park,Yingge Dist,"No. 186, Fengji 1st St., Yingge Dist.(opposite)",500234012,20,1,20260819T133132,24.97572,121.32938,19,1,1,0,2026-08-19T14:28:20+08:00
新北市,New Taipei City,YouBike2.0_尖山公園,鶯歌區,鶯歌區尖山路161號對面,YouBike2.0_Jianshan Park,Yingge Dist,"No.161, Jianshan Rd.(opposite)",500234013,29,7,20260819T140402,24.9482,121.346,22,1,7,0,2026-08-19T14:28:20+08:00
新北市,New Taipei City,YouBike2.0_永昌里兒一公園,鶯歌區,鶯桃路182巷96弄36-38號對側,YouBike2.0_Yongchang Village Children Park (No.1),Yingge Dist,"No.36-38, Aly. 96, Ln. 182, Yingtao Rd.(oppsite)",500234014,20,5,20260819T134502,24.956649374562204,121.33959628800724,14,1,3,2,2026-08-19T14:28:20+08:00
新北市,New Taipei City,YouBike2.0_南雅育智路口,鶯歌區,南雅路491號(對面),YouBike2.0_Nanya & Yuzhi Rd. Intersection,Yingge Dist,"No.491, Nanya Rd., Yingge Dist.(opposite)",500234015,22,6,20260819T141204,24.954,121.346,16,1,5,1,2026-08-19T14:28:20+08:00
新北市,New Taipei City,YouBike2.0_國中二甲路口,鶯歌區,國中街175號(前),YouBike2.0_Guozhong & Erjia Intersection,Yingge Dist,"No. 175, Guozhong St., Yingge Dist.",500234016,20,9,20260819T141804,24.939489067109363,121.33868650698288,11,1,8,1,2026-08-19T14:28:20+08:00
新北市,New Taipei City,YouBike2.0_鶯歌永利街,鶯歌區,永利街16號(對面),YouBike2.0_Yingge Yongli St.,Yingge Dist,"No. 16, Yongli St. Yingge Dist.",500234017,15,0,20260819T122219,24.95495,121.33911,14,1,0,0,2026-08-19T14:28:20+08:00
新北市,New Taipei City,YouBike2.0_二橋虹橋公園,鶯歌區,中正三路400號(對面),YouBike2.0_Erqiaoshiguanghongqiao Park,Yingge Dist,"No. 400, Zhongzheng 3rd Rd.(Opposite)",500234018,10,3,20260819T141102,24.93453,121.32595,7,1,3,0,2026-08-19T14:28:20+08:00
新北市,New Taipei City,YouBike2.0_鳳吉四鳳七路口(捷士匯社區),鶯歌區,鳳吉四街57-75號(旁),YouBike2.0_Fengji 4th & Feng 7th Rd. Intersection,Yingge Dist,"No. 57-75, Fengji 4th St.",500234021,40,1,20260819T140602,24.97383,121.32769,39,1,1,0,2026-08-19T14:28:20+08:00
新北市,New Taipei City,YouBike2.0_鶯歌老街第二停車場,鶯歌區,尖山埔路27-31號(對面),YouBike2.0_Yingge Old Street 2nd Parking Lot,Yingge Dist,"No. 27-31, Jianshanpu Rd.(Opposite)",500234022,20,9,20260819T131504,24.94895,121.34227,9,1,8,1,2026-08-19T14:28:20+08:00
新北市,New Taipei City,YouBike2.0_建國中正一路口(北鶯社區),鶯歌區,建國路6號(對面空地),YouBike2.0_Jianguo Zhongzheng 1st Rd. Intersection,Yingge Dist,"No. 6, Jianguo Rd.(Opposite)",500234023,20,9,20260819T112902,24.95658,121.35692,11,1,9,0,2026-08-19T14:28:20+08:00
新北市,New Taipei City,YouBike2.0_三鶯水資源回收中心,鶯歌區,館前路360號(旁),YouBike2.0_Sanying Water Recycling Center,Yingge Dist,"No. 360, Guanqian Rd.",500234024,14,11,20260819T114603,24.95535,121.35996,3,1,8,3,2026-08-19T14:28:20+08:00
新北市,New Taipei City,YouBike2.0_永和街65巷口,鶯歌區,永和街75號,"YouBike2.0_Ln. 65, Yonghe St. Intersection",Yingge Dist,"No. 75, Yonghe St.",500234025,37,10,20260819T142402,24.96798,121.3331413,27,1,7,3,2026-08-19T14:28:20+08:00
新北市,New Taipei City,YouBike2.0_鶯歌陶瓷博物館,鶯歌區,文化路200號(旁),YouBike2.0_Yingge Ceramics Museum(Wenhua Rd.),Yingge Dist,"No. 200, Wenhua Rd.",500234026,22,0,20260819T141219,24.95012,121.35245,22,1,0,0,2026-08-19T14:28:20+08:00
新北市,New Taipei City,YouBike2.0_礫間停車場,鶯歌區,礫間停車場,YouBike2.0_Lijian Parking,Yingge Dist,Lijian Parking,500234028,20,1,20260819T085904,24.9518,121.35445,19,1,0,1,2026-08-19T14:28:20+08:00
新北市,New Taipei City,YouBike2.0_北鶯停車場,鶯歌區,北鶯停車場,YouBike2.0_Beiying Parking,Yingge Dist,Beiying Parking,500234029,20,10,20260819T130204,24.95567,121.35992,10,1,10,0,2026-08-19T14:28:20+08:00
新北市,New Taipei City,YouBike2.0_育英建國路口,鶯歌區,建國路280號(旁),YouBike2.0_Yuying Jianguo Rd. Intersection,Yingge Dist,"No. 280, Jianguo Rd.",500234030,12,8,20260819T141003,24.95356,121.34693,3,1,7,1,2026-08-19T14:28:20+08:00
新北市,New Taipei City,YouBike2.0_中正一仁愛路口,鶯歌區,中正一路181號(對面),YouBike2.0_Zhongzheng 1st & Ren'ai Rd Intersection,Yingge Dist,"No. 181, Zhongzheng 1st Rd.(Opposite)",500234031,15,5,20260819T142005,24.95672,121.3532,10,1,3,2,2026-08-19T14:28:20+08:00
新北市,New Taipei City,YouBike2.0_建國國小,鶯歌區,育英街19號(旁),YouBike2.0_Jianguo Elementary School,Yingge Dist,"No. 19, Yuying St.",500234032,15,6,20260819T134202,24.95521,121.34727,9,1,6,0,2026-08-19T14:28:20+08:00
新北市,New Taipei City,YouBike2.0_光明橋,鶯歌區,永明街78號(旁),YouBike2.0_Guang-ming bridge,Yingge Dist,"No. 78, Yongming St., Yingge Dist.(side)",500234033,14,1,20260819T132103,24.95577,121.34128,13,1,1,0,2026-08-19T14:28:20+08:00
新北市,New Taipei City,YouBike2.0_二橋派出所,鶯歌區,高職西街/中正三路口(西北側),YouBike2.0_Erqiao Police Station,Yingge Dist,"Gaozhi W. St. & Zhongzheng 3rd Rd., Yingge Dist. (west side)",500234034,11,4,20260819T141504,24.94216,121.33884,7,1,4,0,2026-08-19T14:28:20+08:00
新北市,New Taipei City,YouBike2.0_國中高職東街口,鶯歌區,國中路113至117-3號(對面),YouBike2.0_Guozhong & Gaozhi E. Intersection,Yingge Dist,"No. 113, Guozhong St., Yingge Dist.(opposite)",500234035,15,3,20260819T134005,24.94117,121.34116,12,1,3,0,2026-08-19T14:28:20+08:00
新北市,New Taipei City,YouBike2.0_尖山路高厝巷口,鶯歌區,尖山路276-5號(旁),YouBike2.0_Gaocuo Ln. Jianshan Rd.,Yingge Dist,"No. 276-5, Jianshan Rd. (Side)",500234036,15,4,20260819T141403,24.94495,121.34102,10,1,2,2,2026-08-19T14:28:20+08:00
新北市,New Taipei City,YouBike2.0_公八停車場,鶯歌區,國華路53號(對面),YouBike2.0_Public 8th Parking Lot,Yingge Dist,"No.53, Guohua Rd. (opposite)",500234037,15,9,20260819T135203,24.95515,121.34285,6,1,8,1,2026-08-19T14:28:20+08:00
新北市,New Taipei City,YouBike2.0_龍三鳳鳴路口,鶯歌區,鳳鳴路541號,YouBike2.0_Long 3rd. Rd. & Fengming Rd. Intersection,Yingge Dist,"No. 541, Fengming Rd.",500234038,18,0,20260819T123518,24.97286,121.33137,18,1,0,0,2026-08-19T14:28:20+08:00
新北市,New Taipei City,YouBike2.0_鳳福鳳三路口,鶯歌區,鳳三路360號,YouBike2.0_Fengfu Rd. & Feng 3rd. Rd. Intersection,Yingge Dist,"No. 360, Feng 3rd Rd.",500234039,22,1,20260819T140521,24.97567,121.33143,21,1,1,0,2026-08-19T14:28:20+08:00
新北市,New Taipei City,YouBike2.0_北鶯公園,鶯歌區,成功街20巷19號(旁),YouBike2.0_Beiying Park,Yingge Dist,"No. 19, Ln. 20, Chenggong St. (Side)",500234040,15,3,20260819T140703,24.95777,121.35942,12,1,1,2,2026-08-19T14:28:20+08:00
新北市,New Taipei City,YouBike2.0_鶯歌火車站(文化路),鶯歌區,文化路/文化路115巷(北側),YouBike2.0_Yingge Station (Wenhua Rd.),Yingge Dist,"Ln. 115, Wenhua Rd. Intersection (North)",500234041,25,11,20260819T140005,24.95536,121.35697,14,1,10,1,2026-08-19T14:28:20+08:00
新北市,New Taipei City,YouBike2.0_鳳七鶯歌路口,鶯歌區,鶯歌路101-107號(旁),YouBike2.0_Feng 7th Rd. & Yingge Rd. Intersection,Yingge Dist,"No. 101-107, Yingge Rd. (Side)",500234042,11,6,20260819T122703,24.96916,121.33193,5,1,5,1,2026-08-19T14:28:20+08:00
新北市,New Taipei City,YouBike2.0_國際一路112巷口,鶯歌區,國際一路167號(前),"YouBike2.0_Ln. 112, GuoJi 1st Rd.",Yingge Dist,"No. 167, GuoJi 1st Rd. (Front)",500234043,15,5,20260819T124302,24.97667,121.33579,10,1,3,2,2026-08-19T14:28:20+08:00
新北市,New Taipei City,YouBike2.0_臺鐵鳳鳴站,鶯歌區,鳳一路/鶯歌路口,YouBike2.0_Fengming Station,Yingge Dist,Feng 1st Rd. & YingGe Rd.,500234044,40,0,20260817T173503,24.97227,121.33674,0,0,0,0,2026-08-19T14:28:20+08:00
新北市,New Taipei City,YouBike2.0_鶯歌陶瓷老街,鶯歌區,重慶街/國慶街(西南側),YouBike2.0_YingGe Old Street,Yingge Dist,ChongQing St. & GuoQing St. (Southwest),500234045,33,22,20260819T140803,24.95219,121.351,11,1,19,3,2026-08-19T14:28:20+08:00
新北市,New Taipei City,YouBike2.0_鶯歌火車站(仁愛路62號),鶯歌區,仁愛路62號(東側),"YouBike2.0_YingGe Station (No. 62, RenAi Rd.)",Yingge Dist,"No. 62, RenAi Rd. (East)",500234046,42,20,20260819T134802,24.95505,121.35407,21,1,16,4,2026-08-19T14:28:20+08:00
新北市,New Taipei City,YouBike2.0_臺鐵鳳鳴站(鶯歌路),鶯歌區,鶯歌路276號(對面),YouBike2.0_Fengming Station (YingGe Rd.),Yingge Dist,"No. 276, YingGe Rd. (Opposite)",500234047,20,1,20260819T142402,24.97189,121.33651,10,1,1,0,2026-08-19T14:28:20+08:00
新北市,New Taipei City,YouBike2.0_光明育智路口,鶯歌區,光明街126號(東南側),YouBike2.0_GuangMing St. & YuZhi Rd. Intersection,Yingge Dist,"No. 126, GuangMing St. (Southeast)",500234048,14,6,20260819T141004,24.95587,121.3456,8,1,6,0,2026-08-19T14:28:20+08:00
新北市,New Taipei City,YouBike2.0_新鳳公園,鶯歌區,鶯桃路二段60號(對側),YouBike2.0_XinFeng Park,Yingge Dist,"No. 60, Sec. 2, YingTao Rd. (Opposite)",500234049,14,5,20260819T141403,24.9732,121.32474,8,1,5,0,2026-08-19T14:28:20+08:00
新北市,New Taipei City,YouBike2.0_鳳鳴機器人公園,鶯歌區,鳳鳴路/福安街7巷24弄口,YouBike2.0_FengMing Robot Park,Yingge Dist,"FengMing Rd. & Aly. 24, Ln. 7, FuAn St.",500234050,17,1,20260819T135203,24.96618,121.33465,16,1,0,1,2026-08-19T14:28:20+08:00
新北市,New Taipei City,YouBike2.0_龍五鳳七路口,鶯歌區,龍五路/鳳七路口,YouBike2.0_Long 5th Rd. & Feng 7th Rd. Intersection,Yingge Dist,Long 5th Rd. & Feng 7th Rd. Intersection,500234051,30,8,20260819T141205,24.97043,121.33101,22,1,8,0,2026-08-19T14:28:20+08:00
新北市,New Taipei City,YouBike2.0_龍鳳夜市,鶯歌區,鳳三路/龍三路(東南側),YouBike2.0_LongFeng Night Market,Yingge Dist,Feng 3rd Rd. & Long 3rd Rd. (Southeast),500234052,30,10,20260819T130603,24.97329,121.33331,20,1,10,0,2026-08-19T14:28:20+08:00
新北市,New Taipei City,YouBike2.0_中湖市民活動中心,鶯歌區,中湖街21號,YouBike2.0_Zhonghu Civic Activity Center,Yingge Dist,"No. 21, ZhongHu St.",500234053,20,2,20260819T103904,24.97298,121.3472,18,1,2,0,2026-08-19T14:28:20+08:00
新北市,New Taipei City,YouBike2.0_鳳一鳳吉一街口,鶯歌區,鳳吉一街259號(旁),YouBike2.0_Feng 1st Rd. & FengJi 1st St. Intersection,Yingge Dist,"No. 259, FengJi 1st St. (Side)",500234054,20,1,20260819T140803,24.97677,121.3317,18,1,1,0,2026-08-19T14:28:20+08:00
新北市,New Taipei City,YouBike2.0_鳳五路122號前,鶯歌區,鳳五路122號前,"YouBike2.0_No. 122, Feng 5th Rd.",Yingge Dist,"No. 122, Feng 5th Rd. (Front)",500234055,18,2,20260819T135302,24.97316,121.32991,15,1,2,0,2026-08-19T14:28:20+08:00
新北市,New Taipei City,YouBike2.0_建國永昌街口,鶯歌區,建國路546號(對面),YouBike2.0_JianGuo Rd. & YongChang St. Intersection,Yingge Dist,"No. 546, JianGuo Rd. (Opposite)",500234056,17,3,20260819T130103,24.95031,121.33831,14,1,3,0,2026-08-19T14:28:20+08:00
新北市,New Taipei City,YouBike2.0_捷運鶯歌車站,鶯歌區,館前路300號(對側),YouBike2.0_MRT Yingge Sta.,Yingge Dist,"No. 300, GuanQian Rd. (Opposite)",500234057,34,15,20260819T135503,24.95322,121.35668,19,1,14,1,2026-08-19T14:28:20+08:00
新北市,New Taipei City,YouBike2.0_鳳三龍七路口,鶯歌區,鳳三路68號,YouBike2.0_Feng 3rd Rd. & Long 7th Rd. Intersection,Yingge Dist,"No. 68, Feng 3rd Rd.",500234058,18,11,20260819T142005,24.97204,121.33467,7,1,9,2,2026-08-19T14:28:20+08:00
新北市,New Taipei City,YouBike2.0_捷運國華站,鶯歌區,國華路45號(對側),YouBike2.0_MRT Guohua Sta.,Yingge Dist,"No. 45, GuoHua Rd. (Opposite)",500234059,24,7,20260819T140504,24.95535,121.34251,17,1,7,0,2026-08-19T14:28:20+08:00
新北市,New Taipei City,YouBike2.0_捷運陶瓷老街站,鶯歌區,捷運陶瓷老街站(重慶街側),YouBike2.0_MRT Ceramics Old Street Sta.,Yingge Dist,MRT Ceramics Old Street Sta. (ChongQing St.),500234060,36,19,20260819T131603,24.95212,121.35065,17,1,19,0,2026-08-19T14:28:20+08:00
新北市,New Taipei City,YouBike2.0_捷運永吉公園站,鶯歌區,鶯桃路296巷口,YouBike2.0_MRT Yongji Park Sta.,Yingge Dist,"Ln. 296, YingTao Rd. Intersection",500234061,47,20,20260819T142205,24.96048,121.33476,27,1,18,2,2026-08-19T14:28:20+08:00
新北市,New Taipei City,YouBike2.0_捷運鶯桃福德站,鶯歌區,福德一路20號(對側),YouBike2.0_MRT Yingtao Fude Sta.,Yingge Dist,"No. 20, FuDe 1st Rd. (Opposite)",500234062,75,34,20260819T141804,24.96704,121.33044,40,1,33,1,2026-08-19T14:28:20+08:00
新北市,New Taipei City,YouBike2.0_捷運國華站(2號出口),鶯歌區,國華路97號(對側),YouBike2.0_MRT Guohua Sta.(Exit 2),Yingge Dist,"No. 97, GuoHua Rd. (Opposite)",500234063,60,18,20260819T140703,24.95374,121.34301,42,1,18,0,2026-08-19T14:28:20+08:00
新北市,New Taipei City,YouBike2.0_鶯歌山水步道停車場,鶯歌區,觀景涼亭停車場,YouBike2.0_YingGe Riverside Trail Car Park,Yingge Dist,YingGe Riverside Trail Car Park,500234064,24,6,20260819T103904,24.93205,121.32825,18,1,5,1,2026-08-19T14:28:20+08:00
新北市,New Taipei City,YouBike2.0_鶯歌環河自行車道,鶯歌區,環河路/甲三街(南側自行車道),YouBike2.0_YingGe Riverside Cycling Route,Yingge Dist,Huanhe Rd. & Jia 3rd St. (South),500234065,20,12,20260819T141004,24.92967,121.33837,8,1,12,0,2026-08-19T14:28:20+08:00
