scity,scityen,sna,sarea,ar,snaen,sareaen,aren,sno,tot_quantity,sbi_quantity,mday,lat,lng,bemp,act,yb2_quantity,eyb_quantity,fetch_time
新北市,New Taipei City,YouBike2.0_鶯歌火車站(仁愛路),鶯歌區,仁愛路55號對側,YouBike2.0_Yingge Railway Station(Ren’ai Rd.),Yingge Dist,"No.55, Ren’ai Rd., Yingge Dist.(opposite)",500234001,69,8,20260803T234703,24.95559,121.35441,60,1,7,1,2026-08-04T00:03:42+08:00
新北市,New Taipei City,YouBike2.0_新北市立圖書館鶯歌分館,鶯歌區,中山路150號,YouBike2.0_New Taipei City Library Yingge Branch,Yingge Dist,"No.150, Zhongshan Rd.",500234002,20,10,20260803T235402,24.9572,121.34946,10,1,10,0,2026-08-04T00:03:42+08:00
新北市,New Taipei City,YouBike2.0_文化館前路口,鶯歌區,文化路407號旁,YouBike2.0_Yingge Ceramics Museum,Yingge Dist,"No. 407, Wenhua Rd.",500234003,44,11,20260803T235903,24.94948,121.35291,33,1,11,0,2026-08-04T00:03:42+08:00
新北市,New Taipei City,YouBike2.0_鶯歌國民運動中心,鶯歌區,館前路250號運動中心前,YouBike2.0_Yingge Civil Sports Center,Yingge Dist,"No.250, Guanqian Rd., Yingge Dist.",500234004,38,23,20260803T234303,24.95139,121.35733,13,1,18,5,2026-08-04T00:03:42+08:00
新北市,New Taipei City,YouBike2.0_尖山國中,鶯歌區,國中街1號,YouBike2.0_Municipal Jianshan Junior High School,Yingge Dist,"No.1, Guozhong St., Yingge Dist(sidewalk)",500234005,20,11,20260803T215402,24.94381,121.34207,9,1,10,1,2026-08-04T00:03:42+08:00
新北市,New Taipei City,YouBike2.0_新北市立鶯歌高級工商職業學校,鶯歌區,中正三路154號,YouBike2.0_New Taipei Municipal Yingge Vocational High School,Yingge Dist,"No. 154, Zhongzheng 3rd. Rd",500234006,56,12,20260803T221004,24.93923,121.33488,44,1,11,1,2026-08-04T00:03:42+08:00
新北市,New Taipei City,YouBike2.0_鶯歌國中,鶯歌區,鶯桃路39-5號對側,YouBike2.0_Yingge Junior High chool,Yingge Dist,"No.39-5, Yingtao Rd.(opposite)",500234007,30,3,20260803T230302,24.95119,121.34256,27,1,3,0,2026-08-04T00:03:42+08:00
新北市,New Taipei City,YouBike2.0_永吉國小,鶯歌區,德昌二街39號對側,YouBike2.0_Yongchi elementary school,Yingge Dist,"No.39, Dechang 2nd St., Yingge Dist.",500234008,20,5,20260803T212103,24.95865,121.33308,15,1,5,0,2026-08-04T00:03:42+08:00
新北市,New Taipei City,YouBike2.0_鳳祥公園,鶯歌區,鶯桃路365巷130號對側,YouBike2.0_Fengxiang Park,Yingge Dist,"No.130, Ln. 365, Yingtao Rd., Yingge Dist.",500234009,20,9,20260803T235003,24.96283,121.33025,10,1,8,1,2026-08-04T00:03:42+08:00
新北市,New Taipei City,YouBike2.0_鳳鳴國小,鶯歌區,永和街120號,YouBike2.0_Fengming Elementary School,Yingge Dist,"No.120, Yonghe St., Yingge Dist.",500234010,20,8,20260803T234902,24.9692,121.3347,11,1,8,0,2026-08-04T00:03:42+08:00
新北市,New Taipei City,YouBike2.0_國際二國際一路口,鶯歌區,國際二路與國際一路口,YouBike2.0_Guoji 2nd Guoji 1st Intersection,Yingge Dist,"Guoji 2nd Rd./Guoji 1st Rd., Yingge Dist.",500234011,20,11,20260803T210903,24.97577,121.3353,9,1,11,0,2026-08-04T00:03:42+08:00
新北市,New Taipei City,YouBike2.0_鳳福公園,鶯歌區,鳳吉一街186號(對面),YouBike2.0_Fengfu Park,Yingge Dist,"No. 186, Fengji 1st St., Yingge Dist.(opposite)",500234012,20,9,20260803T235903,24.97572,121.32938,10,1,8,1,2026-08-04T00:03:42+08:00
新北市,New Taipei City,YouBike2.0_尖山公園,鶯歌區,鶯歌區尖山路161號對面,YouBike2.0_Jianshan Park,Yingge Dist,"No.161, Jianshan Rd.(opposite)",500234013,29,23,20260803T232702,24.9482,121.346,5,1,18,5,2026-08-04T00:03:42+08:00
新北市,New Taipei City,YouBike2.0_永昌里兒一公園,鶯歌區,鶯桃路182巷96弄36-38號對側,YouBike2.0_Yongchang Village Children Park (No.1),Yingge Dist,"No.36-38, Aly. 96, Ln. 182, Yingtao Rd.(oppsite)",500234014,20,3,20260803T211904,24.956649374562204,121.33959628800724,17,0,2,1,2026-08-04T00:03:42+08:00
新北市,New Taipei City,YouBike2.0_南雅育智路口,鶯歌區,南雅路491號(對面),YouBike2.0_Nanya & Yuzhi Rd. Intersection,Yingge Dist,"No.491, Nanya Rd., Yingge Dist.(opposite)",500234015,22,7,20260803T232203,24.954,121.346,15,1,7,0,2026-08-04T00:03:42+08:00
新北市,New Taipei City,YouBike2.0_國中二甲路口,鶯歌區,國中街175號(前),YouBike2.0_Guozhong & Erjia Intersection,Yingge Dist,"No. 175, Guozhong St., Yingge Dist.",500234016,20,13,20260803T230103,24.939489067109363,121.33868650698288,6,1,10,3,2026-08-04T00:03:42+08:00
新北市,New Taipei City,YouBike2.0_鶯歌永利街,鶯歌區,永利街16號(對面),YouBike2.0_Yingge Yongli St.,Yingge Dist,"No. 16, Yongli St. Yingge Dist.",500234017,15,10,20260803T234203,24.95495,121.33911,5,1,7,3,2026-08-04T00:03:42+08:00
新北市,New Taipei City,YouBike2.0_二橋虹橋公園,鶯歌區,中正三路400號(對面),YouBike2.0_Erqiaoshiguanghongqiao Park,Yingge Dist,"No. 400, Zhongzheng 3rd Rd.(Opposite)",500234018,10,6,20260803T191302,24.93453,121.32595,4,1,4,2,2026-08-04T00:03:42+08:00
新北市,New Taipei City,YouBike2.0_鳳吉四鳳七路口(捷士匯社區),鶯歌區,鳳吉四街57-75號(旁),YouBike2.0_Fengji 4th & Feng 7th Rd. Intersection,Yingge Dist,"No. 57-75, Fengji 4th St.",500234021,40,26,20260803T235204,24.97383,121.32769,14,1,23,3,2026-08-04T00:03:42+08:00
新北市,New Taipei City,YouBike2.0_鶯歌老街第二停車場,鶯歌區,尖山埔路27-31號(對面),YouBike2.0_Yingge Old Street 2nd Parking Lot,Yingge Dist,"No. 27-31, Jianshanpu Rd.(Opposite)",500234022,20,1,20260803T221704,24.94895,121.34227,19,1,1,0,2026-08-04T00:03:42+08:00
新北市,New Taipei City,YouBike2.0_建國中正一路口(北鶯社區),鶯歌區,建國路6號(對面空地),YouBike2.0_Jianguo Zhongzheng 1st Rd. Intersection,Yingge Dist,"No. 6, Jianguo Rd.(Opposite)",500234023,20,1,20260803T222202,24.95658,121.35692,19,1,1,0,2026-08-04T00:03:42+08:00
新北市,New Taipei City,YouBike2.0_三鶯水資源回收中心,鶯歌區,館前路360號(旁),YouBike2.0_Sanying Water Recycling Center,Yingge Dist,"No. 360, Guanqian Rd.",500234024,14,6,20260803T214104,24.95535,121.35996,8,1,6,0,2026-08-04T00:03:42+08:00
新北市,New Taipei City,YouBike2.0_永和街65巷口,鶯歌區,永和街75號,"YouBike2.0_Ln. 65, Yonghe St. Intersection",Yingge Dist,"No. 75, Yonghe St.",500234025,37,13,20260803T234203,24.96798,121.3331413,24,1,11,2,2026-08-04T00:03:42+08:00
新北市,New Taipei City,YouBike2.0_鶯歌陶瓷博物館,鶯歌區,文化路200號(旁),YouBike2.0_Yingge Ceramics Museum(Wenhua Rd.),Yingge Dist,"No. 200, Wenhua Rd.",500234026,22,13,20260803T233802,24.95012,121.35245,8,1,13,0,2026-08-04T00:03:42+08:00
新北市,New Taipei City,YouBike2.0_礫間停車場,鶯歌區,礫間停車場,YouBike2.0_Lijian Parking,Yingge Dist,Lijian Parking,500234028,20,13,20260803T204603,24.9518,121.35445,7,1,13,0,2026-08-04T00:03:42+08:00
新北市,New Taipei City,YouBike2.0_北鶯停車場,鶯歌區,北鶯停車場,YouBike2.0_Beiying Parking,Yingge Dist,Beiying Parking,500234029,20,2,20260803T204204,24.95567,121.35992,17,1,2,0,2026-08-04T00:03:42+08:00
新北市,New Taipei City,YouBike2.0_育英建國路口,鶯歌區,建國路280號(旁),YouBike2.0_Yuying Jianguo Rd. Intersection,Yingge Dist,"No. 280, Jianguo Rd.",500234030,12,8,20260803T232802,24.95356,121.34693,4,1,8,0,2026-08-04T00:03:42+08:00
新北市,New Taipei City,YouBike2.0_中正一仁愛路口,鶯歌區,中正一路181號(對面),YouBike2.0_Zhongzheng 1st & Ren'ai Rd Intersection,Yingge Dist,"No. 181, Zhongzheng 1st Rd.(Opposite)",500234031,15,6,20260803T223804,24.95672,121.3532,9,1,6,0,2026-08-04T00:03:42+08:00
新北市,New Taipei City,YouBike2.0_建國國小,鶯歌區,育英街19號(旁),YouBike2.0_Jianguo Elementary School,Yingge Dist,"No. 19, Yuying St.",500234032,15,7,20260803T225816,24.95521,121.34727,7,1,7,0,2026-08-04T00:03:42+08:00
新北市,New Taipei City,YouBike2.0_光明橋,鶯歌區,永明街78號(旁),YouBike2.0_Guang-ming bridge,Yingge Dist,"No. 78, Yongming St., Yingge Dist.(side)",500234033,14,10,20260803T235103,24.95577,121.34128,3,1,7,3,2026-08-04T00:03:42+08:00
新北市,New Taipei City,YouBike2.0_二橋派出所,鶯歌區,高職西街/中正三路口(西北側),YouBike2.0_Erqiao Police Station,Yingge Dist,"Gaozhi W. St. & Zhongzheng 3rd Rd., Yingge Dist. (west side)",500234034,11,9,20260803T221203,24.94216,121.33884,2,1,7,2,2026-08-04T00:03:42+08:00
新北市,New Taipei City,YouBike2.0_國中高職東街口,鶯歌區,國中路113至117-3號(對面),YouBike2.0_Guozhong & Gaozhi E. Intersection,Yingge Dist,"No. 113, Guozhong St., Yingge Dist.(opposite)",500234035,15,3,20260803T221402,24.94117,121.34116,11,1,3,0,2026-08-04T00:03:42+08:00
新北市,New Taipei City,YouBike2.0_尖山路高厝巷口,鶯歌區,尖山路276-5號(旁),YouBike2.0_Gaocuo Ln. Jianshan Rd.,Yingge Dist,"No. 276-5, Jianshan Rd. (Side)",500234036,15,7,20260803T223804,24.94495,121.34102,8,1,6,1,2026-08-04T00:03:42+08:00
新北市,New Taipei City,YouBike2.0_公八停車場,鶯歌區,國華路53號(對面),YouBike2.0_Public 8th Parking Lot,Yingge Dist,"No.53, Guohua Rd. (opposite)",500234037,15,3,20260803T204102,24.95515,121.34285,12,1,3,0,2026-08-04T00:03:42+08:00
新北市,New Taipei City,YouBike2.0_龍三鳳鳴路口,鶯歌區,鳳鳴路541號,YouBike2.0_Long 3rd. Rd. & Fengming Rd. Intersection,Yingge Dist,"No. 541, Fengming Rd.",500234038,18,6,20260803T234216,24.97286,121.33137,12,1,6,0,2026-08-04T00:03:42+08:00
新北市,New Taipei City,YouBike2.0_鳳福鳳三路口,鶯歌區,鳳三路360號,YouBike2.0_Fengfu Rd. & Feng 3rd. Rd. Intersection,Yingge Dist,"No. 360, Feng 3rd Rd.",500234039,22,16,20260803T221802,24.97567,121.33143,6,1,16,0,2026-08-04T00:03:42+08:00
新北市,New Taipei City,YouBike2.0_北鶯公園,鶯歌區,成功街20巷19號(旁),YouBike2.0_Beiying Park,Yingge Dist,"No. 19, Ln. 20, Chenggong St. (Side)",500234040,15,4,20260803T230902,24.95777,121.35942,11,1,4,0,2026-08-04T00:03:42+08:00
新北市,New Taipei City,YouBike2.0_鶯歌火車站(文化路),鶯歌區,文化路/文化路115巷(北側),YouBike2.0_Yingge Station (Wenhua Rd.),Yingge Dist,"Ln. 115, Wenhua Rd. Intersection (North)",500234041,25,10,20260803T234902,24.95536,121.35697,15,1,10,0,2026-08-04T00:03:42+08:00
新北市,New Taipei City,YouBike2.0_鳳七鶯歌路口,鶯歌區,鶯歌路101-107號(旁),YouBike2.0_Feng 7th Rd. & Yingge Rd. Intersection,Yingge Dist,"No. 101-107, Yingge Rd. (Side)",500234042,11,7,20260803T222403,24.96916,121.33193,4,1,6,1,2026-08-04T00:03:42+08:00
新北市,New Taipei City,YouBike2.0_國際一路112巷口,鶯歌區,國際一路167號(前),"YouBike2.0_Ln. 112, GuoJi 1st Rd.",Yingge Dist,"No. 167, GuoJi 1st Rd. (Front)",500234043,15,6,20260803T231903,24.97667,121.33579,9,1,3,3,2026-08-04T00:03:42+08:00
新北市,New Taipei City,YouBike2.0_臺鐵鳳鳴站,鶯歌區,鳳一路/鶯歌路口,YouBike2.0_Fengming Station,Yingge Dist,Feng 1st Rd. & YingGe Rd.,500234044,40,0,20260710T070303,24.97227,121.33674,0,0,0,0,2026-08-04T00:03:42+08:00
新北市,New Taipei City,YouBike2.0_鶯歌陶瓷老街,鶯歌區,重慶街/國慶街(西南側),YouBike2.0_YingGe Old Street,Yingge Dist,ChongQing St. & GuoQing St. (Southwest),500234045,33,6,20260803T224603,24.95219,121.351,26,1,6,0,2026-08-04T00:03:42+08:00
新北市,New Taipei City,YouBike2.0_鶯歌火車站(仁愛路62號),鶯歌區,仁愛路62號(東側),"YouBike2.0_YingGe Station (No. 62, RenAi Rd.)",Yingge Dist,"No. 62, RenAi Rd. (East)",500234046,42,3,20260803T232103,24.95505,121.35407,38,1,3,0,2026-08-04T00:03:42+08:00
新北市,New Taipei City,YouBike2.0_臺鐵鳳鳴站(鶯歌路),鶯歌區,鶯歌路276號(對面),YouBike2.0_Fengming Station (YingGe Rd.),Yingge Dist,"No. 276, YingGe Rd. (Opposite)",500234047,20,12,20260803T234402,24.97189,121.33651,7,1,12,0,2026-08-04T00:03:42+08:00
新北市,New Taipei City,YouBike2.0_光明育智路口,鶯歌區,光明街126號(東南側),YouBike2.0_GuangMing St. & YuZhi Rd. Intersection,Yingge Dist,"No. 126, GuangMing St. (Southeast)",500234048,14,10,20260803T233003,24.95587,121.3456,3,1,10,0,2026-08-04T00:03:42+08:00
新北市,New Taipei City,YouBike2.0_新鳳公園,鶯歌區,鶯桃路二段60號(對側),YouBike2.0_XinFeng Park,Yingge Dist,"No. 60, Sec. 2, YingTao Rd. (Opposite)",500234049,14,4,20260803T235802,24.9732,121.32474,10,1,4,0,2026-08-04T00:03:42+08:00
新北市,New Taipei City,YouBike2.0_鳳鳴機器人公園,鶯歌區,鳳鳴路/福安街7巷24弄口,YouBike2.0_FengMing Robot Park,Yingge Dist,"FengMing Rd. & Aly. 24, Ln. 7, FuAn St.",500234050,17,2,20260803T232103,24.96618,121.33465,14,1,1,1,2026-08-04T00:03:42+08:00
新北市,New Taipei City,YouBike2.0_龍五鳳七路口,鶯歌區,龍五路/鳳七路口,YouBike2.0_Long 5th Rd. & Feng 7th Rd. Intersection,Yingge Dist,Long 5th Rd. & Feng 7th Rd. Intersection,500234051,30,13,20260803T234402,24.97043,121.33101,17,1,12,1,2026-08-04T00:03:42+08:00
新北市,New Taipei City,YouBike2.0_龍鳳夜市,鶯歌區,鳳三路/龍三路(東南側),YouBike2.0_LongFeng Night Market,Yingge Dist,Feng 3rd Rd. & Long 3rd Rd. (Southeast),500234052,30,2,20260803T234402,24.97329,121.33331,28,1,2,0,2026-08-04T00:03:42+08:00
新北市,New Taipei City,YouBike2.0_中湖市民活動中心,鶯歌區,中湖街21號,YouBike2.0_Zhonghu Civic Activity Center,Yingge Dist,"No. 21, ZhongHu St.",500234053,20,8,20260803T233503,24.97298,121.3472,11,1,7,1,2026-08-04T00:03:42+08:00
新北市,New Taipei City,YouBike2.0_鳳一鳳吉一街口,鶯歌區,鳳吉一街259號(旁),YouBike2.0_Feng 1st Rd. & FengJi 1st St. Intersection,Yingge Dist,"No. 259, FengJi 1st St. (Side)",500234054,20,5,20260803T230103,24.97677,121.3317,15,1,4,1,2026-08-04T00:03:42+08:00
新北市,New Taipei City,YouBike2.0_鳳五路122號前,鶯歌區,鳳五路122號前,"YouBike2.0_No. 122, Feng 5th Rd.",Yingge Dist,"No. 122, Feng 5th Rd. (Front)",500234055,18,15,20260803T234802,24.97316,121.32991,3,1,15,0,2026-08-04T00:03:42+08:00
新北市,New Taipei City,YouBike2.0_建國永昌街口,鶯歌區,建國路546號(對面),YouBike2.0_JianGuo Rd. & YongChang St. Intersection,Yingge Dist,"No. 546, JianGuo Rd. (Opposite)",500234056,17,4,20260803T202203,24.95031,121.33831,13,1,2,2,2026-08-04T00:03:42+08:00
新北市,New Taipei City,YouBike2.0_捷運鶯歌車站,鶯歌區,館前路300號(對側),YouBike2.0_MRT Yingge Sta.,Yingge Dist,"No. 300, GuanQian Rd. (Opposite)",500234057,34,16,20260803T233203,24.95322,121.35668,18,1,15,1,2026-08-04T00:03:42+08:00
新北市,New Taipei City,YouBike2.0_鳳三龍七路口,鶯歌區,鳳三路68號,YouBike2.0_Feng 3rd Rd. & Long 7th Rd. Intersection,Yingge Dist,"No. 68, Feng 3rd Rd.",500234058,18,7,20260803T235402,24.97204,121.33467,11,1,7,0,2026-08-04T00:03:42+08:00
新北市,New Taipei City,YouBike2.0_捷運國華站,鶯歌區,國華路45號(對側),YouBike2.0_MRT Guohua Sta.,Yingge Dist,"No. 45, GuoHua Rd. (Opposite)",500234059,24,10,20260803T230802,24.95535,121.34251,14,1,9,1,2026-08-04T00:03:42+08:00
新北市,New Taipei City,YouBike2.0_捷運陶瓷老街站,鶯歌區,捷運陶瓷老街站(重慶街側),YouBike2.0_MRT Ceramics Old Street Sta.,Yingge Dist,MRT Ceramics Old Street Sta. (ChongQing St.),500234060,36,12,20260803T224702,24.95212,121.35065,23,1,11,1,2026-08-04T00:03:42+08:00
新北市,New Taipei City,YouBike2.0_捷運永吉公園站,鶯歌區,鶯桃路296巷口,YouBike2.0_MRT Yongji Park Sta.,Yingge Dist,"Ln. 296, YingTao Rd. Intersection",500234061,47,9,20260803T232404,24.96048,121.33476,36,1,6,3,2026-08-04T00:03:42+08:00
新北市,New Taipei City,YouBike2.0_捷運鶯桃福德站,鶯歌區,福德一路20號(對側),YouBike2.0_MRT Yingtao Fude Sta.,Yingge Dist,"No. 20, FuDe 1st Rd. (Opposite)",500234062,75,3,20260803T222503,24.96704,121.33044,72,1,3,0,2026-08-04T00:03:42+08:00
新北市,New Taipei City,YouBike2.0_捷運國華站(2號出口),鶯歌區,國華路97號(對側),YouBike2.0_MRT Guohua Sta.(Exit 2),Yingge Dist,"No. 97, GuoHua Rd. (Opposite)",500234063,60,24,20260803T222004,24.95374,121.34301,35,1,22,2,2026-08-04T00:03:42+08:00
新北市,New Taipei City,YouBike2.0_鶯歌山水步道停車場,鶯歌區,觀景涼亭停車場,YouBike2.0_YingGe Riverside Trail Car Park,Yingge Dist,YingGe Riverside Trail Car Park,500234064,24,11,20260803T201603,24.93205,121.32825,13,1,9,2,2026-08-04T00:03:42+08:00
新北市,New Taipei City,YouBike2.0_鶯歌火車站(仁愛路),鶯歌區,仁愛路55號對側,YouBike2.0_Yingge Railway Station(Ren’ai Rd.),Yingge Dist,"No.55, Ren’ai Rd., Yingge Dist.(opposite)",500234001,69,7,20260804T000202,24.95559,121.35441,61,1,7,0,2026-08-04T02:03:05+08:00
新北市,New Taipei City,YouBike2.0_新北市立圖書館鶯歌分館,鶯歌區,中山路150號,YouBike2.0_New Taipei City Library Yingge Branch,Yingge Dist,"No.150, Zhongshan Rd.",500234002,20,10,20260803T235402,24.9572,121.34946,10,1,10,0,2026-08-04T02:03:05+08:00
新北市,New Taipei City,YouBike2.0_文化館前路口,鶯歌區,文化路407號旁,YouBike2.0_Yingge Ceramics Museum,Yingge Dist,"No. 407, Wenhua Rd.",500234003,44,11,20260803T235903,24.94948,121.35291,33,1,11,0,2026-08-04T02:03:05+08:00
新北市,New Taipei City,YouBike2.0_鶯歌國民運動中心,鶯歌區,館前路250號運動中心前,YouBike2.0_Yingge Civil Sports Center,Yingge Dist,"No.250, Guanqian Rd., Yingge Dist.",500234004,38,21,20260804T010602,24.95139,121.35733,15,1,18,3,2026-08-04T02:03:05+08:00
新北市,New Taipei City,YouBike2.0_尖山國中,鶯歌區,國中街1號,YouBike2.0_Municipal Jianshan Junior High School,Yingge Dist,"No.1, Guozhong St., Yingge Dist(sidewalk)",500234005,20,11,20260803T215402,24.94381,121.34207,9,1,10,1,2026-08-04T02:03:05+08:00
新北市,New Taipei City,YouBike2.0_新北市立鶯歌高級工商職業學校,鶯歌區,中正三路154號,YouBike2.0_New Taipei Municipal Yingge Vocational High School,Yingge Dist,"No. 154, Zhongzheng 3rd. Rd",500234006,56,5,20260804T010102,24.93923,121.33488,51,1,4,1,2026-08-04T02:03:05+08:00
新北市,New Taipei City,YouBike2.0_鶯歌國中,鶯歌區,鶯桃路39-5號對側,YouBike2.0_Yingge Junior High chool,Yingge Dist,"No.39-5, Yingtao Rd.(opposite)",500234007,30,3,20260804T010202,24.95119,121.34256,27,1,3,0,2026-08-04T02:03:05+08:00
新北市,New Taipei City,YouBike2.0_永吉國小,鶯歌區,德昌二街39號對側,YouBike2.0_Yongchi elementary school,Yingge Dist,"No.39, Dechang 2nd St., Yingge Dist.",500234008,20,5,20260803T212103,24.95865,121.33308,15,1,5,0,2026-08-04T02:03:05+08:00
新北市,New Taipei City,YouBike2.0_鳳祥公園,鶯歌區,鶯桃路365巷130號對側,YouBike2.0_Fengxiang Park,Yingge Dist,"No.130, Ln. 365, Yingtao Rd., Yingge Dist.",500234009,20,8,20260804T005403,24.96283,121.33025,11,1,8,0,2026-08-04T02:03:05+08:00
新北市,New Taipei City,YouBike2.0_鳳鳴國小,鶯歌區,永和街120號,YouBike2.0_Fengming Elementary School,Yingge Dist,"No.120, Yonghe St., Yingge Dist.",500234010,20,8,20260803T234902,24.9692,121.3347,11,1,8,0,2026-08-04T02:03:05+08:00
新北市,New Taipei City,YouBike2.0_國際二國際一路口,鶯歌區,國際二路與國際一路口,YouBike2.0_Guoji 2nd Guoji 1st Intersection,Yingge Dist,"Guoji 2nd Rd./Guoji 1st Rd., Yingge Dist.",500234011,20,11,20260803T210903,24.97577,121.3353,9,1,11,0,2026-08-04T02:03:05+08:00
新北市,New Taipei City,YouBike2.0_鳳福公園,鶯歌區,鳳吉一街186號(對面),YouBike2.0_Fengfu Park,Yingge Dist,"No. 186, Fengji 1st St., Yingge Dist.(opposite)",500234012,20,11,20260804T010304,24.97572,121.32938,8,1,10,1,2026-08-04T02:03:05+08:00
新北市,New Taipei City,YouBike2.0_尖山公園,鶯歌區,鶯歌區尖山路161號對面,YouBike2.0_Jianshan Park,Yingge Dist,"No.161, Jianshan Rd.(opposite)",500234013,29,21,20260804T004217,24.9482,121.346,7,1,18,3,2026-08-04T02:03:05+08:00
新北市,New Taipei City,YouBike2.0_永昌里兒一公園,鶯歌區,鶯桃路182巷96弄36-38號對側,YouBike2.0_Yongchang Village Children Park (No.1),Yingge Dist,"No.36-38, Aly. 96, Ln. 182, Yingtao Rd.(oppsite)",500234014,20,3,20260803T211904,24.956649374562204,121.33959628800724,17,0,2,1,2026-08-04T02:03:05+08:00
新北市,New Taipei City,YouBike2.0_南雅育智路口,鶯歌區,南雅路491號(對面),YouBike2.0_Nanya & Yuzhi Rd. Intersection,Yingge Dist,"No.491, Nanya Rd., Yingge Dist.(opposite)",500234015,22,7,20260804T005903,24.954,121.346,15,1,7,0,2026-08-04T02:03:05+08:00
新北市,New Taipei City,YouBike2.0_國中二甲路口,鶯歌區,國中街175號(前),YouBike2.0_Guozhong & Erjia Intersection,Yingge Dist,"No. 175, Guozhong St., Yingge Dist.",500234016,20,15,20260804T013203,24.939489067109363,121.33868650698288,5,1,11,4,2026-08-04T02:03:05+08:00
新北市,New Taipei City,YouBike2.0_鶯歌永利街,鶯歌區,永利街16號(對面),YouBike2.0_Yingge Yongli St.,Yingge Dist,"No. 16, Yongli St. Yingge Dist.",500234017,15,8,20260804T013302,24.95495,121.33911,5,1,5,3,2026-08-04T02:03:05+08:00
新北市,New Taipei City,YouBike2.0_二橋虹橋公園,鶯歌區,中正三路400號(對面),YouBike2.0_Erqiaoshiguanghongqiao Park,Yingge Dist,"No. 400, Zhongzheng 3rd Rd.(Opposite)",500234018,10,6,20260803T191302,24.93453,121.32595,4,1,4,2,2026-08-04T02:03:05+08:00
新北市,New Taipei City,YouBike2.0_鳳吉四鳳七路口(捷士匯社區),鶯歌區,鳳吉四街57-75號(旁),YouBike2.0_Fengji 4th & Feng 7th Rd. Intersection,Yingge Dist,"No. 57-75, Fengji 4th St.",500234021,40,25,20260804T014202,24.97383,121.32769,15,1,22,3,2026-08-04T02:03:05+08:00
新北市,New Taipei City,YouBike2.0_鶯歌老街第二停車場,鶯歌區,尖山埔路27-31號(對面),YouBike2.0_Yingge Old Street 2nd Parking Lot,Yingge Dist,"No. 27-31, Jianshanpu Rd.(Opposite)",500234022,20,16,20260804T012202,24.94895,121.34227,4,1,16,0,2026-08-04T02:03:05+08:00
新北市,New Taipei City,YouBike2.0_建國中正一路口(北鶯社區),鶯歌區,建國路6號(對面空地),YouBike2.0_Jianguo Zhongzheng 1st Rd. Intersection,Yingge Dist,"No. 6, Jianguo Rd.(Opposite)",500234023,20,1,20260803T222202,24.95658,121.35692,19,1,1,0,2026-08-04T02:03:05+08:00
新北市,New Taipei City,YouBike2.0_三鶯水資源回收中心,鶯歌區,館前路360號(旁),YouBike2.0_Sanying Water Recycling Center,Yingge Dist,"No. 360, Guanqian Rd.",500234024,14,6,20260803T214104,24.95535,121.35996,8,1,6,0,2026-08-04T02:03:05+08:00
新北市,New Taipei City,YouBike2.0_永和街65巷口,鶯歌區,永和街75號,"YouBike2.0_Ln. 65, Yonghe St. Intersection",Yingge Dist,"No. 75, Yonghe St.",500234025,37,14,20260804T000502,24.96798,121.3331413,23,1,12,2,2026-08-04T02:03:05+08:00
新北市,New Taipei City,YouBike2.0_鶯歌陶瓷博物館,鶯歌區,文化路200號(旁),YouBike2.0_Yingge Ceramics Museum(Wenhua Rd.),Yingge Dist,"No. 200, Wenhua Rd.",500234026,22,13,20260803T233802,24.95012,121.35245,8,1,13,0,2026-08-04T02:03:05+08:00
新北市,New Taipei City,YouBike2.0_礫間停車場,鶯歌區,礫間停車場,YouBike2.0_Lijian Parking,Yingge Dist,Lijian Parking,500234028,20,13,20260803T204603,24.9518,121.35445,7,1,13,0,2026-08-04T02:03:05+08:00
新北市,New Taipei City,YouBike2.0_北鶯停車場,鶯歌區,北鶯停車場,YouBike2.0_Beiying Parking,Yingge Dist,Beiying Parking,500234029,20,2,20260803T204204,24.95567,121.35992,17,1,2,0,2026-08-04T02:03:05+08:00
新北市,New Taipei City,YouBike2.0_育英建國路口,鶯歌區,建國路280號(旁),YouBike2.0_Yuying Jianguo Rd. Intersection,Yingge Dist,"No. 280, Jianguo Rd.",500234030,12,9,20260804T003302,24.95356,121.34693,3,1,9,0,2026-08-04T02:03:05+08:00
新北市,New Taipei City,YouBike2.0_中正一仁愛路口,鶯歌區,中正一路181號(對面),YouBike2.0_Zhongzheng 1st & Ren'ai Rd Intersection,Yingge Dist,"No. 181, Zhongzheng 1st Rd.(Opposite)",500234031,15,5,20260804T001702,24.95672,121.3532,10,1,5,0,2026-08-04T02:03:05+08:00
新北市,New Taipei City,YouBike2.0_建國國小,鶯歌區,育英街19號(旁),YouBike2.0_Jianguo Elementary School,Yingge Dist,"No. 19, Yuying St.",500234032,15,8,20260804T013603,24.95521,121.34727,6,1,8,0,2026-08-04T02:03:05+08:00
新北市,New Taipei City,YouBike2.0_光明橋,鶯歌區,永明街78號(旁),YouBike2.0_Guang-ming bridge,Yingge Dist,"No. 78, Yongming St., Yingge Dist.(side)",500234033,14,8,20260804T005302,24.95577,121.34128,5,1,7,1,2026-08-04T02:03:05+08:00
新北市,New Taipei City,YouBike2.0_二橋派出所,鶯歌區,高職西街/中正三路口(西北側),YouBike2.0_Erqiao Police Station,Yingge Dist,"Gaozhi W. St. & Zhongzheng 3rd Rd., Yingge Dist. (west side)",500234034,11,6,20260804T012802,24.94216,121.33884,5,1,4,2,2026-08-04T02:03:05+08:00
新北市,New Taipei City,YouBike2.0_國中高職東街口,鶯歌區,國中路113至117-3號(對面),YouBike2.0_Guozhong & Gaozhi E. Intersection,Yingge Dist,"No. 113, Guozhong St., Yingge Dist.(opposite)",500234035,15,3,20260803T221402,24.94117,121.34116,11,1,3,0,2026-08-04T02:03:05+08:00
新北市,New Taipei City,YouBike2.0_尖山路高厝巷口,鶯歌區,尖山路276-5號(旁),YouBike2.0_Gaocuo Ln. Jianshan Rd.,Yingge Dist,"No. 276-5, Jianshan Rd. (Side)",500234036,15,5,20260804T013302,24.94495,121.34102,8,1,4,1,2026-08-04T02:03:05+08:00
新北市,New Taipei City,YouBike2.0_公八停車場,鶯歌區,國華路53號(對面),YouBike2.0_Public 8th Parking Lot,Yingge Dist,"No.53, Guohua Rd. (opposite)",500234037,15,4,20260804T010304,24.95515,121.34285,11,1,4,0,2026-08-04T02:03:05+08:00
新北市,New Taipei City,YouBike2.0_龍三鳳鳴路口,鶯歌區,鳳鳴路541號,YouBike2.0_Long 3rd. Rd. & Fengming Rd. Intersection,Yingge Dist,"No. 541, Fengming Rd.",500234038,18,6,20260804T003603,24.97286,121.33137,12,1,6,0,2026-08-04T02:03:05+08:00
新北市,New Taipei City,YouBike2.0_鳳福鳳三路口,鶯歌區,鳳三路360號,YouBike2.0_Fengfu Rd. & Feng 3rd. Rd. Intersection,Yingge Dist,"No. 360, Feng 3rd Rd.",500234039,22,19,20260804T013504,24.97567,121.33143,3,1,19,0,2026-08-04T02:03:05+08:00
新北市,New Taipei City,YouBike2.0_北鶯公園,鶯歌區,成功街20巷19號(旁),YouBike2.0_Beiying Park,Yingge Dist,"No. 19, Ln. 20, Chenggong St. (Side)",500234040,15,4,20260803T230902,24.95777,121.35942,11,1,4,0,2026-08-04T02:03:05+08:00
新北市,New Taipei City,YouBike2.0_鶯歌火車站(文化路),鶯歌區,文化路/文化路115巷(北側),YouBike2.0_Yingge Station (Wenhua Rd.),Yingge Dist,"Ln. 115, Wenhua Rd. Intersection (North)",500234041,25,10,20260803T234902,24.95536,121.35697,15,1,10,0,2026-08-04T02:03:05+08:00
新北市,New Taipei City,YouBike2.0_鳳七鶯歌路口,鶯歌區,鶯歌路101-107號(旁),YouBike2.0_Feng 7th Rd. & Yingge Rd. Intersection,Yingge Dist,"No. 101-107, Yingge Rd. (Side)",500234042,11,7,20260803T222403,24.96916,121.33193,4,1,6,1,2026-08-04T02:03:05+08:00
新北市,New Taipei City,YouBike2.0_國際一路112巷口,鶯歌區,國際一路167號(前),"YouBike2.0_Ln. 112, GuoJi 1st Rd.",Yingge Dist,"No. 167, GuoJi 1st Rd. (Front)",500234043,15,6,20260803T231903,24.97667,121.33579,9,1,3,3,2026-08-04T02:03:05+08:00
新北市,New Taipei City,YouBike2.0_臺鐵鳳鳴站,鶯歌區,鳳一路/鶯歌路口,YouBike2.0_Fengming Station,Yingge Dist,Feng 1st Rd. & YingGe Rd.,500234044,40,0,20260710T070303,24.97227,121.33674,0,0,0,0,2026-08-04T02:03:05+08:00
新北市,New Taipei City,YouBike2.0_鶯歌陶瓷老街,鶯歌區,重慶街/國慶街(西南側),YouBike2.0_YingGe Old Street,Yingge Dist,ChongQing St. & GuoQing St. (Southwest),500234045,33,6,20260803T224603,24.95219,121.351,26,1,6,0,2026-08-04T02:03:05+08:00
新北市,New Taipei City,YouBike2.0_鶯歌火車站(仁愛路62號),鶯歌區,仁愛路62號(東側),"YouBike2.0_YingGe Station (No. 62, RenAi Rd.)",Yingge Dist,"No. 62, RenAi Rd. (East)",500234046,42,3,20260803T232103,24.95505,121.35407,38,1,3,0,2026-08-04T02:03:05+08:00
新北市,New Taipei City,YouBike2.0_臺鐵鳳鳴站(鶯歌路),鶯歌區,鶯歌路276號(對面),YouBike2.0_Fengming Station (YingGe Rd.),Yingge Dist,"No. 276, YingGe Rd. (Opposite)",500234047,20,9,20260804T001503,24.97189,121.33651,10,1,9,0,2026-08-04T02:03:05+08:00
新北市,New Taipei City,YouBike2.0_光明育智路口,鶯歌區,光明街126號(東南側),YouBike2.0_GuangMing St. & YuZhi Rd. Intersection,Yingge Dist,"No. 126, GuangMing St. (Southeast)",500234048,14,7,20260804T010902,24.95587,121.3456,6,1,7,0,2026-08-04T02:03:05+08:00
新北市,New Taipei City,YouBike2.0_新鳳公園,鶯歌區,鶯桃路二段60號(對側),YouBike2.0_XinFeng Park,Yingge Dist,"No. 60, Sec. 2, YingTao Rd. (Opposite)",500234049,14,3,20260804T000004,24.9732,121.32474,11,1,3,0,2026-08-04T02:03:05+08:00
新北市,New Taipei City,YouBike2.0_鳳鳴機器人公園,鶯歌區,鳳鳴路/福安街7巷24弄口,YouBike2.0_FengMing Robot Park,Yingge Dist,"FengMing Rd. & Aly. 24, Ln. 7, FuAn St.",500234050,17,2,20260803T232103,24.96618,121.33465,14,1,1,1,2026-08-04T02:03:05+08:00
新北市,New Taipei City,YouBike2.0_龍五鳳七路口,鶯歌區,龍五路/鳳七路口,YouBike2.0_Long 5th Rd. & Feng 7th Rd. Intersection,Yingge Dist,Long 5th Rd. & Feng 7th Rd. Intersection,500234051,30,13,20260803T234402,24.97043,121.33101,17,1,12,1,2026-08-04T02:03:05+08:00
新北市,New Taipei City,YouBike2.0_龍鳳夜市,鶯歌區,鳳三路/龍三路(東南側),YouBike2.0_LongFeng Night Market,Yingge Dist,Feng 3rd Rd. & Long 3rd Rd. (Southeast),500234052,30,2,20260804T013504,24.97329,121.33331,28,1,2,0,2026-08-04T02:03:05+08:00
新北市,New Taipei City,YouBike2.0_中湖市民活動中心,鶯歌區,中湖街21號,YouBike2.0_Zhonghu Civic Activity Center,Yingge Dist,"No. 21, ZhongHu St.",500234053,20,8,20260803T233503,24.97298,121.3472,11,1,7,1,2026-08-04T02:03:05+08:00
新北市,New Taipei City,YouBike2.0_鳳一鳳吉一街口,鶯歌區,鳳吉一街259號(旁),YouBike2.0_Feng 1st Rd. & FengJi 1st St. Intersection,Yingge Dist,"No. 259, FengJi 1st St. (Side)",500234054,20,5,20260804T004003,24.97677,121.3317,15,1,4,1,2026-08-04T02:03:05+08:00
新北市,New Taipei City,YouBike2.0_鳳五路122號前,鶯歌區,鳳五路122號前,"YouBike2.0_No. 122, Feng 5th Rd.",Yingge Dist,"No. 122, Feng 5th Rd. (Front)",500234055,18,15,20260803T234802,24.97316,121.32991,3,1,15,0,2026-08-04T02:03:05+08:00
新北市,New Taipei City,YouBike2.0_建國永昌街口,鶯歌區,建國路546號(對面),YouBike2.0_JianGuo Rd. & YongChang St. Intersection,Yingge Dist,"No. 546, JianGuo Rd. (Opposite)",500234056,17,4,20260803T202203,24.95031,121.33831,13,1,2,2,2026-08-04T02:03:05+08:00
新北市,New Taipei City,YouBike2.0_捷運鶯歌車站,鶯歌區,館前路300號(對側),YouBike2.0_MRT Yingge Sta.,Yingge Dist,"No. 300, GuanQian Rd. (Opposite)",500234057,34,16,20260803T233203,24.95322,121.35668,18,1,15,1,2026-08-04T02:03:05+08:00
新北市,New Taipei City,YouBike2.0_鳳三龍七路口,鶯歌區,鳳三路68號,YouBike2.0_Feng 3rd Rd. & Long 7th Rd. Intersection,Yingge Dist,"No. 68, Feng 3rd Rd.",500234058,18,7,20260803T235402,24.97204,121.33467,11,1,7,0,2026-08-04T02:03:05+08:00
新北市,New Taipei City,YouBike2.0_捷運國華站,鶯歌區,國華路45號(對側),YouBike2.0_MRT Guohua Sta.,Yingge Dist,"No. 45, GuoHua Rd. (Opposite)",500234059,24,10,20260803T230802,24.95535,121.34251,14,1,9,1,2026-08-04T02:03:05+08:00
新北市,New Taipei City,YouBike2.0_捷運陶瓷老街站,鶯歌區,捷運陶瓷老街站(重慶街側),YouBike2.0_MRT Ceramics Old Street Sta.,Yingge Dist,MRT Ceramics Old Street Sta. (ChongQing St.),500234060,36,12,20260803T224702,24.95212,121.35065,23,1,11,1,2026-08-04T02:03:05+08:00
新北市,New Taipei City,YouBike2.0_捷運永吉公園站,鶯歌區,鶯桃路296巷口,YouBike2.0_MRT Yongji Park Sta.,Yingge Dist,"Ln. 296, YingTao Rd. Intersection",500234061,47,6,20260804T011802,24.96048,121.33476,39,1,2,4,2026-08-04T02:03:05+08:00
新北市,New Taipei City,YouBike2.0_捷運鶯桃福德站,鶯歌區,福德一路20號(對側),YouBike2.0_MRT Yingtao Fude Sta.,Yingge Dist,"No. 20, FuDe 1st Rd. (Opposite)",500234062,75,1,20260804T012802,24.96704,121.33044,74,1,1,0,2026-08-04T02:03:05+08:00
新北市,New Taipei City,YouBike2.0_捷運國華站(2號出口),鶯歌區,國華路97號(對側),YouBike2.0_MRT Guohua Sta.(Exit 2),Yingge Dist,"No. 97, GuoHua Rd. (Opposite)",500234063,60,24,20260803T222004,24.95374,121.34301,35,1,22,2,2026-08-04T02:03:05+08:00
新北市,New Taipei City,YouBike2.0_鶯歌山水步道停車場,鶯歌區,觀景涼亭停車場,YouBike2.0_YingGe Riverside Trail Car Park,Yingge Dist,YingGe Riverside Trail Car Park,500234064,24,11,20260803T201603,24.93205,121.32825,13,1,9,2,2026-08-04T02:03:05+08:00
新北市,New Taipei City,YouBike2.0_鶯歌火車站(仁愛路),鶯歌區,仁愛路55號對側,YouBike2.0_Yingge Railway Station(Ren’ai Rd.),Yingge Dist,"No.55, Ren’ai Rd., Yingge Dist.(opposite)",500234001,69,7,20260804T000202,24.95559,121.35441,61,1,7,0,2026-08-04T03:55:08+08:00
新北市,New Taipei City,YouBike2.0_新北市立圖書館鶯歌分館,鶯歌區,中山路150號,YouBike2.0_New Taipei City Library Yingge Branch,Yingge Dist,"No.150, Zhongshan Rd.",500234002,20,11,20260804T031703,24.9572,121.34946,9,1,11,0,2026-08-04T03:55:08+08:00
新北市,New Taipei City,YouBike2.0_文化館前路口,鶯歌區,文化路407號旁,YouBike2.0_Yingge Ceramics Museum,Yingge Dist,"No. 407, Wenhua Rd.",500234003,44,11,20260803T235903,24.94948,121.35291,33,1,11,0,2026-08-04T03:55:08+08:00
新北市,New Taipei City,YouBike2.0_鶯歌國民運動中心,鶯歌區,館前路250號運動中心前,YouBike2.0_Yingge Civil Sports Center,Yingge Dist,"No.250, Guanqian Rd., Yingge Dist.",500234004,38,24,20260804T033703,24.95139,121.35733,12,1,19,5,2026-08-04T03:55:08+08:00
新北市,New Taipei City,YouBike2.0_尖山國中,鶯歌區,國中街1號,YouBike2.0_Municipal Jianshan Junior High School,Yingge Dist,"No.1, Guozhong St., Yingge Dist(sidewalk)",500234005,20,11,20260803T215402,24.94381,121.34207,9,1,10,1,2026-08-04T03:55:08+08:00
新北市,New Taipei City,YouBike2.0_新北市立鶯歌高級工商職業學校,鶯歌區,中正三路154號,YouBike2.0_New Taipei Municipal Yingge Vocational High School,Yingge Dist,"No. 154, Zhongzheng 3rd. Rd",500234006,56,5,20260804T010102,24.93923,121.33488,51,1,4,1,2026-08-04T03:55:08+08:00
新北市,New Taipei City,YouBike2.0_鶯歌國中,鶯歌區,鶯桃路39-5號對側,YouBike2.0_Yingge Junior High chool,Yingge Dist,"No.39-5, Yingtao Rd.(opposite)",500234007,30,3,20260804T010202,24.95119,121.34256,27,1,3,0,2026-08-04T03:55:08+08:00
新北市,New Taipei City,YouBike2.0_永吉國小,鶯歌區,德昌二街39號對側,YouBike2.0_Yongchi elementary school,Yingge Dist,"No.39, Dechang 2nd St., Yingge Dist.",500234008,20,6,20260804T020902,24.95865,121.33308,14,1,6,0,2026-08-04T03:55:08+08:00
新北市,New Taipei City,YouBike2.0_鳳祥公園,鶯歌區,鶯桃路365巷130號對側,YouBike2.0_Fengxiang Park,Yingge Dist,"No.130, Ln. 365, Yingtao Rd., Yingge Dist.",500234009,20,8,20260804T005403,24.96283,121.33025,11,1,8,0,2026-08-04T03:55:08+08:00
新北市,New Taipei City,YouBike2.0_鳳鳴國小,鶯歌區,永和街120號,YouBike2.0_Fengming Elementary School,Yingge Dist,"No.120, Yonghe St., Yingge Dist.",500234010,20,8,20260803T234902,24.9692,121.3347,11,1,8,0,2026-08-04T03:55:08+08:00
新北市,New Taipei City,YouBike2.0_國際二國際一路口,鶯歌區,國際二路與國際一路口,YouBike2.0_Guoji 2nd Guoji 1st Intersection,Yingge Dist,"Guoji 2nd Rd./Guoji 1st Rd., Yingge Dist.",500234011,20,11,20260803T210903,24.97577,121.3353,9,1,11,0,2026-08-04T03:55:08+08:00
新北市,New Taipei City,YouBike2.0_鳳福公園,鶯歌區,鳳吉一街186號(對面),YouBike2.0_Fengfu Park,Yingge Dist,"No. 186, Fengji 1st St., Yingge Dist.(opposite)",500234012,20,10,20260804T031703,24.97572,121.32938,9,1,9,1,2026-08-04T03:55:08+08:00
新北市,New Taipei City,YouBike2.0_尖山公園,鶯歌區,鶯歌區尖山路161號對面,YouBike2.0_Jianshan Park,Yingge Dist,"No.161, Jianshan Rd.(opposite)",500234013,29,21,20260804T004217,24.9482,121.346,7,1,18,3,2026-08-04T03:55:08+08:00
新北市,New Taipei City,YouBike2.0_永昌里兒一公園,鶯歌區,鶯桃路182巷96弄36-38號對側,YouBike2.0_Yongchang Village Children Park (No.1),Yingge Dist,"No.36-38, Aly. 96, Ln. 182, Yingtao Rd.(oppsite)",500234014,20,3,20260803T211904,24.956649374562204,121.33959628800724,17,0,2,1,2026-08-04T03:55:08+08:00
新北市,New Taipei City,YouBike2.0_南雅育智路口,鶯歌區,南雅路491號(對面),YouBike2.0_Nanya & Yuzhi Rd. Intersection,Yingge Dist,"No.491, Nanya Rd., Yingge Dist.(opposite)",500234015,22,7,20260804T005903,24.954,121.346,15,1,7,0,2026-08-04T03:55:08+08:00
新北市,New Taipei City,YouBike2.0_國中二甲路口,鶯歌區,國中街175號(前),YouBike2.0_Guozhong & Erjia Intersection,Yingge Dist,"No. 175, Guozhong St., Yingge Dist.",500234016,20,15,20260804T013203,24.939489067109363,121.33868650698288,5,1,11,4,2026-08-04T03:55:08+08:00
新北市,New Taipei City,YouBike2.0_鶯歌永利街,鶯歌區,永利街16號(對面),YouBike2.0_Yingge Yongli St.,Yingge Dist,"No. 16, Yongli St. Yingge Dist.",500234017,15,8,20260804T013302,24.95495,121.33911,5,1,5,3,2026-08-04T03:55:08+08:00
新北市,New Taipei City,YouBike2.0_二橋虹橋公園,鶯歌區,中正三路400號(對面),YouBike2.0_Erqiaoshiguanghongqiao Park,Yingge Dist,"No. 400, Zhongzheng 3rd Rd.(Opposite)",500234018,10,6,20260803T191302,24.93453,121.32595,4,1,4,2,2026-08-04T03:55:08+08:00
新北市,New Taipei City,YouBike2.0_鳳吉四鳳七路口(捷士匯社區),鶯歌區,鳳吉四街57-75號(旁),YouBike2.0_Fengji 4th & Feng 7th Rd. Intersection,Yingge Dist,"No. 57-75, Fengji 4th St.",500234021,40,25,20260804T014202,24.97383,121.32769,15,1,22,3,2026-08-04T03:55:08+08:00
新北市,New Taipei City,YouBike2.0_鶯歌老街第二停車場,鶯歌區,尖山埔路27-31號(對面),YouBike2.0_Yingge Old Street 2nd Parking Lot,Yingge Dist,"No. 27-31, Jianshanpu Rd.(Opposite)",500234022,20,16,20260804T012202,24.94895,121.34227,4,1,16,0,2026-08-04T03:55:08+08:00
新北市,New Taipei City,YouBike2.0_建國中正一路口(北鶯社區),鶯歌區,建國路6號(對面空地),YouBike2.0_Jianguo Zhongzheng 1st Rd. Intersection,Yingge Dist,"No. 6, Jianguo Rd.(Opposite)",500234023,20,1,20260803T222202,24.95658,121.35692,19,1,1,0,2026-08-04T03:55:08+08:00
新北市,New Taipei City,YouBike2.0_三鶯水資源回收中心,鶯歌區,館前路360號(旁),YouBike2.0_Sanying Water Recycling Center,Yingge Dist,"No. 360, Guanqian Rd.",500234024,14,6,20260803T214104,24.95535,121.35996,8,1,6,0,2026-08-04T03:55:08+08:00
新北市,New Taipei City,YouBike2.0_永和街65巷口,鶯歌區,永和街75號,"YouBike2.0_Ln. 65, Yonghe St. Intersection",Yingge Dist,"No. 75, Yonghe St.",500234025,37,15,20260804T025903,24.96798,121.3331413,22,1,13,2,2026-08-04T03:55:08+08:00
新北市,New Taipei City,YouBike2.0_鶯歌陶瓷博物館,鶯歌區,文化路200號(旁),YouBike2.0_Yingge Ceramics Museum(Wenhua Rd.),Yingge Dist,"No. 200, Wenhua Rd.",500234026,22,13,20260803T233802,24.95012,121.35245,8,1,13,0,2026-08-04T03:55:08+08:00
新北市,New Taipei City,YouBike2.0_礫間停車場,鶯歌區,礫間停車場,YouBike2.0_Lijian Parking,Yingge Dist,Lijian Parking,500234028,20,13,20260803T204603,24.9518,121.35445,7,1,13,0,2026-08-04T03:55:08+08:00
新北市,New Taipei City,YouBike2.0_北鶯停車場,鶯歌區,北鶯停車場,YouBike2.0_Beiying Parking,Yingge Dist,Beiying Parking,500234029,20,2,20260803T204204,24.95567,121.35992,17,1,2,0,2026-08-04T03:55:08+08:00
新北市,New Taipei City,YouBike2.0_育英建國路口,鶯歌區,建國路280號(旁),YouBike2.0_Yuying Jianguo Rd. Intersection,Yingge Dist,"No. 280, Jianguo Rd.",500234030,12,9,20260804T003302,24.95356,121.34693,3,1,9,0,2026-08-04T03:55:08+08:00
新北市,New Taipei City,YouBike2.0_中正一仁愛路口,鶯歌區,中正一路181號(對面),YouBike2.0_Zhongzheng 1st & Ren'ai Rd Intersection,Yingge Dist,"No. 181, Zhongzheng 1st Rd.(Opposite)",500234031,15,4,20260804T021003,24.95672,121.3532,11,1,4,0,2026-08-04T03:55:08+08:00
新北市,New Taipei City,YouBike2.0_建國國小,鶯歌區,育英街19號(旁),YouBike2.0_Jianguo Elementary School,Yingge Dist,"No. 19, Yuying St.",500234032,15,8,20260804T013603,24.95521,121.34727,6,1,8,0,2026-08-04T03:55:08+08:00
新北市,New Taipei City,YouBike2.0_光明橋,鶯歌區,永明街78號(旁),YouBike2.0_Guang-ming bridge,Yingge Dist,"No. 78, Yongming St., Yingge Dist.(side)",500234033,14,8,20260804T005302,24.95577,121.34128,5,1,7,1,2026-08-04T03:55:08+08:00
新北市,New Taipei City,YouBike2.0_二橋派出所,鶯歌區,高職西街/中正三路口(西北側),YouBike2.0_Erqiao Police Station,Yingge Dist,"Gaozhi W. St. & Zhongzheng 3rd Rd., Yingge Dist. (west side)",500234034,11,6,20260804T012802,24.94216,121.33884,5,1,4,2,2026-08-04T03:55:08+08:00
新北市,New Taipei City,YouBike2.0_國中高職東街口,鶯歌區,國中路113至117-3號(對面),YouBike2.0_Guozhong & Gaozhi E. Intersection,Yingge Dist,"No. 113, Guozhong St., Yingge Dist.(opposite)",500234035,15,3,20260803T221402,24.94117,121.34116,11,1,3,0,2026-08-04T03:55:08+08:00
新北市,New Taipei City,YouBike2.0_尖山路高厝巷口,鶯歌區,尖山路276-5號(旁),YouBike2.0_Gaocuo Ln. Jianshan Rd.,Yingge Dist,"No. 276-5, Jianshan Rd. (Side)",500234036,15,5,20260804T013302,24.94495,121.34102,8,1,4,1,2026-08-04T03:55:08+08:00
新北市,New Taipei City,YouBike2.0_公八停車場,鶯歌區,國華路53號(對面),YouBike2.0_Public 8th Parking Lot,Yingge Dist,"No.53, Guohua Rd. (opposite)",500234037,15,4,20260804T010304,24.95515,121.34285,11,1,4,0,2026-08-04T03:55:08+08:00
新北市,New Taipei City,YouBike2.0_龍三鳳鳴路口,鶯歌區,鳳鳴路541號,YouBike2.0_Long 3rd. Rd. & Fengming Rd. Intersection,Yingge Dist,"No. 541, Fengming Rd.",500234038,18,6,20260804T033303,24.97286,121.33137,12,1,6,0,2026-08-04T03:55:08+08:00
新北市,New Taipei City,YouBike2.0_鳳福鳳三路口,鶯歌區,鳳三路360號,YouBike2.0_Fengfu Rd. & Feng 3rd. Rd. Intersection,Yingge Dist,"No. 360, Feng 3rd Rd.",500234039,22,19,20260804T025403,24.97567,121.33143,3,1,19,0,2026-08-04T03:55:08+08:00
新北市,New Taipei City,YouBike2.0_北鶯公園,鶯歌區,成功街20巷19號(旁),YouBike2.0_Beiying Park,Yingge Dist,"No. 19, Ln. 20, Chenggong St. (Side)",500234040,15,4,20260803T230902,24.95777,121.35942,11,1,4,0,2026-08-04T03:55:08+08:00
新北市,New Taipei City,YouBike2.0_鶯歌火車站(文化路),鶯歌區,文化路/文化路115巷(北側),YouBike2.0_Yingge Station (Wenhua Rd.),Yingge Dist,"Ln. 115, Wenhua Rd. Intersection (North)",500234041,25,11,20260804T021402,24.95536,121.35697,14,1,11,0,2026-08-04T03:55:08+08:00
新北市,New Taipei City,YouBike2.0_鳳七鶯歌路口,鶯歌區,鶯歌路101-107號(旁),YouBike2.0_Feng 7th Rd. & Yingge Rd. Intersection,Yingge Dist,"No. 101-107, Yingge Rd. (Side)",500234042,11,7,20260804T020704,24.96916,121.33193,4,1,6,1,2026-08-04T03:55:08+08:00
新北市,New Taipei City,YouBike2.0_國際一路112巷口,鶯歌區,國際一路167號(前),"YouBike2.0_Ln. 112, GuoJi 1st Rd.",Yingge Dist,"No. 167, GuoJi 1st Rd. (Front)",500234043,15,6,20260803T231903,24.97667,121.33579,9,1,3,3,2026-08-04T03:55:08+08:00
新北市,New Taipei City,YouBike2.0_臺鐵鳳鳴站,鶯歌區,鳳一路/鶯歌路口,YouBike2.0_Fengming Station,Yingge Dist,Feng 1st Rd. & YingGe Rd.,500234044,40,0,20260710T070303,24.97227,121.33674,0,0,0,0,2026-08-04T03:55:08+08:00
新北市,New Taipei City,YouBike2.0_鶯歌陶瓷老街,鶯歌區,重慶街/國慶街(西南側),YouBike2.0_YingGe Old Street,Yingge Dist,ChongQing St. & GuoQing St. (Southwest),500234045,33,6,20260803T224603,24.95219,121.351,26,1,6,0,2026-08-04T03:55:08+08:00
新北市,New Taipei City,YouBike2.0_鶯歌火車站(仁愛路62號),鶯歌區,仁愛路62號(東側),"YouBike2.0_YingGe Station (No. 62, RenAi Rd.)",Yingge Dist,"No. 62, RenAi Rd. (East)",500234046,42,3,20260803T232103,24.95505,121.35407,38,1,3,0,2026-08-04T03:55:08+08:00
新北市,New Taipei City,YouBike2.0_臺鐵鳳鳴站(鶯歌路),鶯歌區,鶯歌路276號(對面),YouBike2.0_Fengming Station (YingGe Rd.),Yingge Dist,"No. 276, YingGe Rd. (Opposite)",500234047,20,9,20260804T001503,24.97189,121.33651,10,1,9,0,2026-08-04T03:55:08+08:00
新北市,New Taipei City,YouBike2.0_光明育智路口,鶯歌區,光明街126號(東南側),YouBike2.0_GuangMing St. & YuZhi Rd. Intersection,Yingge Dist,"No. 126, GuangMing St. (Southeast)",500234048,14,7,20260804T010902,24.95587,121.3456,6,1,7,0,2026-08-04T03:55:08+08:00
新北市,New Taipei City,YouBike2.0_新鳳公園,鶯歌區,鶯桃路二段60號(對側),YouBike2.0_XinFeng Park,Yingge Dist,"No. 60, Sec. 2, YingTao Rd. (Opposite)",500234049,14,3,20260804T000004,24.9732,121.32474,11,1,3,0,2026-08-04T03:55:08+08:00
新北市,New Taipei City,YouBike2.0_鳳鳴機器人公園,鶯歌區,鳳鳴路/福安街7巷24弄口,YouBike2.0_FengMing Robot Park,Yingge Dist,"FengMing Rd. & Aly. 24, Ln. 7, FuAn St.",500234050,17,2,20260803T232103,24.96618,121.33465,14,1,1,1,2026-08-04T03:55:08+08:00
新北市,New Taipei City,YouBike2.0_龍五鳳七路口,鶯歌區,龍五路/鳳七路口,YouBike2.0_Long 5th Rd. & Feng 7th Rd. Intersection,Yingge Dist,Long 5th Rd. & Feng 7th Rd. Intersection,500234051,30,13,20260804T023303,24.97043,121.33101,17,1,12,1,2026-08-04T03:55:08+08:00
新北市,New Taipei City,YouBike2.0_龍鳳夜市,鶯歌區,鳳三路/龍三路(東南側),YouBike2.0_LongFeng Night Market,Yingge Dist,Feng 3rd Rd. & Long 3rd Rd. (Southeast),500234052,30,2,20260804T013504,24.97329,121.33331,28,1,2,0,2026-08-04T03:55:08+08:00
新北市,New Taipei City,YouBike2.0_中湖市民活動中心,鶯歌區,中湖街21號,YouBike2.0_Zhonghu Civic Activity Center,Yingge Dist,"No. 21, ZhongHu St.",500234053,20,8,20260803T233503,24.97298,121.3472,11,1,7,1,2026-08-04T03:55:08+08:00
新北市,New Taipei City,YouBike2.0_鳳一鳳吉一街口,鶯歌區,鳳吉一街259號(旁),YouBike2.0_Feng 1st Rd. & FengJi 1st St. Intersection,Yingge Dist,"No. 259, FengJi 1st St. (Side)",500234054,20,5,20260804T004003,24.97677,121.3317,15,1,4,1,2026-08-04T03:55:08+08:00
新北市,New Taipei City,YouBike2.0_鳳五路122號前,鶯歌區,鳳五路122號前,"YouBike2.0_No. 122, Feng 5th Rd.",Yingge Dist,"No. 122, Feng 5th Rd. (Front)",500234055,18,15,20260803T234802,24.97316,121.32991,3,1,15,0,2026-08-04T03:55:08+08:00
新北市,New Taipei City,YouBike2.0_建國永昌街口,鶯歌區,建國路546號(對面),YouBike2.0_JianGuo Rd. & YongChang St. Intersection,Yingge Dist,"No. 546, JianGuo Rd. (Opposite)",500234056,17,4,20260803T202203,24.95031,121.33831,13,1,2,2,2026-08-04T03:55:08+08:00
新北市,New Taipei City,YouBike2.0_捷運鶯歌車站,鶯歌區,館前路300號(對側),YouBike2.0_MRT Yingge Sta.,Yingge Dist,"No. 300, GuanQian Rd. (Opposite)",500234057,34,16,20260803T233203,24.95322,121.35668,18,1,15,1,2026-08-04T03:55:08+08:00
新北市,New Taipei City,YouBike2.0_鳳三龍七路口,鶯歌區,鳳三路68號,YouBike2.0_Feng 3rd Rd. & Long 7th Rd. Intersection,Yingge Dist,"No. 68, Feng 3rd Rd.",500234058,18,7,20260803T235402,24.97204,121.33467,11,1,7,0,2026-08-04T03:55:08+08:00
新北市,New Taipei City,YouBike2.0_捷運國華站,鶯歌區,國華路45號(對側),YouBike2.0_MRT Guohua Sta.,Yingge Dist,"No. 45, GuoHua Rd. (Opposite)",500234059,24,10,20260803T230802,24.95535,121.34251,14,1,9,1,2026-08-04T03:55:08+08:00
新北市,New Taipei City,YouBike2.0_捷運陶瓷老街站,鶯歌區,捷運陶瓷老街站(重慶街側),YouBike2.0_MRT Ceramics Old Street Sta.,Yingge Dist,MRT Ceramics Old Street Sta. (ChongQing St.),500234060,36,12,20260803T224702,24.95212,121.35065,23,1,11,1,2026-08-04T03:55:08+08:00
新北市,New Taipei City,YouBike2.0_捷運永吉公園站,鶯歌區,鶯桃路296巷口,YouBike2.0_MRT Yongji Park Sta.,Yingge Dist,"Ln. 296, YingTao Rd. Intersection",500234061,47,5,20260804T021203,24.96048,121.33476,40,1,2,3,2026-08-04T03:55:08+08:00
新北市,New Taipei City,YouBike2.0_捷運鶯桃福德站,鶯歌區,福德一路20號(對側),YouBike2.0_MRT Yingtao Fude Sta.,Yingge Dist,"No. 20, FuDe 1st Rd. (Opposite)",500234062,75,1,20260804T012802,24.96704,121.33044,74,1,1,0,2026-08-04T03:55:08+08:00
新北市,New Taipei City,YouBike2.0_捷運國華站(2號出口),鶯歌區,國華路97號(對側),YouBike2.0_MRT Guohua Sta.(Exit 2),Yingge Dist,"No. 97, GuoHua Rd. (Opposite)",500234063,60,24,20260803T222004,24.95374,121.34301,35,1,22,2,2026-08-04T03:55:08+08:00
新北市,New Taipei City,YouBike2.0_鶯歌山水步道停車場,鶯歌區,觀景涼亭停車場,YouBike2.0_YingGe Riverside Trail Car Park,Yingge Dist,YingGe Riverside Trail Car Park,500234064,24,11,20260803T201603,24.93205,121.32825,13,1,9,2,2026-08-04T03:55:08+08:00
新北市,New Taipei City,YouBike2.0_鶯歌火車站(仁愛路),鶯歌區,仁愛路55號對側,YouBike2.0_Yingge Railway Station(Ren’ai Rd.),Yingge Dist,"No.55, Ren’ai Rd., Yingge Dist.(opposite)",500234001,69,6,20260804T044702,24.95559,121.35441,62,1,6,0,2026-08-04T04:56:08+08:00
新北市,New Taipei City,YouBike2.0_新北市立圖書館鶯歌分館,鶯歌區,中山路150號,YouBike2.0_New Taipei City Library Yingge Branch,Yingge Dist,"No.150, Zhongshan Rd.",500234002,20,11,20260804T031703,24.9572,121.34946,9,1,11,0,2026-08-04T04:56:08+08:00
新北市,New Taipei City,YouBike2.0_文化館前路口,鶯歌區,文化路407號旁,YouBike2.0_Yingge Ceramics Museum,Yingge Dist,"No. 407, Wenhua Rd.",500234003,44,11,20260803T235903,24.94948,121.35291,33,1,11,0,2026-08-04T04:56:08+08:00
新北市,New Taipei City,YouBike2.0_鶯歌國民運動中心,鶯歌區,館前路250號運動中心前,YouBike2.0_Yingge Civil Sports Center,Yingge Dist,"No.250, Guanqian Rd., Yingge Dist.",500234004,38,25,20260804T045302,24.95139,121.35733,11,1,21,4,2026-08-04T04:56:08+08:00
新北市,New Taipei City,YouBike2.0_尖山國中,鶯歌區,國中街1號,YouBike2.0_Municipal Jianshan Junior High School,Yingge Dist,"No.1, Guozhong St., Yingge Dist(sidewalk)",500234005,20,11,20260803T215402,24.94381,121.34207,9,1,10,1,2026-08-04T04:56:08+08:00
新北市,New Taipei City,YouBike2.0_新北市立鶯歌高級工商職業學校,鶯歌區,中正三路154號,YouBike2.0_New Taipei Municipal Yingge Vocational High School,Yingge Dist,"No. 154, Zhongzheng 3rd. Rd",500234006,56,6,20260804T041903,24.93923,121.33488,50,1,5,1,2026-08-04T04:56:08+08:00
新北市,New Taipei City,YouBike2.0_鶯歌國中,鶯歌區,鶯桃路39-5號對側,YouBike2.0_Yingge Junior High chool,Yingge Dist,"No.39-5, Yingtao Rd.(opposite)",500234007,30,2,20260804T043903,24.95119,121.34256,28,1,2,0,2026-08-04T04:56:08+08:00
新北市,New Taipei City,YouBike2.0_永吉國小,鶯歌區,德昌二街39號對側,YouBike2.0_Yongchi elementary school,Yingge Dist,"No.39, Dechang 2nd St., Yingge Dist.",500234008,20,7,20260804T035503,24.95865,121.33308,13,1,7,0,2026-08-04T04:56:08+08:00
新北市,New Taipei City,YouBike2.0_鳳祥公園,鶯歌區,鶯桃路365巷130號對側,YouBike2.0_Fengxiang Park,Yingge Dist,"No.130, Ln. 365, Yingtao Rd., Yingge Dist.",500234009,20,8,20260804T005403,24.96283,121.33025,11,1,8,0,2026-08-04T04:56:08+08:00
新北市,New Taipei City,YouBike2.0_鳳鳴國小,鶯歌區,永和街120號,YouBike2.0_Fengming Elementary School,Yingge Dist,"No.120, Yonghe St., Yingge Dist.",500234010,20,8,20260803T234902,24.9692,121.3347,11,1,8,0,2026-08-04T04:56:08+08:00
新北市,New Taipei City,YouBike2.0_國際二國際一路口,鶯歌區,國際二路與國際一路口,YouBike2.0_Guoji 2nd Guoji 1st Intersection,Yingge Dist,"Guoji 2nd Rd./Guoji 1st Rd., Yingge Dist.",500234011,20,11,20260803T210903,24.97577,121.3353,9,1,11,0,2026-08-04T04:56:08+08:00
新北市,New Taipei City,YouBike2.0_鳳福公園,鶯歌區,鳳吉一街186號(對面),YouBike2.0_Fengfu Park,Yingge Dist,"No. 186, Fengji 1st St., Yingge Dist.(opposite)",500234012,20,10,20260804T031703,24.97572,121.32938,9,1,9,1,2026-08-04T04:56:08+08:00
新北市,New Taipei City,YouBike2.0_尖山公園,鶯歌區,鶯歌區尖山路161號對面,YouBike2.0_Jianshan Park,Yingge Dist,"No.161, Jianshan Rd.(opposite)",500234013,29,20,20260804T041104,24.9482,121.346,8,1,17,3,2026-08-04T04:56:08+08:00
新北市,New Taipei City,YouBike2.0_永昌里兒一公園,鶯歌區,鶯桃路182巷96弄36-38號對側,YouBike2.0_Yongchang Village Children Park (No.1),Yingge Dist,"No.36-38, Aly. 96, Ln. 182, Yingtao Rd.(oppsite)",500234014,20,3,20260803T211904,24.956649374562204,121.33959628800724,17,0,2,1,2026-08-04T04:56:08+08:00
新北市,New Taipei City,YouBike2.0_南雅育智路口,鶯歌區,南雅路491號(對面),YouBike2.0_Nanya & Yuzhi Rd. Intersection,Yingge Dist,"No.491, Nanya Rd., Yingge Dist.(opposite)",500234015,22,7,20260804T005903,24.954,121.346,15,1,7,0,2026-08-04T04:56:08+08:00
新北市,New Taipei City,YouBike2.0_國中二甲路口,鶯歌區,國中街175號(前),YouBike2.0_Guozhong & Erjia Intersection,Yingge Dist,"No. 175, Guozhong St., Yingge Dist.",500234016,20,15,20260804T013203,24.939489067109363,121.33868650698288,5,1,11,4,2026-08-04T04:56:08+08:00
新北市,New Taipei City,YouBike2.0_鶯歌永利街,鶯歌區,永利街16號(對面),YouBike2.0_Yingge Yongli St.,Yingge Dist,"No. 16, Yongli St. Yingge Dist.",500234017,15,8,20260804T013302,24.95495,121.33911,5,1,5,3,2026-08-04T04:56:08+08:00
新北市,New Taipei City,YouBike2.0_二橋虹橋公園,鶯歌區,中正三路400號(對面),YouBike2.0_Erqiaoshiguanghongqiao Park,Yingge Dist,"No. 400, Zhongzheng 3rd Rd.(Opposite)",500234018,10,6,20260803T191302,24.93453,121.32595,4,1,4,2,2026-08-04T04:56:08+08:00
新北市,New Taipei City,YouBike2.0_鳳吉四鳳七路口(捷士匯社區),鶯歌區,鳳吉四街57-75號(旁),YouBike2.0_Fengji 4th & Feng 7th Rd. Intersection,Yingge Dist,"No. 57-75, Fengji 4th St.",500234021,40,25,20260804T014202,24.97383,121.32769,15,1,22,3,2026-08-04T04:56:08+08:00
新北市,New Taipei City,YouBike2.0_鶯歌老街第二停車場,鶯歌區,尖山埔路27-31號(對面),YouBike2.0_Yingge Old Street 2nd Parking Lot,Yingge Dist,"No. 27-31, Jianshanpu Rd.(Opposite)",500234022,20,16,20260804T012202,24.94895,121.34227,4,1,16,0,2026-08-04T04:56:08+08:00
新北市,New Taipei City,YouBike2.0_建國中正一路口(北鶯社區),鶯歌區,建國路6號(對面空地),YouBike2.0_Jianguo Zhongzheng 1st Rd. Intersection,Yingge Dist,"No. 6, Jianguo Rd.(Opposite)",500234023,20,0,20260804T044615,24.95658,121.35692,20,1,0,0,2026-08-04T04:56:08+08:00
新北市,New Taipei City,YouBike2.0_三鶯水資源回收中心,鶯歌區,館前路360號(旁),YouBike2.0_Sanying Water Recycling Center,Yingge Dist,"No. 360, Guanqian Rd.",500234024,14,6,20260803T214104,24.95535,121.35996,8,1,6,0,2026-08-04T04:56:08+08:00
新北市,New Taipei City,YouBike2.0_永和街65巷口,鶯歌區,永和街75號,"YouBike2.0_Ln. 65, Yonghe St. Intersection",Yingge Dist,"No. 75, Yonghe St.",500234025,37,15,20260804T025903,24.96798,121.3331413,22,1,13,2,2026-08-04T04:56:08+08:00
新北市,New Taipei City,YouBike2.0_鶯歌陶瓷博物館,鶯歌區,文化路200號(旁),YouBike2.0_Yingge Ceramics Museum(Wenhua Rd.),Yingge Dist,"No. 200, Wenhua Rd.",500234026,22,13,20260803T233802,24.95012,121.35245,8,1,13,0,2026-08-04T04:56:08+08:00
新北市,New Taipei City,YouBike2.0_礫間停車場,鶯歌區,礫間停車場,YouBike2.0_Lijian Parking,Yingge Dist,Lijian Parking,500234028,20,12,20260804T043002,24.9518,121.35445,7,1,12,0,2026-08-04T04:56:08+08:00
新北市,New Taipei City,YouBike2.0_北鶯停車場,鶯歌區,北鶯停車場,YouBike2.0_Beiying Parking,Yingge Dist,Beiying Parking,500234029,20,2,20260803T204204,24.95567,121.35992,17,1,2,0,2026-08-04T04:56:08+08:00
新北市,New Taipei City,YouBike2.0_育英建國路口,鶯歌區,建國路280號(旁),YouBike2.0_Yuying Jianguo Rd. Intersection,Yingge Dist,"No. 280, Jianguo Rd.",500234030,12,9,20260804T003302,24.95356,121.34693,3,1,9,0,2026-08-04T04:56:08+08:00
新北市,New Taipei City,YouBike2.0_中正一仁愛路口,鶯歌區,中正一路181號(對面),YouBike2.0_Zhongzheng 1st & Ren'ai Rd Intersection,Yingge Dist,"No. 181, Zhongzheng 1st Rd.(Opposite)",500234031,15,4,20260804T021003,24.95672,121.3532,11,1,4,0,2026-08-04T04:56:08+08:00
新北市,New Taipei City,YouBike2.0_建國國小,鶯歌區,育英街19號(旁),YouBike2.0_Jianguo Elementary School,Yingge Dist,"No. 19, Yuying St.",500234032,15,8,20260804T013603,24.95521,121.34727,6,1,8,0,2026-08-04T04:56:08+08:00
新北市,New Taipei City,YouBike2.0_光明橋,鶯歌區,永明街78號(旁),YouBike2.0_Guang-ming bridge,Yingge Dist,"No. 78, Yongming St., Yingge Dist.(side)",500234033,14,8,20260804T005302,24.95577,121.34128,5,1,7,1,2026-08-04T04:56:08+08:00
新北市,New Taipei City,YouBike2.0_二橋派出所,鶯歌區,高職西街/中正三路口(西北側),YouBike2.0_Erqiao Police Station,Yingge Dist,"Gaozhi W. St. & Zhongzheng 3rd Rd., Yingge Dist. (west side)",500234034,11,6,20260804T012802,24.94216,121.33884,5,1,4,2,2026-08-04T04:56:08+08:00
新北市,New Taipei City,YouBike2.0_國中高職東街口,鶯歌區,國中路113至117-3號(對面),YouBike2.0_Guozhong & Gaozhi E. Intersection,Yingge Dist,"No. 113, Guozhong St., Yingge Dist.(opposite)",500234035,15,3,20260803T221402,24.94117,121.34116,11,1,3,0,2026-08-04T04:56:08+08:00
新北市,New Taipei City,YouBike2.0_尖山路高厝巷口,鶯歌區,尖山路276-5號(旁),YouBike2.0_Gaocuo Ln. Jianshan Rd.,Yingge Dist,"No. 276-5, Jianshan Rd. (Side)",500234036,15,5,20260804T013302,24.94495,121.34102,8,1,4,1,2026-08-04T04:56:08+08:00
新北市,New Taipei City,YouBike2.0_公八停車場,鶯歌區,國華路53號(對面),YouBike2.0_Public 8th Parking Lot,Yingge Dist,"No.53, Guohua Rd. (opposite)",500234037,15,5,20260804T045402,24.95515,121.34285,10,1,5,0,2026-08-04T04:56:08+08:00
新北市,New Taipei City,YouBike2.0_龍三鳳鳴路口,鶯歌區,鳳鳴路541號,YouBike2.0_Long 3rd. Rd. & Fengming Rd. Intersection,Yingge Dist,"No. 541, Fengming Rd.",500234038,18,6,20260804T033303,24.97286,121.33137,12,1,6,0,2026-08-04T04:56:08+08:00
新北市,New Taipei City,YouBike2.0_鳳福鳳三路口,鶯歌區,鳳三路360號,YouBike2.0_Fengfu Rd. & Feng 3rd. Rd. Intersection,Yingge Dist,"No. 360, Feng 3rd Rd.",500234039,22,19,20260804T025403,24.97567,121.33143,3,1,19,0,2026-08-04T04:56:08+08:00
新北市,New Taipei City,YouBike2.0_北鶯公園,鶯歌區,成功街20巷19號(旁),YouBike2.0_Beiying Park,Yingge Dist,"No. 19, Ln. 20, Chenggong St. (Side)",500234040,15,4,20260803T230902,24.95777,121.35942,11,1,4,0,2026-08-04T04:56:08+08:00
新北市,New Taipei City,YouBike2.0_鶯歌火車站(文化路),鶯歌區,文化路/文化路115巷(北側),YouBike2.0_Yingge Station (Wenhua Rd.),Yingge Dist,"Ln. 115, Wenhua Rd. Intersection (North)",500234041,25,11,20260804T021402,24.95536,121.35697,14,1,11,0,2026-08-04T04:56:08+08:00
新北市,New Taipei City,YouBike2.0_鳳七鶯歌路口,鶯歌區,鶯歌路101-107號(旁),YouBike2.0_Feng 7th Rd. & Yingge Rd. Intersection,Yingge Dist,"No. 101-107, Yingge Rd. (Side)",500234042,11,7,20260804T020704,24.96916,121.33193,4,1,6,1,2026-08-04T04:56:08+08:00
新北市,New Taipei City,YouBike2.0_國際一路112巷口,鶯歌區,國際一路167號(前),"YouBike2.0_Ln. 112, GuoJi 1st Rd.",Yingge Dist,"No. 167, GuoJi 1st Rd. (Front)",500234043,15,6,20260803T231903,24.97667,121.33579,9,1,3,3,2026-08-04T04:56:08+08:00
新北市,New Taipei City,YouBike2.0_臺鐵鳳鳴站,鶯歌區,鳳一路/鶯歌路口,YouBike2.0_Fengming Station,Yingge Dist,Feng 1st Rd. & YingGe Rd.,500234044,40,0,20260710T070303,24.97227,121.33674,0,0,0,0,2026-08-04T04:56:08+08:00
新北市,New Taipei City,YouBike2.0_鶯歌陶瓷老街,鶯歌區,重慶街/國慶街(西南側),YouBike2.0_YingGe Old Street,Yingge Dist,ChongQing St. & GuoQing St. (Southwest),500234045,33,6,20260803T224603,24.95219,121.351,26,1,6,0,2026-08-04T04:56:08+08:00
新北市,New Taipei City,YouBike2.0_鶯歌火車站(仁愛路62號),鶯歌區,仁愛路62號(東側),"YouBike2.0_YingGe Station (No. 62, RenAi Rd.)",Yingge Dist,"No. 62, RenAi Rd. (East)",500234046,42,2,20260804T044803,24.95505,121.35407,39,1,2,0,2026-08-04T04:56:08+08:00
新北市,New Taipei City,YouBike2.0_臺鐵鳳鳴站(鶯歌路),鶯歌區,鶯歌路276號(對面),YouBike2.0_Fengming Station (YingGe Rd.),Yingge Dist,"No. 276, YingGe Rd. (Opposite)",500234047,20,9,20260804T001503,24.97189,121.33651,10,1,9,0,2026-08-04T04:56:08+08:00
新北市,New Taipei City,YouBike2.0_光明育智路口,鶯歌區,光明街126號(東南側),YouBike2.0_GuangMing St. & YuZhi Rd. Intersection,Yingge Dist,"No. 126, GuangMing St. (Southeast)",500234048,14,7,20260804T010902,24.95587,121.3456,6,1,7,0,2026-08-04T04:56:08+08:00
新北市,New Taipei City,YouBike2.0_新鳳公園,鶯歌區,鶯桃路二段60號(對側),YouBike2.0_XinFeng Park,Yingge Dist,"No. 60, Sec. 2, YingTao Rd. (Opposite)",500234049,14,3,20260804T000004,24.9732,121.32474,11,1,3,0,2026-08-04T04:56:08+08:00
新北市,New Taipei City,YouBike2.0_鳳鳴機器人公園,鶯歌區,鳳鳴路/福安街7巷24弄口,YouBike2.0_FengMing Robot Park,Yingge Dist,"FengMing Rd. & Aly. 24, Ln. 7, FuAn St.",500234050,17,3,20260804T042203,24.96618,121.33465,13,1,1,2,2026-08-04T04:56:08+08:00
新北市,New Taipei City,YouBike2.0_龍五鳳七路口,鶯歌區,龍五路/鳳七路口,YouBike2.0_Long 5th Rd. & Feng 7th Rd. Intersection,Yingge Dist,Long 5th Rd. & Feng 7th Rd. Intersection,500234051,30,13,20260804T023303,24.97043,121.33101,17,1,12,1,2026-08-04T04:56:08+08:00
新北市,New Taipei City,YouBike2.0_龍鳳夜市,鶯歌區,鳳三路/龍三路(東南側),YouBike2.0_LongFeng Night Market,Yingge Dist,Feng 3rd Rd. & Long 3rd Rd. (Southeast),500234052,30,4,20260804T044503,24.97329,121.33331,26,1,4,0,2026-08-04T04:56:08+08:00
新北市,New Taipei City,YouBike2.0_中湖市民活動中心,鶯歌區,中湖街21號,YouBike2.0_Zhonghu Civic Activity Center,Yingge Dist,"No. 21, ZhongHu St.",500234053,20,8,20260803T233503,24.97298,121.3472,11,1,7,1,2026-08-04T04:56:08+08:00
新北市,New Taipei City,YouBike2.0_鳳一鳳吉一街口,鶯歌區,鳳吉一街259號(旁),YouBike2.0_Feng 1st Rd. & FengJi 1st St. Intersection,Yingge Dist,"No. 259, FengJi 1st St. (Side)",500234054,20,5,20260804T004003,24.97677,121.3317,15,1,4,1,2026-08-04T04:56:08+08:00
新北市,New Taipei City,YouBike2.0_鳳五路122號前,鶯歌區,鳳五路122號前,"YouBike2.0_No. 122, Feng 5th Rd.",Yingge Dist,"No. 122, Feng 5th Rd. (Front)",500234055,18,15,20260803T234802,24.97316,121.32991,3,1,15,0,2026-08-04T04:56:08+08:00
新北市,New Taipei City,YouBike2.0_建國永昌街口,鶯歌區,建國路546號(對面),YouBike2.0_JianGuo Rd. & YongChang St. Intersection,Yingge Dist,"No. 546, JianGuo Rd. (Opposite)",500234056,17,4,20260803T202203,24.95031,121.33831,13,1,2,2,2026-08-04T04:56:08+08:00
新北市,New Taipei City,YouBike2.0_捷運鶯歌車站,鶯歌區,館前路300號(對側),YouBike2.0_MRT Yingge Sta.,Yingge Dist,"No. 300, GuanQian Rd. (Opposite)",500234057,34,16,20260803T233203,24.95322,121.35668,18,1,15,1,2026-08-04T04:56:08+08:00
新北市,New Taipei City,YouBike2.0_鳳三龍七路口,鶯歌區,鳳三路68號,YouBike2.0_Feng 3rd Rd. & Long 7th Rd. Intersection,Yingge Dist,"No. 68, Feng 3rd Rd.",500234058,18,7,20260803T235402,24.97204,121.33467,11,1,7,0,2026-08-04T04:56:08+08:00
新北市,New Taipei City,YouBike2.0_捷運國華站,鶯歌區,國華路45號(對側),YouBike2.0_MRT Guohua Sta.,Yingge Dist,"No. 45, GuoHua Rd. (Opposite)",500234059,24,10,20260803T230802,24.95535,121.34251,14,1,9,1,2026-08-04T04:56:08+08:00
新北市,New Taipei City,YouBike2.0_捷運陶瓷老街站,鶯歌區,捷運陶瓷老街站(重慶街側),YouBike2.0_MRT Ceramics Old Street Sta.,Yingge Dist,MRT Ceramics Old Street Sta. (ChongQing St.),500234060,36,12,20260803T224702,24.95212,121.35065,23,1,11,1,2026-08-04T04:56:08+08:00
新北市,New Taipei City,YouBike2.0_捷運永吉公園站,鶯歌區,鶯桃路296巷口,YouBike2.0_MRT Yongji Park Sta.,Yingge Dist,"Ln. 296, YingTao Rd. Intersection",500234061,47,5,20260804T021203,24.96048,121.33476,40,1,2,3,2026-08-04T04:56:08+08:00
新北市,New Taipei City,YouBike2.0_捷運鶯桃福德站,鶯歌區,福德一路20號(對側),YouBike2.0_MRT Yingtao Fude Sta.,Yingge Dist,"No. 20, FuDe 1st Rd. (Opposite)",500234062,75,0,20260804T035716,24.96704,121.33044,75,1,0,0,2026-08-04T04:56:08+08:00
新北市,New Taipei City,YouBike2.0_捷運國華站(2號出口),鶯歌區,國華路97號(對側),YouBike2.0_MRT Guohua Sta.(Exit 2),Yingge Dist,"No. 97, GuoHua Rd. (Opposite)",500234063,60,24,20260803T222004,24.95374,121.34301,35,1,22,2,2026-08-04T04:56:08+08:00
新北市,New Taipei City,YouBike2.0_鶯歌山水步道停車場,鶯歌區,觀景涼亭停車場,YouBike2.0_YingGe Riverside Trail Car Park,Yingge Dist,YingGe Riverside Trail Car Park,500234064,24,11,20260803T201603,24.93205,121.32825,13,1,9,2,2026-08-04T04:56:08+08:00
新北市,New Taipei City,YouBike2.0_鶯歌火車站(仁愛路),鶯歌區,仁愛路55號對側,YouBike2.0_Yingge Railway Station(Ren’ai Rd.),Yingge Dist,"No.55, Ren’ai Rd., Yingge Dist.(opposite)",500234001,69,17,20260804T055502,24.95559,121.35441,51,1,17,0,2026-08-04T06:02:05+08:00
新北市,New Taipei City,YouBike2.0_新北市立圖書館鶯歌分館,鶯歌區,中山路150號,YouBike2.0_New Taipei City Library Yingge Branch,Yingge Dist,"No.150, Zhongshan Rd.",500234002,20,7,20260804T055703,24.9572,121.34946,13,1,7,0,2026-08-04T06:02:05+08:00
新北市,New Taipei City,YouBike2.0_文化館前路口,鶯歌區,文化路407號旁,YouBike2.0_Yingge Ceramics Museum,Yingge Dist,"No. 407, Wenhua Rd.",500234003,44,11,20260804T050902,24.94948,121.35291,33,1,11,0,2026-08-04T06:02:05+08:00
新北市,New Taipei City,YouBike2.0_鶯歌國民運動中心,鶯歌區,館前路250號運動中心前,YouBike2.0_Yingge Civil Sports Center,Yingge Dist,"No.250, Guanqian Rd., Yingge Dist.",500234004,38,26,20260804T054003,24.95139,121.35733,10,1,22,4,2026-08-04T06:02:05+08:00
新北市,New Taipei City,YouBike2.0_尖山國中,鶯歌區,國中街1號,YouBike2.0_Municipal Jianshan Junior High School,Yingge Dist,"No.1, Guozhong St., Yingge Dist(sidewalk)",500234005,20,11,20260803T215402,24.94381,121.34207,9,1,10,1,2026-08-04T06:02:05+08:00
新北市,New Taipei City,YouBike2.0_新北市立鶯歌高級工商職業學校,鶯歌區,中正三路154號,YouBike2.0_New Taipei Municipal Yingge Vocational High School,Yingge Dist,"No. 154, Zhongzheng 3rd. Rd",500234006,56,6,20260804T041903,24.93923,121.33488,50,1,5,1,2026-08-04T06:02:05+08:00
新北市,New Taipei City,YouBike2.0_鶯歌國中,鶯歌區,鶯桃路39-5號對側,YouBike2.0_Yingge Junior High chool,Yingge Dist,"No.39-5, Yingtao Rd.(opposite)",500234007,30,1,20260804T055902,24.95119,121.34256,29,1,1,0,2026-08-04T06:02:05+08:00
新北市,New Taipei City,YouBike2.0_永吉國小,鶯歌區,德昌二街39號對側,YouBike2.0_Yongchi elementary school,Yingge Dist,"No.39, Dechang 2nd St., Yingge Dist.",500234008,20,6,20260804T054203,24.95865,121.33308,14,1,6,0,2026-08-04T06:02:05+08:00
新北市,New Taipei City,YouBike2.0_鳳祥公園,鶯歌區,鶯桃路365巷130號對側,YouBike2.0_Fengxiang Park,Yingge Dist,"No.130, Ln. 365, Yingtao Rd., Yingge Dist.",500234009,20,8,20260804T005403,24.96283,121.33025,11,1,8,0,2026-08-04T06:02:05+08:00
新北市,New Taipei City,YouBike2.0_鳳鳴國小,鶯歌區,永和街120號,YouBike2.0_Fengming Elementary School,Yingge Dist,"No.120, Yonghe St., Yingge Dist.",500234010,20,8,20260803T234902,24.9692,121.3347,11,1,8,0,2026-08-04T06:02:05+08:00
新北市,New Taipei City,YouBike2.0_國際二國際一路口,鶯歌區,國際二路與國際一路口,YouBike2.0_Guoji 2nd Guoji 1st Intersection,Yingge Dist,"Guoji 2nd Rd./Guoji 1st Rd., Yingge Dist.",500234011,20,9,20260804T054103,24.97577,121.3353,11,1,9,0,2026-08-04T06:02:05+08:00
新北市,New Taipei City,YouBike2.0_鳳福公園,鶯歌區,鳳吉一街186號(對面),YouBike2.0_Fengfu Park,Yingge Dist,"No. 186, Fengji 1st St., Yingge Dist.(opposite)",500234012,20,11,20260804T054703,24.97572,121.32938,8,1,9,2,2026-08-04T06:02:05+08:00
新北市,New Taipei City,YouBike2.0_尖山公園,鶯歌區,鶯歌區尖山路161號對面,YouBike2.0_Jianshan Park,Yingge Dist,"No.161, Jianshan Rd.(opposite)",500234013,29,18,20260804T055303,24.9482,121.346,10,1,15,3,2026-08-04T06:02:05+08:00
新北市,New Taipei City,YouBike2.0_永昌里兒一公園,鶯歌區,鶯桃路182巷96弄36-38號對側,YouBike2.0_Yongchang Village Children Park (No.1),Yingge Dist,"No.36-38, Aly. 96, Ln. 182, Yingtao Rd.(oppsite)",500234014,20,2,20260804T052803,24.956649374562204,121.33959628800724,18,0,1,1,2026-08-04T06:02:05+08:00
新北市,New Taipei City,YouBike2.0_南雅育智路口,鶯歌區,南雅路491號(對面),YouBike2.0_Nanya & Yuzhi Rd. Intersection,Yingge Dist,"No.491, Nanya Rd., Yingge Dist.(opposite)",500234015,22,4,20260804T055902,24.954,121.346,18,1,4,0,2026-08-04T06:02:05+08:00
新北市,New Taipei City,YouBike2.0_國中二甲路口,鶯歌區,國中街175號(前),YouBike2.0_Guozhong & Erjia Intersection,Yingge Dist,"No. 175, Guozhong St., Yingge Dist.",500234016,20,13,20260804T050703,24.939489067109363,121.33868650698288,7,1,11,2,2026-08-04T06:02:05+08:00
新北市,New Taipei City,YouBike2.0_鶯歌永利街,鶯歌區,永利街16號(對面),YouBike2.0_Yingge Yongli St.,Yingge Dist,"No. 16, Yongli St. Yingge Dist.",500234017,15,8,20260804T051003,24.95495,121.33911,5,1,4,4,2026-08-04T06:02:05+08:00
新北市,New Taipei City,YouBike2.0_二橋虹橋公園,鶯歌區,中正三路400號(對面),YouBike2.0_Erqiaoshiguanghongqiao Park,Yingge Dist,"No. 400, Zhongzheng 3rd Rd.(Opposite)",500234018,10,6,20260803T191302,24.93453,121.32595,4,1,4,2,2026-08-04T06:02:05+08:00
新北市,New Taipei City,YouBike2.0_鳳吉四鳳七路口(捷士匯社區),鶯歌區,鳳吉四街57-75號(旁),YouBike2.0_Fengji 4th & Feng 7th Rd. Intersection,Yingge Dist,"No. 57-75, Fengji 4th St.",500234021,40,22,20260804T055902,24.97383,121.32769,18,1,20,2,2026-08-04T06:02:05+08:00
新北市,New Taipei City,YouBike2.0_鶯歌老街第二停車場,鶯歌區,尖山埔路27-31號(對面),YouBike2.0_Yingge Old Street 2nd Parking Lot,Yingge Dist,"No. 27-31, Jianshanpu Rd.(Opposite)",500234022,20,16,20260804T012202,24.94895,121.34227,4,1,16,0,2026-08-04T06:02:05+08:00
新北市,New Taipei City,YouBike2.0_建國中正一路口(北鶯社區),鶯歌區,建國路6號(對面空地),YouBike2.0_Jianguo Zhongzheng 1st Rd. Intersection,Yingge Dist,"No. 6, Jianguo Rd.(Opposite)",500234023,20,0,20260804T044615,24.95658,121.35692,20,1,0,0,2026-08-04T06:02:05+08:00
新北市,New Taipei City,YouBike2.0_三鶯水資源回收中心,鶯歌區,館前路360號(旁),YouBike2.0_Sanying Water Recycling Center,Yingge Dist,"No. 360, Guanqian Rd.",500234024,14,6,20260803T214104,24.95535,121.35996,8,1,6,0,2026-08-04T06:02:05+08:00
新北市,New Taipei City,YouBike2.0_永和街65巷口,鶯歌區,永和街75號,"YouBike2.0_Ln. 65, Yonghe St. Intersection",Yingge Dist,"No. 75, Yonghe St.",500234025,37,12,20260804T054103,24.96798,121.3331413,25,1,10,2,2026-08-04T06:02:05+08:00
新北市,New Taipei City,YouBike2.0_鶯歌陶瓷博物館,鶯歌區,文化路200號(旁),YouBike2.0_Yingge Ceramics Museum(Wenhua Rd.),Yingge Dist,"No. 200, Wenhua Rd.",500234026,22,12,20260804T055303,24.95012,121.35245,9,1,12,0,2026-08-04T06:02:05+08:00
新北市,New Taipei City,YouBike2.0_礫間停車場,鶯歌區,礫間停車場,YouBike2.0_Lijian Parking,Yingge Dist,Lijian Parking,500234028,20,12,20260804T043002,24.9518,121.35445,7,1,12,0,2026-08-04T06:02:05+08:00
新北市,New Taipei City,YouBike2.0_北鶯停車場,鶯歌區,北鶯停車場,YouBike2.0_Beiying Parking,Yingge Dist,Beiying Parking,500234029,20,2,20260803T204204,24.95567,121.35992,17,1,2,0,2026-08-04T06:02:05+08:00
新北市,New Taipei City,YouBike2.0_育英建國路口,鶯歌區,建國路280號(旁),YouBike2.0_Yuying Jianguo Rd. Intersection,Yingge Dist,"No. 280, Jianguo Rd.",500234030,12,9,20260804T055703,24.95356,121.34693,3,1,9,0,2026-08-04T06:02:05+08:00
新北市,New Taipei City,YouBike2.0_中正一仁愛路口,鶯歌區,中正一路181號(對面),YouBike2.0_Zhongzheng 1st & Ren'ai Rd Intersection,Yingge Dist,"No. 181, Zhongzheng 1st Rd.(Opposite)",500234031,15,3,20260804T055802,24.95672,121.3532,12,1,3,0,2026-08-04T06:02:05+08:00
新北市,New Taipei City,YouBike2.0_建國國小,鶯歌區,育英街19號(旁),YouBike2.0_Jianguo Elementary School,Yingge Dist,"No. 19, Yuying St.",500234032,15,7,20260804T052703,24.95521,121.34727,7,1,7,0,2026-08-04T06:02:05+08:00
新北市,New Taipei City,YouBike2.0_光明橋,鶯歌區,永明街78號(旁),YouBike2.0_Guang-ming bridge,Yingge Dist,"No. 78, Yongming St., Yingge Dist.(side)",500234033,14,7,20260804T054602,24.95577,121.34128,6,1,6,1,2026-08-04T06:02:05+08:00
新北市,New Taipei City,YouBike2.0_二橋派出所,鶯歌區,高職西街/中正三路口(西北側),YouBike2.0_Erqiao Police Station,Yingge Dist,"Gaozhi W. St. & Zhongzheng 3rd Rd., Yingge Dist. (west side)",500234034,11,3,20260804T055202,24.94216,121.33884,8,1,2,1,2026-08-04T06:02:05+08:00
新北市,New Taipei City,YouBike2.0_國中高職東街口,鶯歌區,國中路113至117-3號(對面),YouBike2.0_Guozhong & Gaozhi E. Intersection,Yingge Dist,"No. 113, Guozhong St., Yingge Dist.(opposite)",500234035,15,1,20260804T053703,24.94117,121.34116,13,1,1,0,2026-08-04T06:02:05+08:00
新北市,New Taipei City,YouBike2.0_尖山路高厝巷口,鶯歌區,尖山路276-5號(旁),YouBike2.0_Gaocuo Ln. Jianshan Rd.,Yingge Dist,"No. 276-5, Jianshan Rd. (Side)",500234036,15,5,20260804T013302,24.94495,121.34102,8,1,4,1,2026-08-04T06:02:05+08:00
新北市,New Taipei City,YouBike2.0_公八停車場,鶯歌區,國華路53號(對面),YouBike2.0_Public 8th Parking Lot,Yingge Dist,"No.53, Guohua Rd. (opposite)",500234037,15,6,20260804T045503,24.95515,121.34285,9,1,6,0,2026-08-04T06:02:05+08:00
新北市,New Taipei City,YouBike2.0_龍三鳳鳴路口,鶯歌區,鳳鳴路541號,YouBike2.0_Long 3rd. Rd. & Fengming Rd. Intersection,Yingge Dist,"No. 541, Fengming Rd.",500234038,18,5,20260804T055502,24.97286,121.33137,13,1,5,0,2026-08-04T06:02:05+08:00
新北市,New Taipei City,YouBike2.0_鳳福鳳三路口,鶯歌區,鳳三路360號,YouBike2.0_Fengfu Rd. & Feng 3rd. Rd. Intersection,Yingge Dist,"No. 360, Feng 3rd Rd.",500234039,22,17,20260804T055403,24.97567,121.33143,5,1,17,0,2026-08-04T06:02:05+08:00
新北市,New Taipei City,YouBike2.0_北鶯公園,鶯歌區,成功街20巷19號(旁),YouBike2.0_Beiying Park,Yingge Dist,"No. 19, Ln. 20, Chenggong St. (Side)",500234040,15,5,20260804T055102,24.95777,121.35942,10,1,5,0,2026-08-04T06:02:05+08:00
新北市,New Taipei City,YouBike2.0_鶯歌火車站(文化路),鶯歌區,文化路/文化路115巷(北側),YouBike2.0_Yingge Station (Wenhua Rd.),Yingge Dist,"Ln. 115, Wenhua Rd. Intersection (North)",500234041,25,11,20260804T021402,24.95536,121.35697,14,1,11,0,2026-08-04T06:02:05+08:00
新北市,New Taipei City,YouBike2.0_鳳七鶯歌路口,鶯歌區,鶯歌路101-107號(旁),YouBike2.0_Feng 7th Rd. & Yingge Rd. Intersection,Yingge Dist,"No. 101-107, Yingge Rd. (Side)",500234042,11,5,20260804T054103,24.96916,121.33193,6,1,4,1,2026-08-04T06:02:05+08:00
新北市,New Taipei City,YouBike2.0_國際一路112巷口,鶯歌區,國際一路167號(前),"YouBike2.0_Ln. 112, GuoJi 1st Rd.",Yingge Dist,"No. 167, GuoJi 1st Rd. (Front)",500234043,15,5,20260804T050302,24.97667,121.33579,10,1,2,3,2026-08-04T06:02:05+08:00
新北市,New Taipei City,YouBike2.0_臺鐵鳳鳴站,鶯歌區,鳳一路/鶯歌路口,YouBike2.0_Fengming Station,Yingge Dist,Feng 1st Rd. & YingGe Rd.,500234044,40,0,20260710T070303,24.97227,121.33674,0,0,0,0,2026-08-04T06:02:05+08:00
新北市,New Taipei City,YouBike2.0_鶯歌陶瓷老街,鶯歌區,重慶街/國慶街(西南側),YouBike2.0_YingGe Old Street,Yingge Dist,ChongQing St. & GuoQing St. (Southwest),500234045,33,8,20260804T053103,24.95219,121.351,24,1,7,1,2026-08-04T06:02:05+08:00
新北市,New Taipei City,YouBike2.0_鶯歌火車站(仁愛路62號),鶯歌區,仁愛路62號(東側),"YouBike2.0_YingGe Station (No. 62, RenAi Rd.)",Yingge Dist,"No. 62, RenAi Rd. (East)",500234046,42,4,20260804T055102,24.95505,121.35407,37,1,4,0,2026-08-04T06:02:05+08:00
新北市,New Taipei City,YouBike2.0_臺鐵鳳鳴站(鶯歌路),鶯歌區,鶯歌路276號(對面),YouBike2.0_Fengming Station (YingGe Rd.),Yingge Dist,"No. 276, YingGe Rd. (Opposite)",500234047,20,0,20260804T055815,24.97189,121.33651,19,1,0,0,2026-08-04T06:02:05+08:00
新北市,New Taipei City,YouBike2.0_光明育智路口,鶯歌區,光明街126號(東南側),YouBike2.0_GuangMing St. & YuZhi Rd. Intersection,Yingge Dist,"No. 126, GuangMing St. (Southeast)",500234048,14,6,20260804T053402,24.95587,121.3456,7,1,6,0,2026-08-04T06:02:05+08:00
新北市,New Taipei City,YouBike2.0_新鳳公園,鶯歌區,鶯桃路二段60號(對側),YouBike2.0_XinFeng Park,Yingge Dist,"No. 60, Sec. 2, YingTao Rd. (Opposite)",500234049,14,12,20260804T053602,24.9732,121.32474,2,1,12,0,2026-08-04T06:02:05+08:00
新北市,New Taipei City,YouBike2.0_鳳鳴機器人公園,鶯歌區,鳳鳴路/福安街7巷24弄口,YouBike2.0_FengMing Robot Park,Yingge Dist,"FengMing Rd. & Aly. 24, Ln. 7, FuAn St.",500234050,17,2,20260804T052104,24.96618,121.33465,14,1,0,2,2026-08-04T06:02:05+08:00
新北市,New Taipei City,YouBike2.0_龍五鳳七路口,鶯歌區,龍五路/鳳七路口,YouBike2.0_Long 5th Rd. & Feng 7th Rd. Intersection,Yingge Dist,Long 5th Rd. & Feng 7th Rd. Intersection,500234051,30,13,20260804T052803,24.97043,121.33101,17,1,12,1,2026-08-04T06:02:05+08:00
新北市,New Taipei City,YouBike2.0_龍鳳夜市,鶯歌區,鳳三路/龍三路(東南側),YouBike2.0_LongFeng Night Market,Yingge Dist,Feng 3rd Rd. & Long 3rd Rd. (Southeast),500234052,30,4,20260804T044503,24.97329,121.33331,26,1,4,0,2026-08-04T06:02:05+08:00
新北市,New Taipei City,YouBike2.0_中湖市民活動中心,鶯歌區,中湖街21號,YouBike2.0_Zhonghu Civic Activity Center,Yingge Dist,"No. 21, ZhongHu St.",500234053,20,8,20260803T233503,24.97298,121.3472,11,1,7,1,2026-08-04T06:02:05+08:00
新北市,New Taipei City,YouBike2.0_鳳一鳳吉一街口,鶯歌區,鳳吉一街259號(旁),YouBike2.0_Feng 1st Rd. & FengJi 1st St. Intersection,Yingge Dist,"No. 259, FengJi 1st St. (Side)",500234054,20,2,20260804T052003,24.97677,121.3317,18,1,2,0,2026-08-04T06:02:05+08:00
新北市,New Taipei City,YouBike2.0_鳳五路122號前,鶯歌區,鳳五路122號前,"YouBike2.0_No. 122, Feng 5th Rd.",Yingge Dist,"No. 122, Feng 5th Rd. (Front)",500234055,18,15,20260804T055902,24.97316,121.32991,2,1,15,0,2026-08-04T06:02:05+08:00
新北市,New Taipei City,YouBike2.0_建國永昌街口,鶯歌區,建國路546號(對面),YouBike2.0_JianGuo Rd. & YongChang St. Intersection,Yingge Dist,"No. 546, JianGuo Rd. (Opposite)",500234056,17,4,20260803T202203,24.95031,121.33831,13,1,2,2,2026-08-04T06:02:05+08:00
新北市,New Taipei City,YouBike2.0_捷運鶯歌車站,鶯歌區,館前路300號(對側),YouBike2.0_MRT Yingge Sta.,Yingge Dist,"No. 300, GuanQian Rd. (Opposite)",500234057,34,16,20260803T233203,24.95322,121.35668,18,1,15,1,2026-08-04T06:02:05+08:00
新北市,New Taipei City,YouBike2.0_鳳三龍七路口,鶯歌區,鳳三路68號,YouBike2.0_Feng 3rd Rd. & Long 7th Rd. Intersection,Yingge Dist,"No. 68, Feng 3rd Rd.",500234058,18,9,20260804T051803,24.97204,121.33467,9,1,9,0,2026-08-04T06:02:05+08:00
新北市,New Taipei City,YouBike2.0_捷運國華站,鶯歌區,國華路45號(對側),YouBike2.0_MRT Guohua Sta.,Yingge Dist,"No. 45, GuoHua Rd. (Opposite)",500234059,24,10,20260803T230802,24.95535,121.34251,14,1,9,1,2026-08-04T06:02:05+08:00
新北市,New Taipei City,YouBike2.0_捷運陶瓷老街站,鶯歌區,捷運陶瓷老街站(重慶街側),YouBike2.0_MRT Ceramics Old Street Sta.,Yingge Dist,MRT Ceramics Old Street Sta. (ChongQing St.),500234060,36,12,20260803T224702,24.95212,121.35065,23,1,11,1,2026-08-04T06:02:05+08:00
新北市,New Taipei City,YouBike2.0_捷運永吉公園站,鶯歌區,鶯桃路296巷口,YouBike2.0_MRT Yongji Park Sta.,Yingge Dist,"Ln. 296, YingTao Rd. Intersection",500234061,47,5,20260804T021203,24.96048,121.33476,40,1,2,3,2026-08-04T06:02:05+08:00
新北市,New Taipei City,YouBike2.0_捷運鶯桃福德站,鶯歌區,福德一路20號(對側),YouBike2.0_MRT Yingtao Fude Sta.,Yingge Dist,"No. 20, FuDe 1st Rd. (Opposite)",500234062,75,15,20260804T054703,24.96704,121.33044,60,1,15,0,2026-08-04T06:02:05+08:00
新北市,New Taipei City,YouBike2.0_捷運國華站(2號出口),鶯歌區,國華路97號(對側),YouBike2.0_MRT Guohua Sta.(Exit 2),Yingge Dist,"No. 97, GuoHua Rd. (Opposite)",500234063,60,23,20260804T054103,24.95374,121.34301,36,1,22,1,2026-08-04T06:02:05+08:00
新北市,New Taipei City,YouBike2.0_鶯歌山水步道停車場,鶯歌區,觀景涼亭停車場,YouBike2.0_YingGe Riverside Trail Car Park,Yingge Dist,YingGe Riverside Trail Car Park,500234064,24,11,20260803T201603,24.93205,121.32825,13,1,9,2,2026-08-04T06:02:05+08:00
新北市,New Taipei City,YouBike2.0_鶯歌火車站(仁愛路),鶯歌區,仁愛路55號對側,YouBike2.0_Yingge Railway Station(Ren’ai Rd.),Yingge Dist,"No.55, Ren’ai Rd., Yingge Dist.(opposite)",500234001,69,24,20260804T071103,24.95559,121.35441,44,1,24,0,2026-08-04T07:17:39+08:00
新北市,New Taipei City,YouBike2.0_新北市立圖書館鶯歌分館,鶯歌區,中山路150號,YouBike2.0_New Taipei City Library Yingge Branch,Yingge Dist,"No.150, Zhongshan Rd.",500234002,20,5,20260804T065804,24.9572,121.34946,15,1,5,0,2026-08-04T07:17:39+08:00
新北市,New Taipei City,YouBike2.0_文化館前路口,鶯歌區,文化路407號旁,YouBike2.0_Yingge Ceramics Museum,Yingge Dist,"No. 407, Wenhua Rd.",500234003,44,11,20260804T071303,24.94948,121.35291,33,1,11,0,2026-08-04T07:17:39+08:00
新北市,New Taipei City,YouBike2.0_鶯歌國民運動中心,鶯歌區,館前路250號運動中心前,YouBike2.0_Yingge Civil Sports Center,Yingge Dist,"No.250, Guanqian Rd., Yingge Dist.",500234004,38,27,20260804T070802,24.95139,121.35733,9,1,23,4,2026-08-04T07:17:39+08:00
新北市,New Taipei City,YouBike2.0_尖山國中,鶯歌區,國中街1號,YouBike2.0_Municipal Jianshan Junior High School,Yingge Dist,"No.1, Guozhong St., Yingge Dist(sidewalk)",500234005,20,6,20260804T071402,24.94381,121.34207,14,1,6,0,2026-08-04T07:17:39+08:00
新北市,New Taipei City,YouBike2.0_新北市立鶯歌高級工商職業學校,鶯歌區,中正三路154號,YouBike2.0_New Taipei Municipal Yingge Vocational High School,Yingge Dist,"No. 154, Zhongzheng 3rd. Rd",500234006,56,7,20260804T064303,24.93923,121.33488,49,1,6,1,2026-08-04T07:17:39+08:00
新北市,New Taipei City,YouBike2.0_鶯歌國中,鶯歌區,鶯桃路39-5號對側,YouBike2.0_Yingge Junior High chool,Yingge Dist,"No.39-5, Yingtao Rd.(opposite)",500234007,30,2,20260804T071402,24.95119,121.34256,28,1,2,0,2026-08-04T07:17:39+08:00
新北市,New Taipei City,YouBike2.0_永吉國小,鶯歌區,德昌二街39號對側,YouBike2.0_Yongchi elementary school,Yingge Dist,"No.39, Dechang 2nd St., Yingge Dist.",500234008,20,6,20260804T065003,24.95865,121.33308,14,1,5,1,2026-08-04T07:17:39+08:00
新北市,New Taipei City,YouBike2.0_鳳祥公園,鶯歌區,鶯桃路365巷130號對側,YouBike2.0_Fengxiang Park,Yingge Dist,"No.130, Ln. 365, Yingtao Rd., Yingge Dist.",500234009,20,7,20260804T065804,24.96283,121.33025,12,1,7,0,2026-08-04T07:17:39+08:00
新北市,New Taipei City,YouBike2.0_鳳鳴國小,鶯歌區,永和街120號,YouBike2.0_Fengming Elementary School,Yingge Dist,"No.120, Yonghe St., Yingge Dist.",500234010,20,5,20260804T062704,24.9692,121.3347,14,1,5,0,2026-08-04T07:17:39+08:00
新北市,New Taipei City,YouBike2.0_國際二國際一路口,鶯歌區,國際二路與國際一路口,YouBike2.0_Guoji 2nd Guoji 1st Intersection,Yingge Dist,"Guoji 2nd Rd./Guoji 1st Rd., Yingge Dist.",500234011,20,6,20260804T071402,24.97577,121.3353,14,1,6,0,2026-08-04T07:17:39+08:00
新北市,New Taipei City,YouBike2.0_鳳福公園,鶯歌區,鳳吉一街186號(對面),YouBike2.0_Fengfu Park,Yingge Dist,"No. 186, Fengji 1st St., Yingge Dist.(opposite)",500234012,20,10,20260804T070304,24.97572,121.32938,9,1,8,2,2026-08-04T07:17:39+08:00
新北市,New Taipei City,YouBike2.0_尖山公園,鶯歌區,鶯歌區尖山路161號對面,YouBike2.0_Jianshan Park,Yingge Dist,"No.161, Jianshan Rd.(opposite)",500234013,29,15,20260804T064703,24.9482,121.346,13,1,12,3,2026-08-04T07:17:39+08:00
新北市,New Taipei City,YouBike2.0_永昌里兒一公園,鶯歌區,鶯桃路182巷96弄36-38號對側,YouBike2.0_Yongchang Village Children Park (No.1),Yingge Dist,"No.36-38, Aly. 96, Ln. 182, Yingtao Rd.(oppsite)",500234014,20,0,20260804T065603,24.956649374562204,121.33959628800724,20,0,0,0,2026-08-04T07:17:39+08:00
新北市,New Taipei City,YouBike2.0_南雅育智路口,鶯歌區,南雅路491號(對面),YouBike2.0_Nanya & Yuzhi Rd. Intersection,Yingge Dist,"No.491, Nanya Rd., Yingge Dist.(opposite)",500234015,22,1,20260804T071022,24.954,121.346,21,1,1,0,2026-08-04T07:17:39+08:00
新北市,New Taipei City,YouBike2.0_國中二甲路口,鶯歌區,國中街175號(前),YouBike2.0_Guozhong & Erjia Intersection,Yingge Dist,"No. 175, Guozhong St., Yingge Dist.",500234016,20,13,20260804T065804,24.939489067109363,121.33868650698288,7,1,10,3,2026-08-04T07:17:39+08:00
新北市,New Taipei City,YouBike2.0_鶯歌永利街,鶯歌區,永利街16號(對面),YouBike2.0_Yingge Yongli St.,Yingge Dist,"No. 16, Yongli St. Yingge Dist.",500234017,15,9,20260804T061703,24.95495,121.33911,4,1,6,3,2026-08-04T07:17:39+08:00
新北市,New Taipei City,YouBike2.0_二橋虹橋公園,鶯歌區,中正三路400號(對面),YouBike2.0_Erqiaoshiguanghongqiao Park,Yingge Dist,"No. 400, Zhongzheng 3rd Rd.(Opposite)",500234018,10,6,20260803T191302,24.93453,121.32595,4,1,4,2,2026-08-04T07:17:39+08:00
新北市,New Taipei City,YouBike2.0_鳳吉四鳳七路口(捷士匯社區),鶯歌區,鳳吉四街57-75號(旁),YouBike2.0_Fengji 4th & Feng 7th Rd. Intersection,Yingge Dist,"No. 57-75, Fengji 4th St.",500234021,40,18,20260804T065804,24.97383,121.32769,22,1,17,1,2026-08-04T07:17:39+08:00
新北市,New Taipei City,YouBike2.0_鶯歌老街第二停車場,鶯歌區,尖山埔路27-31號(對面),YouBike2.0_Yingge Old Street 2nd Parking Lot,Yingge Dist,"No. 27-31, Jianshanpu Rd.(Opposite)",500234022,20,18,20260804T071402,24.94895,121.34227,2,1,16,2,2026-08-04T07:17:39+08:00
新北市,New Taipei City,YouBike2.0_建國中正一路口(北鶯社區),鶯歌區,建國路6號(對面空地),YouBike2.0_Jianguo Zhongzheng 1st Rd. Intersection,Yingge Dist,"No. 6, Jianguo Rd.(Opposite)",500234023,20,0,20260804T044615,24.95658,121.35692,20,1,0,0,2026-08-04T07:17:39+08:00
新北市,New Taipei City,YouBike2.0_三鶯水資源回收中心,鶯歌區,館前路360號(旁),YouBike2.0_Sanying Water Recycling Center,Yingge Dist,"No. 360, Guanqian Rd.",500234024,14,6,20260803T214104,24.95535,121.35996,8,1,6,0,2026-08-04T07:17:39+08:00
新北市,New Taipei City,YouBike2.0_永和街65巷口,鶯歌區,永和街75號,"YouBike2.0_Ln. 65, Yonghe St. Intersection",Yingge Dist,"No. 75, Yonghe St.",500234025,37,11,20260804T061303,24.96798,121.3331413,26,1,8,3,2026-08-04T07:17:39+08:00
新北市,New Taipei City,YouBike2.0_鶯歌陶瓷博物館,鶯歌區,文化路200號(旁),YouBike2.0_Yingge Ceramics Museum(Wenhua Rd.),Yingge Dist,"No. 200, Wenhua Rd.",500234026,22,14,20260804T071402,24.95012,121.35245,7,1,14,0,2026-08-04T07:17:39+08:00
新北市,New Taipei City,YouBike2.0_礫間停車場,鶯歌區,礫間停車場,YouBike2.0_Lijian Parking,Yingge Dist,Lijian Parking,500234028,20,12,20260804T043002,24.9518,121.35445,7,1,12,0,2026-08-04T07:17:39+08:00
新北市,New Taipei City,YouBike2.0_北鶯停車場,鶯歌區,北鶯停車場,YouBike2.0_Beiying Parking,Yingge Dist,Beiying Parking,500234029,20,3,20260804T062602,24.95567,121.35992,17,1,2,1,2026-08-04T07:17:39+08:00
新北市,New Taipei City,YouBike2.0_育英建國路口,鶯歌區,建國路280號(旁),YouBike2.0_Yuying Jianguo Rd. Intersection,Yingge Dist,"No. 280, Jianguo Rd.",500234030,12,7,20260804T071202,24.95356,121.34693,5,1,7,0,2026-08-04T07:17:39+08:00
新北市,New Taipei City,YouBike2.0_中正一仁愛路口,鶯歌區,中正一路181號(對面),YouBike2.0_Zhongzheng 1st & Ren'ai Rd Intersection,Yingge Dist,"No. 181, Zhongzheng 1st Rd.(Opposite)",500234031,15,3,20260804T064004,24.95672,121.3532,12,1,2,1,2026-08-04T07:17:39+08:00
新北市,New Taipei City,YouBike2.0_建國國小,鶯歌區,育英街19號(旁),YouBike2.0_Jianguo Elementary School,Yingge Dist,"No. 19, Yuying St.",500234032,15,6,20260804T070202,24.95521,121.34727,8,1,6,0,2026-08-04T07:17:39+08:00
新北市,New Taipei City,YouBike2.0_光明橋,鶯歌區,永明街78號(旁),YouBike2.0_Guang-ming bridge,Yingge Dist,"No. 78, Yongming St., Yingge Dist.(side)",500234033,14,4,20260804T070102,24.95577,121.34128,9,1,4,0,2026-08-04T07:17:39+08:00
新北市,New Taipei City,YouBike2.0_二橋派出所,鶯歌區,高職西街/中正三路口(西北側),YouBike2.0_Erqiao Police Station,Yingge Dist,"Gaozhi W. St. & Zhongzheng 3rd Rd., Yingge Dist. (west side)",500234034,11,2,20260804T062802,24.94216,121.33884,9,1,1,1,2026-08-04T07:17:39+08:00
新北市,New Taipei City,YouBike2.0_國中高職東街口,鶯歌區,國中路113至117-3號(對面),YouBike2.0_Guozhong & Gaozhi E. Intersection,Yingge Dist,"No. 113, Guozhong St., Yingge Dist.(opposite)",500234035,15,1,20260804T053703,24.94117,121.34116,13,1,1,0,2026-08-04T07:17:39+08:00
新北市,New Taipei City,YouBike2.0_尖山路高厝巷口,鶯歌區,尖山路276-5號(旁),YouBike2.0_Gaocuo Ln. Jianshan Rd.,Yingge Dist,"No. 276-5, Jianshan Rd. (Side)",500234036,15,0,20260804T065238,24.94495,121.34102,13,1,0,0,2026-08-04T07:17:39+08:00
新北市,New Taipei City,YouBike2.0_公八停車場,鶯歌區,國華路53號(對面),YouBike2.0_Public 8th Parking Lot,Yingge Dist,"No.53, Guohua Rd. (opposite)",500234037,15,3,20260804T070304,24.95515,121.34285,12,1,3,0,2026-08-04T07:17:39+08:00
新北市,New Taipei City,YouBike2.0_龍三鳳鳴路口,鶯歌區,鳳鳴路541號,YouBike2.0_Long 3rd. Rd. & Fengming Rd. Intersection,Yingge Dist,"No. 541, Fengming Rd.",500234038,18,0,20260804T070817,24.97286,121.33137,18,1,0,0,2026-08-04T07:17:39+08:00
新北市,New Taipei City,YouBike2.0_鳳福鳳三路口,鶯歌區,鳳三路360號,YouBike2.0_Fengfu Rd. & Feng 3rd. Rd. Intersection,Yingge Dist,"No. 360, Feng 3rd Rd.",500234039,22,16,20260804T071004,24.97567,121.33143,6,1,16,0,2026-08-04T07:17:39+08:00
新北市,New Taipei City,YouBike2.0_北鶯公園,鶯歌區,成功街20巷19號(旁),YouBike2.0_Beiying Park,Yingge Dist,"No. 19, Ln. 20, Chenggong St. (Side)",500234040,15,6,20260804T070003,24.95777,121.35942,9,1,6,0,2026-08-04T07:17:39+08:00
新北市,New Taipei City,YouBike2.0_鶯歌火車站(文化路),鶯歌區,文化路/文化路115巷(北側),YouBike2.0_Yingge Station (Wenhua Rd.),Yingge Dist,"Ln. 115, Wenhua Rd. Intersection (North)",500234041,25,12,20260804T060004,24.95536,121.35697,13,1,12,0,2026-08-04T07:17:39+08:00
新北市,New Taipei City,YouBike2.0_鳳七鶯歌路口,鶯歌區,鶯歌路101-107號(旁),YouBike2.0_Feng 7th Rd. & Yingge Rd. Intersection,Yingge Dist,"No. 101-107, Yingge Rd. (Side)",500234042,11,5,20260804T071203,24.96916,121.33193,6,1,4,1,2026-08-04T07:17:39+08:00
新北市,New Taipei City,YouBike2.0_國際一路112巷口,鶯歌區,國際一路167號(前),"YouBike2.0_Ln. 112, GuoJi 1st Rd.",Yingge Dist,"No. 167, GuoJi 1st Rd. (Front)",500234043,15,3,20260804T061903,24.97667,121.33579,12,1,0,3,2026-08-04T07:17:39+08:00
新北市,New Taipei City,YouBike2.0_臺鐵鳳鳴站,鶯歌區,鳳一路/鶯歌路口,YouBike2.0_Fengming Station,Yingge Dist,Feng 1st Rd. & YingGe Rd.,500234044,40,0,20260710T070303,24.97227,121.33674,0,0,0,0,2026-08-04T07:17:39+08:00
新北市,New Taipei City,YouBike2.0_鶯歌陶瓷老街,鶯歌區,重慶街/國慶街(西南側),YouBike2.0_YingGe Old Street,Yingge Dist,ChongQing St. & GuoQing St. (Southwest),500234045,33,6,20260804T070903,24.95219,121.351,26,1,6,0,2026-08-04T07:17:39+08:00
新北市,New Taipei City,YouBike2.0_鶯歌火車站(仁愛路62號),鶯歌區,仁愛路62號(東側),"YouBike2.0_YingGe Station (No. 62, RenAi Rd.)",Yingge Dist,"No. 62, RenAi Rd. (East)",500234046,42,13,20260804T070704,24.95505,121.35407,29,1,11,2,2026-08-04T07:17:39+08:00
新北市,New Taipei City,YouBike2.0_臺鐵鳳鳴站(鶯歌路),鶯歌區,鶯歌路276號(對面),YouBike2.0_Fengming Station (YingGe Rd.),Yingge Dist,"No. 276, YingGe Rd. (Opposite)",500234047,20,4,20260804T071402,24.97189,121.33651,13,1,2,2,2026-08-04T07:17:39+08:00
新北市,New Taipei City,YouBike2.0_光明育智路口,鶯歌區,光明街126號(東南側),YouBike2.0_GuangMing St. & YuZhi Rd. Intersection,Yingge Dist,"No. 126, GuangMing St. (Southeast)",500234048,14,5,20260804T060703,24.95587,121.3456,8,1,5,0,2026-08-04T07:17:39+08:00
新北市,New Taipei City,YouBike2.0_新鳳公園,鶯歌區,鶯桃路二段60號(對側),YouBike2.0_XinFeng Park,Yingge Dist,"No. 60, Sec. 2, YingTao Rd. (Opposite)",500234049,14,3,20260804T071402,24.9732,121.32474,11,1,2,1,2026-08-04T07:17:39+08:00
新北市,New Taipei City,YouBike2.0_鳳鳴機器人公園,鶯歌區,鳳鳴路/福安街7巷24弄口,YouBike2.0_FengMing Robot Park,Yingge Dist,"FengMing Rd. & Aly. 24, Ln. 7, FuAn St.",500234050,17,3,20260804T071203,24.96618,121.33465,13,1,2,1,2026-08-04T07:17:39+08:00
新北市,New Taipei City,YouBike2.0_龍五鳳七路口,鶯歌區,龍五路/鳳七路口,YouBike2.0_Long 5th Rd. & Feng 7th Rd. Intersection,Yingge Dist,Long 5th Rd. & Feng 7th Rd. Intersection,500234051,30,8,20260804T070102,24.97043,121.33101,22,1,7,1,2026-08-04T07:17:39+08:00
新北市,New Taipei City,YouBike2.0_龍鳳夜市,鶯歌區,鳳三路/龍三路(東南側),YouBike2.0_LongFeng Night Market,Yingge Dist,Feng 3rd Rd. & Long 3rd Rd. (Southeast),500234052,30,7,20260804T065402,24.97329,121.33331,23,1,7,0,2026-08-04T07:17:39+08:00
新北市,New Taipei City,YouBike2.0_中湖市民活動中心,鶯歌區,中湖街21號,YouBike2.0_Zhonghu Civic Activity Center,Yingge Dist,"No. 21, ZhongHu St.",500234053,20,8,20260803T233503,24.97298,121.3472,11,1,7,1,2026-08-04T07:17:39+08:00
新北市,New Taipei City,YouBike2.0_鳳一鳳吉一街口,鶯歌區,鳳吉一街259號(旁),YouBike2.0_Feng 1st Rd. & FengJi 1st St. Intersection,Yingge Dist,"No. 259, FengJi 1st St. (Side)",500234054,20,1,20260804T063816,24.97677,121.3317,19,1,1,0,2026-08-04T07:17:39+08:00
新北市,New Taipei City,YouBike2.0_鳳五路122號前,鶯歌區,鳳五路122號前,"YouBike2.0_No. 122, Feng 5th Rd.",Yingge Dist,"No. 122, Feng 5th Rd. (Front)",500234055,18,2,20260804T070903,24.97316,121.32991,15,1,2,0,2026-08-04T07:17:39+08:00
新北市,New Taipei City,YouBike2.0_建國永昌街口,鶯歌區,建國路546號(對面),YouBike2.0_JianGuo Rd. & YongChang St. Intersection,Yingge Dist,"No. 546, JianGuo Rd. (Opposite)",500234056,17,3,20260804T070503,24.95031,121.33831,14,1,2,1,2026-08-04T07:17:39+08:00
新北市,New Taipei City,YouBike2.0_捷運鶯歌車站,鶯歌區,館前路300號(對側),YouBike2.0_MRT Yingge Sta.,Yingge Dist,"No. 300, GuanQian Rd. (Opposite)",500234057,34,19,20260804T065903,24.95322,121.35668,15,1,18,1,2026-08-04T07:17:39+08:00
新北市,New Taipei City,YouBike2.0_鳳三龍七路口,鶯歌區,鳳三路68號,YouBike2.0_Feng 3rd Rd. & Long 7th Rd. Intersection,Yingge Dist,"No. 68, Feng 3rd Rd.",500234058,18,12,20260804T071402,24.97204,121.33467,6,1,9,3,2026-08-04T07:17:39+08:00
新北市,New Taipei City,YouBike2.0_捷運國華站,鶯歌區,國華路45號(對側),YouBike2.0_MRT Guohua Sta.,Yingge Dist,"No. 45, GuoHua Rd. (Opposite)",500234059,24,10,20260803T230802,24.95535,121.34251,14,1,9,1,2026-08-04T07:17:39+08:00
新北市,New Taipei City,YouBike2.0_捷運陶瓷老街站,鶯歌區,捷運陶瓷老街站(重慶街側),YouBike2.0_MRT Ceramics Old Street Sta.,Yingge Dist,MRT Ceramics Old Street Sta. (ChongQing St.),500234060,36,11,20260804T071004,24.95212,121.35065,24,1,11,0,2026-08-04T07:17:39+08:00
新北市,New Taipei City,YouBike2.0_捷運永吉公園站,鶯歌區,鶯桃路296巷口,YouBike2.0_MRT Yongji Park Sta.,Yingge Dist,"Ln. 296, YingTao Rd. Intersection",500234061,47,7,20260804T071203,24.96048,121.33476,39,1,3,4,2026-08-04T07:17:39+08:00
新北市,New Taipei City,YouBike2.0_捷運鶯桃福德站,鶯歌區,福德一路20號(對側),YouBike2.0_MRT Yingtao Fude Sta.,Yingge Dist,"No. 20, FuDe 1st Rd. (Opposite)",500234062,75,16,20260804T070704,24.96704,121.33044,59,1,16,0,2026-08-04T07:17:39+08:00
新北市,New Taipei City,YouBike2.0_捷運國華站(2號出口),鶯歌區,國華路97號(對側),YouBike2.0_MRT Guohua Sta.(Exit 2),Yingge Dist,"No. 97, GuoHua Rd. (Opposite)",500234063,60,23,20260804T070602,24.95374,121.34301,36,1,23,0,2026-08-04T07:17:39+08:00
新北市,New Taipei City,YouBike2.0_鶯歌山水步道停車場,鶯歌區,觀景涼亭停車場,YouBike2.0_YingGe Riverside Trail Car Park,Yingge Dist,YingGe Riverside Trail Car Park,500234064,24,12,20260804T064304,24.93205,121.32825,12,1,10,2,2026-08-04T07:17:39+08:00
新北市,New Taipei City,YouBike2.0_鶯歌火車站(仁愛路),鶯歌區,仁愛路55號對側,YouBike2.0_Yingge Railway Station(Ren’ai Rd.),Yingge Dist,"No.55, Ren’ai Rd., Yingge Dist.(opposite)",500234001,69,43,20260804T084602,24.95559,121.35441,25,1,41,2,2026-08-04T08:57:58+08:00
新北市,New Taipei City,YouBike2.0_新北市立圖書館鶯歌分館,鶯歌區,中山路150號,YouBike2.0_New Taipei City Library Yingge Branch,Yingge Dist,"No.150, Zhongshan Rd.",500234002,20,5,20260804T083603,24.9572,121.34946,15,1,3,2,2026-08-04T08:57:58+08:00
新北市,New Taipei City,YouBike2.0_文化館前路口,鶯歌區,文化路407號旁,YouBike2.0_Yingge Ceramics Museum,Yingge Dist,"No. 407, Wenhua Rd.",500234003,44,7,20260804T085302,24.94948,121.35291,37,1,7,0,2026-08-04T08:57:58+08:00
新北市,New Taipei City,YouBike2.0_鶯歌國民運動中心,鶯歌區,館前路250號運動中心前,YouBike2.0_Yingge Civil Sports Center,Yingge Dist,"No.250, Guanqian Rd., Yingge Dist.",500234004,38,17,20260804T080220,24.95139,121.35733,19,1,13,4,2026-08-04T08:57:58+08:00
新北市,New Taipei City,YouBike2.0_尖山國中,鶯歌區,國中街1號,YouBike2.0_Municipal Jianshan Junior High School,Yingge Dist,"No.1, Guozhong St., Yingge Dist(sidewalk)",500234005,20,5,20260804T084704,24.94381,121.34207,15,1,5,0,2026-08-04T08:57:58+08:00
新北市,New Taipei City,YouBike2.0_新北市立鶯歌高級工商職業學校,鶯歌區,中正三路154號,YouBike2.0_New Taipei Municipal Yingge Vocational High School,Yingge Dist,"No. 154, Zhongzheng 3rd. Rd",500234006,56,18,20260804T084704,24.93923,121.33488,38,1,14,4,2026-08-04T08:57:58+08:00
新北市,New Taipei City,YouBike2.0_鶯歌國中,鶯歌區,鶯桃路39-5號對側,YouBike2.0_Yingge Junior High chool,Yingge Dist,"No.39-5, Yingtao Rd.(opposite)",500234007,30,11,20260804T084704,24.95119,121.34256,19,1,10,1,2026-08-04T08:57:58+08:00
新北市,New Taipei City,YouBike2.0_永吉國小,鶯歌區,德昌二街39號對側,YouBike2.0_Yongchi elementary school,Yingge Dist,"No.39, Dechang 2nd St., Yingge Dist.",500234008,20,3,20260804T084504,24.95865,121.33308,17,1,3,0,2026-08-04T08:57:58+08:00
新北市,New Taipei City,YouBike2.0_鳳祥公園,鶯歌區,鶯桃路365巷130號對側,YouBike2.0_Fengxiang Park,Yingge Dist,"No.130, Ln. 365, Yingtao Rd., Yingge Dist.",500234009,20,7,20260804T084902,24.96283,121.33025,12,1,6,1,2026-08-04T08:57:58+08:00
新北市,New Taipei City,YouBike2.0_鳳鳴國小,鶯歌區,永和街120號,YouBike2.0_Fengming Elementary School,Yingge Dist,"No.120, Yonghe St., Yingge Dist.",500234010,20,5,20260804T085402,24.9692,121.3347,15,1,5,0,2026-08-04T08:57:58+08:00
新北市,New Taipei City,YouBike2.0_國際二國際一路口,鶯歌區,國際二路與國際一路口,YouBike2.0_Guoji 2nd Guoji 1st Intersection,Yingge Dist,"Guoji 2nd Rd./Guoji 1st Rd., Yingge Dist.",500234011,20,4,20260804T083704,24.97577,121.3353,16,1,4,0,2026-08-04T08:57:58+08:00
新北市,New Taipei City,YouBike2.0_鳳福公園,鶯歌區,鳳吉一街186號(對面),YouBike2.0_Fengfu Park,Yingge Dist,"No. 186, Fengji 1st St., Yingge Dist.(opposite)",500234012,20,8,20260804T085004,24.97572,121.32938,12,1,6,2,2026-08-04T08:57:58+08:00
新北市,New Taipei City,YouBike2.0_尖山公園,鶯歌區,鶯歌區尖山路161號對面,YouBike2.0_Jianshan Park,Yingge Dist,"No.161, Jianshan Rd.(opposite)",500234013,29,14,20260804T082603,24.9482,121.346,14,1,11,3,2026-08-04T08:57:58+08:00
新北市,New Taipei City,YouBike2.0_永昌里兒一公園,鶯歌區,鶯桃路182巷96弄36-38號對側,YouBike2.0_Yongchang Village Children Park (No.1),Yingge Dist,"No.36-38, Aly. 96, Ln. 182, Yingtao Rd.(oppsite)",500234014,20,0,20260804T065603,24.956649374562204,121.33959628800724,20,0,0,0,2026-08-04T08:57:58+08:00
新北市,New Taipei City,YouBike2.0_南雅育智路口,鶯歌區,南雅路491號(對面),YouBike2.0_Nanya & Yuzhi Rd. Intersection,Yingge Dist,"No.491, Nanya Rd., Yingge Dist.(opposite)",500234015,22,3,20260804T084602,24.954,121.346,19,1,3,0,2026-08-04T08:57:58+08:00
新北市,New Taipei City,YouBike2.0_國中二甲路口,鶯歌區,國中街175號(前),YouBike2.0_Guozhong & Erjia Intersection,Yingge Dist,"No. 175, Guozhong St., Yingge Dist.",500234016,20,9,20260804T084202,24.939489067109363,121.33868650698288,11,1,7,2,2026-08-04T08:57:58+08:00
新北市,New Taipei City,YouBike2.0_鶯歌永利街,鶯歌區,永利街16號(對面),YouBike2.0_Yingge Yongli St.,Yingge Dist,"No. 16, Yongli St. Yingge Dist.",500234017,15,1,20260804T084402,24.95495,121.33911,12,1,0,1,2026-08-04T08:57:58+08:00
新北市,New Taipei City,YouBike2.0_二橋虹橋公園,鶯歌區,中正三路400號(對面),YouBike2.0_Erqiaoshiguanghongqiao Park,Yingge Dist,"No. 400, Zhongzheng 3rd Rd.(Opposite)",500234018,10,7,20260804T072602,24.93453,121.32595,3,1,4,3,2026-08-04T08:57:58+08:00
新北市,New Taipei City,YouBike2.0_鳳吉四鳳七路口(捷士匯社區),鶯歌區,鳳吉四街57-75號(旁),YouBike2.0_Fengji 4th & Feng 7th Rd. Intersection,Yingge Dist,"No. 57-75, Fengji 4th St.",500234021,40,8,20260804T084704,24.97383,121.32769,32,1,8,0,2026-08-04T08:57:58+08:00
新北市,New Taipei City,YouBike2.0_鶯歌老街第二停車場,鶯歌區,尖山埔路27-31號(對面),YouBike2.0_Yingge Old Street 2nd Parking Lot,Yingge Dist,"No. 27-31, Jianshanpu Rd.(Opposite)",500234022,20,12,20260804T080903,24.94895,121.34227,6,1,9,3,2026-08-04T08:57:58+08:00
新北市,New Taipei City,YouBike2.0_建國中正一路口(北鶯社區),鶯歌區,建國路6號(對面空地),YouBike2.0_Jianguo Zhongzheng 1st Rd. Intersection,Yingge Dist,"No. 6, Jianguo Rd.(Opposite)",500234023,20,5,20260804T075103,24.95658,121.35692,15,1,5,0,2026-08-04T08:57:58+08:00
新北市,New Taipei City,YouBike2.0_三鶯水資源回收中心,鶯歌區,館前路360號(旁),YouBike2.0_Sanying Water Recycling Center,Yingge Dist,"No. 360, Guanqian Rd.",500234024,14,7,20260804T074503,24.95535,121.35996,7,1,7,0,2026-08-04T08:57:58+08:00
新北市,New Taipei City,YouBike2.0_永和街65巷口,鶯歌區,永和街75號,"YouBike2.0_Ln. 65, Yonghe St. Intersection",Yingge Dist,"No. 75, Yonghe St.",500234025,37,6,20260804T083704,24.96798,121.3331413,31,1,4,2,2026-08-04T08:57:58+08:00
新北市,New Taipei City,YouBike2.0_鶯歌陶瓷博物館,鶯歌區,文化路200號(旁),YouBike2.0_Yingge Ceramics Museum(Wenhua Rd.),Yingge Dist,"No. 200, Wenhua Rd.",500234026,22,9,20260804T084704,24.95012,121.35245,10,1,9,0,2026-08-04T08:57:58+08:00
新北市,New Taipei City,YouBike2.0_礫間停車場,鶯歌區,礫間停車場,YouBike2.0_Lijian Parking,Yingge Dist,Lijian Parking,500234028,20,12,20260804T043002,24.9518,121.35445,7,1,12,0,2026-08-04T08:57:58+08:00
新北市,New Taipei City,YouBike2.0_北鶯停車場,鶯歌區,北鶯停車場,YouBike2.0_Beiying Parking,Yingge Dist,Beiying Parking,500234029,20,3,20260804T062602,24.95567,121.35992,17,1,2,1,2026-08-04T08:57:58+08:00
新北市,New Taipei City,YouBike2.0_育英建國路口,鶯歌區,建國路280號(旁),YouBike2.0_Yuying Jianguo Rd. Intersection,Yingge Dist,"No. 280, Jianguo Rd.",500234030,12,4,20260804T083303,24.95356,121.34693,8,1,4,0,2026-08-04T08:57:58+08:00
新北市,New Taipei City,YouBike2.0_中正一仁愛路口,鶯歌區,中正一路181號(對面),YouBike2.0_Zhongzheng 1st & Ren'ai Rd Intersection,Yingge Dist,"No. 181, Zhongzheng 1st Rd.(Opposite)",500234031,15,2,20260804T083902,24.95672,121.3532,13,1,1,1,2026-08-04T08:57:58+08:00
新北市,New Taipei City,YouBike2.0_建國國小,鶯歌區,育英街19號(旁),YouBike2.0_Jianguo Elementary School,Yingge Dist,"No. 19, Yuying St.",500234032,15,5,20260804T081404,24.95521,121.34727,9,1,5,0,2026-08-04T08:57:58+08:00
新北市,New Taipei City,YouBike2.0_光明橋,鶯歌區,永明街78號(旁),YouBike2.0_Guang-ming bridge,Yingge Dist,"No. 78, Yongming St., Yingge Dist.(side)",500234033,14,0,20260804T080822,24.95577,121.34128,13,1,0,0,2026-08-04T08:57:58+08:00
新北市,New Taipei City,YouBike2.0_二橋派出所,鶯歌區,高職西街/中正三路口(西北側),YouBike2.0_Erqiao Police Station,Yingge Dist,"Gaozhi W. St. & Zhongzheng 3rd Rd., Yingge Dist. (west side)",500234034,11,4,20260804T075503,24.94216,121.33884,7,1,4,0,2026-08-04T08:57:58+08:00
新北市,New Taipei City,YouBike2.0_國中高職東街口,鶯歌區,國中路113至117-3號(對面),YouBike2.0_Guozhong & Gaozhi E. Intersection,Yingge Dist,"No. 113, Guozhong St., Yingge Dist.(opposite)",500234035,15,1,20260804T075005,24.94117,121.34116,13,1,1,0,2026-08-04T08:57:58+08:00
新北市,New Taipei City,YouBike2.0_尖山路高厝巷口,鶯歌區,尖山路276-5號(旁),YouBike2.0_Gaocuo Ln. Jianshan Rd.,Yingge Dist,"No. 276-5, Jianshan Rd. (Side)",500234036,15,4,20260804T074503,24.94495,121.34102,9,1,4,0,2026-08-04T08:57:58+08:00
新北市,New Taipei City,YouBike2.0_公八停車場,鶯歌區,國華路53號(對面),YouBike2.0_Public 8th Parking Lot,Yingge Dist,"No.53, Guohua Rd. (opposite)",500234037,15,2,20260804T075902,24.95515,121.34285,13,1,2,0,2026-08-04T08:57:58+08:00
新北市,New Taipei City,YouBike2.0_龍三鳳鳴路口,鶯歌區,鳳鳴路541號,YouBike2.0_Long 3rd. Rd. & Fengming Rd. Intersection,Yingge Dist,"No. 541, Fengming Rd.",500234038,18,3,20260804T085302,24.97286,121.33137,15,1,3,0,2026-08-04T08:57:58+08:00
新北市,New Taipei City,YouBike2.0_鳳福鳳三路口,鶯歌區,鳳三路360號,YouBike2.0_Fengfu Rd. & Feng 3rd. Rd. Intersection,Yingge Dist,"No. 360, Feng 3rd Rd.",500234039,22,13,20260804T082603,24.97567,121.33143,9,1,13,0,2026-08-04T08:57:58+08:00
新北市,New Taipei City,YouBike2.0_北鶯公園,鶯歌區,成功街20巷19號(旁),YouBike2.0_Beiying Park,Yingge Dist,"No. 19, Ln. 20, Chenggong St. (Side)",500234040,15,4,20260804T084402,24.95777,121.35942,11,1,4,0,2026-08-04T08:57:58+08:00
新北市,New Taipei City,YouBike2.0_鶯歌火車站(文化路),鶯歌區,文化路/文化路115巷(北側),YouBike2.0_Yingge Station (Wenhua Rd.),Yingge Dist,"Ln. 115, Wenhua Rd. Intersection (North)",500234041,25,12,20260804T085402,24.95536,121.35697,13,1,12,0,2026-08-04T08:57:58+08:00
新北市,New Taipei City,YouBike2.0_鳳七鶯歌路口,鶯歌區,鶯歌路101-107號(旁),YouBike2.0_Feng 7th Rd. & Yingge Rd. Intersection,Yingge Dist,"No. 101-107, Yingge Rd. (Side)",500234042,11,1,20260804T082619,24.96916,121.33193,10,1,1,0,2026-08-04T08:57:58+08:00
新北市,New Taipei City,YouBike2.0_國際一路112巷口,鶯歌區,國際一路167號(前),"YouBike2.0_Ln. 112, GuoJi 1st Rd.",Yingge Dist,"No. 167, GuoJi 1st Rd. (Front)",500234043,15,10,20260804T083202,24.97667,121.33579,5,1,8,2,2026-08-04T08:57:58+08:00
新北市,New Taipei City,YouBike2.0_臺鐵鳳鳴站,鶯歌區,鳳一路/鶯歌路口,YouBike2.0_Fengming Station,Yingge Dist,Feng 1st Rd. & YingGe Rd.,500234044,40,0,20260710T070303,24.97227,121.33674,0,0,0,0,2026-08-04T08:57:58+08:00
新北市,New Taipei City,YouBike2.0_鶯歌陶瓷老街,鶯歌區,重慶街/國慶街(西南側),YouBike2.0_YingGe Old Street,Yingge Dist,ChongQing St. & GuoQing St. (Southwest),500234045,33,6,20260804T082202,24.95219,121.351,26,1,6,0,2026-08-04T08:57:58+08:00
新北市,New Taipei City,YouBike2.0_鶯歌火車站(仁愛路62號),鶯歌區,仁愛路62號(東側),"YouBike2.0_YingGe Station (No. 62, RenAi Rd.)",Yingge Dist,"No. 62, RenAi Rd. (East)",500234046,42,23,20260804T085103,24.95505,121.35407,19,1,19,4,2026-08-04T08:57:58+08:00
新北市,New Taipei City,YouBike2.0_臺鐵鳳鳴站(鶯歌路),鶯歌區,鶯歌路276號(對面),YouBike2.0_Fengming Station (YingGe Rd.),Yingge Dist,"No. 276, YingGe Rd. (Opposite)",500234047,20,2,20260804T085103,24.97189,121.33651,12,1,2,0,2026-08-04T08:57:58+08:00
新北市,New Taipei City,YouBike2.0_光明育智路口,鶯歌區,光明街126號(東南側),YouBike2.0_GuangMing St. & YuZhi Rd. Intersection,Yingge Dist,"No. 126, GuangMing St. (Southeast)",500234048,14,2,20260804T082802,24.95587,121.3456,11,1,2,0,2026-08-04T08:57:58+08:00
新北市,New Taipei City,YouBike2.0_新鳳公園,鶯歌區,鶯桃路二段60號(對側),YouBike2.0_XinFeng Park,Yingge Dist,"No. 60, Sec. 2, YingTao Rd. (Opposite)",500234049,14,12,20260804T083303,24.9732,121.32474,2,1,7,5,2026-08-04T08:57:58+08:00
新北市,New Taipei City,YouBike2.0_鳳鳴機器人公園,鶯歌區,鳳鳴路/福安街7巷24弄口,YouBike2.0_FengMing Robot Park,Yingge Dist,"FengMing Rd. & Aly. 24, Ln. 7, FuAn St.",500234050,17,0,20260804T083218,24.96618,121.33465,16,1,0,0,2026-08-04T08:57:58+08:00
新北市,New Taipei City,YouBike2.0_龍五鳳七路口,鶯歌區,龍五路/鳳七路口,YouBike2.0_Long 5th Rd. & Feng 7th Rd. Intersection,Yingge Dist,Long 5th Rd. & Feng 7th Rd. Intersection,500234051,30,1,20260804T081118,24.97043,121.33101,29,1,1,0,2026-08-04T08:57:58+08:00
新北市,New Taipei City,YouBike2.0_龍鳳夜市,鶯歌區,鳳三路/龍三路(東南側),YouBike2.0_LongFeng Night Market,Yingge Dist,Feng 3rd Rd. & Long 3rd Rd. (Southeast),500234052,30,0,20260804T084118,24.97329,121.33331,30,1,0,0,2026-08-04T08:57:58+08:00
新北市,New Taipei City,YouBike2.0_中湖市民活動中心,鶯歌區,中湖街21號,YouBike2.0_Zhonghu Civic Activity Center,Yingge Dist,"No. 21, ZhongHu St.",500234053,20,9,20260804T083504,24.97298,121.3472,11,1,6,3,2026-08-04T08:57:58+08:00
新北市,New Taipei City,YouBike2.0_鳳一鳳吉一街口,鶯歌區,鳳吉一街259號(旁),YouBike2.0_Feng 1st Rd. & FengJi 1st St. Intersection,Yingge Dist,"No. 259, FengJi 1st St. (Side)",500234054,20,13,20260804T085004,24.97677,121.3317,7,1,13,0,2026-08-04T08:57:58+08:00
新北市,New Taipei City,YouBike2.0_鳳五路122號前,鶯歌區,鳳五路122號前,"YouBike2.0_No. 122, Feng 5th Rd.",Yingge Dist,"No. 122, Feng 5th Rd. (Front)",500234055,18,7,20260804T084504,24.97316,121.32991,11,1,7,0,2026-08-04T08:57:58+08:00
新北市,New Taipei City,YouBike2.0_建國永昌街口,鶯歌區,建國路546號(對面),YouBike2.0_JianGuo Rd. & YongChang St. Intersection,Yingge Dist,"No. 546, JianGuo Rd. (Opposite)",500234056,17,4,20260804T080503,24.95031,121.33831,12,1,3,1,2026-08-04T08:57:58+08:00
新北市,New Taipei City,YouBike2.0_捷運鶯歌車站,鶯歌區,館前路300號(對側),YouBike2.0_MRT Yingge Sta.,Yingge Dist,"No. 300, GuanQian Rd. (Opposite)",500234057,34,18,20260804T084903,24.95322,121.35668,16,1,18,0,2026-08-04T08:57:58+08:00
新北市,New Taipei City,YouBike2.0_鳳三龍七路口,鶯歌區,鳳三路68號,YouBike2.0_Feng 3rd Rd. & Long 7th Rd. Intersection,Yingge Dist,"No. 68, Feng 3rd Rd.",500234058,18,3,20260804T085402,24.97204,121.33467,15,1,1,2,2026-08-04T08:57:58+08:00
新北市,New Taipei City,YouBike2.0_捷運國華站,鶯歌區,國華路45號(對側),YouBike2.0_MRT Guohua Sta.,Yingge Dist,"No. 45, GuoHua Rd. (Opposite)",500234059,24,5,20260804T083004,24.95535,121.34251,19,1,4,1,2026-08-04T08:57:58+08:00
新北市,New Taipei City,YouBike2.0_捷運陶瓷老街站,鶯歌區,捷運陶瓷老街站(重慶街側),YouBike2.0_MRT Ceramics Old Street Sta.,Yingge Dist,MRT Ceramics Old Street Sta. (ChongQing St.),500234060,36,9,20260804T082504,24.95212,121.35065,26,1,9,0,2026-08-04T08:57:58+08:00
新北市,New Taipei City,YouBike2.0_捷運永吉公園站,鶯歌區,鶯桃路296巷口,YouBike2.0_MRT Yongji Park Sta.,Yingge Dist,"Ln. 296, YingTao Rd. Intersection",500234061,47,5,20260804T074103,24.96048,121.33476,41,1,2,3,2026-08-04T08:57:58+08:00
新北市,New Taipei City,YouBike2.0_捷運鶯桃福德站,鶯歌區,福德一路20號(對側),YouBike2.0_MRT Yingtao Fude Sta.,Yingge Dist,"No. 20, FuDe 1st Rd. (Opposite)",500234062,75,20,20260804T084003,24.96704,121.33044,55,1,20,0,2026-08-04T08:57:58+08:00
新北市,New Taipei City,YouBike2.0_捷運國華站(2號出口),鶯歌區,國華路97號(對側),YouBike2.0_MRT Guohua Sta.(Exit 2),Yingge Dist,"No. 97, GuoHua Rd. (Opposite)",500234063,60,20,20260804T083504,24.95374,121.34301,39,1,20,0,2026-08-04T08:57:58+08:00
新北市,New Taipei City,YouBike2.0_鶯歌山水步道停車場,鶯歌區,觀景涼亭停車場,YouBike2.0_YingGe Riverside Trail Car Park,Yingge Dist,YingGe Riverside Trail Car Park,500234064,24,12,20260804T064304,24.93205,121.32825,12,1,10,2,2026-08-04T08:57:58+08:00
新北市,New Taipei City,YouBike2.0_鶯歌火車站(仁愛路),鶯歌區,仁愛路55號對側,YouBike2.0_Yingge Railway Station(Ren’ai Rd.),Yingge Dist,"No.55, Ren’ai Rd., Yingge Dist.(opposite)",500234001,69,47,20260804T120703,24.95559,121.35441,20,1,47,0,2026-08-04T12:12:16+08:00
新北市,New Taipei City,YouBike2.0_新北市立圖書館鶯歌分館,鶯歌區,中山路150號,YouBike2.0_New Taipei City Library Yingge Branch,Yingge Dist,"No.150, Zhongshan Rd.",500234002,20,7,20260804T120202,24.9572,121.34946,13,1,5,2,2026-08-04T12:12:16+08:00
新北市,New Taipei City,YouBike2.0_文化館前路口,鶯歌區,文化路407號旁,YouBike2.0_Yingge Ceramics Museum,Yingge Dist,"No. 407, Wenhua Rd.",500234003,44,12,20260804T120904,24.94948,121.35291,32,1,11,1,2026-08-04T12:12:16+08:00
新北市,New Taipei City,YouBike2.0_鶯歌國民運動中心,鶯歌區,館前路250號運動中心前,YouBike2.0_Yingge Civil Sports Center,Yingge Dist,"No.250, Guanqian Rd., Yingge Dist.",500234004,38,19,20260804T115104,24.95139,121.35733,19,1,17,2,2026-08-04T12:12:16+08:00
新北市,New Taipei City,YouBike2.0_尖山國中,鶯歌區,國中街1號,YouBike2.0_Municipal Jianshan Junior High School,Yingge Dist,"No.1, Guozhong St., Yingge Dist(sidewalk)",500234005,20,1,20260804T120302,24.94381,121.34207,19,1,1,0,2026-08-04T12:12:16+08:00
新北市,New Taipei City,YouBike2.0_新北市立鶯歌高級工商職業學校,鶯歌區,中正三路154號,YouBike2.0_New Taipei Municipal Yingge Vocational High School,Yingge Dist,"No. 154, Zhongzheng 3rd. Rd",500234006,56,12,20260804T114702,24.93923,121.33488,44,1,10,2,2026-08-04T12:12:16+08:00
新北市,New Taipei City,YouBike2.0_鶯歌國中,鶯歌區,鶯桃路39-5號對側,YouBike2.0_Yingge Junior High chool,Yingge Dist,"No.39-5, Yingtao Rd.(opposite)",500234007,30,3,20260804T120703,24.95119,121.34256,27,1,3,0,2026-08-04T12:12:16+08:00
新北市,New Taipei City,YouBike2.0_永吉國小,鶯歌區,德昌二街39號對側,YouBike2.0_Yongchi elementary school,Yingge Dist,"No.39, Dechang 2nd St., Yingge Dist.",500234008,20,5,20260804T120604,24.95865,121.33308,15,1,5,0,2026-08-04T12:12:16+08:00
新北市,New Taipei City,YouBike2.0_鳳祥公園,鶯歌區,鶯桃路365巷130號對側,YouBike2.0_Fengxiang Park,Yingge Dist,"No.130, Ln. 365, Yingtao Rd., Yingge Dist.",500234009,20,5,20260804T115302,24.96283,121.33025,15,1,4,1,2026-08-04T12:12:16+08:00
新北市,New Taipei City,YouBike2.0_鳳鳴國小,鶯歌區,永和街120號,YouBike2.0_Fengming Elementary School,Yingge Dist,"No.120, Yonghe St., Yingge Dist.",500234010,20,0,20260804T120816,24.9692,121.3347,20,1,0,0,2026-08-04T12:12:16+08:00
新北市,New Taipei City,YouBike2.0_國際二國際一路口,鶯歌區,國際二路與國際一路口,YouBike2.0_Guoji 2nd Guoji 1st Intersection,Yingge Dist,"Guoji 2nd Rd./Guoji 1st Rd., Yingge Dist.",500234011,20,4,20260804T112402,24.97577,121.3353,16,1,3,1,2026-08-04T12:12:16+08:00
新北市,New Taipei City,YouBike2.0_鳳福公園,鶯歌區,鳳吉一街186號(對面),YouBike2.0_Fengfu Park,Yingge Dist,"No. 186, Fengji 1st St., Yingge Dist.(opposite)",500234012,20,4,20260804T120005,24.97572,121.32938,16,1,3,1,2026-08-04T12:12:16+08:00
新北市,New Taipei City,YouBike2.0_尖山公園,鶯歌區,鶯歌區尖山路161號對面,YouBike2.0_Jianshan Park,Yingge Dist,"No.161, Jianshan Rd.(opposite)",500234013,29,13,20260804T120202,24.9482,121.346,16,1,9,4,2026-08-04T12:12:16+08:00
新北市,New Taipei City,YouBike2.0_永昌里兒一公園,鶯歌區,鶯桃路182巷96弄36-38號對側,YouBike2.0_Yongchang Village Children Park (No.1),Yingge Dist,"No.36-38, Aly. 96, Ln. 182, Yingtao Rd.(oppsite)",500234014,20,0,20260804T104904,24.956649374562204,121.33959628800724,20,0,0,0,2026-08-04T12:12:16+08:00
新北市,New Taipei City,YouBike2.0_南雅育智路口,鶯歌區,南雅路491號(對面),YouBike2.0_Nanya & Yuzhi Rd. Intersection,Yingge Dist,"No.491, Nanya Rd., Yingge Dist.(opposite)",500234015,22,2,20260804T094802,24.954,121.346,20,1,2,0,2026-08-04T12:12:16+08:00
新北市,New Taipei City,YouBike2.0_國中二甲路口,鶯歌區,國中街175號(前),YouBike2.0_Guozhong & Erjia Intersection,Yingge Dist,"No. 175, Guozhong St., Yingge Dist.",500234016,20,6,20260804T120404,24.939489067109363,121.33868650698288,14,1,5,1,2026-08-04T12:12:16+08:00
新北市,New Taipei City,YouBike2.0_鶯歌永利街,鶯歌區,永利街16號(對面),YouBike2.0_Yingge Yongli St.,Yingge Dist,"No. 16, Yongli St. Yingge Dist.",500234017,15,1,20260804T114517,24.95495,121.33911,13,1,1,0,2026-08-04T12:12:16+08:00
新北市,New Taipei City,YouBike2.0_二橋虹橋公園,鶯歌區,中正三路400號(對面),YouBike2.0_Erqiaoshiguanghongqiao Park,Yingge Dist,"No. 400, Zhongzheng 3rd Rd.(Opposite)",500234018,10,7,20260804T072602,24.93453,121.32595,3,1,4,3,2026-08-04T12:12:16+08:00
新北市,New Taipei City,YouBike2.0_鳳吉四鳳七路口(捷士匯社區),鶯歌區,鳳吉四街57-75號(旁),YouBike2.0_Fengji 4th & Feng 7th Rd. Intersection,Yingge Dist,"No. 57-75, Fengji 4th St.",500234021,40,6,20260804T120802,24.97383,121.32769,34,1,6,0,2026-08-04T12:12:16+08:00
新北市,New Taipei City,YouBike2.0_鶯歌老街第二停車場,鶯歌區,尖山埔路27-31號(對面),YouBike2.0_Yingge Old Street 2nd Parking Lot,Yingge Dist,"No. 27-31, Jianshanpu Rd.(Opposite)",500234022,20,11,20260804T120802,24.94895,121.34227,7,1,8,3,2026-08-04T12:12:16+08:00
新北市,New Taipei City,YouBike2.0_建國中正一路口(北鶯社區),鶯歌區,建國路6號(對面空地),YouBike2.0_Jianguo Zhongzheng 1st Rd. Intersection,Yingge Dist,"No. 6, Jianguo Rd.(Opposite)",500234023,20,4,20260804T103302,24.95658,121.35692,16,1,4,0,2026-08-04T12:12:16+08:00
新北市,New Taipei City,YouBike2.0_三鶯水資源回收中心,鶯歌區,館前路360號(旁),YouBike2.0_Sanying Water Recycling Center,Yingge Dist,"No. 360, Guanqian Rd.",500234024,14,7,20260804T074503,24.95535,121.35996,7,1,7,0,2026-08-04T12:12:16+08:00
新北市,New Taipei City,YouBike2.0_永和街65巷口,鶯歌區,永和街75號,"YouBike2.0_Ln. 65, Yonghe St. Intersection",Yingge Dist,"No. 75, Yonghe St.",500234025,37,1,20260804T110202,24.96798,121.3331413,36,1,0,1,2026-08-04T12:12:16+08:00
新北市,New Taipei City,YouBike2.0_鶯歌陶瓷博物館,鶯歌區,文化路200號(旁),YouBike2.0_Yingge Ceramics Museum(Wenhua Rd.),Yingge Dist,"No. 200, Wenhua Rd.",500234026,22,15,20260804T120404,24.95012,121.35245,6,1,10,5,2026-08-04T12:12:16+08:00
新北市,New Taipei City,YouBike2.0_礫間停車場,鶯歌區,礫間停車場,YouBike2.0_Lijian Parking,Yingge Dist,Lijian Parking,500234028,20,10,20260804T115004,24.9518,121.35445,9,1,10,0,2026-08-04T12:12:16+08:00
新北市,New Taipei City,YouBike2.0_北鶯停車場,鶯歌區,北鶯停車場,YouBike2.0_Beiying Parking,Yingge Dist,Beiying Parking,500234029,20,3,20260804T062602,24.95567,121.35992,17,1,2,1,2026-08-04T12:12:16+08:00
新北市,New Taipei City,YouBike2.0_育英建國路口,鶯歌區,建國路280號(旁),YouBike2.0_Yuying Jianguo Rd. Intersection,Yingge Dist,"No. 280, Jianguo Rd.",500234030,12,7,20260804T115504,24.95356,121.34693,5,1,6,1,2026-08-04T12:12:16+08:00
新北市,New Taipei City,YouBike2.0_中正一仁愛路口,鶯歌區,中正一路181號(對面),YouBike2.0_Zhongzheng 1st & Ren'ai Rd Intersection,Yingge Dist,"No. 181, Zhongzheng 1st Rd.(Opposite)",500234031,15,3,20260804T113304,24.95672,121.3532,12,1,2,1,2026-08-04T12:12:16+08:00
新北市,New Taipei City,YouBike2.0_建國國小,鶯歌區,育英街19號(旁),YouBike2.0_Jianguo Elementary School,Yingge Dist,"No. 19, Yuying St.",500234032,15,6,20260804T104603,24.95521,121.34727,8,1,6,0,2026-08-04T12:12:16+08:00
新北市,New Taipei City,YouBike2.0_光明橋,鶯歌區,永明街78號(旁),YouBike2.0_Guang-ming bridge,Yingge Dist,"No. 78, Yongming St., Yingge Dist.(side)",500234033,14,3,20260804T120302,24.95577,121.34128,11,1,3,0,2026-08-04T12:12:16+08:00
新北市,New Taipei City,YouBike2.0_二橋派出所,鶯歌區,高職西街/中正三路口(西北側),YouBike2.0_Erqiao Police Station,Yingge Dist,"Gaozhi W. St. & Zhongzheng 3rd Rd., Yingge Dist. (west side)",500234034,11,2,20260804T115602,24.94216,121.33884,9,1,2,0,2026-08-04T12:12:16+08:00
新北市,New Taipei City,YouBike2.0_國中高職東街口,鶯歌區,國中路113至117-3號(對面),YouBike2.0_Guozhong & Gaozhi E. Intersection,Yingge Dist,"No. 113, Guozhong St., Yingge Dist.(opposite)",500234035,15,1,20260804T075005,24.94117,121.34116,13,1,1,0,2026-08-04T12:12:16+08:00
新北市,New Taipei City,YouBike2.0_尖山路高厝巷口,鶯歌區,尖山路276-5號(旁),YouBike2.0_Gaocuo Ln. Jianshan Rd.,Yingge Dist,"No. 276-5, Jianshan Rd. (Side)",500234036,15,3,20260804T115802,24.94495,121.34102,10,1,2,1,2026-08-04T12:12:16+08:00
新北市,New Taipei City,YouBike2.0_公八停車場,鶯歌區,國華路53號(對面),YouBike2.0_Public 8th Parking Lot,Yingge Dist,"No.53, Guohua Rd. (opposite)",500234037,15,4,20260804T114903,24.95515,121.34285,11,1,4,0,2026-08-04T12:12:16+08:00
新北市,New Taipei City,YouBike2.0_龍三鳳鳴路口,鶯歌區,鳳鳴路541號,YouBike2.0_Long 3rd. Rd. & Fengming Rd. Intersection,Yingge Dist,"No. 541, Fengming Rd.",500234038,18,0,20260804T110117,24.97286,121.33137,18,1,0,0,2026-08-04T12:12:16+08:00
新北市,New Taipei City,YouBike2.0_鳳福鳳三路口,鶯歌區,鳳三路360號,YouBike2.0_Fengfu Rd. & Feng 3rd. Rd. Intersection,Yingge Dist,"No. 360, Feng 3rd Rd.",500234039,22,12,20260804T100203,24.97567,121.33143,10,1,12,0,2026-08-04T12:12:16+08:00
新北市,New Taipei City,YouBike2.0_北鶯公園,鶯歌區,成功街20巷19號(旁),YouBike2.0_Beiying Park,Yingge Dist,"No. 19, Ln. 20, Chenggong St. (Side)",500234040,15,6,20260804T112203,24.95777,121.35942,9,1,6,0,2026-08-04T12:12:16+08:00
新北市,New Taipei City,YouBike2.0_鶯歌火車站(文化路),鶯歌區,文化路/文化路115巷(北側),YouBike2.0_Yingge Station (Wenhua Rd.),Yingge Dist,"Ln. 115, Wenhua Rd. Intersection (North)",500234041,25,14,20260804T120005,24.95536,121.35697,11,1,14,0,2026-08-04T12:12:16+08:00
新北市,New Taipei City,YouBike2.0_鳳七鶯歌路口,鶯歌區,鶯歌路101-107號(旁),YouBike2.0_Feng 7th Rd. & Yingge Rd. Intersection,Yingge Dist,"No. 101-107, Yingge Rd. (Side)",500234042,11,0,20260804T113619,24.96916,121.33193,11,1,0,0,2026-08-04T12:12:16+08:00
新北市,New Taipei City,YouBike2.0_國際一路112巷口,鶯歌區,國際一路167號(前),"YouBike2.0_Ln. 112, GuoJi 1st Rd.",Yingge Dist,"No. 167, GuoJi 1st Rd. (Front)",500234043,15,4,20260804T120302,24.97667,121.33579,11,1,4,0,2026-08-04T12:12:16+08:00
新北市,New Taipei City,YouBike2.0_臺鐵鳳鳴站,鶯歌區,鳳一路/鶯歌路口,YouBike2.0_Fengming Station,Yingge Dist,Feng 1st Rd. & YingGe Rd.,500234044,40,0,20260710T070303,24.97227,121.33674,0,0,0,0,2026-08-04T12:12:16+08:00
新北市,New Taipei City,YouBike2.0_鶯歌陶瓷老街,鶯歌區,重慶街/國慶街(西南側),YouBike2.0_YingGe Old Street,Yingge Dist,ChongQing St. & GuoQing St. (Southwest),500234045,33,8,20260804T120404,24.95219,121.351,25,1,8,0,2026-08-04T12:12:16+08:00
新北市,New Taipei City,YouBike2.0_鶯歌火車站(仁愛路62號),鶯歌區,仁愛路62號(東側),"YouBike2.0_YingGe Station (No. 62, RenAi Rd.)",Yingge Dist,"No. 62, RenAi Rd. (East)",500234046,42,16,20260804T114603,24.95505,121.35407,23,1,12,4,2026-08-04T12:12:16+08:00
新北市,New Taipei City,YouBike2.0_臺鐵鳳鳴站(鶯歌路),鶯歌區,鶯歌路276號(對面),YouBike2.0_Fengming Station (YingGe Rd.),Yingge Dist,"No. 276, YingGe Rd. (Opposite)",500234047,20,6,20260804T120802,24.97189,121.33651,5,1,6,0,2026-08-04T12:12:16+08:00
新北市,New Taipei City,YouBike2.0_光明育智路口,鶯歌區,光明街126號(東南側),YouBike2.0_GuangMing St. & YuZhi Rd. Intersection,Yingge Dist,"No. 126, GuangMing St. (Southeast)",500234048,14,2,20260804T120802,24.95587,121.3456,12,1,2,0,2026-08-04T12:12:16+08:00
新北市,New Taipei City,YouBike2.0_新鳳公園,鶯歌區,鶯桃路二段60號(對側),YouBike2.0_XinFeng Park,Yingge Dist,"No. 60, Sec. 2, YingTao Rd. (Opposite)",500234049,14,1,20260804T115302,24.9732,121.32474,13,1,0,1,2026-08-04T12:12:16+08:00
新北市,New Taipei City,YouBike2.0_鳳鳴機器人公園,鶯歌區,鳳鳴路/福安街7巷24弄口,YouBike2.0_FengMing Robot Park,Yingge Dist,"FengMing Rd. & Aly. 24, Ln. 7, FuAn St.",500234050,17,5,20260804T120103,24.96618,121.33465,12,1,5,0,2026-08-04T12:12:16+08:00
新北市,New Taipei City,YouBike2.0_龍五鳳七路口,鶯歌區,龍五路/鳳七路口,YouBike2.0_Long 5th Rd. & Feng 7th Rd. Intersection,Yingge Dist,Long 5th Rd. & Feng 7th Rd. Intersection,500234051,30,1,20260804T120404,24.97043,121.33101,29,1,0,1,2026-08-04T12:12:16+08:00
新北市,New Taipei City,YouBike2.0_龍鳳夜市,鶯歌區,鳳三路/龍三路(東南側),YouBike2.0_LongFeng Night Market,Yingge Dist,Feng 3rd Rd. & Long 3rd Rd. (Southeast),500234052,30,2,20260804T113103,24.97329,121.33331,28,1,1,1,2026-08-04T12:12:16+08:00
新北市,New Taipei City,YouBike2.0_中湖市民活動中心,鶯歌區,中湖街21號,YouBike2.0_Zhonghu Civic Activity Center,Yingge Dist,"No. 21, ZhongHu St.",500234053,20,11,20260804T120202,24.97298,121.3472,9,1,8,3,2026-08-04T12:12:16+08:00
新北市,New Taipei City,YouBike2.0_鳳一鳳吉一街口,鶯歌區,鳳吉一街259號(旁),YouBike2.0_Feng 1st Rd. & FengJi 1st St. Intersection,Yingge Dist,"No. 259, FengJi 1st St. (Side)",500234054,20,10,20260804T114402,24.97677,121.3317,10,1,10,0,2026-08-04T12:12:16+08:00
新北市,New Taipei City,YouBike2.0_鳳五路122號前,鶯歌區,鳳五路122號前,"YouBike2.0_No. 122, Feng 5th Rd.",Yingge Dist,"No. 122, Feng 5th Rd. (Front)",500234055,18,2,20260804T114402,24.97316,121.32991,16,1,2,0,2026-08-04T12:12:16+08:00
新北市,New Taipei City,YouBike2.0_建國永昌街口,鶯歌區,建國路546號(對面),YouBike2.0_JianGuo Rd. & YongChang St. Intersection,Yingge Dist,"No. 546, JianGuo Rd. (Opposite)",500234056,17,4,20260804T093504,24.95031,121.33831,12,1,2,2,2026-08-04T12:12:16+08:00
新北市,New Taipei City,YouBike2.0_捷運鶯歌車站,鶯歌區,館前路300號(對側),YouBike2.0_MRT Yingge Sta.,Yingge Dist,"No. 300, GuanQian Rd. (Opposite)",500234057,34,20,20260804T115904,24.95322,121.35668,14,1,20,0,2026-08-04T12:12:16+08:00
新北市,New Taipei City,YouBike2.0_鳳三龍七路口,鶯歌區,鳳三路68號,YouBike2.0_Feng 3rd Rd. & Long 7th Rd. Intersection,Yingge Dist,"No. 68, Feng 3rd Rd.",500234058,18,4,20260804T120103,24.97204,121.33467,14,1,1,3,2026-08-04T12:12:16+08:00
新北市,New Taipei City,YouBike2.0_捷運國華站,鶯歌區,國華路45號(對側),YouBike2.0_MRT Guohua Sta.,Yingge Dist,"No. 45, GuoHua Rd. (Opposite)",500234059,24,10,20260804T114604,24.95535,121.34251,14,1,9,1,2026-08-04T12:12:16+08:00
新北市,New Taipei City,YouBike2.0_捷運陶瓷老街站,鶯歌區,捷運陶瓷老街站(重慶街側),YouBike2.0_MRT Ceramics Old Street Sta.,Yingge Dist,MRT Ceramics Old Street Sta. (ChongQing St.),500234060,36,8,20260804T112905,24.95212,121.35065,28,1,8,0,2026-08-04T12:12:16+08:00
新北市,New Taipei City,YouBike2.0_捷運永吉公園站,鶯歌區,鶯桃路296巷口,YouBike2.0_MRT Yongji Park Sta.,Yingge Dist,"Ln. 296, YingTao Rd. Intersection",500234061,47,18,20260804T120202,24.96048,121.33476,28,1,15,3,2026-08-04T12:12:16+08:00
新北市,New Taipei City,YouBike2.0_捷運鶯桃福德站,鶯歌區,福德一路20號(對側),YouBike2.0_MRT Yingtao Fude Sta.,Yingge Dist,"No. 20, FuDe 1st Rd. (Opposite)",500234062,75,23,20260804T120703,24.96704,121.33044,52,1,23,0,2026-08-04T12:12:16+08:00
新北市,New Taipei City,YouBike2.0_捷運國華站(2號出口),鶯歌區,國華路97號(對側),YouBike2.0_MRT Guohua Sta.(Exit 2),Yingge Dist,"No. 97, GuoHua Rd. (Opposite)",500234063,60,21,20260804T105603,24.95374,121.34301,39,1,21,0,2026-08-04T12:12:16+08:00
新北市,New Taipei City,YouBike2.0_鶯歌山水步道停車場,鶯歌區,觀景涼亭停車場,YouBike2.0_YingGe Riverside Trail Car Park,Yingge Dist,YingGe Riverside Trail Car Park,500234064,24,12,20260804T104603,24.93205,121.32825,12,1,10,2,2026-08-04T12:12:16+08:00
新北市,New Taipei City,YouBike2.0_鶯歌火車站(仁愛路),鶯歌區,仁愛路55號對側,YouBike2.0_Yingge Railway Station(Ren’ai Rd.),Yingge Dist,"No.55, Ren’ai Rd., Yingge Dist.(opposite)",500234001,69,41,20260804T142803,24.95559,121.35441,26,1,41,0,2026-08-04T14:40:00+08:00
新北市,New Taipei City,YouBike2.0_新北市立圖書館鶯歌分館,鶯歌區,中山路150號,YouBike2.0_New Taipei City Library Yingge Branch,Yingge Dist,"No.150, Zhongshan Rd.",500234002,20,8,20260804T143302,24.9572,121.34946,12,1,6,2,2026-08-04T14:40:00+08:00
新北市,New Taipei City,YouBike2.0_文化館前路口,鶯歌區,文化路407號旁,YouBike2.0_Yingge Ceramics Museum,Yingge Dist,"No. 407, Wenhua Rd.",500234003,44,14,20260804T141003,24.94948,121.35291,30,1,13,1,2026-08-04T14:40:00+08:00
新北市,New Taipei City,YouBike2.0_鶯歌國民運動中心,鶯歌區,館前路250號運動中心前,YouBike2.0_Yingge Civil Sports Center,Yingge Dist,"No.250, Guanqian Rd., Yingge Dist.",500234004,38,24,20260804T142403,24.95139,121.35733,14,1,20,4,2026-08-04T14:40:00+08:00
新北市,New Taipei City,YouBike2.0_尖山國中,鶯歌區,國中街1號,YouBike2.0_Municipal Jianshan Junior High School,Yingge Dist,"No.1, Guozhong St., Yingge Dist(sidewalk)",500234005,20,2,20260804T141003,24.94381,121.34207,18,1,2,0,2026-08-04T14:40:00+08:00
新北市,New Taipei City,YouBike2.0_新北市立鶯歌高級工商職業學校,鶯歌區,中正三路154號,YouBike2.0_New Taipei Municipal Yingge Vocational High School,Yingge Dist,"No. 154, Zhongzheng 3rd. Rd",500234006,56,5,20260804T141904,24.93923,121.33488,51,1,4,1,2026-08-04T14:40:00+08:00
新北市,New Taipei City,YouBike2.0_鶯歌國中,鶯歌區,鶯桃路39-5號對側,YouBike2.0_Yingge Junior High chool,Yingge Dist,"No.39-5, Yingtao Rd.(opposite)",500234007,30,8,20260804T143302,24.95119,121.34256,22,1,6,2,2026-08-04T14:40:00+08:00
新北市,New Taipei City,YouBike2.0_永吉國小,鶯歌區,德昌二街39號對側,YouBike2.0_Yongchi elementary school,Yingge Dist,"No.39, Dechang 2nd St., Yingge Dist.",500234008,20,4,20260804T143004,24.95865,121.33308,16,1,3,1,2026-08-04T14:40:00+08:00
新北市,New Taipei City,YouBike2.0_鳳祥公園,鶯歌區,鶯桃路365巷130號對側,YouBike2.0_Fengxiang Park,Yingge Dist,"No.130, Ln. 365, Yingtao Rd., Yingge Dist.",500234009,20,7,20260804T142003,24.96283,121.33025,13,1,6,1,2026-08-04T14:40:00+08:00
新北市,New Taipei City,YouBike2.0_鳳鳴國小,鶯歌區,永和街120號,YouBike2.0_Fengming Elementary School,Yingge Dist,"No.120, Yonghe St., Yingge Dist.",500234010,20,4,20260804T135019,24.9692,121.3347,16,1,3,1,2026-08-04T14:40:00+08:00
新北市,New Taipei City,YouBike2.0_國際二國際一路口,鶯歌區,國際二路與國際一路口,YouBike2.0_Guoji 2nd Guoji 1st Intersection,Yingge Dist,"Guoji 2nd Rd./Guoji 1st Rd., Yingge Dist.",500234011,20,6,20260804T141504,24.97577,121.3353,14,1,5,1,2026-08-04T14:40:00+08:00
新北市,New Taipei City,YouBike2.0_鳳福公園,鶯歌區,鳳吉一街186號(對面),YouBike2.0_Fengfu Park,Yingge Dist,"No. 186, Fengji 1st St., Yingge Dist.(opposite)",500234012,20,10,20260804T134102,24.97572,121.32938,10,1,6,4,2026-08-04T14:40:00+08:00
新北市,New Taipei City,YouBike2.0_尖山公園,鶯歌區,鶯歌區尖山路161號對面,YouBike2.0_Jianshan Park,Yingge Dist,"No.161, Jianshan Rd.(opposite)",500234013,29,15,20260804T142103,24.9482,121.346,14,1,11,4,2026-08-04T14:40:00+08:00
新北市,New Taipei City,YouBike2.0_永昌里兒一公園,鶯歌區,鶯桃路182巷96弄36-38號對側,YouBike2.0_Yongchang Village Children Park (No.1),Yingge Dist,"No.36-38, Aly. 96, Ln. 182, Yingtao Rd.(oppsite)",500234014,20,0,20260804T104904,24.956649374562204,121.33959628800724,20,0,0,0,2026-08-04T14:40:00+08:00
新北市,New Taipei City,YouBike2.0_南雅育智路口,鶯歌區,南雅路491號(對面),YouBike2.0_Nanya & Yuzhi Rd. Intersection,Yingge Dist,"No.491, Nanya Rd., Yingge Dist.(opposite)",500234015,22,3,20260804T140903,24.954,121.346,19,1,3,0,2026-08-04T14:40:00+08:00
新北市,New Taipei City,YouBike2.0_國中二甲路口,鶯歌區,國中街175號(前),YouBike2.0_Guozhong & Erjia Intersection,Yingge Dist,"No. 175, Guozhong St., Yingge Dist.",500234016,20,1,20260804T142202,24.939489067109363,121.33868650698288,19,1,1,0,2026-08-04T14:40:00+08:00
新北市,New Taipei City,YouBike2.0_鶯歌永利街,鶯歌區,永利街16號(對面),YouBike2.0_Yingge Yongli St.,Yingge Dist,"No. 16, Yongli St. Yingge Dist.",500234017,15,1,20260804T140602,24.95495,121.33911,13,1,1,0,2026-08-04T14:40:00+08:00
新北市,New Taipei City,YouBike2.0_二橋虹橋公園,鶯歌區,中正三路400號(對面),YouBike2.0_Erqiaoshiguanghongqiao Park,Yingge Dist,"No. 400, Zhongzheng 3rd Rd.(Opposite)",500234018,10,6,20260804T140504,24.93453,121.32595,4,1,4,2,2026-08-04T14:40:00+08:00
新北市,New Taipei City,YouBike2.0_鳳吉四鳳七路口(捷士匯社區),鶯歌區,鳳吉四街57-75號(旁),YouBike2.0_Fengji 4th & Feng 7th Rd. Intersection,Yingge Dist,"No. 57-75, Fengji 4th St.",500234021,40,1,20260804T142803,24.97383,121.32769,39,1,1,0,2026-08-04T14:40:00+08:00
新北市,New Taipei City,YouBike2.0_鶯歌老街第二停車場,鶯歌區,尖山埔路27-31號(對面),YouBike2.0_Yingge Old Street 2nd Parking Lot,Yingge Dist,"No. 27-31, Jianshanpu Rd.(Opposite)",500234022,20,11,20260804T120802,24.94895,121.34227,7,1,8,3,2026-08-04T14:40:00+08:00
新北市,New Taipei City,YouBike2.0_建國中正一路口(北鶯社區),鶯歌區,建國路6號(對面空地),YouBike2.0_Jianguo Zhongzheng 1st Rd. Intersection,Yingge Dist,"No. 6, Jianguo Rd.(Opposite)",500234023,20,4,20260804T103302,24.95658,121.35692,16,1,4,0,2026-08-04T14:40:00+08:00
新北市,New Taipei City,YouBike2.0_三鶯水資源回收中心,鶯歌區,館前路360號(旁),YouBike2.0_Sanying Water Recycling Center,Yingge Dist,"No. 360, Guanqian Rd.",500234024,14,3,20260804T142216,24.95535,121.35996,11,1,3,0,2026-08-04T14:40:00+08:00
新北市,New Taipei City,YouBike2.0_永和街65巷口,鶯歌區,永和街75號,"YouBike2.0_Ln. 65, Yonghe St. Intersection",Yingge Dist,"No. 75, Yonghe St.",500234025,37,5,20260804T141504,24.96798,121.3331413,32,1,3,2,2026-08-04T14:40:00+08:00
新北市,New Taipei City,YouBike2.0_鶯歌陶瓷博物館,鶯歌區,文化路200號(旁),YouBike2.0_Yingge Ceramics Museum(Wenhua Rd.),Yingge Dist,"No. 200, Wenhua Rd.",500234026,22,4,20260804T135303,24.95012,121.35245,17,1,2,2,2026-08-04T14:40:00+08:00
新北市,New Taipei City,YouBike2.0_礫間停車場,鶯歌區,礫間停車場,YouBike2.0_Lijian Parking,Yingge Dist,Lijian Parking,500234028,20,10,20260804T134304,24.9518,121.35445,9,1,10,0,2026-08-04T14:40:00+08:00
新北市,New Taipei City,YouBike2.0_北鶯停車場,鶯歌區,北鶯停車場,YouBike2.0_Beiying Parking,Yingge Dist,Beiying Parking,500234029,20,3,20260804T062602,24.95567,121.35992,17,1,2,1,2026-08-04T14:40:00+08:00
新北市,New Taipei City,YouBike2.0_育英建國路口,鶯歌區,建國路280號(旁),YouBike2.0_Yuying Jianguo Rd. Intersection,Yingge Dist,"No. 280, Jianguo Rd.",500234030,12,1,20260804T141803,24.95356,121.34693,11,1,1,0,2026-08-04T14:40:00+08:00
新北市,New Taipei City,YouBike2.0_中正一仁愛路口,鶯歌區,中正一路181號(對面),YouBike2.0_Zhongzheng 1st & Ren'ai Rd Intersection,Yingge Dist,"No. 181, Zhongzheng 1st Rd.(Opposite)",500234031,15,1,20260804T143004,24.95672,121.3532,14,1,1,0,2026-08-04T14:40:00+08:00
新北市,New Taipei City,YouBike2.0_建國國小,鶯歌區,育英街19號(旁),YouBike2.0_Jianguo Elementary School,Yingge Dist,"No. 19, Yuying St.",500234032,15,3,20260804T143103,24.95521,121.34727,11,1,3,0,2026-08-04T14:40:00+08:00
新北市,New Taipei City,YouBike2.0_光明橋,鶯歌區,永明街78號(旁),YouBike2.0_Guang-ming bridge,Yingge Dist,"No. 78, Yongming St., Yingge Dist.(side)",500234033,14,0,20260804T135116,24.95577,121.34128,14,1,0,0,2026-08-04T14:40:00+08:00
新北市,New Taipei City,YouBike2.0_二橋派出所,鶯歌區,高職西街/中正三路口(西北側),YouBike2.0_Erqiao Police Station,Yingge Dist,"Gaozhi W. St. & Zhongzheng 3rd Rd., Yingge Dist. (west side)",500234034,11,3,20260804T143004,24.94216,121.33884,8,1,3,0,2026-08-04T14:40:00+08:00
新北市,New Taipei City,YouBike2.0_國中高職東街口,鶯歌區,國中路113至117-3號(對面),YouBike2.0_Guozhong & Gaozhi E. Intersection,Yingge Dist,"No. 113, Guozhong St., Yingge Dist.(opposite)",500234035,15,3,20260804T131504,24.94117,121.34116,11,1,2,1,2026-08-04T14:40:00+08:00
新北市,New Taipei City,YouBike2.0_尖山路高厝巷口,鶯歌區,尖山路276-5號(旁),YouBike2.0_Gaocuo Ln. Jianshan Rd.,Yingge Dist,"No. 276-5, Jianshan Rd. (Side)",500234036,15,3,20260804T141203,24.94495,121.34102,10,1,1,2,2026-08-04T14:40:00+08:00
新北市,New Taipei City,YouBike2.0_公八停車場,鶯歌區,國華路53號(對面),YouBike2.0_Public 8th Parking Lot,Yingge Dist,"No.53, Guohua Rd. (opposite)",500234037,15,3,20260804T122203,24.95515,121.34285,12,1,2,1,2026-08-04T14:40:00+08:00
新北市,New Taipei City,YouBike2.0_龍三鳳鳴路口,鶯歌區,鳳鳴路541號,YouBike2.0_Long 3rd. Rd. & Fengming Rd. Intersection,Yingge Dist,"No. 541, Fengming Rd.",500234038,18,0,20260804T142420,24.97286,121.33137,18,1,0,0,2026-08-04T14:40:00+08:00
新北市,New Taipei City,YouBike2.0_鳳福鳳三路口,鶯歌區,鳳三路360號,YouBike2.0_Fengfu Rd. & Feng 3rd. Rd. Intersection,Yingge Dist,"No. 360, Feng 3rd Rd.",500234039,22,6,20260804T141504,24.97567,121.33143,16,1,6,0,2026-08-04T14:40:00+08:00
新北市,New Taipei City,YouBike2.0_北鶯公園,鶯歌區,成功街20巷19號(旁),YouBike2.0_Beiying Park,Yingge Dist,"No. 19, Ln. 20, Chenggong St. (Side)",500234040,15,4,20260804T143302,24.95777,121.35942,11,1,3,1,2026-08-04T14:40:00+08:00
新北市,New Taipei City,YouBike2.0_鶯歌火車站(文化路),鶯歌區,文化路/文化路115巷(北側),YouBike2.0_Yingge Station (Wenhua Rd.),Yingge Dist,"Ln. 115, Wenhua Rd. Intersection (North)",500234041,25,18,20260804T132402,24.95536,121.35697,7,1,17,1,2026-08-04T14:40:00+08:00
新北市,New Taipei City,YouBike2.0_鳳七鶯歌路口,鶯歌區,鶯歌路101-107號(旁),YouBike2.0_Feng 7th Rd. & Yingge Rd. Intersection,Yingge Dist,"No. 101-107, Yingge Rd. (Side)",500234042,11,2,20260804T133004,24.96916,121.33193,9,1,1,1,2026-08-04T14:40:00+08:00
新北市,New Taipei City,YouBike2.0_國際一路112巷口,鶯歌區,國際一路167號(前),"YouBike2.0_Ln. 112, GuoJi 1st Rd.",Yingge Dist,"No. 167, GuoJi 1st Rd. (Front)",500234043,15,6,20260804T134304,24.97667,121.33579,9,1,6,0,2026-08-04T14:40:00+08:00
新北市,New Taipei City,YouBike2.0_臺鐵鳳鳴站,鶯歌區,鳳一路/鶯歌路口,YouBike2.0_Fengming Station,Yingge Dist,Feng 1st Rd. & YingGe Rd.,500234044,40,0,20260710T070303,24.97227,121.33674,0,0,0,0,2026-08-04T14:40:00+08:00
新北市,New Taipei City,YouBike2.0_鶯歌陶瓷老街,鶯歌區,重慶街/國慶街(西南側),YouBike2.0_YingGe Old Street,Yingge Dist,ChongQing St. & GuoQing St. (Southwest),500234045,33,13,20260804T143203,24.95219,121.351,20,1,13,0,2026-08-04T14:40:00+08:00
新北市,New Taipei City,YouBike2.0_鶯歌火車站(仁愛路62號),鶯歌區,仁愛路62號(東側),"YouBike2.0_YingGe Station (No. 62, RenAi Rd.)",Yingge Dist,"No. 62, RenAi Rd. (East)",500234046,42,13,20260804T142403,24.95505,121.35407,26,1,13,0,2026-08-04T14:40:00+08:00
新北市,New Taipei City,YouBike2.0_臺鐵鳳鳴站(鶯歌路),鶯歌區,鶯歌路276號(對面),YouBike2.0_Fengming Station (YingGe Rd.),Yingge Dist,"No. 276, YingGe Rd. (Opposite)",500234047,20,3,20260804T143302,24.97189,121.33651,8,1,3,0,2026-08-04T14:40:00+08:00
新北市,New Taipei City,YouBike2.0_光明育智路口,鶯歌區,光明街126號(東南側),YouBike2.0_GuangMing St. & YuZhi Rd. Intersection,Yingge Dist,"No. 126, GuangMing St. (Southeast)",500234048,14,2,20260804T143004,24.95587,121.3456,12,1,2,0,2026-08-04T14:40:00+08:00
新北市,New Taipei City,YouBike2.0_新鳳公園,鶯歌區,鶯桃路二段60號(對側),YouBike2.0_XinFeng Park,Yingge Dist,"No. 60, Sec. 2, YingTao Rd. (Opposite)",500234049,14,4,20260804T141304,24.9732,121.32474,10,1,2,2,2026-08-04T14:40:00+08:00
新北市,New Taipei City,YouBike2.0_鳳鳴機器人公園,鶯歌區,鳳鳴路/福安街7巷24弄口,YouBike2.0_FengMing Robot Park,Yingge Dist,"FengMing Rd. & Aly. 24, Ln. 7, FuAn St.",500234050,17,4,20260804T140003,24.96618,121.33465,13,1,4,0,2026-08-04T14:40:00+08:00
新北市,New Taipei City,YouBike2.0_龍五鳳七路口,鶯歌區,龍五路/鳳七路口,YouBike2.0_Long 5th Rd. & Feng 7th Rd. Intersection,Yingge Dist,Long 5th Rd. & Feng 7th Rd. Intersection,500234051,30,1,20260804T143217,24.97043,121.33101,29,1,1,0,2026-08-04T14:40:00+08:00
新北市,New Taipei City,YouBike2.0_龍鳳夜市,鶯歌區,鳳三路/龍三路(東南側),YouBike2.0_LongFeng Night Market,Yingge Dist,Feng 3rd Rd. & Long 3rd Rd. (Southeast),500234052,30,1,20260804T130104,24.97329,121.33331,29,1,0,1,2026-08-04T14:40:00+08:00
新北市,New Taipei City,YouBike2.0_中湖市民活動中心,鶯歌區,中湖街21號,YouBike2.0_Zhonghu Civic Activity Center,Yingge Dist,"No. 21, ZhongHu St.",500234053,20,12,20260804T131704,24.97298,121.3472,8,1,9,3,2026-08-04T14:40:00+08:00
新北市,New Taipei City,YouBike2.0_鳳一鳳吉一街口,鶯歌區,鳳吉一街259號(旁),YouBike2.0_Feng 1st Rd. & FengJi 1st St. Intersection,Yingge Dist,"No. 259, FengJi 1st St. (Side)",500234054,20,14,20260804T142602,24.97677,121.3317,6,1,14,0,2026-08-04T14:40:00+08:00
新北市,New Taipei City,YouBike2.0_鳳五路122號前,鶯歌區,鳳五路122號前,"YouBike2.0_No. 122, Feng 5th Rd.",Yingge Dist,"No. 122, Feng 5th Rd. (Front)",500234055,18,4,20260804T134803,24.97316,121.32991,14,1,4,0,2026-08-04T14:40:00+08:00
新北市,New Taipei City,YouBike2.0_建國永昌街口,鶯歌區,建國路546號(對面),YouBike2.0_JianGuo Rd. & YongChang St. Intersection,Yingge Dist,"No. 546, JianGuo Rd. (Opposite)",500234056,17,5,20260804T131103,24.95031,121.33831,11,1,4,1,2026-08-04T14:40:00+08:00
新北市,New Taipei City,YouBike2.0_捷運鶯歌車站,鶯歌區,館前路300號(對側),YouBike2.0_MRT Yingge Sta.,Yingge Dist,"No. 300, GuanQian Rd. (Opposite)",500234057,34,24,20260804T143403,24.95322,121.35668,10,1,23,1,2026-08-04T14:40:00+08:00
新北市,New Taipei City,YouBike2.0_鳳三龍七路口,鶯歌區,鳳三路68號,YouBike2.0_Feng 3rd Rd. & Long 7th Rd. Intersection,Yingge Dist,"No. 68, Feng 3rd Rd.",500234058,18,8,20260804T142702,24.97204,121.33467,10,1,5,3,2026-08-04T14:40:00+08:00
新北市,New Taipei City,YouBike2.0_捷運國華站,鶯歌區,國華路45號(對側),YouBike2.0_MRT Guohua Sta.,Yingge Dist,"No. 45, GuoHua Rd. (Opposite)",500234059,24,7,20260804T143403,24.95535,121.34251,17,1,6,1,2026-08-04T14:40:00+08:00
新北市,New Taipei City,YouBike2.0_捷運陶瓷老街站,鶯歌區,捷運陶瓷老街站(重慶街側),YouBike2.0_MRT Ceramics Old Street Sta.,Yingge Dist,MRT Ceramics Old Street Sta. (ChongQing St.),500234060,36,18,20260804T133704,24.95212,121.35065,18,1,18,0,2026-08-04T14:40:00+08:00
新北市,New Taipei City,YouBike2.0_捷運永吉公園站,鶯歌區,鶯桃路296巷口,YouBike2.0_MRT Yongji Park Sta.,Yingge Dist,"Ln. 296, YingTao Rd. Intersection",500234061,47,15,20260804T143203,24.96048,121.33476,31,1,11,4,2026-08-04T14:40:00+08:00
新北市,New Taipei City,YouBike2.0_捷運鶯桃福德站,鶯歌區,福德一路20號(對側),YouBike2.0_MRT Yingtao Fude Sta.,Yingge Dist,"No. 20, FuDe 1st Rd. (Opposite)",500234062,75,27,20260804T143203,24.96704,121.33044,48,1,27,0,2026-08-04T14:40:00+08:00
新北市,New Taipei City,YouBike2.0_捷運國華站(2號出口),鶯歌區,國華路97號(對側),YouBike2.0_MRT Guohua Sta.(Exit 2),Yingge Dist,"No. 97, GuoHua Rd. (Opposite)",500234063,60,22,20260804T123803,24.95374,121.34301,38,1,22,0,2026-08-04T14:40:00+08:00
新北市,New Taipei City,YouBike2.0_鶯歌山水步道停車場,鶯歌區,觀景涼亭停車場,YouBike2.0_YingGe Riverside Trail Car Park,Yingge Dist,YingGe Riverside Trail Car Park,500234064,24,12,20260804T104603,24.93205,121.32825,12,1,10,2,2026-08-04T14:40:00+08:00
新北市,New Taipei City,YouBike2.0_鶯歌火車站(仁愛路),鶯歌區,仁愛路55號對側,YouBike2.0_Yingge Railway Station(Ren’ai Rd.),Yingge Dist,"No.55, Ren’ai Rd., Yingge Dist.(opposite)",500234001,69,33,20260804T172302,24.95559,121.35441,34,1,32,1,2026-08-04T17:26:53+08:00
新北市,New Taipei City,YouBike2.0_新北市立圖書館鶯歌分館,鶯歌區,中山路150號,YouBike2.0_New Taipei City Library Yingge Branch,Yingge Dist,"No.150, Zhongshan Rd.",500234002,20,3,20260804T172103,24.9572,121.34946,17,1,1,2,2026-08-04T17:26:53+08:00
新北市,New Taipei City,YouBike2.0_文化館前路口,鶯歌區,文化路407號旁,YouBike2.0_Yingge Ceramics Museum,Yingge Dist,"No. 407, Wenhua Rd.",500234003,44,14,20260804T171904,24.94948,121.35291,30,1,13,1,2026-08-04T17:26:53+08:00
新北市,New Taipei City,YouBike2.0_鶯歌國民運動中心,鶯歌區,館前路250號運動中心前,YouBike2.0_Yingge Civil Sports Center,Yingge Dist,"No.250, Guanqian Rd., Yingge Dist.",500234004,38,10,20260804T171802,24.95139,121.35733,27,1,9,1,2026-08-04T17:26:53+08:00
新北市,New Taipei City,YouBike2.0_尖山國中,鶯歌區,國中街1號,YouBike2.0_Municipal Jianshan Junior High School,Yingge Dist,"No.1, Guozhong St., Yingge Dist(sidewalk)",500234005,20,0,20260804T151819,24.94381,121.34207,20,1,0,0,2026-08-04T17:26:53+08:00
新北市,New Taipei City,YouBike2.0_新北市立鶯歌高級工商職業學校,鶯歌區,中正三路154號,YouBike2.0_New Taipei Municipal Yingge Vocational High School,Yingge Dist,"No. 154, Zhongzheng 3rd. Rd",500234006,56,0,20260804T165018,24.93923,121.33488,56,1,0,0,2026-08-04T17:26:53+08:00
新北市,New Taipei City,YouBike2.0_鶯歌國中,鶯歌區,鶯桃路39-5號對側,YouBike2.0_Yingge Junior High chool,Yingge Dist,"No.39-5, Yingtao Rd.(opposite)",500234007,30,12,20260804T172005,24.95119,121.34256,18,1,10,2,2026-08-04T17:26:53+08:00
新北市,New Taipei City,YouBike2.0_永吉國小,鶯歌區,德昌二街39號對側,YouBike2.0_Yongchi elementary school,Yingge Dist,"No.39, Dechang 2nd St., Yingge Dist.",500234008,20,2,20260804T171602,24.95865,121.33308,18,1,1,1,2026-08-04T17:26:53+08:00
新北市,New Taipei City,YouBike2.0_鳳祥公園,鶯歌區,鶯桃路365巷130號對側,YouBike2.0_Fengxiang Park,Yingge Dist,"No.130, Ln. 365, Yingtao Rd., Yingge Dist.",500234009,20,7,20260804T171504,24.96283,121.33025,13,1,6,1,2026-08-04T17:26:53+08:00
新北市,New Taipei City,YouBike2.0_鳳鳴國小,鶯歌區,永和街120號,YouBike2.0_Fengming Elementary School,Yingge Dist,"No.120, Yonghe St., Yingge Dist.",500234010,20,5,20260804T171904,24.9692,121.3347,15,1,3,2,2026-08-04T17:26:53+08:00
新北市,New Taipei City,YouBike2.0_國際二國際一路口,鶯歌區,國際二路與國際一路口,YouBike2.0_Guoji 2nd Guoji 1st Intersection,Yingge Dist,"Guoji 2nd Rd./Guoji 1st Rd., Yingge Dist.",500234011,20,8,20260804T155203,24.97577,121.3353,12,1,6,2,2026-08-04T17:26:53+08:00
新北市,New Taipei City,YouBike2.0_鳳福公園,鶯歌區,鳳吉一街186號(對面),YouBike2.0_Fengfu Park,Yingge Dist,"No. 186, Fengji 1st St., Yingge Dist.(opposite)",500234012,20,4,20260804T171904,24.97572,121.32938,16,1,2,2,2026-08-04T17:26:53+08:00
新北市,New Taipei City,YouBike2.0_尖山公園,鶯歌區,鶯歌區尖山路161號對面,YouBike2.0_Jianshan Park,Yingge Dist,"No.161, Jianshan Rd.(opposite)",500234013,29,16,20260804T172005,24.9482,121.346,12,1,13,3,2026-08-04T17:26:53+08:00
新北市,New Taipei City,YouBike2.0_永昌里兒一公園,鶯歌區,鶯桃路182巷96弄36-38號對側,YouBike2.0_Yongchang Village Children Park (No.1),Yingge Dist,"No.36-38, Aly. 96, Ln. 182, Yingtao Rd.(oppsite)",500234014,20,2,20260804T164203,24.956649374562204,121.33959628800724,18,0,1,1,2026-08-04T17:26:53+08:00
新北市,New Taipei City,YouBike2.0_南雅育智路口,鶯歌區,南雅路491號(對面),YouBike2.0_Nanya & Yuzhi Rd. Intersection,Yingge Dist,"No.491, Nanya Rd., Yingge Dist.(opposite)",500234015,22,6,20260804T171602,24.954,121.346,16,1,6,0,2026-08-04T17:26:53+08:00
新北市,New Taipei City,YouBike2.0_國中二甲路口,鶯歌區,國中街175號(前),YouBike2.0_Guozhong & Erjia Intersection,Yingge Dist,"No. 175, Guozhong St., Yingge Dist.",500234016,20,2,20260804T171904,24.939489067109363,121.33868650698288,18,1,2,0,2026-08-04T17:26:53+08:00
新北市,New Taipei City,YouBike2.0_鶯歌永利街,鶯歌區,永利街16號(對面),YouBike2.0_Yingge Yongli St.,Yingge Dist,"No. 16, Yongli St. Yingge Dist.",500234017,15,1,20260804T172302,24.95495,121.33911,14,1,1,0,2026-08-04T17:26:53+08:00
新北市,New Taipei City,YouBike2.0_二橋虹橋公園,鶯歌區,中正三路400號(對面),YouBike2.0_Erqiaoshiguanghongqiao Park,Yingge Dist,"No. 400, Zhongzheng 3rd Rd.(Opposite)",500234018,10,6,20260804T171402,24.93453,121.32595,4,1,5,1,2026-08-04T17:26:53+08:00
新北市,New Taipei City,YouBike2.0_鳳吉四鳳七路口(捷士匯社區),鶯歌區,鳳吉四街57-75號(旁),YouBike2.0_Fengji 4th & Feng 7th Rd. Intersection,Yingge Dist,"No. 57-75, Fengji 4th St.",500234021,40,0,20260804T170021,24.97383,121.32769,40,1,0,0,2026-08-04T17:26:53+08:00
新北市,New Taipei City,YouBike2.0_鶯歌老街第二停車場,鶯歌區,尖山埔路27-31號(對面),YouBike2.0_Yingge Old Street 2nd Parking Lot,Yingge Dist,"No. 27-31, Jianshanpu Rd.(Opposite)",500234022,20,5,20260804T165504,24.94895,121.34227,13,1,2,3,2026-08-04T17:26:53+08:00
新北市,New Taipei City,YouBike2.0_建國中正一路口(北鶯社區),鶯歌區,建國路6號(對面空地),YouBike2.0_Jianguo Zhongzheng 1st Rd. Intersection,Yingge Dist,"No. 6, Jianguo Rd.(Opposite)",500234023,20,4,20260804T171004,24.95658,121.35692,16,1,3,1,2026-08-04T17:26:53+08:00
新北市,New Taipei City,YouBike2.0_三鶯水資源回收中心,鶯歌區,館前路360號(旁),YouBike2.0_Sanying Water Recycling Center,Yingge Dist,"No. 360, Guanqian Rd.",500234024,14,3,20260804T142216,24.95535,121.35996,11,1,3,0,2026-08-04T17:26:53+08:00
新北市,New Taipei City,YouBike2.0_永和街65巷口,鶯歌區,永和街75號,"YouBike2.0_Ln. 65, Yonghe St. Intersection",Yingge Dist,"No. 75, Yonghe St.",500234025,37,5,20260804T171304,24.96798,121.3331413,32,1,3,2,2026-08-04T17:26:53+08:00
新北市,New Taipei City,YouBike2.0_鶯歌陶瓷博物館,鶯歌區,文化路200號(旁),YouBike2.0_Yingge Ceramics Museum(Wenhua Rd.),Yingge Dist,"No. 200, Wenhua Rd.",500234026,22,3,20260804T171602,24.95012,121.35245,18,1,3,0,2026-08-04T17:26:53+08:00
新北市,New Taipei City,YouBike2.0_礫間停車場,鶯歌區,礫間停車場,YouBike2.0_Lijian Parking,Yingge Dist,Lijian Parking,500234028,20,9,20260804T172302,24.9518,121.35445,10,1,9,0,2026-08-04T17:26:53+08:00
新北市,New Taipei City,YouBike2.0_北鶯停車場,鶯歌區,北鶯停車場,YouBike2.0_Beiying Parking,Yingge Dist,Beiying Parking,500234029,20,3,20260804T062602,24.95567,121.35992,17,1,2,1,2026-08-04T17:26:53+08:00
新北市,New Taipei City,YouBike2.0_育英建國路口,鶯歌區,建國路280號(旁),YouBike2.0_Yuying Jianguo Rd. Intersection,Yingge Dist,"No. 280, Jianguo Rd.",500234030,12,2,20260804T172403,24.95356,121.34693,10,1,2,0,2026-08-04T17:26:53+08:00
新北市,New Taipei City,YouBike2.0_中正一仁愛路口,鶯歌區,中正一路181號(對面),YouBike2.0_Zhongzheng 1st & Ren'ai Rd Intersection,Yingge Dist,"No. 181, Zhongzheng 1st Rd.(Opposite)",500234031,15,1,20260804T164719,24.95672,121.3532,14,1,1,0,2026-08-04T17:26:53+08:00
新北市,New Taipei City,YouBike2.0_建國國小,鶯歌區,育英街19號(旁),YouBike2.0_Jianguo Elementary School,Yingge Dist,"No. 19, Yuying St.",500234032,15,3,20260804T170603,24.95521,121.34727,11,1,3,0,2026-08-04T17:26:53+08:00
新北市,New Taipei City,YouBike2.0_光明橋,鶯歌區,永明街78號(旁),YouBike2.0_Guang-ming bridge,Yingge Dist,"No. 78, Yongming St., Yingge Dist.(side)",500234033,14,3,20260804T172403,24.95577,121.34128,11,1,2,1,2026-08-04T17:26:53+08:00
新北市,New Taipei City,YouBike2.0_二橋派出所,鶯歌區,高職西街/中正三路口(西北側),YouBike2.0_Erqiao Police Station,Yingge Dist,"Gaozhi W. St. & Zhongzheng 3rd Rd., Yingge Dist. (west side)",500234034,11,3,20260804T172403,24.94216,121.33884,8,1,2,1,2026-08-04T17:26:53+08:00
新北市,New Taipei City,YouBike2.0_國中高職東街口,鶯歌區,國中路113至117-3號(對面),YouBike2.0_Guozhong & Gaozhi E. Intersection,Yingge Dist,"No. 113, Guozhong St., Yingge Dist.(opposite)",500234035,15,1,20260804T171504,24.94117,121.34116,14,1,1,0,2026-08-04T17:26:53+08:00
新北市,New Taipei City,YouBike2.0_尖山路高厝巷口,鶯歌區,尖山路276-5號(旁),YouBike2.0_Gaocuo Ln. Jianshan Rd.,Yingge Dist,"No. 276-5, Jianshan Rd. (Side)",500234036,15,5,20260804T170503,24.94495,121.34102,10,1,5,0,2026-08-04T17:26:53+08:00
新北市,New Taipei City,YouBike2.0_公八停車場,鶯歌區,國華路53號(對面),YouBike2.0_Public 8th Parking Lot,Yingge Dist,"No.53, Guohua Rd. (opposite)",500234037,15,4,20260804T172302,24.95515,121.34285,11,1,3,1,2026-08-04T17:26:53+08:00
新北市,New Taipei City,YouBike2.0_龍三鳳鳴路口,鶯歌區,鳳鳴路541號,YouBike2.0_Long 3rd. Rd. & Fengming Rd. Intersection,Yingge Dist,"No. 541, Fengming Rd.",500234038,18,5,20260804T171602,24.97286,121.33137,13,1,4,1,2026-08-04T17:26:53+08:00
新北市,New Taipei City,YouBike2.0_鳳福鳳三路口,鶯歌區,鳳三路360號,YouBike2.0_Fengfu Rd. & Feng 3rd. Rd. Intersection,Yingge Dist,"No. 360, Feng 3rd Rd.",500234039,22,8,20260804T170903,24.97567,121.33143,14,1,8,0,2026-08-04T17:26:53+08:00
新北市,New Taipei City,YouBike2.0_北鶯公園,鶯歌區,成功街20巷19號(旁),YouBike2.0_Beiying Park,Yingge Dist,"No. 19, Ln. 20, Chenggong St. (Side)",500234040,15,1,20260804T172403,24.95777,121.35942,14,1,1,0,2026-08-04T17:26:53+08:00
新北市,New Taipei City,YouBike2.0_鶯歌火車站(文化路),鶯歌區,文化路/文化路115巷(北側),YouBike2.0_Yingge Station (Wenhua Rd.),Yingge Dist,"Ln. 115, Wenhua Rd. Intersection (North)",500234041,25,16,20260804T170703,24.95536,121.35697,9,1,16,0,2026-08-04T17:26:53+08:00
新北市,New Taipei City,YouBike2.0_鳳七鶯歌路口,鶯歌區,鶯歌路101-107號(旁),YouBike2.0_Feng 7th Rd. & Yingge Rd. Intersection,Yingge Dist,"No. 101-107, Yingge Rd. (Side)",500234042,11,1,20260804T172316,24.96916,121.33193,10,1,1,0,2026-08-04T17:26:53+08:00
新北市,New Taipei City,YouBike2.0_國際一路112巷口,鶯歌區,國際一路167號(前),"YouBike2.0_Ln. 112, GuoJi 1st Rd.",Yingge Dist,"No. 167, GuoJi 1st Rd. (Front)",500234043,15,6,20260804T172005,24.97667,121.33579,9,1,5,1,2026-08-04T17:26:53+08:00
新北市,New Taipei City,YouBike2.0_臺鐵鳳鳴站,鶯歌區,鳳一路/鶯歌路口,YouBike2.0_Fengming Station,Yingge Dist,Feng 1st Rd. & YingGe Rd.,500234044,40,0,20260710T070303,24.97227,121.33674,0,0,0,0,2026-08-04T17:26:53+08:00
新北市,New Taipei City,YouBike2.0_鶯歌陶瓷老街,鶯歌區,重慶街/國慶街(西南側),YouBike2.0_YingGe Old Street,Yingge Dist,ChongQing St. & GuoQing St. (Southwest),500234045,33,22,20260804T170802,24.95219,121.351,11,1,22,0,2026-08-04T17:26:53+08:00
新北市,New Taipei City,YouBike2.0_鶯歌火車站(仁愛路62號),鶯歌區,仁愛路62號(東側),"YouBike2.0_YingGe Station (No. 62, RenAi Rd.)",Yingge Dist,"No. 62, RenAi Rd. (East)",500234046,42,22,20260804T172204,24.95505,121.35407,17,1,21,1,2026-08-04T17:26:53+08:00
新北市,New Taipei City,YouBike2.0_臺鐵鳳鳴站(鶯歌路),鶯歌區,鶯歌路276號(對面),YouBike2.0_Fengming Station (YingGe Rd.),Yingge Dist,"No. 276, YingGe Rd. (Opposite)",500234047,20,9,20260804T172302,24.97189,121.33651,2,1,9,0,2026-08-04T17:26:53+08:00
新北市,New Taipei City,YouBike2.0_光明育智路口,鶯歌區,光明街126號(東南側),YouBike2.0_GuangMing St. & YuZhi Rd. Intersection,Yingge Dist,"No. 126, GuangMing St. (Southeast)",500234048,14,3,20260804T171602,24.95587,121.3456,11,1,3,0,2026-08-04T17:26:53+08:00
新北市,New Taipei City,YouBike2.0_新鳳公園,鶯歌區,鶯桃路二段60號(對側),YouBike2.0_XinFeng Park,Yingge Dist,"No. 60, Sec. 2, YingTao Rd. (Opposite)",500234049,14,3,20260804T172403,24.9732,121.32474,11,1,1,2,2026-08-04T17:26:53+08:00
新北市,New Taipei City,YouBike2.0_鳳鳴機器人公園,鶯歌區,鳳鳴路/福安街7巷24弄口,YouBike2.0_FengMing Robot Park,Yingge Dist,"FengMing Rd. & Aly. 24, Ln. 7, FuAn St.",500234050,17,4,20260804T170603,24.96618,121.33465,13,1,3,1,2026-08-04T17:26:53+08:00
新北市,New Taipei City,YouBike2.0_龍五鳳七路口,鶯歌區,龍五路/鳳七路口,YouBike2.0_Long 5th Rd. & Feng 7th Rd. Intersection,Yingge Dist,Long 5th Rd. & Feng 7th Rd. Intersection,500234051,30,5,20260804T172005,24.97043,121.33101,25,1,4,1,2026-08-04T17:26:53+08:00
新北市,New Taipei City,YouBike2.0_龍鳳夜市,鶯歌區,鳳三路/龍三路(東南側),YouBike2.0_LongFeng Night Market,Yingge Dist,Feng 3rd Rd. & Long 3rd Rd. (Southeast),500234052,30,5,20260804T170802,24.97329,121.33331,25,1,5,0,2026-08-04T17:26:53+08:00
新北市,New Taipei City,YouBike2.0_中湖市民活動中心,鶯歌區,中湖街21號,YouBike2.0_Zhonghu Civic Activity Center,Yingge Dist,"No. 21, ZhongHu St.",500234053,20,12,20260804T131704,24.97298,121.3472,8,1,9,3,2026-08-04T17:26:53+08:00
新北市,New Taipei City,YouBike2.0_鳳一鳳吉一街口,鶯歌區,鳳吉一街259號(旁),YouBike2.0_Feng 1st Rd. & FengJi 1st St. Intersection,Yingge Dist,"No. 259, FengJi 1st St. (Side)",500234054,20,10,20260804T172103,24.97677,121.3317,10,1,10,0,2026-08-04T17:26:53+08:00
新北市,New Taipei City,YouBike2.0_鳳五路122號前,鶯歌區,鳳五路122號前,"YouBike2.0_No. 122, Feng 5th Rd.",Yingge Dist,"No. 122, Feng 5th Rd. (Front)",500234055,18,1,20260804T171904,24.97316,121.32991,17,1,1,0,2026-08-04T17:26:53+08:00
新北市,New Taipei City,YouBike2.0_建國永昌街口,鶯歌區,建國路546號(對面),YouBike2.0_JianGuo Rd. & YongChang St. Intersection,Yingge Dist,"No. 546, JianGuo Rd. (Opposite)",500234056,17,5,20260804T172103,24.95031,121.33831,11,1,4,1,2026-08-04T17:26:53+08:00
新北市,New Taipei City,YouBike2.0_捷運鶯歌車站,鶯歌區,館前路300號(對側),YouBike2.0_MRT Yingge Sta.,Yingge Dist,"No. 300, GuanQian Rd. (Opposite)",500234057,34,31,20260804T171402,24.95322,121.35668,3,1,26,5,2026-08-04T17:26:53+08:00
新北市,New Taipei City,YouBike2.0_鳳三龍七路口,鶯歌區,鳳三路68號,YouBike2.0_Feng 3rd Rd. & Long 7th Rd. Intersection,Yingge Dist,"No. 68, Feng 3rd Rd.",500234058,18,8,20260804T172403,24.97204,121.33467,10,1,7,1,2026-08-04T17:26:53+08:00
新北市,New Taipei City,YouBike2.0_捷運國華站,鶯歌區,國華路45號(對側),YouBike2.0_MRT Guohua Sta.,Yingge Dist,"No. 45, GuoHua Rd. (Opposite)",500234059,24,8,20260804T171802,24.95535,121.34251,16,1,7,1,2026-08-04T17:26:53+08:00
新北市,New Taipei City,YouBike2.0_捷運陶瓷老街站,鶯歌區,捷運陶瓷老街站(重慶街側),YouBike2.0_MRT Ceramics Old Street Sta.,Yingge Dist,MRT Ceramics Old Street Sta. (ChongQing St.),500234060,36,15,20260804T164704,24.95212,121.35065,20,1,15,0,2026-08-04T17:26:53+08:00
新北市,New Taipei City,YouBike2.0_捷運永吉公園站,鶯歌區,鶯桃路296巷口,YouBike2.0_MRT Yongji Park Sta.,Yingge Dist,"Ln. 296, YingTao Rd. Intersection",500234061,47,18,20260804T165802,24.96048,121.33476,28,1,14,4,2026-08-04T17:26:53+08:00
新北市,New Taipei City,YouBike2.0_捷運鶯桃福德站,鶯歌區,福德一路20號(對側),YouBike2.0_MRT Yingtao Fude Sta.,Yingge Dist,"No. 20, FuDe 1st Rd. (Opposite)",500234062,75,16,20260804T172403,24.96704,121.33044,59,1,16,0,2026-08-04T17:26:53+08:00
新北市,New Taipei City,YouBike2.0_捷運國華站(2號出口),鶯歌區,國華路97號(對側),YouBike2.0_MRT Guohua Sta.(Exit 2),Yingge Dist,"No. 97, GuoHua Rd. (Opposite)",500234063,60,19,20260804T164803,24.95374,121.34301,41,1,19,0,2026-08-04T17:26:53+08:00
新北市,New Taipei City,YouBike2.0_鶯歌山水步道停車場,鶯歌區,觀景涼亭停車場,YouBike2.0_YingGe Riverside Trail Car Park,Yingge Dist,YingGe Riverside Trail Car Park,500234064,24,11,20260804T171304,24.93205,121.32825,13,1,10,1,2026-08-04T17:26:53+08:00
新北市,New Taipei City,YouBike2.0_鶯歌火車站(仁愛路),鶯歌區,仁愛路55號對側,YouBike2.0_Yingge Railway Station(Ren’ai Rd.),Yingge Dist,"No.55, Ren’ai Rd., Yingge Dist.(opposite)",500234001,69,22,20260804T192902,24.95559,121.35441,47,1,22,0,2026-08-04T19:38:08+08:00
新北市,New Taipei City,YouBike2.0_新北市立圖書館鶯歌分館,鶯歌區,中山路150號,YouBike2.0_New Taipei City Library Yingge Branch,Yingge Dist,"No.150, Zhongshan Rd.",500234002,20,10,20260804T193403,24.9572,121.34946,10,1,9,1,2026-08-04T19:38:08+08:00
新北市,New Taipei City,YouBike2.0_文化館前路口,鶯歌區,文化路407號旁,YouBike2.0_Yingge Ceramics Museum,Yingge Dist,"No. 407, Wenhua Rd.",500234003,44,15,20260804T190203,24.94948,121.35291,29,1,14,1,2026-08-04T19:38:08+08:00
新北市,New Taipei City,YouBike2.0_鶯歌國民運動中心,鶯歌區,館前路250號運動中心前,YouBike2.0_Yingge Civil Sports Center,Yingge Dist,"No.250, Guanqian Rd., Yingge Dist.",500234004,38,21,20260804T193403,24.95139,121.35733,16,1,20,1,2026-08-04T19:38:08+08:00
新北市,New Taipei City,YouBike2.0_尖山國中,鶯歌區,國中街1號,YouBike2.0_Municipal Jianshan Junior High School,Yingge Dist,"No.1, Guozhong St., Yingge Dist(sidewalk)",500234005,20,0,20260804T191917,24.94381,121.34207,20,1,0,0,2026-08-04T19:38:08+08:00
新北市,New Taipei City,YouBike2.0_新北市立鶯歌高級工商職業學校,鶯歌區,中正三路154號,YouBike2.0_New Taipei Municipal Yingge Vocational High School,Yingge Dist,"No. 154, Zhongzheng 3rd. Rd",500234006,56,1,20260804T190817,24.93923,121.33488,55,1,1,0,2026-08-04T19:38:08+08:00
新北市,New Taipei City,YouBike2.0_鶯歌國中,鶯歌區,鶯桃路39-5號對側,YouBike2.0_Yingge Junior High chool,Yingge Dist,"No.39-5, Yingtao Rd.(opposite)",500234007,30,0,20260804T191917,24.95119,121.34256,30,1,0,0,2026-08-04T19:38:08+08:00
新北市,New Taipei City,YouBike2.0_永吉國小,鶯歌區,德昌二街39號對側,YouBike2.0_Yongchi elementary school,Yingge Dist,"No.39, Dechang 2nd St., Yingge Dist.",500234008,20,2,20260804T185304,24.95865,121.33308,18,1,2,0,2026-08-04T19:38:08+08:00
新北市,New Taipei City,YouBike2.0_鳳祥公園,鶯歌區,鶯桃路365巷130號對側,YouBike2.0_Fengxiang Park,Yingge Dist,"No.130, Ln. 365, Yingtao Rd., Yingge Dist.",500234009,20,8,20260804T192902,24.96283,121.33025,12,1,6,2,2026-08-04T19:38:08+08:00
新北市,New Taipei City,YouBike2.0_鳳鳴國小,鶯歌區,永和街120號,YouBike2.0_Fengming Elementary School,Yingge Dist,"No.120, Yonghe St., Yingge Dist.",500234010,20,8,20260804T192403,24.9692,121.3347,12,1,4,4,2026-08-04T19:38:08+08:00
新北市,New Taipei City,YouBike2.0_國際二國際一路口,鶯歌區,國際二路與國際一路口,YouBike2.0_Guoji 2nd Guoji 1st Intersection,Yingge Dist,"Guoji 2nd Rd./Guoji 1st Rd., Yingge Dist.",500234011,20,7,20260804T190703,24.97577,121.3353,13,1,7,0,2026-08-04T19:38:08+08:00
新北市,New Taipei City,YouBike2.0_鳳福公園,鶯歌區,鳳吉一街186號(對面),YouBike2.0_Fengfu Park,Yingge Dist,"No. 186, Fengji 1st St., Yingge Dist.(opposite)",500234012,20,9,20260804T193103,24.97572,121.32938,11,1,8,1,2026-08-04T19:38:08+08:00
新北市,New Taipei City,YouBike2.0_尖山公園,鶯歌區,鶯歌區尖山路161號對面,YouBike2.0_Jianshan Park,Yingge Dist,"No.161, Jianshan Rd.(opposite)",500234013,29,27,20260804T192902,24.9482,121.346,1,1,20,7,2026-08-04T19:38:08+08:00
新北市,New Taipei City,YouBike2.0_永昌里兒一公園,鶯歌區,鶯桃路182巷96弄36-38號對側,YouBike2.0_Yongchang Village Children Park (No.1),Yingge Dist,"No.36-38, Aly. 96, Ln. 182, Yingtao Rd.(oppsite)",500234014,20,1,20260804T185502,24.956649374562204,121.33959628800724,19,0,0,1,2026-08-04T19:38:08+08:00
新北市,New Taipei City,YouBike2.0_南雅育智路口,鶯歌區,南雅路491號(對面),YouBike2.0_Nanya & Yuzhi Rd. Intersection,Yingge Dist,"No.491, Nanya Rd., Yingge Dist.(opposite)",500234015,22,13,20260804T191803,24.954,121.346,9,1,13,0,2026-08-04T19:38:08+08:00
新北市,New Taipei City,YouBike2.0_國中二甲路口,鶯歌區,國中街175號(前),YouBike2.0_Guozhong & Erjia Intersection,Yingge Dist,"No. 175, Guozhong St., Yingge Dist.",500234016,20,2,20260804T193204,24.939489067109363,121.33868650698288,18,1,2,0,2026-08-04T19:38:08+08:00
新北市,New Taipei City,YouBike2.0_鶯歌永利街,鶯歌區,永利街16號(對面),YouBike2.0_Yingge Yongli St.,Yingge Dist,"No. 16, Yongli St. Yingge Dist.",500234017,15,8,20260804T193103,24.95495,121.33911,7,1,6,2,2026-08-04T19:38:08+08:00
新北市,New Taipei City,YouBike2.0_二橋虹橋公園,鶯歌區,中正三路400號(對面),YouBike2.0_Erqiaoshiguanghongqiao Park,Yingge Dist,"No. 400, Zhongzheng 3rd Rd.(Opposite)",500234018,10,7,20260804T191803,24.93453,121.32595,3,1,7,0,2026-08-04T19:38:08+08:00
新北市,New Taipei City,YouBike2.0_鳳吉四鳳七路口(捷士匯社區),鶯歌區,鳳吉四街57-75號(旁),YouBike2.0_Fengji 4th & Feng 7th Rd. Intersection,Yingge Dist,"No. 57-75, Fengji 4th St.",500234021,40,14,20260804T193304,24.97383,121.32769,26,1,13,1,2026-08-04T19:38:08+08:00
新北市,New Taipei City,YouBike2.0_鶯歌老街第二停車場,鶯歌區,尖山埔路27-31號(對面),YouBike2.0_Yingge Old Street 2nd Parking Lot,Yingge Dist,"No. 27-31, Jianshanpu Rd.(Opposite)",500234022,20,5,20260804T192403,24.94895,121.34227,13,1,2,3,2026-08-04T19:38:08+08:00
新北市,New Taipei City,YouBike2.0_建國中正一路口(北鶯社區),鶯歌區,建國路6號(對面空地),YouBike2.0_Jianguo Zhongzheng 1st Rd. Intersection,Yingge Dist,"No. 6, Jianguo Rd.(Opposite)",500234023,20,5,20260804T192505,24.95658,121.35692,15,1,4,1,2026-08-04T19:38:08+08:00
新北市,New Taipei City,YouBike2.0_三鶯水資源回收中心,鶯歌區,館前路360號(旁),YouBike2.0_Sanying Water Recycling Center,Yingge Dist,"No. 360, Guanqian Rd.",500234024,14,2,20260804T182203,24.95535,121.35996,12,1,2,0,2026-08-04T19:38:08+08:00
新北市,New Taipei City,YouBike2.0_永和街65巷口,鶯歌區,永和街75號,"YouBike2.0_Ln. 65, Yonghe St. Intersection",Yingge Dist,"No. 75, Yonghe St.",500234025,37,13,20260804T193204,24.96798,121.3331413,24,1,12,1,2026-08-04T19:38:08+08:00
新北市,New Taipei City,YouBike2.0_鶯歌陶瓷博物館,鶯歌區,文化路200號(旁),YouBike2.0_Yingge Ceramics Museum(Wenhua Rd.),Yingge Dist,"No. 200, Wenhua Rd.",500234026,22,3,20260804T192803,24.95012,121.35245,18,1,3,0,2026-08-04T19:38:08+08:00
新北市,New Taipei City,YouBike2.0_礫間停車場,鶯歌區,礫間停車場,YouBike2.0_Lijian Parking,Yingge Dist,Lijian Parking,500234028,20,9,20260804T182603,24.9518,121.35445,9,1,9,0,2026-08-04T19:38:08+08:00
新北市,New Taipei City,YouBike2.0_北鶯停車場,鶯歌區,北鶯停車場,YouBike2.0_Beiying Parking,Yingge Dist,Beiying Parking,500234029,20,3,20260804T062602,24.95567,121.35992,17,1,2,1,2026-08-04T19:38:08+08:00
新北市,New Taipei City,YouBike2.0_育英建國路口,鶯歌區,建國路280號(旁),YouBike2.0_Yuying Jianguo Rd. Intersection,Yingge Dist,"No. 280, Jianguo Rd.",500234030,12,6,20260804T193403,24.95356,121.34693,6,1,6,0,2026-08-04T19:38:08+08:00
新北市,New Taipei City,YouBike2.0_中正一仁愛路口,鶯歌區,中正一路181號(對面),YouBike2.0_Zhongzheng 1st & Ren'ai Rd Intersection,Yingge Dist,"No. 181, Zhongzheng 1st Rd.(Opposite)",500234031,15,2,20260804T193003,24.95672,121.3532,13,1,2,0,2026-08-04T19:38:08+08:00
新北市,New Taipei City,YouBike2.0_建國國小,鶯歌區,育英街19號(旁),YouBike2.0_Jianguo Elementary School,Yingge Dist,"No. 19, Yuying St.",500234032,15,7,20260804T191703,24.95521,121.34727,7,1,6,1,2026-08-04T19:38:08+08:00
新北市,New Taipei City,YouBike2.0_光明橋,鶯歌區,永明街78號(旁),YouBike2.0_Guang-ming bridge,Yingge Dist,"No. 78, Yongming St., Yingge Dist.(side)",500234033,14,8,20260804T192602,24.95577,121.34128,6,1,7,1,2026-08-04T19:38:08+08:00
新北市,New Taipei City,YouBike2.0_二橋派出所,鶯歌區,高職西街/中正三路口(西北側),YouBike2.0_Erqiao Police Station,Yingge Dist,"Gaozhi W. St. & Zhongzheng 3rd Rd., Yingge Dist. (west side)",500234034,11,2,20260804T193403,24.94216,121.33884,9,1,1,1,2026-08-04T19:38:08+08:00
新北市,New Taipei City,YouBike2.0_國中高職東街口,鶯歌區,國中路113至117-3號(對面),YouBike2.0_Guozhong & Gaozhi E. Intersection,Yingge Dist,"No. 113, Guozhong St., Yingge Dist.(opposite)",500234035,15,5,20260804T190703,24.94117,121.34116,10,1,5,0,2026-08-04T19:38:08+08:00
新北市,New Taipei City,YouBike2.0_尖山路高厝巷口,鶯歌區,尖山路276-5號(旁),YouBike2.0_Gaocuo Ln. Jianshan Rd.,Yingge Dist,"No. 276-5, Jianshan Rd. (Side)",500234036,15,6,20260804T193204,24.94495,121.34102,9,1,6,0,2026-08-04T19:38:08+08:00
新北市,New Taipei City,YouBike2.0_公八停車場,鶯歌區,國華路53號(對面),YouBike2.0_Public 8th Parking Lot,Yingge Dist,"No.53, Guohua Rd. (opposite)",500234037,15,8,20260804T193204,24.95515,121.34285,7,1,5,3,2026-08-04T19:38:08+08:00
新北市,New Taipei City,YouBike2.0_龍三鳳鳴路口,鶯歌區,鳳鳴路541號,YouBike2.0_Long 3rd. Rd. & Fengming Rd. Intersection,Yingge Dist,"No. 541, Fengming Rd.",500234038,18,5,20260804T192902,24.97286,121.33137,13,1,4,1,2026-08-04T19:38:08+08:00
新北市,New Taipei City,YouBike2.0_鳳福鳳三路口,鶯歌區,鳳三路360號,YouBike2.0_Fengfu Rd. & Feng 3rd. Rd. Intersection,Yingge Dist,"No. 360, Feng 3rd Rd.",500234039,22,11,20260804T193304,24.97567,121.33143,11,1,11,0,2026-08-04T19:38:08+08:00
新北市,New Taipei City,YouBike2.0_北鶯公園,鶯歌區,成功街20巷19號(旁),YouBike2.0_Beiying Park,Yingge Dist,"No. 19, Ln. 20, Chenggong St. (Side)",500234040,15,8,20260804T193304,24.95777,121.35942,7,1,8,0,2026-08-04T19:38:08+08:00
新北市,New Taipei City,YouBike2.0_鶯歌火車站(文化路),鶯歌區,文化路/文化路115巷(北側),YouBike2.0_Yingge Station (Wenhua Rd.),Yingge Dist,"Ln. 115, Wenhua Rd. Intersection (North)",500234041,25,18,20260804T192202,24.95536,121.35697,7,1,18,0,2026-08-04T19:38:08+08:00
新北市,New Taipei City,YouBike2.0_鳳七鶯歌路口,鶯歌區,鶯歌路101-107號(旁),YouBike2.0_Feng 7th Rd. & Yingge Rd. Intersection,Yingge Dist,"No. 101-107, Yingge Rd. (Side)",500234042,11,10,20260804T192505,24.96916,121.33193,1,1,10,0,2026-08-04T19:38:08+08:00
新北市,New Taipei City,YouBike2.0_國際一路112巷口,鶯歌區,國際一路167號(前),"YouBike2.0_Ln. 112, GuoJi 1st Rd.",Yingge Dist,"No. 167, GuoJi 1st Rd. (Front)",500234043,15,7,20260804T173305,24.97667,121.33579,8,1,5,2,2026-08-04T19:38:08+08:00
新北市,New Taipei City,YouBike2.0_臺鐵鳳鳴站,鶯歌區,鳳一路/鶯歌路口,YouBike2.0_Fengming Station,Yingge Dist,Feng 1st Rd. & YingGe Rd.,500234044,40,0,20260710T070303,24.97227,121.33674,0,0,0,0,2026-08-04T19:38:08+08:00
新北市,New Taipei City,YouBike2.0_鶯歌陶瓷老街,鶯歌區,重慶街/國慶街(西南側),YouBike2.0_YingGe Old Street,Yingge Dist,ChongQing St. & GuoQing St. (Southwest),500234045,33,14,20260804T193204,24.95219,121.351,19,1,14,0,2026-08-04T19:38:08+08:00
新北市,New Taipei City,YouBike2.0_鶯歌火車站(仁愛路62號),鶯歌區,仁愛路62號(東側),"YouBike2.0_YingGe Station (No. 62, RenAi Rd.)",Yingge Dist,"No. 62, RenAi Rd. (East)",500234046,42,5,20260804T193103,24.95505,121.35407,37,1,5,0,2026-08-04T19:38:08+08:00
新北市,New Taipei City,YouBike2.0_臺鐵鳳鳴站(鶯歌路),鶯歌區,鶯歌路276號(對面),YouBike2.0_Fengming Station (YingGe Rd.),Yingge Dist,"No. 276, YingGe Rd. (Opposite)",500234047,20,0,20260804T192817,24.97189,121.33651,20,1,0,0,2026-08-04T19:38:08+08:00
新北市,New Taipei City,YouBike2.0_光明育智路口,鶯歌區,光明街126號(東南側),YouBike2.0_GuangMing St. & YuZhi Rd. Intersection,Yingge Dist,"No. 126, GuangMing St. (Southeast)",500234048,14,8,20260804T193204,24.95587,121.3456,6,1,7,1,2026-08-04T19:38:08+08:00
新北市,New Taipei City,YouBike2.0_新鳳公園,鶯歌區,鶯桃路二段60號(對側),YouBike2.0_XinFeng Park,Yingge Dist,"No. 60, Sec. 2, YingTao Rd. (Opposite)",500234049,14,3,20260804T193304,24.9732,121.32474,11,1,3,0,2026-08-04T19:38:08+08:00
新北市,New Taipei City,YouBike2.0_鳳鳴機器人公園,鶯歌區,鳳鳴路/福安街7巷24弄口,YouBike2.0_FengMing Robot Park,Yingge Dist,"FengMing Rd. & Aly. 24, Ln. 7, FuAn St.",500234050,17,5,20260804T191203,24.96618,121.33465,12,1,4,1,2026-08-04T19:38:08+08:00
新北市,New Taipei City,YouBike2.0_龍五鳳七路口,鶯歌區,龍五路/鳳七路口,YouBike2.0_Long 5th Rd. & Feng 7th Rd. Intersection,Yingge Dist,Long 5th Rd. & Feng 7th Rd. Intersection,500234051,30,12,20260804T193304,24.97043,121.33101,18,1,10,2,2026-08-04T19:38:08+08:00
新北市,New Taipei City,YouBike2.0_龍鳳夜市,鶯歌區,鳳三路/龍三路(東南側),YouBike2.0_LongFeng Night Market,Yingge Dist,Feng 3rd Rd. & Long 3rd Rd. (Southeast),500234052,30,7,20260804T190102,24.97329,121.33331,23,1,7,0,2026-08-04T19:38:08+08:00
新北市,New Taipei City,YouBike2.0_中湖市民活動中心,鶯歌區,中湖街21號,YouBike2.0_Zhonghu Civic Activity Center,Yingge Dist,"No. 21, ZhongHu St.",500234053,20,12,20260804T131704,24.97298,121.3472,8,1,9,3,2026-08-04T19:38:08+08:00
新北市,New Taipei City,YouBike2.0_鳳一鳳吉一街口,鶯歌區,鳳吉一街259號(旁),YouBike2.0_Feng 1st Rd. & FengJi 1st St. Intersection,Yingge Dist,"No. 259, FengJi 1st St. (Side)",500234054,20,1,20260804T192304,24.97677,121.3317,19,1,1,0,2026-08-04T19:38:08+08:00
新北市,New Taipei City,YouBike2.0_鳳五路122號前,鶯歌區,鳳五路122號前,"YouBike2.0_No. 122, Feng 5th Rd.",Yingge Dist,"No. 122, Feng 5th Rd. (Front)",500234055,18,6,20260804T193304,24.97316,121.32991,12,1,6,0,2026-08-04T19:38:08+08:00
新北市,New Taipei City,YouBike2.0_建國永昌街口,鶯歌區,建國路546號(對面),YouBike2.0_JianGuo Rd. & YongChang St. Intersection,Yingge Dist,"No. 546, JianGuo Rd. (Opposite)",500234056,17,4,20260804T175503,24.95031,121.33831,12,1,3,1,2026-08-04T19:38:08+08:00
新北市,New Taipei City,YouBike2.0_捷運鶯歌車站,鶯歌區,館前路300號(對側),YouBike2.0_MRT Yingge Sta.,Yingge Dist,"No. 300, GuanQian Rd. (Opposite)",500234057,34,19,20260804T193003,24.95322,121.35668,12,1,16,3,2026-08-04T19:38:08+08:00
新北市,New Taipei City,YouBike2.0_鳳三龍七路口,鶯歌區,鳳三路68號,YouBike2.0_Feng 3rd Rd. & Long 7th Rd. Intersection,Yingge Dist,"No. 68, Feng 3rd Rd.",500234058,18,7,20260804T193403,24.97204,121.33467,11,1,7,0,2026-08-04T19:38:08+08:00
新北市,New Taipei City,YouBike2.0_捷運國華站,鶯歌區,國華路45號(對側),YouBike2.0_MRT Guohua Sta.,Yingge Dist,"No. 45, GuoHua Rd. (Opposite)",500234059,24,1,20260804T190204,24.95535,121.34251,23,1,1,0,2026-08-04T19:38:08+08:00
新北市,New Taipei City,YouBike2.0_捷運陶瓷老街站,鶯歌區,捷運陶瓷老街站(重慶街側),YouBike2.0_MRT Ceramics Old Street Sta.,Yingge Dist,MRT Ceramics Old Street Sta. (ChongQing St.),500234060,36,25,20260804T192003,24.95212,121.35065,10,1,25,0,2026-08-04T19:38:08+08:00
新北市,New Taipei City,YouBike2.0_捷運永吉公園站,鶯歌區,鶯桃路296巷口,YouBike2.0_MRT Yongji Park Sta.,Yingge Dist,"Ln. 296, YingTao Rd. Intersection",500234061,47,19,20260804T193003,24.96048,121.33476,27,1,15,4,2026-08-04T19:38:08+08:00
新北市,New Taipei City,YouBike2.0_捷運鶯桃福德站,鶯歌區,福德一路20號(對側),YouBike2.0_MRT Yingtao Fude Sta.,Yingge Dist,"No. 20, FuDe 1st Rd. (Opposite)",500234062,75,3,20260804T193403,24.96704,121.33044,72,1,3,0,2026-08-04T19:38:08+08:00
新北市,New Taipei City,YouBike2.0_捷運國華站(2號出口),鶯歌區,國華路97號(對側),YouBike2.0_MRT Guohua Sta.(Exit 2),Yingge Dist,"No. 97, GuoHua Rd. (Opposite)",500234063,60,18,20260804T192003,24.95374,121.34301,42,1,18,0,2026-08-04T19:38:08+08:00
新北市,New Taipei City,YouBike2.0_鶯歌山水步道停車場,鶯歌區,觀景涼亭停車場,YouBike2.0_YingGe Riverside Trail Car Park,Yingge Dist,YingGe Riverside Trail Car Park,500234064,24,11,20260804T171304,24.93205,121.32825,13,1,10,1,2026-08-04T19:38:08+08:00
新北市,New Taipei City,YouBike2.0_鶯歌火車站(仁愛路),鶯歌區,仁愛路55號對側,YouBike2.0_Yingge Railway Station(Ren’ai Rd.),Yingge Dist,"No.55, Ren’ai Rd., Yingge Dist.(opposite)",500234001,69,0,20260804T211917,24.95559,121.35441,69,1,0,0,2026-08-04T21:22:18+08:00
新北市,New Taipei City,YouBike2.0_新北市立圖書館鶯歌分館,鶯歌區,中山路150號,YouBike2.0_New Taipei City Library Yingge Branch,Yingge Dist,"No.150, Zhongshan Rd.",500234002,20,9,20260804T210904,24.9572,121.34946,11,1,8,1,2026-08-04T21:22:18+08:00
新北市,New Taipei City,YouBike2.0_文化館前路口,鶯歌區,文化路407號旁,YouBike2.0_Yingge Ceramics Museum,Yingge Dist,"No. 407, Wenhua Rd.",500234003,44,17,20260804T211702,24.94948,121.35291,27,1,16,1,2026-08-04T21:22:18+08:00
新北市,New Taipei City,YouBike2.0_鶯歌國民運動中心,鶯歌區,館前路250號運動中心前,YouBike2.0_Yingge Civil Sports Center,Yingge Dist,"No.250, Guanqian Rd., Yingge Dist.",500234004,38,26,20260804T211619,24.95139,121.35733,11,1,25,1,2026-08-04T21:22:18+08:00
新北市,New Taipei City,YouBike2.0_尖山國中,鶯歌區,國中街1號,YouBike2.0_Municipal Jianshan Junior High School,Yingge Dist,"No.1, Guozhong St., Yingge Dist(sidewalk)",500234005,20,3,20260804T203603,24.94381,121.34207,17,1,2,1,2026-08-04T21:22:18+08:00
新北市,New Taipei City,YouBike2.0_新北市立鶯歌高級工商職業學校,鶯歌區,中正三路154號,YouBike2.0_New Taipei Municipal Yingge Vocational High School,Yingge Dist,"No. 154, Zhongzheng 3rd. Rd",500234006,56,0,20260804T200816,24.93923,121.33488,56,1,0,0,2026-08-04T21:22:18+08:00
新北市,New Taipei City,YouBike2.0_鶯歌國中,鶯歌區,鶯桃路39-5號對側,YouBike2.0_Yingge Junior High chool,Yingge Dist,"No.39-5, Yingtao Rd.(opposite)",500234007,30,3,20260804T202103,24.95119,121.34256,27,1,2,1,2026-08-04T21:22:18+08:00
新北市,New Taipei City,YouBike2.0_永吉國小,鶯歌區,德昌二街39號對側,YouBike2.0_Yongchi elementary school,Yingge Dist,"No.39, Dechang 2nd St., Yingge Dist.",500234008,20,4,20260804T202903,24.95865,121.33308,16,1,4,0,2026-08-04T21:22:18+08:00
新北市,New Taipei City,YouBike2.0_鳳祥公園,鶯歌區,鶯桃路365巷130號對側,YouBike2.0_Fengxiang Park,Yingge Dist,"No.130, Ln. 365, Yingtao Rd., Yingge Dist.",500234009,20,8,20260804T211702,24.96283,121.33025,12,1,6,2,2026-08-04T21:22:18+08:00
新北市,New Taipei City,YouBike2.0_鳳鳴國小,鶯歌區,永和街120號,YouBike2.0_Fengming Elementary School,Yingge Dist,"No.120, Yonghe St., Yingge Dist.",500234010,20,5,20260804T211402,24.9692,121.3347,15,1,2,3,2026-08-04T21:22:18+08:00
新北市,New Taipei City,YouBike2.0_國際二國際一路口,鶯歌區,國際二路與國際一路口,YouBike2.0_Guoji 2nd Guoji 1st Intersection,Yingge Dist,"Guoji 2nd Rd./Guoji 1st Rd., Yingge Dist.",500234011,20,6,20260804T205603,24.97577,121.3353,14,1,6,0,2026-08-04T21:22:18+08:00
新北市,New Taipei City,YouBike2.0_鳳福公園,鶯歌區,鳳吉一街186號(對面),YouBike2.0_Fengfu Park,Yingge Dist,"No. 186, Fengji 1st St., Yingge Dist.(opposite)",500234012,20,4,20260804T210303,24.97572,121.32938,16,1,3,1,2026-08-04T21:22:18+08:00
新北市,New Taipei City,YouBike2.0_尖山公園,鶯歌區,鶯歌區尖山路161號對面,YouBike2.0_Jianshan Park,Yingge Dist,"No.161, Jianshan Rd.(opposite)",500234013,29,23,20260804T211802,24.9482,121.346,5,1,16,7,2026-08-04T21:22:18+08:00
新北市,New Taipei City,YouBike2.0_永昌里兒一公園,鶯歌區,鶯桃路182巷96弄36-38號對側,YouBike2.0_Yongchang Village Children Park (No.1),Yingge Dist,"No.36-38, Aly. 96, Ln. 182, Yingtao Rd.(oppsite)",500234014,20,2,20260804T211503,24.956649374562204,121.33959628800724,18,0,1,1,2026-08-04T21:22:18+08:00
新北市,New Taipei City,YouBike2.0_南雅育智路口,鶯歌區,南雅路491號(對面),YouBike2.0_Nanya & Yuzhi Rd. Intersection,Yingge Dist,"No.491, Nanya Rd., Yingge Dist.(opposite)",500234015,22,9,20260804T211902,24.954,121.346,12,1,9,0,2026-08-04T21:22:18+08:00
新北市,New Taipei City,YouBike2.0_國中二甲路口,鶯歌區,國中街175號(前),YouBike2.0_Guozhong & Erjia Intersection,Yingge Dist,"No. 175, Guozhong St., Yingge Dist.",500234016,20,6,20260804T205902,24.939489067109363,121.33868650698288,14,1,4,2,2026-08-04T21:22:18+08:00
新北市,New Taipei City,YouBike2.0_鶯歌永利街,鶯歌區,永利街16號(對面),YouBike2.0_Yingge Yongli St.,Yingge Dist,"No. 16, Yongli St. Yingge Dist.",500234017,15,6,20260804T210904,24.95495,121.33911,9,1,3,3,2026-08-04T21:22:18+08:00
新北市,New Taipei City,YouBike2.0_二橋虹橋公園,鶯歌區,中正三路400號(對面),YouBike2.0_Erqiaoshiguanghongqiao Park,Yingge Dist,"No. 400, Zhongzheng 3rd Rd.(Opposite)",500234018,10,4,20260804T210702,24.93453,121.32595,6,1,4,0,2026-08-04T21:22:18+08:00
新北市,New Taipei City,YouBike2.0_鳳吉四鳳七路口(捷士匯社區),鶯歌區,鳳吉四街57-75號(旁),YouBike2.0_Fengji 4th & Feng 7th Rd. Intersection,Yingge Dist,"No. 57-75, Fengji 4th St.",500234021,40,16,20260804T210404,24.97383,121.32769,24,1,16,0,2026-08-04T21:22:18+08:00
新北市,New Taipei City,YouBike2.0_鶯歌老街第二停車場,鶯歌區,尖山埔路27-31號(對面),YouBike2.0_Yingge Old Street 2nd Parking Lot,Yingge Dist,"No. 27-31, Jianshanpu Rd.(Opposite)",500234022,20,8,20260804T201216,24.94895,121.34227,10,1,8,0,2026-08-04T21:22:18+08:00
新北市,New Taipei City,YouBike2.0_建國中正一路口(北鶯社區),鶯歌區,建國路6號(對面空地),YouBike2.0_Jianguo Zhongzheng 1st Rd. Intersection,Yingge Dist,"No. 6, Jianguo Rd.(Opposite)",500234023,20,5,20260804T202602,24.95658,121.35692,15,1,4,1,2026-08-04T21:22:18+08:00
新北市,New Taipei City,YouBike2.0_三鶯水資源回收中心,鶯歌區,館前路360號(旁),YouBike2.0_Sanying Water Recycling Center,Yingge Dist,"No. 360, Guanqian Rd.",500234024,14,0,20260804T211018,24.95535,121.35996,14,1,0,0,2026-08-04T21:22:18+08:00
新北市,New Taipei City,YouBike2.0_永和街65巷口,鶯歌區,永和街75號,"YouBike2.0_Ln. 65, Yonghe St. Intersection",Yingge Dist,"No. 75, Yonghe St.",500234025,37,13,20260804T211503,24.96798,121.3331413,24,1,13,0,2026-08-04T21:22:18+08:00
新北市,New Taipei City,YouBike2.0_鶯歌陶瓷博物館,鶯歌區,文化路200號(旁),YouBike2.0_Yingge Ceramics Museum(Wenhua Rd.),Yingge Dist,"No. 200, Wenhua Rd.",500234026,22,9,20260804T211802,24.95012,121.35245,12,1,9,0,2026-08-04T21:22:18+08:00
新北市,New Taipei City,YouBike2.0_礫間停車場,鶯歌區,礫間停車場,YouBike2.0_Lijian Parking,Yingge Dist,Lijian Parking,500234028,20,8,20260804T210504,24.9518,121.35445,10,1,8,0,2026-08-04T21:22:18+08:00
新北市,New Taipei City,YouBike2.0_北鶯停車場,鶯歌區,北鶯停車場,YouBike2.0_Beiying Parking,Yingge Dist,Beiying Parking,500234029,20,3,20260804T062602,24.95567,121.35992,17,1,2,1,2026-08-04T21:22:18+08:00
新北市,New Taipei City,YouBike2.0_育英建國路口,鶯歌區,建國路280號(旁),YouBike2.0_Yuying Jianguo Rd. Intersection,Yingge Dist,"No. 280, Jianguo Rd.",500234030,12,7,20260804T211304,24.95356,121.34693,5,1,7,0,2026-08-04T21:22:18+08:00
新北市,New Taipei City,YouBike2.0_中正一仁愛路口,鶯歌區,中正一路181號(對面),YouBike2.0_Zhongzheng 1st & Ren'ai Rd Intersection,Yingge Dist,"No. 181, Zhongzheng 1st Rd.(Opposite)",500234031,15,3,20260804T211902,24.95672,121.3532,12,1,3,0,2026-08-04T21:22:18+08:00
新北市,New Taipei City,YouBike2.0_建國國小,鶯歌區,育英街19號(旁),YouBike2.0_Jianguo Elementary School,Yingge Dist,"No. 19, Yuying St.",500234032,15,7,20260804T205803,24.95521,121.34727,7,1,6,1,2026-08-04T21:22:18+08:00
新北市,New Taipei City,YouBike2.0_光明橋,鶯歌區,永明街78號(旁),YouBike2.0_Guang-ming bridge,Yingge Dist,"No. 78, Yongming St., Yingge Dist.(side)",500234033,14,5,20260804T210319,24.95577,121.34128,9,1,3,2,2026-08-04T21:22:18+08:00
新北市,New Taipei City,YouBike2.0_二橋派出所,鶯歌區,高職西街/中正三路口(西北側),YouBike2.0_Erqiao Police Station,Yingge Dist,"Gaozhi W. St. & Zhongzheng 3rd Rd., Yingge Dist. (west side)",500234034,11,6,20260804T211402,24.94216,121.33884,5,1,3,3,2026-08-04T21:22:18+08:00
新北市,New Taipei City,YouBike2.0_國中高職東街口,鶯歌區,國中路113至117-3號(對面),YouBike2.0_Guozhong & Gaozhi E. Intersection,Yingge Dist,"No. 113, Guozhong St., Yingge Dist.(opposite)",500234035,15,4,20260804T211902,24.94117,121.34116,11,1,4,0,2026-08-04T21:22:18+08:00
新北市,New Taipei City,YouBike2.0_尖山路高厝巷口,鶯歌區,尖山路276-5號(旁),YouBike2.0_Gaocuo Ln. Jianshan Rd.,Yingge Dist,"No. 276-5, Jianshan Rd. (Side)",500234036,15,5,20260804T210603,24.94495,121.34102,10,1,5,0,2026-08-04T21:22:18+08:00
新北市,New Taipei City,YouBike2.0_公八停車場,鶯歌區,國華路53號(對面),YouBike2.0_Public 8th Parking Lot,Yingge Dist,"No.53, Guohua Rd. (opposite)",500234037,15,7,20260804T211503,24.95515,121.34285,8,1,5,2,2026-08-04T21:22:18+08:00
新北市,New Taipei City,YouBike2.0_龍三鳳鳴路口,鶯歌區,鳳鳴路541號,YouBike2.0_Long 3rd. Rd. & Fengming Rd. Intersection,Yingge Dist,"No. 541, Fengming Rd.",500234038,18,4,20260804T211503,24.97286,121.33137,14,1,3,1,2026-08-04T21:22:18+08:00
新北市,New Taipei City,YouBike2.0_鳳福鳳三路口,鶯歌區,鳳三路360號,YouBike2.0_Fengfu Rd. & Feng 3rd. Rd. Intersection,Yingge Dist,"No. 360, Feng 3rd Rd.",500234039,22,9,20260804T211304,24.97567,121.33143,13,1,9,0,2026-08-04T21:22:18+08:00
新北市,New Taipei City,YouBike2.0_北鶯公園,鶯歌區,成功街20巷19號(旁),YouBike2.0_Beiying Park,Yingge Dist,"No. 19, Ln. 20, Chenggong St. (Side)",500234040,15,10,20260804T205902,24.95777,121.35942,5,1,10,0,2026-08-04T21:22:18+08:00
新北市,New Taipei City,YouBike2.0_鶯歌火車站(文化路),鶯歌區,文化路/文化路115巷(北側),YouBike2.0_Yingge Station (Wenhua Rd.),Yingge Dist,"Ln. 115, Wenhua Rd. Intersection (North)",500234041,25,19,20260804T201202,24.95536,121.35697,6,1,19,0,2026-08-04T21:22:18+08:00
新北市,New Taipei City,YouBike2.0_鳳七鶯歌路口,鶯歌區,鶯歌路101-107號(旁),YouBike2.0_Feng 7th Rd. & Yingge Rd. Intersection,Yingge Dist,"No. 101-107, Yingge Rd. (Side)",500234042,11,5,20260804T205803,24.96916,121.33193,6,1,5,0,2026-08-04T21:22:18+08:00
新北市,New Taipei City,YouBike2.0_國際一路112巷口,鶯歌區,國際一路167號(前),"YouBike2.0_Ln. 112, GuoJi 1st Rd.",Yingge Dist,"No. 167, GuoJi 1st Rd. (Front)",500234043,15,6,20260804T211304,24.97667,121.33579,9,1,5,1,2026-08-04T21:22:18+08:00
新北市,New Taipei City,YouBike2.0_臺鐵鳳鳴站,鶯歌區,鳳一路/鶯歌路口,YouBike2.0_Fengming Station,Yingge Dist,Feng 1st Rd. & YingGe Rd.,500234044,40,0,20260710T070303,24.97227,121.33674,0,0,0,0,2026-08-04T21:22:18+08:00
新北市,New Taipei City,YouBike2.0_鶯歌陶瓷老街,鶯歌區,重慶街/國慶街(西南側),YouBike2.0_YingGe Old Street,Yingge Dist,ChongQing St. & GuoQing St. (Southwest),500234045,33,16,20260804T211802,24.95219,121.351,17,1,15,1,2026-08-04T21:22:18+08:00
新北市,New Taipei City,YouBike2.0_鶯歌火車站(仁愛路62號),鶯歌區,仁愛路62號(東側),"YouBike2.0_YingGe Station (No. 62, RenAi Rd.)",Yingge Dist,"No. 62, RenAi Rd. (East)",500234046,42,0,20260804T211316,24.95505,121.35407,42,1,0,0,2026-08-04T21:22:18+08:00
新北市,New Taipei City,YouBike2.0_臺鐵鳳鳴站(鶯歌路),鶯歌區,鶯歌路276號(對面),YouBike2.0_Fengming Station (YingGe Rd.),Yingge Dist,"No. 276, YingGe Rd. (Opposite)",500234047,20,0,20260804T211619,24.97189,121.33651,20,1,0,0,2026-08-04T21:22:18+08:00
新北市,New Taipei City,YouBike2.0_光明育智路口,鶯歌區,光明街126號(東南側),YouBike2.0_GuangMing St. & YuZhi Rd. Intersection,Yingge Dist,"No. 126, GuangMing St. (Southeast)",500234048,14,5,20260804T211518,24.95587,121.3456,9,1,4,1,2026-08-04T21:22:18+08:00
新北市,New Taipei City,YouBike2.0_新鳳公園,鶯歌區,鶯桃路二段60號(對側),YouBike2.0_XinFeng Park,Yingge Dist,"No. 60, Sec. 2, YingTao Rd. (Opposite)",500234049,14,3,20260804T211703,24.9732,121.32474,11,1,3,0,2026-08-04T21:22:18+08:00
新北市,New Taipei City,YouBike2.0_鳳鳴機器人公園,鶯歌區,鳳鳴路/福安街7巷24弄口,YouBike2.0_FengMing Robot Park,Yingge Dist,"FengMing Rd. & Aly. 24, Ln. 7, FuAn St.",500234050,17,10,20260804T210804,24.96618,121.33465,7,1,9,1,2026-08-04T21:22:18+08:00
新北市,New Taipei City,YouBike2.0_龍五鳳七路口,鶯歌區,龍五路/鳳七路口,YouBike2.0_Long 5th Rd. & Feng 7th Rd. Intersection,Yingge Dist,Long 5th Rd. & Feng 7th Rd. Intersection,500234051,30,13,20260804T211802,24.97043,121.33101,17,1,11,2,2026-08-04T21:22:18+08:00
新北市,New Taipei City,YouBike2.0_龍鳳夜市,鶯歌區,鳳三路/龍三路(東南側),YouBike2.0_LongFeng Night Market,Yingge Dist,Feng 3rd Rd. & Long 3rd Rd. (Southeast),500234052,30,0,20260804T210716,24.97329,121.33331,30,1,0,0,2026-08-04T21:22:18+08:00
新北市,New Taipei City,YouBike2.0_中湖市民活動中心,鶯歌區,中湖街21號,YouBike2.0_Zhonghu Civic Activity Center,Yingge Dist,"No. 21, ZhongHu St.",500234053,20,12,20260804T131704,24.97298,121.3472,8,1,9,3,2026-08-04T21:22:18+08:00
新北市,New Taipei City,YouBike2.0_鳳一鳳吉一街口,鶯歌區,鳳吉一街259號(旁),YouBike2.0_Feng 1st Rd. & FengJi 1st St. Intersection,Yingge Dist,"No. 259, FengJi 1st St. (Side)",500234054,20,4,20260804T210205,24.97677,121.3317,16,1,4,0,2026-08-04T21:22:18+08:00
新北市,New Taipei City,YouBike2.0_鳳五路122號前,鶯歌區,鳳五路122號前,"YouBike2.0_No. 122, Feng 5th Rd.",Yingge Dist,"No. 122, Feng 5th Rd. (Front)",500234055,18,7,20260804T211304,24.97316,121.32991,11,1,7,0,2026-08-04T21:22:18+08:00
新北市,New Taipei City,YouBike2.0_建國永昌街口,鶯歌區,建國路546號(對面),YouBike2.0_JianGuo Rd. & YongChang St. Intersection,Yingge Dist,"No. 546, JianGuo Rd. (Opposite)",500234056,17,4,20260804T175503,24.95031,121.33831,12,1,3,1,2026-08-04T21:22:18+08:00
新北市,New Taipei City,YouBike2.0_捷運鶯歌車站,鶯歌區,館前路300號(對側),YouBike2.0_MRT Yingge Sta.,Yingge Dist,"No. 300, GuanQian Rd. (Opposite)",500234057,34,22,20260804T211304,24.95322,121.35668,9,1,19,3,2026-08-04T21:22:18+08:00
新北市,New Taipei City,YouBike2.0_鳳三龍七路口,鶯歌區,鳳三路68號,YouBike2.0_Feng 3rd Rd. & Long 7th Rd. Intersection,Yingge Dist,"No. 68, Feng 3rd Rd.",500234058,18,0,20260804T205504,24.97204,121.33467,18,1,0,0,2026-08-04T21:22:18+08:00
新北市,New Taipei City,YouBike2.0_捷運國華站,鶯歌區,國華路45號(對側),YouBike2.0_MRT Guohua Sta.,Yingge Dist,"No. 45, GuoHua Rd. (Opposite)",500234059,24,1,20260804T202602,24.95535,121.34251,23,1,1,0,2026-08-04T21:22:18+08:00
新北市,New Taipei City,YouBike2.0_捷運陶瓷老街站,鶯歌區,捷運陶瓷老街站(重慶街側),YouBike2.0_MRT Ceramics Old Street Sta.,Yingge Dist,MRT Ceramics Old Street Sta. (ChongQing St.),500234060,36,23,20260804T211103,24.95212,121.35065,12,1,23,0,2026-08-04T21:22:18+08:00
新北市,New Taipei City,YouBike2.0_捷運永吉公園站,鶯歌區,鶯桃路296巷口,YouBike2.0_MRT Yongji Park Sta.,Yingge Dist,"Ln. 296, YingTao Rd. Intersection",500234061,47,8,20260804T210804,24.96048,121.33476,38,1,4,4,2026-08-04T21:22:18+08:00
新北市,New Taipei City,YouBike2.0_捷運鶯桃福德站,鶯歌區,福德一路20號(對側),YouBike2.0_MRT Yingtao Fude Sta.,Yingge Dist,"No. 20, FuDe 1st Rd. (Opposite)",500234062,75,2,20260804T210904,24.96704,121.33044,73,1,2,0,2026-08-04T21:22:18+08:00
新北市,New Taipei City,YouBike2.0_捷運國華站(2號出口),鶯歌區,國華路97號(對側),YouBike2.0_MRT Guohua Sta.(Exit 2),Yingge Dist,"No. 97, GuoHua Rd. (Opposite)",500234063,60,12,20260804T205304,24.95374,121.34301,48,1,12,0,2026-08-04T21:22:18+08:00
新北市,New Taipei City,YouBike2.0_鶯歌山水步道停車場,鶯歌區,觀景涼亭停車場,YouBike2.0_YingGe Riverside Trail Car Park,Yingge Dist,YingGe Riverside Trail Car Park,500234064,24,11,20260804T202202,24.93205,121.32825,13,1,10,1,2026-08-04T21:22:18+08:00
