scity,scityen,sna,sarea,ar,snaen,sareaen,aren,sno,tot_quantity,sbi_quantity,mday,lat,lng,bemp,act,yb2_quantity,eyb_quantity,fetch_time
新北市,New Taipei City,YouBike2.0_鶯歌火車站(仁愛路),鶯歌區,仁愛路55號對側,YouBike2.0_Yingge Railway Station(Ren’ai Rd.),Yingge Dist,"No.55, Ren’ai Rd., Yingge Dist.(opposite)",500234001,69,5,20260821T002403,24.95559,121.35441,64,1,4,1,2026-08-21T00:28:27+08:00
新北市,New Taipei City,YouBike2.0_新北市立圖書館鶯歌分館,鶯歌區,中山路150號,YouBike2.0_New Taipei City Library Yingge Branch,Yingge Dist,"No.150, Zhongshan Rd.",500234002,20,10,20260821T002304,24.9572,121.34946,10,1,9,1,2026-08-21T00:28:27+08:00
新北市,New Taipei City,YouBike2.0_文化館前路口,鶯歌區,文化路407號旁,YouBike2.0_Yingge Ceramics Museum,Yingge Dist,"No. 407, Wenhua Rd.",500234003,44,13,20260821T000802,24.94948,121.35291,31,1,13,0,2026-08-21T00:28:27+08:00
新北市,New Taipei City,YouBike2.0_鶯歌國民運動中心,鶯歌區,館前路250號運動中心前,YouBike2.0_Yingge Civil Sports Center,Yingge Dist,"No.250, Guanqian Rd., Yingge Dist.",500234004,38,16,20260820T234902,24.95139,121.35733,22,1,14,2,2026-08-21T00:28:27+08:00
新北市,New Taipei City,YouBike2.0_尖山國中,鶯歌區,國中街1號,YouBike2.0_Municipal Jianshan Junior High School,Yingge Dist,"No.1, Guozhong St., Yingge Dist(sidewalk)",500234005,20,5,20260820T223201,24.94381,121.34207,15,1,4,1,2026-08-21T00:28:27+08:00
新北市,New Taipei City,YouBike2.0_新北市立鶯歌高級工商職業學校,鶯歌區,中正三路154號,YouBike2.0_New Taipei Municipal Yingge Vocational High School,Yingge Dist,"No. 154, Zhongzheng 3rd. Rd",500234006,56,0,20260820T234717,24.93923,121.33488,56,1,0,0,2026-08-21T00:28:27+08:00
新北市,New Taipei City,YouBike2.0_鶯歌國中,鶯歌區,鶯桃路39-5號對側,YouBike2.0_Yingge Junior High chool,Yingge Dist,"No.39-5, Yingtao Rd.(opposite)",500234007,30,7,20260821T000202,24.95119,121.34256,23,1,6,1,2026-08-21T00:28:27+08:00
新北市,New Taipei City,YouBike2.0_永吉國小,鶯歌區,德昌二街39號對側,YouBike2.0_Yongchi elementary school,Yingge Dist,"No.39, Dechang 2nd St., Yingge Dist.",500234008,20,7,20260820T225802,24.95865,121.33308,13,1,5,2,2026-08-21T00:28:27+08:00
新北市,New Taipei City,YouBike2.0_鳳祥公園,鶯歌區,鶯桃路365巷130號對側,YouBike2.0_Fengxiang Park,Yingge Dist,"No.130, Ln. 365, Yingtao Rd., Yingge Dist.",500234009,20,10,20260820T235502,24.96283,121.33025,10,1,8,2,2026-08-21T00:28:27+08:00
新北市,New Taipei City,YouBike2.0_鳳鳴國小,鶯歌區,永和街120號,YouBike2.0_Fengming Elementary School,Yingge Dist,"No.120, Yonghe St., Yingge Dist.",500234010,20,5,20260821T001204,24.9692,121.3347,15,1,5,0,2026-08-21T00:28:27+08:00
新北市,New Taipei City,YouBike2.0_國際二國際一路口,鶯歌區,國際二路與國際一路口,YouBike2.0_Guoji 2nd Guoji 1st Intersection,Yingge Dist,"Guoji 2nd Rd./Guoji 1st Rd., Yingge Dist.",500234011,20,11,20260821T001704,24.97577,121.3353,9,1,10,1,2026-08-21T00:28:27+08:00
新北市,New Taipei City,YouBike2.0_鳳福公園,鶯歌區,鳳吉一街186號(對面),YouBike2.0_Fengfu Park,Yingge Dist,"No. 186, Fengji 1st St., Yingge Dist.(opposite)",500234012,20,9,20260820T223504,24.97572,121.32938,11,1,9,0,2026-08-21T00:28:27+08:00
新北市,New Taipei City,YouBike2.0_尖山公園,鶯歌區,鶯歌區尖山路161號對面,YouBike2.0_Jianshan Park,Yingge Dist,"No.161, Jianshan Rd.(opposite)",500234013,29,14,20260820T233403,24.9482,121.346,15,1,10,4,2026-08-21T00:28:27+08:00
新北市,New Taipei City,YouBike2.0_永昌里兒一公園,鶯歌區,鶯桃路182巷96弄36-38號對側,YouBike2.0_Yongchang Village Children Park (No.1),Yingge Dist,"No.36-38, Aly. 96, Ln. 182, Yingtao Rd.(oppsite)",500234014,20,10,20260820T224903,24.956649374562204,121.33959628800724,9,1,10,0,2026-08-21T00:28:27+08:00
新北市,New Taipei City,YouBike2.0_南雅育智路口,鶯歌區,南雅路491號(對面),YouBike2.0_Nanya & Yuzhi Rd. Intersection,Yingge Dist,"No.491, Nanya Rd., Yingge Dist.(opposite)",500234015,22,11,20260821T000103,24.954,121.346,11,1,10,1,2026-08-21T00:28:27+08:00
新北市,New Taipei City,YouBike2.0_國中二甲路口,鶯歌區,國中街175號(前),YouBike2.0_Guozhong & Erjia Intersection,Yingge Dist,"No. 175, Guozhong St., Yingge Dist.",500234016,20,7,20260820T221702,24.939489067109363,121.33868650698288,13,1,6,1,2026-08-21T00:28:27+08:00
新北市,New Taipei City,YouBike2.0_鶯歌永利街,鶯歌區,永利街16號(對面),YouBike2.0_Yingge Yongli St.,Yingge Dist,"No. 16, Yongli St. Yingge Dist.",500234017,15,7,20260820T232020,24.95495,121.33911,7,1,7,0,2026-08-21T00:28:27+08:00
新北市,New Taipei City,YouBike2.0_二橋虹橋公園,鶯歌區,中正三路400號(對面),YouBike2.0_Erqiaoshiguanghongqiao Park,Yingge Dist,"No. 400, Zhongzheng 3rd Rd.(Opposite)",500234018,10,6,20260820T223504,24.93453,121.32595,4,1,6,0,2026-08-21T00:28:27+08:00
新北市,New Taipei City,YouBike2.0_鳳吉四鳳七路口(捷士匯社區),鶯歌區,鳳吉四街57-75號(旁),YouBike2.0_Fengji 4th & Feng 7th Rd. Intersection,Yingge Dist,"No. 57-75, Fengji 4th St.",500234021,40,16,20260821T002403,24.97383,121.32769,24,1,15,1,2026-08-21T00:28:27+08:00
新北市,New Taipei City,YouBike2.0_鶯歌老街第二停車場,鶯歌區,尖山埔路27-31號(對面),YouBike2.0_Yingge Old Street 2nd Parking Lot,Yingge Dist,"No. 27-31, Jianshanpu Rd.(Opposite)",500234022,20,3,20260820T193502,24.94895,121.34227,16,1,1,2,2026-08-21T00:28:27+08:00
新北市,New Taipei City,YouBike2.0_建國中正一路口(北鶯社區),鶯歌區,建國路6號(對面空地),YouBike2.0_Jianguo Zhongzheng 1st Rd. Intersection,Yingge Dist,"No. 6, Jianguo Rd.(Opposite)",500234023,20,5,20260820T210103,24.95658,121.35692,15,1,4,1,2026-08-21T00:28:27+08:00
新北市,New Taipei City,YouBike2.0_三鶯水資源回收中心,鶯歌區,館前路360號(旁),YouBike2.0_Sanying Water Recycling Center,Yingge Dist,"No. 360, Guanqian Rd.",500234024,14,8,20260820T214403,24.95535,121.35996,5,1,6,2,2026-08-21T00:28:27+08:00
新北市,New Taipei City,YouBike2.0_永和街65巷口,鶯歌區,永和街75號,"YouBike2.0_Ln. 65, Yonghe St. Intersection",Yingge Dist,"No. 75, Yonghe St.",500234025,37,16,20260820T224903,24.96798,121.3331413,21,1,16,0,2026-08-21T00:28:27+08:00
新北市,New Taipei City,YouBike2.0_鶯歌陶瓷博物館,鶯歌區,文化路200號(旁),YouBike2.0_Yingge Ceramics Museum(Wenhua Rd.),Yingge Dist,"No. 200, Wenhua Rd.",500234026,22,3,20260820T223903,24.95012,121.35245,19,1,3,0,2026-08-21T00:28:27+08:00
新北市,New Taipei City,YouBike2.0_礫間停車場,鶯歌區,礫間停車場,YouBike2.0_Lijian Parking,Yingge Dist,Lijian Parking,500234028,20,8,20260820T210703,24.9518,121.35445,12,1,8,0,2026-08-21T00:28:27+08:00
新北市,New Taipei City,YouBike2.0_北鶯停車場,鶯歌區,北鶯停車場,YouBike2.0_Beiying Parking,Yingge Dist,Beiying Parking,500234029,20,11,20260820T214403,24.95567,121.35992,9,1,11,0,2026-08-21T00:28:27+08:00
新北市,New Taipei City,YouBike2.0_育英建國路口,鶯歌區,建國路280號(旁),YouBike2.0_Yuying Jianguo Rd. Intersection,Yingge Dist,"No. 280, Jianguo Rd.",500234030,12,8,20260821T000802,24.95356,121.34693,4,1,6,2,2026-08-21T00:28:27+08:00
新北市,New Taipei City,YouBike2.0_中正一仁愛路口,鶯歌區,中正一路181號(對面),YouBike2.0_Zhongzheng 1st & Ren'ai Rd Intersection,Yingge Dist,"No. 181, Zhongzheng 1st Rd.(Opposite)",500234031,15,4,20260820T232602,24.95672,121.3532,11,1,4,0,2026-08-21T00:28:27+08:00
新北市,New Taipei City,YouBike2.0_建國國小,鶯歌區,育英街19號(旁),YouBike2.0_Jianguo Elementary School,Yingge Dist,"No. 19, Yuying St.",500234032,15,7,20260820T232703,24.95521,121.34727,8,1,7,0,2026-08-21T00:28:27+08:00
新北市,New Taipei City,YouBike2.0_光明橋,鶯歌區,永明街78號(旁),YouBike2.0_Guang-ming bridge,Yingge Dist,"No. 78, Yongming St., Yingge Dist.(side)",500234033,14,7,20260820T220102,24.95577,121.34128,7,1,7,0,2026-08-21T00:28:27+08:00
新北市,New Taipei City,YouBike2.0_二橋派出所,鶯歌區,高職西街/中正三路口(西北側),YouBike2.0_Erqiao Police Station,Yingge Dist,"Gaozhi W. St. & Zhongzheng 3rd Rd., Yingge Dist. (west side)",500234034,11,4,20260820T215903,24.94216,121.33884,7,1,4,0,2026-08-21T00:28:27+08:00
新北市,New Taipei City,YouBike2.0_國中高職東街口,鶯歌區,國中路113至117-3號(對面),YouBike2.0_Guozhong & Gaozhi E. Intersection,Yingge Dist,"No. 113, Guozhong St., Yingge Dist.(opposite)",500234035,15,8,20260820T215804,24.94117,121.34116,7,1,8,0,2026-08-21T00:28:27+08:00
新北市,New Taipei City,YouBike2.0_尖山路高厝巷口,鶯歌區,尖山路276-5號(旁),YouBike2.0_Gaocuo Ln. Jianshan Rd.,Yingge Dist,"No. 276-5, Jianshan Rd. (Side)",500234036,15,10,20260820T225203,24.94495,121.34102,5,1,8,2,2026-08-21T00:28:27+08:00
新北市,New Taipei City,YouBike2.0_公八停車場,鶯歌區,國華路53號(對面),YouBike2.0_Public 8th Parking Lot,Yingge Dist,"No.53, Guohua Rd. (opposite)",500234037,15,11,20260821T000404,24.95515,121.34285,4,1,10,1,2026-08-21T00:28:27+08:00
新北市,New Taipei City,YouBike2.0_龍三鳳鳴路口,鶯歌區,鳳鳴路541號,YouBike2.0_Long 3rd. Rd. & Fengming Rd. Intersection,Yingge Dist,"No. 541, Fengming Rd.",500234038,18,13,20260820T222603,24.97286,121.33137,5,1,13,0,2026-08-21T00:28:27+08:00
新北市,New Taipei City,YouBike2.0_鳳福鳳三路口,鶯歌區,鳳三路360號,YouBike2.0_Fengfu Rd. & Feng 3rd. Rd. Intersection,Yingge Dist,"No. 360, Feng 3rd Rd.",500234039,22,0,20260820T224819,24.97567,121.33143,22,1,0,0,2026-08-21T00:28:27+08:00
新北市,New Taipei City,YouBike2.0_北鶯公園,鶯歌區,成功街20巷19號(旁),YouBike2.0_Beiying Park,Yingge Dist,"No. 19, Ln. 20, Chenggong St. (Side)",500234040,15,3,20260820T210403,24.95777,121.35942,12,1,2,1,2026-08-21T00:28:27+08:00
新北市,New Taipei City,YouBike2.0_鶯歌火車站(文化路),鶯歌區,文化路/文化路115巷(北側),YouBike2.0_Yingge Station (Wenhua Rd.),Yingge Dist,"Ln. 115, Wenhua Rd. Intersection (North)",500234041,25,17,20260820T234202,24.95536,121.35697,8,1,17,0,2026-08-21T00:28:27+08:00
新北市,New Taipei City,YouBike2.0_鳳七鶯歌路口,鶯歌區,鶯歌路101-107號(旁),YouBike2.0_Feng 7th Rd. & Yingge Rd. Intersection,Yingge Dist,"No. 101-107, Yingge Rd. (Side)",500234042,11,2,20260820T230202,24.96916,121.33193,9,1,1,1,2026-08-21T00:28:27+08:00
新北市,New Taipei City,YouBike2.0_國際一路112巷口,鶯歌區,國際一路167號(前),"YouBike2.0_Ln. 112, GuoJi 1st Rd.",Yingge Dist,"No. 167, GuoJi 1st Rd. (Front)",500234043,15,12,20260821T002104,24.97667,121.33579,3,1,9,3,2026-08-21T00:28:27+08:00
新北市,New Taipei City,YouBike2.0_臺鐵鳳鳴站,鶯歌區,鳳一路/鶯歌路口,YouBike2.0_Fengming Station,Yingge Dist,Feng 1st Rd. & YingGe Rd.,500234044,40,0,20260819T210005,24.97227,121.33674,0,0,0,0,2026-08-21T00:28:27+08:00
新北市,New Taipei City,YouBike2.0_鶯歌陶瓷老街,鶯歌區,重慶街/國慶街(西南側),YouBike2.0_YingGe Old Street,Yingge Dist,ChongQing St. & GuoQing St. (Southwest),500234045,33,16,20260820T223402,24.95219,121.351,17,1,16,0,2026-08-21T00:28:27+08:00
新北市,New Taipei City,YouBike2.0_鶯歌火車站(仁愛路62號),鶯歌區,仁愛路62號(東側),"YouBike2.0_YingGe Station (No. 62, RenAi Rd.)",Yingge Dist,"No. 62, RenAi Rd. (East)",500234046,42,4,20260820T233004,24.95505,121.35407,38,1,4,0,2026-08-21T00:28:27+08:00
新北市,New Taipei City,YouBike2.0_臺鐵鳳鳴站(鶯歌路),鶯歌區,鶯歌路276號(對面),YouBike2.0_Fengming Station (YingGe Rd.),Yingge Dist,"No. 276, YingGe Rd. (Opposite)",500234047,20,11,20260821T001704,24.97189,121.33651,9,1,11,0,2026-08-21T00:28:27+08:00
新北市,New Taipei City,YouBike2.0_光明育智路口,鶯歌區,光明街126號(東南側),YouBike2.0_GuangMing St. & YuZhi Rd. Intersection,Yingge Dist,"No. 126, GuangMing St. (Southeast)",500234048,14,9,20260820T233202,24.95587,121.3456,5,1,8,1,2026-08-21T00:28:27+08:00
新北市,New Taipei City,YouBike2.0_新鳳公園,鶯歌區,鶯桃路二段60號(對側),YouBike2.0_XinFeng Park,Yingge Dist,"No. 60, Sec. 2, YingTao Rd. (Opposite)",500234049,14,8,20260821T000603,24.9732,121.32474,6,1,8,0,2026-08-21T00:28:27+08:00
新北市,New Taipei City,YouBike2.0_鳳鳴機器人公園,鶯歌區,鳳鳴路/福安街7巷24弄口,YouBike2.0_FengMing Robot Park,Yingge Dist,"FengMing Rd. & Aly. 24, Ln. 7, FuAn St.",500234050,17,7,20260821T002104,24.96618,121.33465,10,1,5,2,2026-08-21T00:28:27+08:00
新北市,New Taipei City,YouBike2.0_龍五鳳七路口,鶯歌區,龍五路/鳳七路口,YouBike2.0_Long 5th Rd. & Feng 7th Rd. Intersection,Yingge Dist,Long 5th Rd. & Feng 7th Rd. Intersection,500234051,30,9,20260821T000903,24.97043,121.33101,21,1,6,3,2026-08-21T00:28:27+08:00
新北市,New Taipei City,YouBike2.0_龍鳳夜市,鶯歌區,鳳三路/龍三路(東南側),YouBike2.0_LongFeng Night Market,Yingge Dist,Feng 3rd Rd. & Long 3rd Rd. (Southeast),500234052,30,5,20260821T001901,24.97329,121.33331,25,1,5,0,2026-08-21T00:28:27+08:00
新北市,New Taipei City,YouBike2.0_中湖市民活動中心,鶯歌區,中湖街21號,YouBike2.0_Zhonghu Civic Activity Center,Yingge Dist,"No. 21, ZhongHu St.",500234053,20,12,20260820T234704,24.97298,121.3472,8,1,11,1,2026-08-21T00:28:27+08:00
新北市,New Taipei City,YouBike2.0_鳳一鳳吉一街口,鶯歌區,鳳吉一街259號(旁),YouBike2.0_Feng 1st Rd. & FengJi 1st St. Intersection,Yingge Dist,"No. 259, FengJi 1st St. (Side)",500234054,20,6,20260820T233802,24.97677,121.3317,14,1,6,0,2026-08-21T00:28:27+08:00
新北市,New Taipei City,YouBike2.0_鳳五路122號前,鶯歌區,鳳五路122號前,"YouBike2.0_No. 122, Feng 5th Rd.",Yingge Dist,"No. 122, Feng 5th Rd. (Front)",500234055,18,10,20260820T231602,24.97316,121.32991,8,1,9,1,2026-08-21T00:28:27+08:00
新北市,New Taipei City,YouBike2.0_建國永昌街口,鶯歌區,建國路546號(對面),YouBike2.0_JianGuo Rd. & YongChang St. Intersection,Yingge Dist,"No. 546, JianGuo Rd. (Opposite)",500234056,17,8,20260820T203402,24.95031,121.33831,9,1,4,4,2026-08-21T00:28:27+08:00
新北市,New Taipei City,YouBike2.0_捷運鶯歌車站,鶯歌區,館前路300號(對側),YouBike2.0_MRT Yingge Sta.,Yingge Dist,"No. 300, GuanQian Rd. (Opposite)",500234057,34,11,20260820T234803,24.95322,121.35668,21,1,10,1,2026-08-21T00:28:27+08:00
新北市,New Taipei City,YouBike2.0_鳳三龍七路口,鶯歌區,鳳三路68號,YouBike2.0_Feng 3rd Rd. & Long 7th Rd. Intersection,Yingge Dist,"No. 68, Feng 3rd Rd.",500234058,18,0,20260820T225918,24.97204,121.33467,18,1,0,0,2026-08-21T00:28:27+08:00
新北市,New Taipei City,YouBike2.0_捷運國華站,鶯歌區,國華路45號(對側),YouBike2.0_MRT Guohua Sta.,Yingge Dist,"No. 45, GuoHua Rd. (Opposite)",500234059,24,7,20260821T002304,24.95535,121.34251,17,1,7,0,2026-08-21T00:28:27+08:00
新北市,New Taipei City,YouBike2.0_捷運陶瓷老街站,鶯歌區,捷運陶瓷老街站(重慶街側),YouBike2.0_MRT Ceramics Old Street Sta.,Yingge Dist,MRT Ceramics Old Street Sta. (ChongQing St.),500234060,36,13,20260821T000404,24.95212,121.35065,23,1,13,0,2026-08-21T00:28:27+08:00
新北市,New Taipei City,YouBike2.0_捷運永吉公園站,鶯歌區,鶯桃路296巷口,YouBike2.0_MRT Yongji Park Sta.,Yingge Dist,"Ln. 296, YingTao Rd. Intersection",500234061,47,12,20260820T232602,24.96048,121.33476,35,1,12,0,2026-08-21T00:28:27+08:00
新北市,New Taipei City,YouBike2.0_捷運鶯桃福德站,鶯歌區,福德一路20號(對側),YouBike2.0_MRT Yingtao Fude Sta.,Yingge Dist,"No. 20, FuDe 1st Rd. (Opposite)",500234062,75,23,20260821T000005,24.96704,121.33044,52,1,22,1,2026-08-21T00:28:27+08:00
新北市,New Taipei City,YouBike2.0_捷運國華站(2號出口),鶯歌區,國華路97號(對側),YouBike2.0_MRT Guohua Sta.(Exit 2),Yingge Dist,"No. 97, GuoHua Rd. (Opposite)",500234063,60,21,20260820T195403,24.95374,121.34301,39,1,21,0,2026-08-21T00:28:27+08:00
新北市,New Taipei City,YouBike2.0_鶯歌山水步道停車場,鶯歌區,觀景涼亭停車場,YouBike2.0_YingGe Riverside Trail Car Park,Yingge Dist,YingGe Riverside Trail Car Park,500234064,24,6,20260820T233103,24.93205,121.32825,18,1,6,0,2026-08-21T00:28:27+08:00
新北市,New Taipei City,YouBike2.0_鶯歌環河自行車道,鶯歌區,環河路/甲三街(南側自行車道),YouBike2.0_YingGe Riverside Cycling Route,Yingge Dist,Huanhe Rd. & Jia 3rd St. (South),500234065,20,12,20260820T101904,24.92967,121.33837,8,1,12,0,2026-08-21T00:28:27+08:00
新北市,New Taipei City,YouBike2.0_鶯歌火車站(仁愛路),鶯歌區,仁愛路55號對側,YouBike2.0_Yingge Railway Station(Ren’ai Rd.),Yingge Dist,"No.55, Ren’ai Rd., Yingge Dist.(opposite)",500234001,69,5,20260821T002403,24.95559,121.35441,64,1,4,1,2026-08-21T01:00:49+08:00
新北市,New Taipei City,YouBike2.0_新北市立圖書館鶯歌分館,鶯歌區,中山路150號,YouBike2.0_New Taipei City Library Yingge Branch,Yingge Dist,"No.150, Zhongshan Rd.",500234002,20,10,20260821T002304,24.9572,121.34946,10,1,9,1,2026-08-21T01:00:49+08:00
新北市,New Taipei City,YouBike2.0_文化館前路口,鶯歌區,文化路407號旁,YouBike2.0_Yingge Ceramics Museum,Yingge Dist,"No. 407, Wenhua Rd.",500234003,44,13,20260821T000802,24.94948,121.35291,31,1,13,0,2026-08-21T01:00:49+08:00
新北市,New Taipei City,YouBike2.0_鶯歌國民運動中心,鶯歌區,館前路250號運動中心前,YouBike2.0_Yingge Civil Sports Center,Yingge Dist,"No.250, Guanqian Rd., Yingge Dist.",500234004,38,16,20260820T234902,24.95139,121.35733,22,1,14,2,2026-08-21T01:00:49+08:00
新北市,New Taipei City,YouBike2.0_尖山國中,鶯歌區,國中街1號,YouBike2.0_Municipal Jianshan Junior High School,Yingge Dist,"No.1, Guozhong St., Yingge Dist(sidewalk)",500234005,20,5,20260820T223201,24.94381,121.34207,15,1,4,1,2026-08-21T01:00:49+08:00
新北市,New Taipei City,YouBike2.0_新北市立鶯歌高級工商職業學校,鶯歌區,中正三路154號,YouBike2.0_New Taipei Municipal Yingge Vocational High School,Yingge Dist,"No. 154, Zhongzheng 3rd. Rd",500234006,56,0,20260820T234717,24.93923,121.33488,56,1,0,0,2026-08-21T01:00:49+08:00
新北市,New Taipei City,YouBike2.0_鶯歌國中,鶯歌區,鶯桃路39-5號對側,YouBike2.0_Yingge Junior High chool,Yingge Dist,"No.39-5, Yingtao Rd.(opposite)",500234007,30,7,20260821T000202,24.95119,121.34256,23,1,6,1,2026-08-21T01:00:49+08:00
新北市,New Taipei City,YouBike2.0_永吉國小,鶯歌區,德昌二街39號對側,YouBike2.0_Yongchi elementary school,Yingge Dist,"No.39, Dechang 2nd St., Yingge Dist.",500234008,20,6,20260821T002803,24.95865,121.33308,14,1,4,2,2026-08-21T01:00:49+08:00
新北市,New Taipei City,YouBike2.0_鳳祥公園,鶯歌區,鶯桃路365巷130號對側,YouBike2.0_Fengxiang Park,Yingge Dist,"No.130, Ln. 365, Yingtao Rd., Yingge Dist.",500234009,20,10,20260820T235502,24.96283,121.33025,10,1,8,2,2026-08-21T01:00:49+08:00
新北市,New Taipei City,YouBike2.0_鳳鳴國小,鶯歌區,永和街120號,YouBike2.0_Fengming Elementary School,Yingge Dist,"No.120, Yonghe St., Yingge Dist.",500234010,20,5,20260821T001204,24.9692,121.3347,15,1,5,0,2026-08-21T01:00:49+08:00
新北市,New Taipei City,YouBike2.0_國際二國際一路口,鶯歌區,國際二路與國際一路口,YouBike2.0_Guoji 2nd Guoji 1st Intersection,Yingge Dist,"Guoji 2nd Rd./Guoji 1st Rd., Yingge Dist.",500234011,20,11,20260821T001704,24.97577,121.3353,9,1,10,1,2026-08-21T01:00:49+08:00
新北市,New Taipei City,YouBike2.0_鳳福公園,鶯歌區,鳳吉一街186號(對面),YouBike2.0_Fengfu Park,Yingge Dist,"No. 186, Fengji 1st St., Yingge Dist.(opposite)",500234012,20,9,20260820T223504,24.97572,121.32938,11,1,9,0,2026-08-21T01:00:49+08:00
新北市,New Taipei City,YouBike2.0_尖山公園,鶯歌區,鶯歌區尖山路161號對面,YouBike2.0_Jianshan Park,Yingge Dist,"No.161, Jianshan Rd.(opposite)",500234013,29,14,20260820T233403,24.9482,121.346,15,1,10,4,2026-08-21T01:00:49+08:00
新北市,New Taipei City,YouBike2.0_永昌里兒一公園,鶯歌區,鶯桃路182巷96弄36-38號對側,YouBike2.0_Yongchang Village Children Park (No.1),Yingge Dist,"No.36-38, Aly. 96, Ln. 182, Yingtao Rd.(oppsite)",500234014,20,10,20260820T224903,24.956649374562204,121.33959628800724,9,1,10,0,2026-08-21T01:00:49+08:00
新北市,New Taipei City,YouBike2.0_南雅育智路口,鶯歌區,南雅路491號(對面),YouBike2.0_Nanya & Yuzhi Rd. Intersection,Yingge Dist,"No.491, Nanya Rd., Yingge Dist.(opposite)",500234015,22,12,20260821T005904,24.954,121.346,10,1,10,2,2026-08-21T01:00:49+08:00
新北市,New Taipei City,YouBike2.0_國中二甲路口,鶯歌區,國中街175號(前),YouBike2.0_Guozhong & Erjia Intersection,Yingge Dist,"No. 175, Guozhong St., Yingge Dist.",500234016,20,7,20260820T221702,24.939489067109363,121.33868650698288,13,1,6,1,2026-08-21T01:00:49+08:00
新北市,New Taipei City,YouBike2.0_鶯歌永利街,鶯歌區,永利街16號(對面),YouBike2.0_Yingge Yongli St.,Yingge Dist,"No. 16, Yongli St. Yingge Dist.",500234017,15,8,20260821T002603,24.95495,121.33911,6,1,8,0,2026-08-21T01:00:49+08:00
新北市,New Taipei City,YouBike2.0_二橋虹橋公園,鶯歌區,中正三路400號(對面),YouBike2.0_Erqiaoshiguanghongqiao Park,Yingge Dist,"No. 400, Zhongzheng 3rd Rd.(Opposite)",500234018,10,6,20260820T223504,24.93453,121.32595,4,1,6,0,2026-08-21T01:00:49+08:00
新北市,New Taipei City,YouBike2.0_鳳吉四鳳七路口(捷士匯社區),鶯歌區,鳳吉四街57-75號(旁),YouBike2.0_Fengji 4th & Feng 7th Rd. Intersection,Yingge Dist,"No. 57-75, Fengji 4th St.",500234021,40,15,20260821T003402,24.97383,121.32769,25,1,14,1,2026-08-21T01:00:49+08:00
新北市,New Taipei City,YouBike2.0_鶯歌老街第二停車場,鶯歌區,尖山埔路27-31號(對面),YouBike2.0_Yingge Old Street 2nd Parking Lot,Yingge Dist,"No. 27-31, Jianshanpu Rd.(Opposite)",500234022,20,3,20260821T004003,24.94895,121.34227,16,1,2,1,2026-08-21T01:00:49+08:00
新北市,New Taipei City,YouBike2.0_建國中正一路口(北鶯社區),鶯歌區,建國路6號(對面空地),YouBike2.0_Jianguo Zhongzheng 1st Rd. Intersection,Yingge Dist,"No. 6, Jianguo Rd.(Opposite)",500234023,20,5,20260820T210103,24.95658,121.35692,15,1,4,1,2026-08-21T01:00:49+08:00
新北市,New Taipei City,YouBike2.0_三鶯水資源回收中心,鶯歌區,館前路360號(旁),YouBike2.0_Sanying Water Recycling Center,Yingge Dist,"No. 360, Guanqian Rd.",500234024,14,8,20260820T214403,24.95535,121.35996,5,1,6,2,2026-08-21T01:00:49+08:00
新北市,New Taipei City,YouBike2.0_永和街65巷口,鶯歌區,永和街75號,"YouBike2.0_Ln. 65, Yonghe St. Intersection",Yingge Dist,"No. 75, Yonghe St.",500234025,37,17,20260821T004003,24.96798,121.3331413,20,1,17,0,2026-08-21T01:00:49+08:00
新北市,New Taipei City,YouBike2.0_鶯歌陶瓷博物館,鶯歌區,文化路200號(旁),YouBike2.0_Yingge Ceramics Museum(Wenhua Rd.),Yingge Dist,"No. 200, Wenhua Rd.",500234026,22,3,20260820T223903,24.95012,121.35245,19,1,3,0,2026-08-21T01:00:49+08:00
新北市,New Taipei City,YouBike2.0_礫間停車場,鶯歌區,礫間停車場,YouBike2.0_Lijian Parking,Yingge Dist,Lijian Parking,500234028,20,8,20260820T210703,24.9518,121.35445,12,1,8,0,2026-08-21T01:00:49+08:00
新北市,New Taipei City,YouBike2.0_北鶯停車場,鶯歌區,北鶯停車場,YouBike2.0_Beiying Parking,Yingge Dist,Beiying Parking,500234029,20,11,20260820T214403,24.95567,121.35992,9,1,11,0,2026-08-21T01:00:49+08:00
新北市,New Taipei City,YouBike2.0_育英建國路口,鶯歌區,建國路280號(旁),YouBike2.0_Yuying Jianguo Rd. Intersection,Yingge Dist,"No. 280, Jianguo Rd.",500234030,12,7,20260821T003402,24.95356,121.34693,5,1,5,2,2026-08-21T01:00:49+08:00
新北市,New Taipei City,YouBike2.0_中正一仁愛路口,鶯歌區,中正一路181號(對面),YouBike2.0_Zhongzheng 1st & Ren'ai Rd Intersection,Yingge Dist,"No. 181, Zhongzheng 1st Rd.(Opposite)",500234031,15,4,20260820T232602,24.95672,121.3532,11,1,4,0,2026-08-21T01:00:49+08:00
新北市,New Taipei City,YouBike2.0_建國國小,鶯歌區,育英街19號(旁),YouBike2.0_Jianguo Elementary School,Yingge Dist,"No. 19, Yuying St.",500234032,15,7,20260820T232703,24.95521,121.34727,8,1,7,0,2026-08-21T01:00:49+08:00
新北市,New Taipei City,YouBike2.0_光明橋,鶯歌區,永明街78號(旁),YouBike2.0_Guang-ming bridge,Yingge Dist,"No. 78, Yongming St., Yingge Dist.(side)",500234033,14,7,20260820T220102,24.95577,121.34128,7,1,7,0,2026-08-21T01:00:49+08:00
新北市,New Taipei City,YouBike2.0_二橋派出所,鶯歌區,高職西街/中正三路口(西北側),YouBike2.0_Erqiao Police Station,Yingge Dist,"Gaozhi W. St. & Zhongzheng 3rd Rd., Yingge Dist. (west side)",500234034,11,4,20260820T215903,24.94216,121.33884,7,1,4,0,2026-08-21T01:00:49+08:00
新北市,New Taipei City,YouBike2.0_國中高職東街口,鶯歌區,國中路113至117-3號(對面),YouBike2.0_Guozhong & Gaozhi E. Intersection,Yingge Dist,"No. 113, Guozhong St., Yingge Dist.(opposite)",500234035,15,8,20260820T215804,24.94117,121.34116,7,1,8,0,2026-08-21T01:00:49+08:00
新北市,New Taipei City,YouBike2.0_尖山路高厝巷口,鶯歌區,尖山路276-5號(旁),YouBike2.0_Gaocuo Ln. Jianshan Rd.,Yingge Dist,"No. 276-5, Jianshan Rd. (Side)",500234036,15,10,20260821T004603,24.94495,121.34102,5,1,8,2,2026-08-21T01:00:49+08:00
新北市,New Taipei City,YouBike2.0_公八停車場,鶯歌區,國華路53號(對面),YouBike2.0_Public 8th Parking Lot,Yingge Dist,"No.53, Guohua Rd. (opposite)",500234037,15,11,20260821T000404,24.95515,121.34285,4,1,10,1,2026-08-21T01:00:49+08:00
新北市,New Taipei City,YouBike2.0_龍三鳳鳴路口,鶯歌區,鳳鳴路541號,YouBike2.0_Long 3rd. Rd. & Fengming Rd. Intersection,Yingge Dist,"No. 541, Fengming Rd.",500234038,18,13,20260820T222603,24.97286,121.33137,5,1,13,0,2026-08-21T01:00:49+08:00
新北市,New Taipei City,YouBike2.0_鳳福鳳三路口,鶯歌區,鳳三路360號,YouBike2.0_Fengfu Rd. & Feng 3rd. Rd. Intersection,Yingge Dist,"No. 360, Feng 3rd Rd.",500234039,22,6,20260821T005417,24.97567,121.33143,16,1,6,0,2026-08-21T01:00:49+08:00
新北市,New Taipei City,YouBike2.0_北鶯公園,鶯歌區,成功街20巷19號(旁),YouBike2.0_Beiying Park,Yingge Dist,"No. 19, Ln. 20, Chenggong St. (Side)",500234040,15,4,20260821T002902,24.95777,121.35942,11,1,3,1,2026-08-21T01:00:49+08:00
新北市,New Taipei City,YouBike2.0_鶯歌火車站(文化路),鶯歌區,文化路/文化路115巷(北側),YouBike2.0_Yingge Station (Wenhua Rd.),Yingge Dist,"Ln. 115, Wenhua Rd. Intersection (North)",500234041,25,17,20260820T234202,24.95536,121.35697,8,1,17,0,2026-08-21T01:00:49+08:00
新北市,New Taipei City,YouBike2.0_鳳七鶯歌路口,鶯歌區,鶯歌路101-107號(旁),YouBike2.0_Feng 7th Rd. & Yingge Rd. Intersection,Yingge Dist,"No. 101-107, Yingge Rd. (Side)",500234042,11,4,20260821T003103,24.96916,121.33193,7,1,3,1,2026-08-21T01:00:49+08:00
新北市,New Taipei City,YouBike2.0_國際一路112巷口,鶯歌區,國際一路167號(前),"YouBike2.0_Ln. 112, GuoJi 1st Rd.",Yingge Dist,"No. 167, GuoJi 1st Rd. (Front)",500234043,15,12,20260821T002104,24.97667,121.33579,3,1,9,3,2026-08-21T01:00:49+08:00
新北市,New Taipei City,YouBike2.0_臺鐵鳳鳴站,鶯歌區,鳳一路/鶯歌路口,YouBike2.0_Fengming Station,Yingge Dist,Feng 1st Rd. & YingGe Rd.,500234044,40,0,20260819T210005,24.97227,121.33674,0,0,0,0,2026-08-21T01:00:49+08:00
新北市,New Taipei City,YouBike2.0_鶯歌陶瓷老街,鶯歌區,重慶街/國慶街(西南側),YouBike2.0_YingGe Old Street,Yingge Dist,ChongQing St. & GuoQing St. (Southwest),500234045,33,16,20260820T223402,24.95219,121.351,17,1,16,0,2026-08-21T01:00:49+08:00
新北市,New Taipei City,YouBike2.0_鶯歌火車站(仁愛路62號),鶯歌區,仁愛路62號(東側),"YouBike2.0_YingGe Station (No. 62, RenAi Rd.)",Yingge Dist,"No. 62, RenAi Rd. (East)",500234046,42,4,20260820T233004,24.95505,121.35407,38,1,4,0,2026-08-21T01:00:49+08:00
新北市,New Taipei City,YouBike2.0_臺鐵鳳鳴站(鶯歌路),鶯歌區,鶯歌路276號(對面),YouBike2.0_Fengming Station (YingGe Rd.),Yingge Dist,"No. 276, YingGe Rd. (Opposite)",500234047,20,5,20260821T003402,24.97189,121.33651,15,1,5,0,2026-08-21T01:00:49+08:00
新北市,New Taipei City,YouBike2.0_光明育智路口,鶯歌區,光明街126號(東南側),YouBike2.0_GuangMing St. & YuZhi Rd. Intersection,Yingge Dist,"No. 126, GuangMing St. (Southeast)",500234048,14,9,20260820T233202,24.95587,121.3456,5,1,8,1,2026-08-21T01:00:49+08:00
新北市,New Taipei City,YouBike2.0_新鳳公園,鶯歌區,鶯桃路二段60號(對側),YouBike2.0_XinFeng Park,Yingge Dist,"No. 60, Sec. 2, YingTao Rd. (Opposite)",500234049,14,7,20260821T003804,24.9732,121.32474,7,1,7,0,2026-08-21T01:00:49+08:00
新北市,New Taipei City,YouBike2.0_鳳鳴機器人公園,鶯歌區,鳳鳴路/福安街7巷24弄口,YouBike2.0_FengMing Robot Park,Yingge Dist,"FengMing Rd. & Aly. 24, Ln. 7, FuAn St.",500234050,17,7,20260821T002104,24.96618,121.33465,10,1,5,2,2026-08-21T01:00:49+08:00
新北市,New Taipei City,YouBike2.0_龍五鳳七路口,鶯歌區,龍五路/鳳七路口,YouBike2.0_Long 5th Rd. & Feng 7th Rd. Intersection,Yingge Dist,Long 5th Rd. & Feng 7th Rd. Intersection,500234051,30,8,20260821T005602,24.97043,121.33101,22,1,5,3,2026-08-21T01:00:49+08:00
新北市,New Taipei City,YouBike2.0_龍鳳夜市,鶯歌區,鳳三路/龍三路(東南側),YouBike2.0_LongFeng Night Market,Yingge Dist,Feng 3rd Rd. & Long 3rd Rd. (Southeast),500234052,30,5,20260821T001901,24.97329,121.33331,25,1,5,0,2026-08-21T01:00:49+08:00
新北市,New Taipei City,YouBike2.0_中湖市民活動中心,鶯歌區,中湖街21號,YouBike2.0_Zhonghu Civic Activity Center,Yingge Dist,"No. 21, ZhongHu St.",500234053,20,12,20260820T234704,24.97298,121.3472,8,1,11,1,2026-08-21T01:00:49+08:00
新北市,New Taipei City,YouBike2.0_鳳一鳳吉一街口,鶯歌區,鳳吉一街259號(旁),YouBike2.0_Feng 1st Rd. & FengJi 1st St. Intersection,Yingge Dist,"No. 259, FengJi 1st St. (Side)",500234054,20,6,20260820T233802,24.97677,121.3317,14,1,6,0,2026-08-21T01:00:49+08:00
新北市,New Taipei City,YouBike2.0_鳳五路122號前,鶯歌區,鳳五路122號前,"YouBike2.0_No. 122, Feng 5th Rd.",Yingge Dist,"No. 122, Feng 5th Rd. (Front)",500234055,18,10,20260820T231602,24.97316,121.32991,8,1,9,1,2026-08-21T01:00:49+08:00
新北市,New Taipei City,YouBike2.0_建國永昌街口,鶯歌區,建國路546號(對面),YouBike2.0_JianGuo Rd. & YongChang St. Intersection,Yingge Dist,"No. 546, JianGuo Rd. (Opposite)",500234056,17,8,20260820T203402,24.95031,121.33831,9,1,4,4,2026-08-21T01:00:49+08:00
新北市,New Taipei City,YouBike2.0_捷運鶯歌車站,鶯歌區,館前路300號(對側),YouBike2.0_MRT Yingge Sta.,Yingge Dist,"No. 300, GuanQian Rd. (Opposite)",500234057,34,11,20260820T234803,24.95322,121.35668,21,1,10,1,2026-08-21T01:00:49+08:00
新北市,New Taipei City,YouBike2.0_鳳三龍七路口,鶯歌區,鳳三路68號,YouBike2.0_Feng 3rd Rd. & Long 7th Rd. Intersection,Yingge Dist,"No. 68, Feng 3rd Rd.",500234058,18,8,20260821T005304,24.97204,121.33467,10,1,8,0,2026-08-21T01:00:49+08:00
新北市,New Taipei City,YouBike2.0_捷運國華站,鶯歌區,國華路45號(對側),YouBike2.0_MRT Guohua Sta.,Yingge Dist,"No. 45, GuoHua Rd. (Opposite)",500234059,24,7,20260821T002304,24.95535,121.34251,17,1,7,0,2026-08-21T01:00:49+08:00
新北市,New Taipei City,YouBike2.0_捷運陶瓷老街站,鶯歌區,捷運陶瓷老街站(重慶街側),YouBike2.0_MRT Ceramics Old Street Sta.,Yingge Dist,MRT Ceramics Old Street Sta. (ChongQing St.),500234060,36,13,20260821T000404,24.95212,121.35065,23,1,13,0,2026-08-21T01:00:49+08:00
新北市,New Taipei City,YouBike2.0_捷運永吉公園站,鶯歌區,鶯桃路296巷口,YouBike2.0_MRT Yongji Park Sta.,Yingge Dist,"Ln. 296, YingTao Rd. Intersection",500234061,47,12,20260820T232602,24.96048,121.33476,35,1,12,0,2026-08-21T01:00:49+08:00
新北市,New Taipei City,YouBike2.0_捷運鶯桃福德站,鶯歌區,福德一路20號(對側),YouBike2.0_MRT Yingtao Fude Sta.,Yingge Dist,"No. 20, FuDe 1st Rd. (Opposite)",500234062,75,23,20260821T000005,24.96704,121.33044,52,1,22,1,2026-08-21T01:00:49+08:00
新北市,New Taipei City,YouBike2.0_捷運國華站(2號出口),鶯歌區,國華路97號(對側),YouBike2.0_MRT Guohua Sta.(Exit 2),Yingge Dist,"No. 97, GuoHua Rd. (Opposite)",500234063,60,21,20260820T195403,24.95374,121.34301,39,1,21,0,2026-08-21T01:00:49+08:00
新北市,New Taipei City,YouBike2.0_鶯歌山水步道停車場,鶯歌區,觀景涼亭停車場,YouBike2.0_YingGe Riverside Trail Car Park,Yingge Dist,YingGe Riverside Trail Car Park,500234064,24,6,20260820T233103,24.93205,121.32825,18,1,6,0,2026-08-21T01:00:49+08:00
新北市,New Taipei City,YouBike2.0_鶯歌環河自行車道,鶯歌區,環河路/甲三街(南側自行車道),YouBike2.0_YingGe Riverside Cycling Route,Yingge Dist,Huanhe Rd. & Jia 3rd St. (South),500234065,20,12,20260820T101904,24.92967,121.33837,8,1,12,0,2026-08-21T01:00:49+08:00
新北市,New Taipei City,YouBike2.0_鶯歌火車站(仁愛路),鶯歌區,仁愛路55號對側,YouBike2.0_Yingge Railway Station(Ren’ai Rd.),Yingge Dist,"No.55, Ren’ai Rd., Yingge Dist.(opposite)",500234001,69,5,20260821T002403,24.95559,121.35441,64,1,4,1,2026-08-21T01:43:34+08:00
新北市,New Taipei City,YouBike2.0_新北市立圖書館鶯歌分館,鶯歌區,中山路150號,YouBike2.0_New Taipei City Library Yingge Branch,Yingge Dist,"No.150, Zhongshan Rd.",500234002,20,10,20260821T002304,24.9572,121.34946,10,1,9,1,2026-08-21T01:43:34+08:00
新北市,New Taipei City,YouBike2.0_文化館前路口,鶯歌區,文化路407號旁,YouBike2.0_Yingge Ceramics Museum,Yingge Dist,"No. 407, Wenhua Rd.",500234003,44,13,20260821T000802,24.94948,121.35291,31,1,13,0,2026-08-21T01:43:34+08:00
新北市,New Taipei City,YouBike2.0_鶯歌國民運動中心,鶯歌區,館前路250號運動中心前,YouBike2.0_Yingge Civil Sports Center,Yingge Dist,"No.250, Guanqian Rd., Yingge Dist.",500234004,38,16,20260820T234902,24.95139,121.35733,22,1,14,2,2026-08-21T01:43:34+08:00
新北市,New Taipei City,YouBike2.0_尖山國中,鶯歌區,國中街1號,YouBike2.0_Municipal Jianshan Junior High School,Yingge Dist,"No.1, Guozhong St., Yingge Dist(sidewalk)",500234005,20,5,20260820T223201,24.94381,121.34207,15,1,4,1,2026-08-21T01:43:34+08:00
新北市,New Taipei City,YouBike2.0_新北市立鶯歌高級工商職業學校,鶯歌區,中正三路154號,YouBike2.0_New Taipei Municipal Yingge Vocational High School,Yingge Dist,"No. 154, Zhongzheng 3rd. Rd",500234006,56,1,20260821T011615,24.93923,121.33488,55,1,1,0,2026-08-21T01:43:34+08:00
新北市,New Taipei City,YouBike2.0_鶯歌國中,鶯歌區,鶯桃路39-5號對側,YouBike2.0_Yingge Junior High chool,Yingge Dist,"No.39-5, Yingtao Rd.(opposite)",500234007,30,7,20260821T000202,24.95119,121.34256,23,1,6,1,2026-08-21T01:43:34+08:00
新北市,New Taipei City,YouBike2.0_永吉國小,鶯歌區,德昌二街39號對側,YouBike2.0_Yongchi elementary school,Yingge Dist,"No.39, Dechang 2nd St., Yingge Dist.",500234008,20,14,20260821T010603,24.95865,121.33308,6,1,12,2,2026-08-21T01:43:34+08:00
新北市,New Taipei City,YouBike2.0_鳳祥公園,鶯歌區,鶯桃路365巷130號對側,YouBike2.0_Fengxiang Park,Yingge Dist,"No.130, Ln. 365, Yingtao Rd., Yingge Dist.",500234009,20,10,20260820T235502,24.96283,121.33025,10,1,8,2,2026-08-21T01:43:34+08:00
新北市,New Taipei City,YouBike2.0_鳳鳴國小,鶯歌區,永和街120號,YouBike2.0_Fengming Elementary School,Yingge Dist,"No.120, Yonghe St., Yingge Dist.",500234010,20,5,20260821T001204,24.9692,121.3347,15,1,5,0,2026-08-21T01:43:34+08:00
新北市,New Taipei City,YouBike2.0_國際二國際一路口,鶯歌區,國際二路與國際一路口,YouBike2.0_Guoji 2nd Guoji 1st Intersection,Yingge Dist,"Guoji 2nd Rd./Guoji 1st Rd., Yingge Dist.",500234011,20,11,20260821T001704,24.97577,121.3353,9,1,10,1,2026-08-21T01:43:34+08:00
新北市,New Taipei City,YouBike2.0_鳳福公園,鶯歌區,鳳吉一街186號(對面),YouBike2.0_Fengfu Park,Yingge Dist,"No. 186, Fengji 1st St., Yingge Dist.(opposite)",500234012,20,9,20260820T223504,24.97572,121.32938,11,1,9,0,2026-08-21T01:43:34+08:00
新北市,New Taipei City,YouBike2.0_尖山公園,鶯歌區,鶯歌區尖山路161號對面,YouBike2.0_Jianshan Park,Yingge Dist,"No.161, Jianshan Rd.(opposite)",500234013,29,19,20260821T013115,24.9482,121.346,10,1,15,4,2026-08-21T01:43:34+08:00
新北市,New Taipei City,YouBike2.0_永昌里兒一公園,鶯歌區,鶯桃路182巷96弄36-38號對側,YouBike2.0_Yongchang Village Children Park (No.1),Yingge Dist,"No.36-38, Aly. 96, Ln. 182, Yingtao Rd.(oppsite)",500234014,20,10,20260820T224903,24.956649374562204,121.33959628800724,9,1,10,0,2026-08-21T01:43:34+08:00
新北市,New Taipei City,YouBike2.0_南雅育智路口,鶯歌區,南雅路491號(對面),YouBike2.0_Nanya & Yuzhi Rd. Intersection,Yingge Dist,"No.491, Nanya Rd., Yingge Dist.(opposite)",500234015,22,12,20260821T005904,24.954,121.346,10,1,10,2,2026-08-21T01:43:34+08:00
新北市,New Taipei City,YouBike2.0_國中二甲路口,鶯歌區,國中街175號(前),YouBike2.0_Guozhong & Erjia Intersection,Yingge Dist,"No. 175, Guozhong St., Yingge Dist.",500234016,20,6,20260821T011302,24.939489067109363,121.33868650698288,14,1,5,1,2026-08-21T01:43:34+08:00
新北市,New Taipei City,YouBike2.0_鶯歌永利街,鶯歌區,永利街16號(對面),YouBike2.0_Yingge Yongli St.,Yingge Dist,"No. 16, Yongli St. Yingge Dist.",500234017,15,8,20260821T002603,24.95495,121.33911,6,1,8,0,2026-08-21T01:43:34+08:00
新北市,New Taipei City,YouBike2.0_二橋虹橋公園,鶯歌區,中正三路400號(對面),YouBike2.0_Erqiaoshiguanghongqiao Park,Yingge Dist,"No. 400, Zhongzheng 3rd Rd.(Opposite)",500234018,10,6,20260820T223504,24.93453,121.32595,4,1,6,0,2026-08-21T01:43:34+08:00
新北市,New Taipei City,YouBike2.0_鳳吉四鳳七路口(捷士匯社區),鶯歌區,鳳吉四街57-75號(旁),YouBike2.0_Fengji 4th & Feng 7th Rd. Intersection,Yingge Dist,"No. 57-75, Fengji 4th St.",500234021,40,15,20260821T003402,24.97383,121.32769,25,1,14,1,2026-08-21T01:43:34+08:00
新北市,New Taipei City,YouBike2.0_鶯歌老街第二停車場,鶯歌區,尖山埔路27-31號(對面),YouBike2.0_Yingge Old Street 2nd Parking Lot,Yingge Dist,"No. 27-31, Jianshanpu Rd.(Opposite)",500234022,20,3,20260821T004003,24.94895,121.34227,16,1,2,1,2026-08-21T01:43:34+08:00
新北市,New Taipei City,YouBike2.0_建國中正一路口(北鶯社區),鶯歌區,建國路6號(對面空地),YouBike2.0_Jianguo Zhongzheng 1st Rd. Intersection,Yingge Dist,"No. 6, Jianguo Rd.(Opposite)",500234023,20,5,20260820T210103,24.95658,121.35692,15,1,4,1,2026-08-21T01:43:34+08:00
新北市,New Taipei City,YouBike2.0_三鶯水資源回收中心,鶯歌區,館前路360號(旁),YouBike2.0_Sanying Water Recycling Center,Yingge Dist,"No. 360, Guanqian Rd.",500234024,14,8,20260820T214403,24.95535,121.35996,5,1,6,2,2026-08-21T01:43:34+08:00
新北市,New Taipei City,YouBike2.0_永和街65巷口,鶯歌區,永和街75號,"YouBike2.0_Ln. 65, Yonghe St. Intersection",Yingge Dist,"No. 75, Yonghe St.",500234025,37,18,20260821T013904,24.96798,121.3331413,19,1,18,0,2026-08-21T01:43:34+08:00
新北市,New Taipei City,YouBike2.0_鶯歌陶瓷博物館,鶯歌區,文化路200號(旁),YouBike2.0_Yingge Ceramics Museum(Wenhua Rd.),Yingge Dist,"No. 200, Wenhua Rd.",500234026,22,3,20260820T223903,24.95012,121.35245,19,1,3,0,2026-08-21T01:43:34+08:00
新北市,New Taipei City,YouBike2.0_礫間停車場,鶯歌區,礫間停車場,YouBike2.0_Lijian Parking,Yingge Dist,Lijian Parking,500234028,20,8,20260820T210703,24.9518,121.35445,12,1,8,0,2026-08-21T01:43:34+08:00
新北市,New Taipei City,YouBike2.0_北鶯停車場,鶯歌區,北鶯停車場,YouBike2.0_Beiying Parking,Yingge Dist,Beiying Parking,500234029,20,11,20260820T214403,24.95567,121.35992,9,1,11,0,2026-08-21T01:43:34+08:00
新北市,New Taipei City,YouBike2.0_育英建國路口,鶯歌區,建國路280號(旁),YouBike2.0_Yuying Jianguo Rd. Intersection,Yingge Dist,"No. 280, Jianguo Rd.",500234030,12,7,20260821T003402,24.95356,121.34693,5,1,5,2,2026-08-21T01:43:34+08:00
新北市,New Taipei City,YouBike2.0_中正一仁愛路口,鶯歌區,中正一路181號(對面),YouBike2.0_Zhongzheng 1st & Ren'ai Rd Intersection,Yingge Dist,"No. 181, Zhongzheng 1st Rd.(Opposite)",500234031,15,4,20260820T232602,24.95672,121.3532,11,1,4,0,2026-08-21T01:43:34+08:00
新北市,New Taipei City,YouBike2.0_建國國小,鶯歌區,育英街19號(旁),YouBike2.0_Jianguo Elementary School,Yingge Dist,"No. 19, Yuying St.",500234032,15,7,20260820T232703,24.95521,121.34727,8,1,7,0,2026-08-21T01:43:34+08:00
新北市,New Taipei City,YouBike2.0_光明橋,鶯歌區,永明街78號(旁),YouBike2.0_Guang-ming bridge,Yingge Dist,"No. 78, Yongming St., Yingge Dist.(side)",500234033,14,7,20260820T220102,24.95577,121.34128,7,1,7,0,2026-08-21T01:43:34+08:00
新北市,New Taipei City,YouBike2.0_二橋派出所,鶯歌區,高職西街/中正三路口(西北側),YouBike2.0_Erqiao Police Station,Yingge Dist,"Gaozhi W. St. & Zhongzheng 3rd Rd., Yingge Dist. (west side)",500234034,11,4,20260820T215903,24.94216,121.33884,7,1,4,0,2026-08-21T01:43:34+08:00
新北市,New Taipei City,YouBike2.0_國中高職東街口,鶯歌區,國中路113至117-3號(對面),YouBike2.0_Guozhong & Gaozhi E. Intersection,Yingge Dist,"No. 113, Guozhong St., Yingge Dist.(opposite)",500234035,15,8,20260821T013904,24.94117,121.34116,7,1,8,0,2026-08-21T01:43:34+08:00
新北市,New Taipei City,YouBike2.0_尖山路高厝巷口,鶯歌區,尖山路276-5號(旁),YouBike2.0_Gaocuo Ln. Jianshan Rd.,Yingge Dist,"No. 276-5, Jianshan Rd. (Side)",500234036,15,10,20260821T004603,24.94495,121.34102,5,1,8,2,2026-08-21T01:43:34+08:00
新北市,New Taipei City,YouBike2.0_公八停車場,鶯歌區,國華路53號(對面),YouBike2.0_Public 8th Parking Lot,Yingge Dist,"No.53, Guohua Rd. (opposite)",500234037,15,11,20260821T000404,24.95515,121.34285,4,1,10,1,2026-08-21T01:43:34+08:00
新北市,New Taipei City,YouBike2.0_龍三鳳鳴路口,鶯歌區,鳳鳴路541號,YouBike2.0_Long 3rd. Rd. & Fengming Rd. Intersection,Yingge Dist,"No. 541, Fengming Rd.",500234038,18,13,20260820T222603,24.97286,121.33137,5,1,13,0,2026-08-21T01:43:34+08:00
新北市,New Taipei City,YouBike2.0_鳳福鳳三路口,鶯歌區,鳳三路360號,YouBike2.0_Fengfu Rd. & Feng 3rd. Rd. Intersection,Yingge Dist,"No. 360, Feng 3rd Rd.",500234039,22,6,20260821T005417,24.97567,121.33143,16,1,6,0,2026-08-21T01:43:34+08:00
新北市,New Taipei City,YouBike2.0_北鶯公園,鶯歌區,成功街20巷19號(旁),YouBike2.0_Beiying Park,Yingge Dist,"No. 19, Ln. 20, Chenggong St. (Side)",500234040,15,4,20260821T002902,24.95777,121.35942,11,1,3,1,2026-08-21T01:43:34+08:00
新北市,New Taipei City,YouBike2.0_鶯歌火車站(文化路),鶯歌區,文化路/文化路115巷(北側),YouBike2.0_Yingge Station (Wenhua Rd.),Yingge Dist,"Ln. 115, Wenhua Rd. Intersection (North)",500234041,25,17,20260820T234202,24.95536,121.35697,8,1,17,0,2026-08-21T01:43:34+08:00
新北市,New Taipei City,YouBike2.0_鳳七鶯歌路口,鶯歌區,鶯歌路101-107號(旁),YouBike2.0_Feng 7th Rd. & Yingge Rd. Intersection,Yingge Dist,"No. 101-107, Yingge Rd. (Side)",500234042,11,4,20260821T003103,24.96916,121.33193,7,1,3,1,2026-08-21T01:43:34+08:00
新北市,New Taipei City,YouBike2.0_國際一路112巷口,鶯歌區,國際一路167號(前),"YouBike2.0_Ln. 112, GuoJi 1st Rd.",Yingge Dist,"No. 167, GuoJi 1st Rd. (Front)",500234043,15,12,20260821T002104,24.97667,121.33579,3,1,9,3,2026-08-21T01:43:34+08:00
新北市,New Taipei City,YouBike2.0_臺鐵鳳鳴站,鶯歌區,鳳一路/鶯歌路口,YouBike2.0_Fengming Station,Yingge Dist,Feng 1st Rd. & YingGe Rd.,500234044,40,0,20260819T210005,24.97227,121.33674,0,0,0,0,2026-08-21T01:43:34+08:00
新北市,New Taipei City,YouBike2.0_鶯歌陶瓷老街,鶯歌區,重慶街/國慶街(西南側),YouBike2.0_YingGe Old Street,Yingge Dist,ChongQing St. & GuoQing St. (Southwest),500234045,33,16,20260820T223402,24.95219,121.351,17,1,16,0,2026-08-21T01:43:34+08:00
新北市,New Taipei City,YouBike2.0_鶯歌火車站(仁愛路62號),鶯歌區,仁愛路62號(東側),"YouBike2.0_YingGe Station (No. 62, RenAi Rd.)",Yingge Dist,"No. 62, RenAi Rd. (East)",500234046,42,4,20260820T233004,24.95505,121.35407,38,1,4,0,2026-08-21T01:43:34+08:00
新北市,New Taipei City,YouBike2.0_臺鐵鳳鳴站(鶯歌路),鶯歌區,鶯歌路276號(對面),YouBike2.0_Fengming Station (YingGe Rd.),Yingge Dist,"No. 276, YingGe Rd. (Opposite)",500234047,20,5,20260821T003402,24.97189,121.33651,15,1,5,0,2026-08-21T01:43:34+08:00
新北市,New Taipei City,YouBike2.0_光明育智路口,鶯歌區,光明街126號(東南側),YouBike2.0_GuangMing St. & YuZhi Rd. Intersection,Yingge Dist,"No. 126, GuangMing St. (Southeast)",500234048,14,9,20260820T233202,24.95587,121.3456,5,1,8,1,2026-08-21T01:43:34+08:00
新北市,New Taipei City,YouBike2.0_新鳳公園,鶯歌區,鶯桃路二段60號(對側),YouBike2.0_XinFeng Park,Yingge Dist,"No. 60, Sec. 2, YingTao Rd. (Opposite)",500234049,14,6,20260821T013402,24.9732,121.32474,8,1,6,0,2026-08-21T01:43:34+08:00
新北市,New Taipei City,YouBike2.0_鳳鳴機器人公園,鶯歌區,鳳鳴路/福安街7巷24弄口,YouBike2.0_FengMing Robot Park,Yingge Dist,"FengMing Rd. & Aly. 24, Ln. 7, FuAn St.",500234050,17,7,20260821T002104,24.96618,121.33465,10,1,5,2,2026-08-21T01:43:34+08:00
新北市,New Taipei City,YouBike2.0_龍五鳳七路口,鶯歌區,龍五路/鳳七路口,YouBike2.0_Long 5th Rd. & Feng 7th Rd. Intersection,Yingge Dist,Long 5th Rd. & Feng 7th Rd. Intersection,500234051,30,9,20260821T011602,24.97043,121.33101,21,1,6,3,2026-08-21T01:43:34+08:00
新北市,New Taipei City,YouBike2.0_龍鳳夜市,鶯歌區,鳳三路/龍三路(東南側),YouBike2.0_LongFeng Night Market,Yingge Dist,Feng 3rd Rd. & Long 3rd Rd. (Southeast),500234052,30,5,20260821T001901,24.97329,121.33331,25,1,5,0,2026-08-21T01:43:34+08:00
新北市,New Taipei City,YouBike2.0_中湖市民活動中心,鶯歌區,中湖街21號,YouBike2.0_Zhonghu Civic Activity Center,Yingge Dist,"No. 21, ZhongHu St.",500234053,20,12,20260820T234704,24.97298,121.3472,8,1,11,1,2026-08-21T01:43:34+08:00
新北市,New Taipei City,YouBike2.0_鳳一鳳吉一街口,鶯歌區,鳳吉一街259號(旁),YouBike2.0_Feng 1st Rd. & FengJi 1st St. Intersection,Yingge Dist,"No. 259, FengJi 1st St. (Side)",500234054,20,6,20260820T233802,24.97677,121.3317,14,1,6,0,2026-08-21T01:43:34+08:00
新北市,New Taipei City,YouBike2.0_鳳五路122號前,鶯歌區,鳳五路122號前,"YouBike2.0_No. 122, Feng 5th Rd.",Yingge Dist,"No. 122, Feng 5th Rd. (Front)",500234055,18,10,20260820T231602,24.97316,121.32991,8,1,9,1,2026-08-21T01:43:34+08:00
新北市,New Taipei City,YouBike2.0_建國永昌街口,鶯歌區,建國路546號(對面),YouBike2.0_JianGuo Rd. & YongChang St. Intersection,Yingge Dist,"No. 546, JianGuo Rd. (Opposite)",500234056,17,8,20260820T203402,24.95031,121.33831,9,1,4,4,2026-08-21T01:43:34+08:00
新北市,New Taipei City,YouBike2.0_捷運鶯歌車站,鶯歌區,館前路300號(對側),YouBike2.0_MRT Yingge Sta.,Yingge Dist,"No. 300, GuanQian Rd. (Opposite)",500234057,34,11,20260821T010319,24.95322,121.35668,21,1,10,1,2026-08-21T01:43:34+08:00
新北市,New Taipei City,YouBike2.0_鳳三龍七路口,鶯歌區,鳳三路68號,YouBike2.0_Feng 3rd Rd. & Long 7th Rd. Intersection,Yingge Dist,"No. 68, Feng 3rd Rd.",500234058,18,8,20260821T005304,24.97204,121.33467,10,1,8,0,2026-08-21T01:43:34+08:00
新北市,New Taipei City,YouBike2.0_捷運國華站,鶯歌區,國華路45號(對側),YouBike2.0_MRT Guohua Sta.,Yingge Dist,"No. 45, GuoHua Rd. (Opposite)",500234059,24,7,20260821T002304,24.95535,121.34251,17,1,7,0,2026-08-21T01:43:34+08:00
新北市,New Taipei City,YouBike2.0_捷運陶瓷老街站,鶯歌區,捷運陶瓷老街站(重慶街側),YouBike2.0_MRT Ceramics Old Street Sta.,Yingge Dist,MRT Ceramics Old Street Sta. (ChongQing St.),500234060,36,13,20260821T000404,24.95212,121.35065,23,1,13,0,2026-08-21T01:43:34+08:00
新北市,New Taipei City,YouBike2.0_捷運永吉公園站,鶯歌區,鶯桃路296巷口,YouBike2.0_MRT Yongji Park Sta.,Yingge Dist,"Ln. 296, YingTao Rd. Intersection",500234061,47,12,20260820T232602,24.96048,121.33476,35,1,12,0,2026-08-21T01:43:34+08:00
新北市,New Taipei City,YouBike2.0_捷運鶯桃福德站,鶯歌區,福德一路20號(對側),YouBike2.0_MRT Yingtao Fude Sta.,Yingge Dist,"No. 20, FuDe 1st Rd. (Opposite)",500234062,75,23,20260821T000005,24.96704,121.33044,52,1,22,1,2026-08-21T01:43:34+08:00
新北市,New Taipei City,YouBike2.0_捷運國華站(2號出口),鶯歌區,國華路97號(對側),YouBike2.0_MRT Guohua Sta.(Exit 2),Yingge Dist,"No. 97, GuoHua Rd. (Opposite)",500234063,60,21,20260820T195403,24.95374,121.34301,39,1,21,0,2026-08-21T01:43:34+08:00
新北市,New Taipei City,YouBike2.0_鶯歌山水步道停車場,鶯歌區,觀景涼亭停車場,YouBike2.0_YingGe Riverside Trail Car Park,Yingge Dist,YingGe Riverside Trail Car Park,500234064,24,6,20260820T233103,24.93205,121.32825,18,1,6,0,2026-08-21T01:43:34+08:00
新北市,New Taipei City,YouBike2.0_鶯歌環河自行車道,鶯歌區,環河路/甲三街(南側自行車道),YouBike2.0_YingGe Riverside Cycling Route,Yingge Dist,Huanhe Rd. & Jia 3rd St. (South),500234065,20,12,20260820T101904,24.92967,121.33837,8,1,12,0,2026-08-21T01:43:34+08:00
新北市,New Taipei City,YouBike2.0_鶯歌火車站(仁愛路),鶯歌區,仁愛路55號對側,YouBike2.0_Yingge Railway Station(Ren’ai Rd.),Yingge Dist,"No.55, Ren’ai Rd., Yingge Dist.(opposite)",500234001,69,5,20260821T002403,24.95559,121.35441,64,1,4,1,2026-08-21T02:02:37+08:00
新北市,New Taipei City,YouBike2.0_新北市立圖書館鶯歌分館,鶯歌區,中山路150號,YouBike2.0_New Taipei City Library Yingge Branch,Yingge Dist,"No.150, Zhongshan Rd.",500234002,20,10,20260821T002304,24.9572,121.34946,10,1,9,1,2026-08-21T02:02:37+08:00
新北市,New Taipei City,YouBike2.0_文化館前路口,鶯歌區,文化路407號旁,YouBike2.0_Yingge Ceramics Museum,Yingge Dist,"No. 407, Wenhua Rd.",500234003,44,13,20260821T000802,24.94948,121.35291,31,1,13,0,2026-08-21T02:02:37+08:00
新北市,New Taipei City,YouBike2.0_鶯歌國民運動中心,鶯歌區,館前路250號運動中心前,YouBike2.0_Yingge Civil Sports Center,Yingge Dist,"No.250, Guanqian Rd., Yingge Dist.",500234004,38,16,20260820T234902,24.95139,121.35733,22,1,14,2,2026-08-21T02:02:37+08:00
新北市,New Taipei City,YouBike2.0_尖山國中,鶯歌區,國中街1號,YouBike2.0_Municipal Jianshan Junior High School,Yingge Dist,"No.1, Guozhong St., Yingge Dist(sidewalk)",500234005,20,5,20260820T223201,24.94381,121.34207,15,1,4,1,2026-08-21T02:02:37+08:00
新北市,New Taipei City,YouBike2.0_新北市立鶯歌高級工商職業學校,鶯歌區,中正三路154號,YouBike2.0_New Taipei Municipal Yingge Vocational High School,Yingge Dist,"No. 154, Zhongzheng 3rd. Rd",500234006,56,1,20260821T011615,24.93923,121.33488,55,1,1,0,2026-08-21T02:02:37+08:00
新北市,New Taipei City,YouBike2.0_鶯歌國中,鶯歌區,鶯桃路39-5號對側,YouBike2.0_Yingge Junior High chool,Yingge Dist,"No.39-5, Yingtao Rd.(opposite)",500234007,30,7,20260821T000202,24.95119,121.34256,23,1,6,1,2026-08-21T02:02:37+08:00
新北市,New Taipei City,YouBike2.0_永吉國小,鶯歌區,德昌二街39號對側,YouBike2.0_Yongchi elementary school,Yingge Dist,"No.39, Dechang 2nd St., Yingge Dist.",500234008,20,14,20260821T014516,24.95865,121.33308,6,1,12,2,2026-08-21T02:02:37+08:00
新北市,New Taipei City,YouBike2.0_鳳祥公園,鶯歌區,鶯桃路365巷130號對側,YouBike2.0_Fengxiang Park,Yingge Dist,"No.130, Ln. 365, Yingtao Rd., Yingge Dist.",500234009,20,10,20260820T235502,24.96283,121.33025,10,1,8,2,2026-08-21T02:02:37+08:00
新北市,New Taipei City,YouBike2.0_鳳鳴國小,鶯歌區,永和街120號,YouBike2.0_Fengming Elementary School,Yingge Dist,"No.120, Yonghe St., Yingge Dist.",500234010,20,5,20260821T001204,24.9692,121.3347,15,1,5,0,2026-08-21T02:02:37+08:00
新北市,New Taipei City,YouBike2.0_國際二國際一路口,鶯歌區,國際二路與國際一路口,YouBike2.0_Guoji 2nd Guoji 1st Intersection,Yingge Dist,"Guoji 2nd Rd./Guoji 1st Rd., Yingge Dist.",500234011,20,11,20260821T001704,24.97577,121.3353,9,1,10,1,2026-08-21T02:02:37+08:00
新北市,New Taipei City,YouBike2.0_鳳福公園,鶯歌區,鳳吉一街186號(對面),YouBike2.0_Fengfu Park,Yingge Dist,"No. 186, Fengji 1st St., Yingge Dist.(opposite)",500234012,20,10,20260821T014004,24.97572,121.32938,10,1,10,0,2026-08-21T02:02:37+08:00
新北市,New Taipei City,YouBike2.0_尖山公園,鶯歌區,鶯歌區尖山路161號對面,YouBike2.0_Jianshan Park,Yingge Dist,"No.161, Jianshan Rd.(opposite)",500234013,29,19,20260821T013115,24.9482,121.346,10,1,15,4,2026-08-21T02:02:37+08:00
新北市,New Taipei City,YouBike2.0_永昌里兒一公園,鶯歌區,鶯桃路182巷96弄36-38號對側,YouBike2.0_Yongchang Village Children Park (No.1),Yingge Dist,"No.36-38, Aly. 96, Ln. 182, Yingtao Rd.(oppsite)",500234014,20,10,20260820T224903,24.956649374562204,121.33959628800724,9,1,10,0,2026-08-21T02:02:37+08:00
新北市,New Taipei City,YouBike2.0_南雅育智路口,鶯歌區,南雅路491號(對面),YouBike2.0_Nanya & Yuzhi Rd. Intersection,Yingge Dist,"No.491, Nanya Rd., Yingge Dist.(opposite)",500234015,22,12,20260821T005904,24.954,121.346,10,1,10,2,2026-08-21T02:02:37+08:00
新北市,New Taipei City,YouBike2.0_國中二甲路口,鶯歌區,國中街175號(前),YouBike2.0_Guozhong & Erjia Intersection,Yingge Dist,"No. 175, Guozhong St., Yingge Dist.",500234016,20,6,20260821T011302,24.939489067109363,121.33868650698288,14,1,5,1,2026-08-21T02:02:37+08:00
新北市,New Taipei City,YouBike2.0_鶯歌永利街,鶯歌區,永利街16號(對面),YouBike2.0_Yingge Yongli St.,Yingge Dist,"No. 16, Yongli St. Yingge Dist.",500234017,15,8,20260821T002603,24.95495,121.33911,6,1,8,0,2026-08-21T02:02:37+08:00
新北市,New Taipei City,YouBike2.0_二橋虹橋公園,鶯歌區,中正三路400號(對面),YouBike2.0_Erqiaoshiguanghongqiao Park,Yingge Dist,"No. 400, Zhongzheng 3rd Rd.(Opposite)",500234018,10,6,20260820T223504,24.93453,121.32595,4,1,6,0,2026-08-21T02:02:37+08:00
新北市,New Taipei City,YouBike2.0_鳳吉四鳳七路口(捷士匯社區),鶯歌區,鳳吉四街57-75號(旁),YouBike2.0_Fengji 4th & Feng 7th Rd. Intersection,Yingge Dist,"No. 57-75, Fengji 4th St.",500234021,40,15,20260821T003402,24.97383,121.32769,25,1,14,1,2026-08-21T02:02:37+08:00
新北市,New Taipei City,YouBike2.0_鶯歌老街第二停車場,鶯歌區,尖山埔路27-31號(對面),YouBike2.0_Yingge Old Street 2nd Parking Lot,Yingge Dist,"No. 27-31, Jianshanpu Rd.(Opposite)",500234022,20,3,20260821T004003,24.94895,121.34227,16,1,2,1,2026-08-21T02:02:37+08:00
新北市,New Taipei City,YouBike2.0_建國中正一路口(北鶯社區),鶯歌區,建國路6號(對面空地),YouBike2.0_Jianguo Zhongzheng 1st Rd. Intersection,Yingge Dist,"No. 6, Jianguo Rd.(Opposite)",500234023,20,5,20260820T210103,24.95658,121.35692,15,1,4,1,2026-08-21T02:02:37+08:00
新北市,New Taipei City,YouBike2.0_三鶯水資源回收中心,鶯歌區,館前路360號(旁),YouBike2.0_Sanying Water Recycling Center,Yingge Dist,"No. 360, Guanqian Rd.",500234024,14,8,20260820T214403,24.95535,121.35996,5,1,6,2,2026-08-21T02:02:37+08:00
新北市,New Taipei City,YouBike2.0_永和街65巷口,鶯歌區,永和街75號,"YouBike2.0_Ln. 65, Yonghe St. Intersection",Yingge Dist,"No. 75, Yonghe St.",500234025,37,18,20260821T013904,24.96798,121.3331413,19,1,18,0,2026-08-21T02:02:37+08:00
新北市,New Taipei City,YouBike2.0_鶯歌陶瓷博物館,鶯歌區,文化路200號(旁),YouBike2.0_Yingge Ceramics Museum(Wenhua Rd.),Yingge Dist,"No. 200, Wenhua Rd.",500234026,22,3,20260820T223903,24.95012,121.35245,19,1,3,0,2026-08-21T02:02:37+08:00
新北市,New Taipei City,YouBike2.0_礫間停車場,鶯歌區,礫間停車場,YouBike2.0_Lijian Parking,Yingge Dist,Lijian Parking,500234028,20,8,20260820T210703,24.9518,121.35445,12,1,8,0,2026-08-21T02:02:37+08:00
新北市,New Taipei City,YouBike2.0_北鶯停車場,鶯歌區,北鶯停車場,YouBike2.0_Beiying Parking,Yingge Dist,Beiying Parking,500234029,20,11,20260820T214403,24.95567,121.35992,9,1,11,0,2026-08-21T02:02:37+08:00
新北市,New Taipei City,YouBike2.0_育英建國路口,鶯歌區,建國路280號(旁),YouBike2.0_Yuying Jianguo Rd. Intersection,Yingge Dist,"No. 280, Jianguo Rd.",500234030,12,7,20260821T003402,24.95356,121.34693,5,1,5,2,2026-08-21T02:02:37+08:00
新北市,New Taipei City,YouBike2.0_中正一仁愛路口,鶯歌區,中正一路181號(對面),YouBike2.0_Zhongzheng 1st & Ren'ai Rd Intersection,Yingge Dist,"No. 181, Zhongzheng 1st Rd.(Opposite)",500234031,15,4,20260820T232602,24.95672,121.3532,11,1,4,0,2026-08-21T02:02:37+08:00
新北市,New Taipei City,YouBike2.0_建國國小,鶯歌區,育英街19號(旁),YouBike2.0_Jianguo Elementary School,Yingge Dist,"No. 19, Yuying St.",500234032,15,7,20260820T232703,24.95521,121.34727,8,1,7,0,2026-08-21T02:02:37+08:00
新北市,New Taipei City,YouBike2.0_光明橋,鶯歌區,永明街78號(旁),YouBike2.0_Guang-ming bridge,Yingge Dist,"No. 78, Yongming St., Yingge Dist.(side)",500234033,14,7,20260820T220102,24.95577,121.34128,7,1,7,0,2026-08-21T02:02:37+08:00
新北市,New Taipei City,YouBike2.0_二橋派出所,鶯歌區,高職西街/中正三路口(西北側),YouBike2.0_Erqiao Police Station,Yingge Dist,"Gaozhi W. St. & Zhongzheng 3rd Rd., Yingge Dist. (west side)",500234034,11,4,20260820T215903,24.94216,121.33884,7,1,4,0,2026-08-21T02:02:37+08:00
新北市,New Taipei City,YouBike2.0_國中高職東街口,鶯歌區,國中路113至117-3號(對面),YouBike2.0_Guozhong & Gaozhi E. Intersection,Yingge Dist,"No. 113, Guozhong St., Yingge Dist.(opposite)",500234035,15,8,20260821T013904,24.94117,121.34116,7,1,8,0,2026-08-21T02:02:37+08:00
新北市,New Taipei City,YouBike2.0_尖山路高厝巷口,鶯歌區,尖山路276-5號(旁),YouBike2.0_Gaocuo Ln. Jianshan Rd.,Yingge Dist,"No. 276-5, Jianshan Rd. (Side)",500234036,15,10,20260821T004603,24.94495,121.34102,5,1,8,2,2026-08-21T02:02:37+08:00
新北市,New Taipei City,YouBike2.0_公八停車場,鶯歌區,國華路53號(對面),YouBike2.0_Public 8th Parking Lot,Yingge Dist,"No.53, Guohua Rd. (opposite)",500234037,15,11,20260821T000404,24.95515,121.34285,4,1,10,1,2026-08-21T02:02:37+08:00
新北市,New Taipei City,YouBike2.0_龍三鳳鳴路口,鶯歌區,鳳鳴路541號,YouBike2.0_Long 3rd. Rd. & Fengming Rd. Intersection,Yingge Dist,"No. 541, Fengming Rd.",500234038,18,13,20260820T222603,24.97286,121.33137,5,1,13,0,2026-08-21T02:02:37+08:00
新北市,New Taipei City,YouBike2.0_鳳福鳳三路口,鶯歌區,鳳三路360號,YouBike2.0_Fengfu Rd. & Feng 3rd. Rd. Intersection,Yingge Dist,"No. 360, Feng 3rd Rd.",500234039,22,6,20260821T005417,24.97567,121.33143,16,1,6,0,2026-08-21T02:02:37+08:00
新北市,New Taipei City,YouBike2.0_北鶯公園,鶯歌區,成功街20巷19號(旁),YouBike2.0_Beiying Park,Yingge Dist,"No. 19, Ln. 20, Chenggong St. (Side)",500234040,15,4,20260821T002902,24.95777,121.35942,11,1,3,1,2026-08-21T02:02:37+08:00
新北市,New Taipei City,YouBike2.0_鶯歌火車站(文化路),鶯歌區,文化路/文化路115巷(北側),YouBike2.0_Yingge Station (Wenhua Rd.),Yingge Dist,"Ln. 115, Wenhua Rd. Intersection (North)",500234041,25,17,20260820T234202,24.95536,121.35697,8,1,17,0,2026-08-21T02:02:37+08:00
新北市,New Taipei City,YouBike2.0_鳳七鶯歌路口,鶯歌區,鶯歌路101-107號(旁),YouBike2.0_Feng 7th Rd. & Yingge Rd. Intersection,Yingge Dist,"No. 101-107, Yingge Rd. (Side)",500234042,11,4,20260821T003103,24.96916,121.33193,7,1,3,1,2026-08-21T02:02:37+08:00
新北市,New Taipei City,YouBike2.0_國際一路112巷口,鶯歌區,國際一路167號(前),"YouBike2.0_Ln. 112, GuoJi 1st Rd.",Yingge Dist,"No. 167, GuoJi 1st Rd. (Front)",500234043,15,12,20260821T002104,24.97667,121.33579,3,1,9,3,2026-08-21T02:02:37+08:00
新北市,New Taipei City,YouBike2.0_臺鐵鳳鳴站,鶯歌區,鳳一路/鶯歌路口,YouBike2.0_Fengming Station,Yingge Dist,Feng 1st Rd. & YingGe Rd.,500234044,40,0,20260819T210005,24.97227,121.33674,0,0,0,0,2026-08-21T02:02:37+08:00
新北市,New Taipei City,YouBike2.0_鶯歌陶瓷老街,鶯歌區,重慶街/國慶街(西南側),YouBike2.0_YingGe Old Street,Yingge Dist,ChongQing St. & GuoQing St. (Southwest),500234045,33,16,20260820T223402,24.95219,121.351,17,1,16,0,2026-08-21T02:02:37+08:00
新北市,New Taipei City,YouBike2.0_鶯歌火車站(仁愛路62號),鶯歌區,仁愛路62號(東側),"YouBike2.0_YingGe Station (No. 62, RenAi Rd.)",Yingge Dist,"No. 62, RenAi Rd. (East)",500234046,42,4,20260820T233004,24.95505,121.35407,38,1,4,0,2026-08-21T02:02:37+08:00
新北市,New Taipei City,YouBike2.0_臺鐵鳳鳴站(鶯歌路),鶯歌區,鶯歌路276號(對面),YouBike2.0_Fengming Station (YingGe Rd.),Yingge Dist,"No. 276, YingGe Rd. (Opposite)",500234047,20,5,20260821T003402,24.97189,121.33651,15,1,5,0,2026-08-21T02:02:37+08:00
新北市,New Taipei City,YouBike2.0_光明育智路口,鶯歌區,光明街126號(東南側),YouBike2.0_GuangMing St. & YuZhi Rd. Intersection,Yingge Dist,"No. 126, GuangMing St. (Southeast)",500234048,14,9,20260820T233202,24.95587,121.3456,5,1,8,1,2026-08-21T02:02:37+08:00
新北市,New Taipei City,YouBike2.0_新鳳公園,鶯歌區,鶯桃路二段60號(對側),YouBike2.0_XinFeng Park,Yingge Dist,"No. 60, Sec. 2, YingTao Rd. (Opposite)",500234049,14,6,20260821T013402,24.9732,121.32474,8,1,6,0,2026-08-21T02:02:37+08:00
新北市,New Taipei City,YouBike2.0_鳳鳴機器人公園,鶯歌區,鳳鳴路/福安街7巷24弄口,YouBike2.0_FengMing Robot Park,Yingge Dist,"FengMing Rd. & Aly. 24, Ln. 7, FuAn St.",500234050,17,7,20260821T002104,24.96618,121.33465,10,1,5,2,2026-08-21T02:02:37+08:00
新北市,New Taipei City,YouBike2.0_龍五鳳七路口,鶯歌區,龍五路/鳳七路口,YouBike2.0_Long 5th Rd. & Feng 7th Rd. Intersection,Yingge Dist,Long 5th Rd. & Feng 7th Rd. Intersection,500234051,30,9,20260821T011602,24.97043,121.33101,21,1,6,3,2026-08-21T02:02:37+08:00
新北市,New Taipei City,YouBike2.0_龍鳳夜市,鶯歌區,鳳三路/龍三路(東南側),YouBike2.0_LongFeng Night Market,Yingge Dist,Feng 3rd Rd. & Long 3rd Rd. (Southeast),500234052,30,5,20260821T001901,24.97329,121.33331,25,1,5,0,2026-08-21T02:02:37+08:00
新北市,New Taipei City,YouBike2.0_中湖市民活動中心,鶯歌區,中湖街21號,YouBike2.0_Zhonghu Civic Activity Center,Yingge Dist,"No. 21, ZhongHu St.",500234053,20,12,20260820T234704,24.97298,121.3472,8,1,11,1,2026-08-21T02:02:37+08:00
新北市,New Taipei City,YouBike2.0_鳳一鳳吉一街口,鶯歌區,鳳吉一街259號(旁),YouBike2.0_Feng 1st Rd. & FengJi 1st St. Intersection,Yingge Dist,"No. 259, FengJi 1st St. (Side)",500234054,20,6,20260820T233802,24.97677,121.3317,14,1,6,0,2026-08-21T02:02:37+08:00
新北市,New Taipei City,YouBike2.0_鳳五路122號前,鶯歌區,鳳五路122號前,"YouBike2.0_No. 122, Feng 5th Rd.",Yingge Dist,"No. 122, Feng 5th Rd. (Front)",500234055,18,10,20260820T231602,24.97316,121.32991,8,1,9,1,2026-08-21T02:02:37+08:00
新北市,New Taipei City,YouBike2.0_建國永昌街口,鶯歌區,建國路546號(對面),YouBike2.0_JianGuo Rd. & YongChang St. Intersection,Yingge Dist,"No. 546, JianGuo Rd. (Opposite)",500234056,17,8,20260820T203402,24.95031,121.33831,9,1,4,4,2026-08-21T02:02:37+08:00
新北市,New Taipei City,YouBike2.0_捷運鶯歌車站,鶯歌區,館前路300號(對側),YouBike2.0_MRT Yingge Sta.,Yingge Dist,"No. 300, GuanQian Rd. (Opposite)",500234057,34,10,20260821T014601,24.95322,121.35668,24,1,9,1,2026-08-21T02:02:37+08:00
新北市,New Taipei City,YouBike2.0_鳳三龍七路口,鶯歌區,鳳三路68號,YouBike2.0_Feng 3rd Rd. & Long 7th Rd. Intersection,Yingge Dist,"No. 68, Feng 3rd Rd.",500234058,18,8,20260821T005304,24.97204,121.33467,10,1,8,0,2026-08-21T02:02:37+08:00
新北市,New Taipei City,YouBike2.0_捷運國華站,鶯歌區,國華路45號(對側),YouBike2.0_MRT Guohua Sta.,Yingge Dist,"No. 45, GuoHua Rd. (Opposite)",500234059,24,7,20260821T002304,24.95535,121.34251,17,1,7,0,2026-08-21T02:02:37+08:00
新北市,New Taipei City,YouBike2.0_捷運陶瓷老街站,鶯歌區,捷運陶瓷老街站(重慶街側),YouBike2.0_MRT Ceramics Old Street Sta.,Yingge Dist,MRT Ceramics Old Street Sta. (ChongQing St.),500234060,36,13,20260821T000404,24.95212,121.35065,23,1,13,0,2026-08-21T02:02:37+08:00
新北市,New Taipei City,YouBike2.0_捷運永吉公園站,鶯歌區,鶯桃路296巷口,YouBike2.0_MRT Yongji Park Sta.,Yingge Dist,"Ln. 296, YingTao Rd. Intersection",500234061,47,12,20260820T232602,24.96048,121.33476,35,1,12,0,2026-08-21T02:02:37+08:00
新北市,New Taipei City,YouBike2.0_捷運鶯桃福德站,鶯歌區,福德一路20號(對側),YouBike2.0_MRT Yingtao Fude Sta.,Yingge Dist,"No. 20, FuDe 1st Rd. (Opposite)",500234062,75,23,20260821T000005,24.96704,121.33044,52,1,22,1,2026-08-21T02:02:37+08:00
新北市,New Taipei City,YouBike2.0_捷運國華站(2號出口),鶯歌區,國華路97號(對側),YouBike2.0_MRT Guohua Sta.(Exit 2),Yingge Dist,"No. 97, GuoHua Rd. (Opposite)",500234063,60,21,20260820T195403,24.95374,121.34301,39,1,21,0,2026-08-21T02:02:37+08:00
新北市,New Taipei City,YouBike2.0_鶯歌山水步道停車場,鶯歌區,觀景涼亭停車場,YouBike2.0_YingGe Riverside Trail Car Park,Yingge Dist,YingGe Riverside Trail Car Park,500234064,24,6,20260820T233103,24.93205,121.32825,18,1,6,0,2026-08-21T02:02:37+08:00
新北市,New Taipei City,YouBike2.0_鶯歌環河自行車道,鶯歌區,環河路/甲三街(南側自行車道),YouBike2.0_YingGe Riverside Cycling Route,Yingge Dist,Huanhe Rd. & Jia 3rd St. (South),500234065,20,12,20260820T101904,24.92967,121.33837,8,1,12,0,2026-08-21T02:02:37+08:00
新北市,New Taipei City,YouBike2.0_鶯歌火車站(仁愛路),鶯歌區,仁愛路55號對側,YouBike2.0_Yingge Railway Station(Ren’ai Rd.),Yingge Dist,"No.55, Ren’ai Rd., Yingge Dist.(opposite)",500234001,69,5,20260821T002403,24.95559,121.35441,64,1,4,1,2026-08-21T02:56:27+08:00
新北市,New Taipei City,YouBike2.0_新北市立圖書館鶯歌分館,鶯歌區,中山路150號,YouBike2.0_New Taipei City Library Yingge Branch,Yingge Dist,"No.150, Zhongshan Rd.",500234002,20,10,20260821T002304,24.9572,121.34946,10,1,9,1,2026-08-21T02:56:27+08:00
新北市,New Taipei City,YouBike2.0_文化館前路口,鶯歌區,文化路407號旁,YouBike2.0_Yingge Ceramics Museum,Yingge Dist,"No. 407, Wenhua Rd.",500234003,44,13,20260821T000802,24.94948,121.35291,31,1,13,0,2026-08-21T02:56:27+08:00
新北市,New Taipei City,YouBike2.0_鶯歌國民運動中心,鶯歌區,館前路250號運動中心前,YouBike2.0_Yingge Civil Sports Center,Yingge Dist,"No.250, Guanqian Rd., Yingge Dist.",500234004,38,16,20260820T234902,24.95139,121.35733,22,1,14,2,2026-08-21T02:56:27+08:00
新北市,New Taipei City,YouBike2.0_尖山國中,鶯歌區,國中街1號,YouBike2.0_Municipal Jianshan Junior High School,Yingge Dist,"No.1, Guozhong St., Yingge Dist(sidewalk)",500234005,20,5,20260820T223201,24.94381,121.34207,15,1,4,1,2026-08-21T02:56:27+08:00
新北市,New Taipei City,YouBike2.0_新北市立鶯歌高級工商職業學校,鶯歌區,中正三路154號,YouBike2.0_New Taipei Municipal Yingge Vocational High School,Yingge Dist,"No. 154, Zhongzheng 3rd. Rd",500234006,56,1,20260821T011615,24.93923,121.33488,55,1,1,0,2026-08-21T02:56:27+08:00
新北市,New Taipei City,YouBike2.0_鶯歌國中,鶯歌區,鶯桃路39-5號對側,YouBike2.0_Yingge Junior High chool,Yingge Dist,"No.39-5, Yingtao Rd.(opposite)",500234007,30,7,20260821T000202,24.95119,121.34256,23,1,6,1,2026-08-21T02:56:27+08:00
新北市,New Taipei City,YouBike2.0_永吉國小,鶯歌區,德昌二街39號對側,YouBike2.0_Yongchi elementary school,Yingge Dist,"No.39, Dechang 2nd St., Yingge Dist.",500234008,20,14,20260821T014516,24.95865,121.33308,6,1,12,2,2026-08-21T02:56:27+08:00
新北市,New Taipei City,YouBike2.0_鳳祥公園,鶯歌區,鶯桃路365巷130號對側,YouBike2.0_Fengxiang Park,Yingge Dist,"No.130, Ln. 365, Yingtao Rd., Yingge Dist.",500234009,20,10,20260820T235502,24.96283,121.33025,10,1,8,2,2026-08-21T02:56:27+08:00
新北市,New Taipei City,YouBike2.0_鳳鳴國小,鶯歌區,永和街120號,YouBike2.0_Fengming Elementary School,Yingge Dist,"No.120, Yonghe St., Yingge Dist.",500234010,20,5,20260821T001204,24.9692,121.3347,15,1,5,0,2026-08-21T02:56:27+08:00
新北市,New Taipei City,YouBike2.0_國際二國際一路口,鶯歌區,國際二路與國際一路口,YouBike2.0_Guoji 2nd Guoji 1st Intersection,Yingge Dist,"Guoji 2nd Rd./Guoji 1st Rd., Yingge Dist.",500234011,20,11,20260821T001704,24.97577,121.3353,9,1,10,1,2026-08-21T02:56:27+08:00
新北市,New Taipei City,YouBike2.0_鳳福公園,鶯歌區,鳳吉一街186號(對面),YouBike2.0_Fengfu Park,Yingge Dist,"No. 186, Fengji 1st St., Yingge Dist.(opposite)",500234012,20,10,20260821T014004,24.97572,121.32938,10,1,10,0,2026-08-21T02:56:27+08:00
新北市,New Taipei City,YouBike2.0_尖山公園,鶯歌區,鶯歌區尖山路161號對面,YouBike2.0_Jianshan Park,Yingge Dist,"No.161, Jianshan Rd.(opposite)",500234013,29,17,20260821T022504,24.9482,121.346,12,1,15,2,2026-08-21T02:56:27+08:00
新北市,New Taipei City,YouBike2.0_永昌里兒一公園,鶯歌區,鶯桃路182巷96弄36-38號對側,YouBike2.0_Yongchang Village Children Park (No.1),Yingge Dist,"No.36-38, Aly. 96, Ln. 182, Yingtao Rd.(oppsite)",500234014,20,10,20260820T224903,24.956649374562204,121.33959628800724,9,1,10,0,2026-08-21T02:56:27+08:00
新北市,New Taipei City,YouBike2.0_南雅育智路口,鶯歌區,南雅路491號(對面),YouBike2.0_Nanya & Yuzhi Rd. Intersection,Yingge Dist,"No.491, Nanya Rd., Yingge Dist.(opposite)",500234015,22,12,20260821T005904,24.954,121.346,10,1,10,2,2026-08-21T02:56:27+08:00
新北市,New Taipei City,YouBike2.0_國中二甲路口,鶯歌區,國中街175號(前),YouBike2.0_Guozhong & Erjia Intersection,Yingge Dist,"No. 175, Guozhong St., Yingge Dist.",500234016,20,6,20260821T011302,24.939489067109363,121.33868650698288,14,1,5,1,2026-08-21T02:56:27+08:00
新北市,New Taipei City,YouBike2.0_鶯歌永利街,鶯歌區,永利街16號(對面),YouBike2.0_Yingge Yongli St.,Yingge Dist,"No. 16, Yongli St. Yingge Dist.",500234017,15,8,20260821T002603,24.95495,121.33911,6,1,8,0,2026-08-21T02:56:27+08:00
新北市,New Taipei City,YouBike2.0_二橋虹橋公園,鶯歌區,中正三路400號(對面),YouBike2.0_Erqiaoshiguanghongqiao Park,Yingge Dist,"No. 400, Zhongzheng 3rd Rd.(Opposite)",500234018,10,6,20260820T223504,24.93453,121.32595,4,1,6,0,2026-08-21T02:56:27+08:00
新北市,New Taipei City,YouBike2.0_鳳吉四鳳七路口(捷士匯社區),鶯歌區,鳳吉四街57-75號(旁),YouBike2.0_Fengji 4th & Feng 7th Rd. Intersection,Yingge Dist,"No. 57-75, Fengji 4th St.",500234021,40,15,20260821T003402,24.97383,121.32769,25,1,14,1,2026-08-21T02:56:27+08:00
新北市,New Taipei City,YouBike2.0_鶯歌老街第二停車場,鶯歌區,尖山埔路27-31號(對面),YouBike2.0_Yingge Old Street 2nd Parking Lot,Yingge Dist,"No. 27-31, Jianshanpu Rd.(Opposite)",500234022,20,3,20260821T004003,24.94895,121.34227,16,1,2,1,2026-08-21T02:56:27+08:00
新北市,New Taipei City,YouBike2.0_建國中正一路口(北鶯社區),鶯歌區,建國路6號(對面空地),YouBike2.0_Jianguo Zhongzheng 1st Rd. Intersection,Yingge Dist,"No. 6, Jianguo Rd.(Opposite)",500234023,20,5,20260820T210103,24.95658,121.35692,15,1,4,1,2026-08-21T02:56:27+08:00
新北市,New Taipei City,YouBike2.0_三鶯水資源回收中心,鶯歌區,館前路360號(旁),YouBike2.0_Sanying Water Recycling Center,Yingge Dist,"No. 360, Guanqian Rd.",500234024,14,8,20260820T214403,24.95535,121.35996,5,1,6,2,2026-08-21T02:56:27+08:00
新北市,New Taipei City,YouBike2.0_永和街65巷口,鶯歌區,永和街75號,"YouBike2.0_Ln. 65, Yonghe St. Intersection",Yingge Dist,"No. 75, Yonghe St.",500234025,37,18,20260821T013904,24.96798,121.3331413,19,1,18,0,2026-08-21T02:56:27+08:00
新北市,New Taipei City,YouBike2.0_鶯歌陶瓷博物館,鶯歌區,文化路200號(旁),YouBike2.0_Yingge Ceramics Museum(Wenhua Rd.),Yingge Dist,"No. 200, Wenhua Rd.",500234026,22,3,20260820T223903,24.95012,121.35245,19,1,3,0,2026-08-21T02:56:27+08:00
新北市,New Taipei City,YouBike2.0_礫間停車場,鶯歌區,礫間停車場,YouBike2.0_Lijian Parking,Yingge Dist,Lijian Parking,500234028,20,8,20260820T210703,24.9518,121.35445,12,1,8,0,2026-08-21T02:56:27+08:00
新北市,New Taipei City,YouBike2.0_北鶯停車場,鶯歌區,北鶯停車場,YouBike2.0_Beiying Parking,Yingge Dist,Beiying Parking,500234029,20,11,20260820T214403,24.95567,121.35992,9,1,11,0,2026-08-21T02:56:27+08:00
新北市,New Taipei City,YouBike2.0_育英建國路口,鶯歌區,建國路280號(旁),YouBike2.0_Yuying Jianguo Rd. Intersection,Yingge Dist,"No. 280, Jianguo Rd.",500234030,12,7,20260821T003402,24.95356,121.34693,5,1,5,2,2026-08-21T02:56:27+08:00
新北市,New Taipei City,YouBike2.0_中正一仁愛路口,鶯歌區,中正一路181號(對面),YouBike2.0_Zhongzheng 1st & Ren'ai Rd Intersection,Yingge Dist,"No. 181, Zhongzheng 1st Rd.(Opposite)",500234031,15,4,20260820T232602,24.95672,121.3532,11,1,4,0,2026-08-21T02:56:27+08:00
新北市,New Taipei City,YouBike2.0_建國國小,鶯歌區,育英街19號(旁),YouBike2.0_Jianguo Elementary School,Yingge Dist,"No. 19, Yuying St.",500234032,15,7,20260820T232703,24.95521,121.34727,8,1,7,0,2026-08-21T02:56:27+08:00
新北市,New Taipei City,YouBike2.0_光明橋,鶯歌區,永明街78號(旁),YouBike2.0_Guang-ming bridge,Yingge Dist,"No. 78, Yongming St., Yingge Dist.(side)",500234033,14,7,20260820T220102,24.95577,121.34128,7,1,7,0,2026-08-21T02:56:27+08:00
新北市,New Taipei City,YouBike2.0_二橋派出所,鶯歌區,高職西街/中正三路口(西北側),YouBike2.0_Erqiao Police Station,Yingge Dist,"Gaozhi W. St. & Zhongzheng 3rd Rd., Yingge Dist. (west side)",500234034,11,4,20260820T215903,24.94216,121.33884,7,1,4,0,2026-08-21T02:56:27+08:00
新北市,New Taipei City,YouBike2.0_國中高職東街口,鶯歌區,國中路113至117-3號(對面),YouBike2.0_Guozhong & Gaozhi E. Intersection,Yingge Dist,"No. 113, Guozhong St., Yingge Dist.(opposite)",500234035,15,8,20260821T013904,24.94117,121.34116,7,1,8,0,2026-08-21T02:56:27+08:00
新北市,New Taipei City,YouBike2.0_尖山路高厝巷口,鶯歌區,尖山路276-5號(旁),YouBike2.0_Gaocuo Ln. Jianshan Rd.,Yingge Dist,"No. 276-5, Jianshan Rd. (Side)",500234036,15,10,20260821T004603,24.94495,121.34102,5,1,8,2,2026-08-21T02:56:27+08:00
新北市,New Taipei City,YouBike2.0_公八停車場,鶯歌區,國華路53號(對面),YouBike2.0_Public 8th Parking Lot,Yingge Dist,"No.53, Guohua Rd. (opposite)",500234037,15,11,20260821T000404,24.95515,121.34285,4,1,10,1,2026-08-21T02:56:27+08:00
新北市,New Taipei City,YouBike2.0_龍三鳳鳴路口,鶯歌區,鳳鳴路541號,YouBike2.0_Long 3rd. Rd. & Fengming Rd. Intersection,Yingge Dist,"No. 541, Fengming Rd.",500234038,18,13,20260820T222603,24.97286,121.33137,5,1,13,0,2026-08-21T02:56:27+08:00
新北市,New Taipei City,YouBike2.0_鳳福鳳三路口,鶯歌區,鳳三路360號,YouBike2.0_Fengfu Rd. & Feng 3rd. Rd. Intersection,Yingge Dist,"No. 360, Feng 3rd Rd.",500234039,22,8,20260821T022904,24.97567,121.33143,14,1,8,0,2026-08-21T02:56:27+08:00
新北市,New Taipei City,YouBike2.0_北鶯公園,鶯歌區,成功街20巷19號(旁),YouBike2.0_Beiying Park,Yingge Dist,"No. 19, Ln. 20, Chenggong St. (Side)",500234040,15,4,20260821T002902,24.95777,121.35942,11,1,3,1,2026-08-21T02:56:27+08:00
新北市,New Taipei City,YouBike2.0_鶯歌火車站(文化路),鶯歌區,文化路/文化路115巷(北側),YouBike2.0_Yingge Station (Wenhua Rd.),Yingge Dist,"Ln. 115, Wenhua Rd. Intersection (North)",500234041,25,17,20260820T234202,24.95536,121.35697,8,1,17,0,2026-08-21T02:56:27+08:00
新北市,New Taipei City,YouBike2.0_鳳七鶯歌路口,鶯歌區,鶯歌路101-107號(旁),YouBike2.0_Feng 7th Rd. & Yingge Rd. Intersection,Yingge Dist,"No. 101-107, Yingge Rd. (Side)",500234042,11,4,20260821T003103,24.96916,121.33193,7,1,3,1,2026-08-21T02:56:27+08:00
新北市,New Taipei City,YouBike2.0_國際一路112巷口,鶯歌區,國際一路167號(前),"YouBike2.0_Ln. 112, GuoJi 1st Rd.",Yingge Dist,"No. 167, GuoJi 1st Rd. (Front)",500234043,15,12,20260821T002104,24.97667,121.33579,3,1,9,3,2026-08-21T02:56:27+08:00
新北市,New Taipei City,YouBike2.0_臺鐵鳳鳴站,鶯歌區,鳳一路/鶯歌路口,YouBike2.0_Fengming Station,Yingge Dist,Feng 1st Rd. & YingGe Rd.,500234044,40,0,20260819T210005,24.97227,121.33674,0,0,0,0,2026-08-21T02:56:27+08:00
新北市,New Taipei City,YouBike2.0_鶯歌陶瓷老街,鶯歌區,重慶街/國慶街(西南側),YouBike2.0_YingGe Old Street,Yingge Dist,ChongQing St. & GuoQing St. (Southwest),500234045,33,16,20260820T223402,24.95219,121.351,17,1,16,0,2026-08-21T02:56:27+08:00
新北市,New Taipei City,YouBike2.0_鶯歌火車站(仁愛路62號),鶯歌區,仁愛路62號(東側),"YouBike2.0_YingGe Station (No. 62, RenAi Rd.)",Yingge Dist,"No. 62, RenAi Rd. (East)",500234046,42,4,20260820T233004,24.95505,121.35407,38,1,4,0,2026-08-21T02:56:27+08:00
新北市,New Taipei City,YouBike2.0_臺鐵鳳鳴站(鶯歌路),鶯歌區,鶯歌路276號(對面),YouBike2.0_Fengming Station (YingGe Rd.),Yingge Dist,"No. 276, YingGe Rd. (Opposite)",500234047,20,5,20260821T003402,24.97189,121.33651,15,1,5,0,2026-08-21T02:56:27+08:00
新北市,New Taipei City,YouBike2.0_光明育智路口,鶯歌區,光明街126號(東南側),YouBike2.0_GuangMing St. & YuZhi Rd. Intersection,Yingge Dist,"No. 126, GuangMing St. (Southeast)",500234048,14,9,20260821T022402,24.95587,121.3456,5,1,8,1,2026-08-21T02:56:27+08:00
新北市,New Taipei City,YouBike2.0_新鳳公園,鶯歌區,鶯桃路二段60號(對側),YouBike2.0_XinFeng Park,Yingge Dist,"No. 60, Sec. 2, YingTao Rd. (Opposite)",500234049,14,6,20260821T013402,24.9732,121.32474,8,1,6,0,2026-08-21T02:56:27+08:00
新北市,New Taipei City,YouBike2.0_鳳鳴機器人公園,鶯歌區,鳳鳴路/福安街7巷24弄口,YouBike2.0_FengMing Robot Park,Yingge Dist,"FengMing Rd. & Aly. 24, Ln. 7, FuAn St.",500234050,17,7,20260821T002104,24.96618,121.33465,10,1,5,2,2026-08-21T02:56:27+08:00
新北市,New Taipei City,YouBike2.0_龍五鳳七路口,鶯歌區,龍五路/鳳七路口,YouBike2.0_Long 5th Rd. & Feng 7th Rd. Intersection,Yingge Dist,Long 5th Rd. & Feng 7th Rd. Intersection,500234051,30,9,20260821T011602,24.97043,121.33101,21,1,6,3,2026-08-21T02:56:27+08:00
新北市,New Taipei City,YouBike2.0_龍鳳夜市,鶯歌區,鳳三路/龍三路(東南側),YouBike2.0_LongFeng Night Market,Yingge Dist,Feng 3rd Rd. & Long 3rd Rd. (Southeast),500234052,30,5,20260821T001901,24.97329,121.33331,25,1,5,0,2026-08-21T02:56:27+08:00
新北市,New Taipei City,YouBike2.0_中湖市民活動中心,鶯歌區,中湖街21號,YouBike2.0_Zhonghu Civic Activity Center,Yingge Dist,"No. 21, ZhongHu St.",500234053,20,12,20260820T234704,24.97298,121.3472,8,1,11,1,2026-08-21T02:56:27+08:00
新北市,New Taipei City,YouBike2.0_鳳一鳳吉一街口,鶯歌區,鳳吉一街259號(旁),YouBike2.0_Feng 1st Rd. & FengJi 1st St. Intersection,Yingge Dist,"No. 259, FengJi 1st St. (Side)",500234054,20,6,20260820T233802,24.97677,121.3317,14,1,6,0,2026-08-21T02:56:27+08:00
新北市,New Taipei City,YouBike2.0_鳳五路122號前,鶯歌區,鳳五路122號前,"YouBike2.0_No. 122, Feng 5th Rd.",Yingge Dist,"No. 122, Feng 5th Rd. (Front)",500234055,18,10,20260820T231602,24.97316,121.32991,8,1,9,1,2026-08-21T02:56:27+08:00
新北市,New Taipei City,YouBike2.0_建國永昌街口,鶯歌區,建國路546號(對面),YouBike2.0_JianGuo Rd. & YongChang St. Intersection,Yingge Dist,"No. 546, JianGuo Rd. (Opposite)",500234056,17,8,20260820T203402,24.95031,121.33831,9,1,4,4,2026-08-21T02:56:27+08:00
新北市,New Taipei City,YouBike2.0_捷運鶯歌車站,鶯歌區,館前路300號(對側),YouBike2.0_MRT Yingge Sta.,Yingge Dist,"No. 300, GuanQian Rd. (Opposite)",500234057,34,10,20260821T014601,24.95322,121.35668,24,1,9,1,2026-08-21T02:56:27+08:00
新北市,New Taipei City,YouBike2.0_鳳三龍七路口,鶯歌區,鳳三路68號,YouBike2.0_Feng 3rd Rd. & Long 7th Rd. Intersection,Yingge Dist,"No. 68, Feng 3rd Rd.",500234058,18,8,20260821T005304,24.97204,121.33467,10,1,8,0,2026-08-21T02:56:27+08:00
新北市,New Taipei City,YouBike2.0_捷運國華站,鶯歌區,國華路45號(對側),YouBike2.0_MRT Guohua Sta.,Yingge Dist,"No. 45, GuoHua Rd. (Opposite)",500234059,24,7,20260821T002304,24.95535,121.34251,17,1,7,0,2026-08-21T02:56:27+08:00
新北市,New Taipei City,YouBike2.0_捷運陶瓷老街站,鶯歌區,捷運陶瓷老街站(重慶街側),YouBike2.0_MRT Ceramics Old Street Sta.,Yingge Dist,MRT Ceramics Old Street Sta. (ChongQing St.),500234060,36,13,20260821T000404,24.95212,121.35065,23,1,13,0,2026-08-21T02:56:27+08:00
新北市,New Taipei City,YouBike2.0_捷運永吉公園站,鶯歌區,鶯桃路296巷口,YouBike2.0_MRT Yongji Park Sta.,Yingge Dist,"Ln. 296, YingTao Rd. Intersection",500234061,47,12,20260820T232602,24.96048,121.33476,35,1,12,0,2026-08-21T02:56:27+08:00
新北市,New Taipei City,YouBike2.0_捷運鶯桃福德站,鶯歌區,福德一路20號(對側),YouBike2.0_MRT Yingtao Fude Sta.,Yingge Dist,"No. 20, FuDe 1st Rd. (Opposite)",500234062,75,23,20260821T000005,24.96704,121.33044,52,1,22,1,2026-08-21T02:56:27+08:00
新北市,New Taipei City,YouBike2.0_捷運國華站(2號出口),鶯歌區,國華路97號(對側),YouBike2.0_MRT Guohua Sta.(Exit 2),Yingge Dist,"No. 97, GuoHua Rd. (Opposite)",500234063,60,21,20260820T195403,24.95374,121.34301,39,1,21,0,2026-08-21T02:56:27+08:00
新北市,New Taipei City,YouBike2.0_鶯歌山水步道停車場,鶯歌區,觀景涼亭停車場,YouBike2.0_YingGe Riverside Trail Car Park,Yingge Dist,YingGe Riverside Trail Car Park,500234064,24,6,20260820T233103,24.93205,121.32825,18,1,6,0,2026-08-21T02:56:27+08:00
新北市,New Taipei City,YouBike2.0_鶯歌環河自行車道,鶯歌區,環河路/甲三街(南側自行車道),YouBike2.0_YingGe Riverside Cycling Route,Yingge Dist,Huanhe Rd. & Jia 3rd St. (South),500234065,20,12,20260820T101904,24.92967,121.33837,8,1,12,0,2026-08-21T02:56:27+08:00
新北市,New Taipei City,YouBike2.0_鶯歌火車站(仁愛路),鶯歌區,仁愛路55號對側,YouBike2.0_Yingge Railway Station(Ren’ai Rd.),Yingge Dist,"No.55, Ren’ai Rd., Yingge Dist.(opposite)",500234001,69,5,20260821T002403,24.95559,121.35441,64,1,4,1,2026-08-21T03:26:24+08:00
新北市,New Taipei City,YouBike2.0_新北市立圖書館鶯歌分館,鶯歌區,中山路150號,YouBike2.0_New Taipei City Library Yingge Branch,Yingge Dist,"No.150, Zhongshan Rd.",500234002,20,10,20260821T002304,24.9572,121.34946,10,1,9,1,2026-08-21T03:26:24+08:00
新北市,New Taipei City,YouBike2.0_文化館前路口,鶯歌區,文化路407號旁,YouBike2.0_Yingge Ceramics Museum,Yingge Dist,"No. 407, Wenhua Rd.",500234003,44,13,20260821T000802,24.94948,121.35291,31,1,13,0,2026-08-21T03:26:24+08:00
新北市,New Taipei City,YouBike2.0_鶯歌國民運動中心,鶯歌區,館前路250號運動中心前,YouBike2.0_Yingge Civil Sports Center,Yingge Dist,"No.250, Guanqian Rd., Yingge Dist.",500234004,38,16,20260820T234902,24.95139,121.35733,22,1,14,2,2026-08-21T03:26:24+08:00
新北市,New Taipei City,YouBike2.0_尖山國中,鶯歌區,國中街1號,YouBike2.0_Municipal Jianshan Junior High School,Yingge Dist,"No.1, Guozhong St., Yingge Dist(sidewalk)",500234005,20,5,20260820T223201,24.94381,121.34207,15,1,4,1,2026-08-21T03:26:24+08:00
新北市,New Taipei City,YouBike2.0_新北市立鶯歌高級工商職業學校,鶯歌區,中正三路154號,YouBike2.0_New Taipei Municipal Yingge Vocational High School,Yingge Dist,"No. 154, Zhongzheng 3rd. Rd",500234006,56,1,20260821T011615,24.93923,121.33488,55,1,1,0,2026-08-21T03:26:24+08:00
新北市,New Taipei City,YouBike2.0_鶯歌國中,鶯歌區,鶯桃路39-5號對側,YouBike2.0_Yingge Junior High chool,Yingge Dist,"No.39-5, Yingtao Rd.(opposite)",500234007,30,7,20260821T000202,24.95119,121.34256,23,1,6,1,2026-08-21T03:26:24+08:00
新北市,New Taipei City,YouBike2.0_永吉國小,鶯歌區,德昌二街39號對側,YouBike2.0_Yongchi elementary school,Yingge Dist,"No.39, Dechang 2nd St., Yingge Dist.",500234008,20,14,20260821T014516,24.95865,121.33308,6,1,12,2,2026-08-21T03:26:24+08:00
新北市,New Taipei City,YouBike2.0_鳳祥公園,鶯歌區,鶯桃路365巷130號對側,YouBike2.0_Fengxiang Park,Yingge Dist,"No.130, Ln. 365, Yingtao Rd., Yingge Dist.",500234009,20,10,20260820T235502,24.96283,121.33025,10,1,8,2,2026-08-21T03:26:24+08:00
新北市,New Taipei City,YouBike2.0_鳳鳴國小,鶯歌區,永和街120號,YouBike2.0_Fengming Elementary School,Yingge Dist,"No.120, Yonghe St., Yingge Dist.",500234010,20,5,20260821T001204,24.9692,121.3347,15,1,5,0,2026-08-21T03:26:24+08:00
新北市,New Taipei City,YouBike2.0_國際二國際一路口,鶯歌區,國際二路與國際一路口,YouBike2.0_Guoji 2nd Guoji 1st Intersection,Yingge Dist,"Guoji 2nd Rd./Guoji 1st Rd., Yingge Dist.",500234011,20,11,20260821T001704,24.97577,121.3353,9,1,10,1,2026-08-21T03:26:24+08:00
新北市,New Taipei City,YouBike2.0_鳳福公園,鶯歌區,鳳吉一街186號(對面),YouBike2.0_Fengfu Park,Yingge Dist,"No. 186, Fengji 1st St., Yingge Dist.(opposite)",500234012,20,10,20260821T014004,24.97572,121.32938,10,1,10,0,2026-08-21T03:26:24+08:00
新北市,New Taipei City,YouBike2.0_尖山公園,鶯歌區,鶯歌區尖山路161號對面,YouBike2.0_Jianshan Park,Yingge Dist,"No.161, Jianshan Rd.(opposite)",500234013,29,17,20260821T022504,24.9482,121.346,12,1,15,2,2026-08-21T03:26:24+08:00
新北市,New Taipei City,YouBike2.0_永昌里兒一公園,鶯歌區,鶯桃路182巷96弄36-38號對側,YouBike2.0_Yongchang Village Children Park (No.1),Yingge Dist,"No.36-38, Aly. 96, Ln. 182, Yingtao Rd.(oppsite)",500234014,20,10,20260820T224903,24.956649374562204,121.33959628800724,9,1,10,0,2026-08-21T03:26:24+08:00
新北市,New Taipei City,YouBike2.0_南雅育智路口,鶯歌區,南雅路491號(對面),YouBike2.0_Nanya & Yuzhi Rd. Intersection,Yingge Dist,"No.491, Nanya Rd., Yingge Dist.(opposite)",500234015,22,12,20260821T005904,24.954,121.346,10,1,10,2,2026-08-21T03:26:24+08:00
新北市,New Taipei City,YouBike2.0_國中二甲路口,鶯歌區,國中街175號(前),YouBike2.0_Guozhong & Erjia Intersection,Yingge Dist,"No. 175, Guozhong St., Yingge Dist.",500234016,20,6,20260821T011302,24.939489067109363,121.33868650698288,14,1,5,1,2026-08-21T03:26:24+08:00
新北市,New Taipei City,YouBike2.0_鶯歌永利街,鶯歌區,永利街16號(對面),YouBike2.0_Yingge Yongli St.,Yingge Dist,"No. 16, Yongli St. Yingge Dist.",500234017,15,8,20260821T002603,24.95495,121.33911,6,1,8,0,2026-08-21T03:26:24+08:00
新北市,New Taipei City,YouBike2.0_二橋虹橋公園,鶯歌區,中正三路400號(對面),YouBike2.0_Erqiaoshiguanghongqiao Park,Yingge Dist,"No. 400, Zhongzheng 3rd Rd.(Opposite)",500234018,10,6,20260820T223504,24.93453,121.32595,4,1,6,0,2026-08-21T03:26:24+08:00
新北市,New Taipei City,YouBike2.0_鳳吉四鳳七路口(捷士匯社區),鶯歌區,鳳吉四街57-75號(旁),YouBike2.0_Fengji 4th & Feng 7th Rd. Intersection,Yingge Dist,"No. 57-75, Fengji 4th St.",500234021,40,15,20260821T003402,24.97383,121.32769,25,1,14,1,2026-08-21T03:26:24+08:00
新北市,New Taipei City,YouBike2.0_鶯歌老街第二停車場,鶯歌區,尖山埔路27-31號(對面),YouBike2.0_Yingge Old Street 2nd Parking Lot,Yingge Dist,"No. 27-31, Jianshanpu Rd.(Opposite)",500234022,20,3,20260821T004003,24.94895,121.34227,16,1,2,1,2026-08-21T03:26:24+08:00
新北市,New Taipei City,YouBike2.0_建國中正一路口(北鶯社區),鶯歌區,建國路6號(對面空地),YouBike2.0_Jianguo Zhongzheng 1st Rd. Intersection,Yingge Dist,"No. 6, Jianguo Rd.(Opposite)",500234023,20,5,20260820T210103,24.95658,121.35692,15,1,4,1,2026-08-21T03:26:24+08:00
新北市,New Taipei City,YouBike2.0_三鶯水資源回收中心,鶯歌區,館前路360號(旁),YouBike2.0_Sanying Water Recycling Center,Yingge Dist,"No. 360, Guanqian Rd.",500234024,14,8,20260820T214403,24.95535,121.35996,5,1,6,2,2026-08-21T03:26:24+08:00
新北市,New Taipei City,YouBike2.0_永和街65巷口,鶯歌區,永和街75號,"YouBike2.0_Ln. 65, Yonghe St. Intersection",Yingge Dist,"No. 75, Yonghe St.",500234025,37,18,20260821T013904,24.96798,121.3331413,19,1,18,0,2026-08-21T03:26:24+08:00
新北市,New Taipei City,YouBike2.0_鶯歌陶瓷博物館,鶯歌區,文化路200號(旁),YouBike2.0_Yingge Ceramics Museum(Wenhua Rd.),Yingge Dist,"No. 200, Wenhua Rd.",500234026,22,3,20260820T223903,24.95012,121.35245,19,1,3,0,2026-08-21T03:26:24+08:00
新北市,New Taipei City,YouBike2.0_礫間停車場,鶯歌區,礫間停車場,YouBike2.0_Lijian Parking,Yingge Dist,Lijian Parking,500234028,20,8,20260820T210703,24.9518,121.35445,12,1,8,0,2026-08-21T03:26:24+08:00
新北市,New Taipei City,YouBike2.0_北鶯停車場,鶯歌區,北鶯停車場,YouBike2.0_Beiying Parking,Yingge Dist,Beiying Parking,500234029,20,11,20260820T214403,24.95567,121.35992,9,1,11,0,2026-08-21T03:26:24+08:00
新北市,New Taipei City,YouBike2.0_育英建國路口,鶯歌區,建國路280號(旁),YouBike2.0_Yuying Jianguo Rd. Intersection,Yingge Dist,"No. 280, Jianguo Rd.",500234030,12,7,20260821T003402,24.95356,121.34693,5,1,5,2,2026-08-21T03:26:24+08:00
新北市,New Taipei City,YouBike2.0_中正一仁愛路口,鶯歌區,中正一路181號(對面),YouBike2.0_Zhongzheng 1st & Ren'ai Rd Intersection,Yingge Dist,"No. 181, Zhongzheng 1st Rd.(Opposite)",500234031,15,4,20260820T232602,24.95672,121.3532,11,1,4,0,2026-08-21T03:26:24+08:00
新北市,New Taipei City,YouBike2.0_建國國小,鶯歌區,育英街19號(旁),YouBike2.0_Jianguo Elementary School,Yingge Dist,"No. 19, Yuying St.",500234032,15,7,20260820T232703,24.95521,121.34727,8,1,7,0,2026-08-21T03:26:24+08:00
新北市,New Taipei City,YouBike2.0_光明橋,鶯歌區,永明街78號(旁),YouBike2.0_Guang-ming bridge,Yingge Dist,"No. 78, Yongming St., Yingge Dist.(side)",500234033,14,7,20260820T220102,24.95577,121.34128,7,1,7,0,2026-08-21T03:26:24+08:00
新北市,New Taipei City,YouBike2.0_二橋派出所,鶯歌區,高職西街/中正三路口(西北側),YouBike2.0_Erqiao Police Station,Yingge Dist,"Gaozhi W. St. & Zhongzheng 3rd Rd., Yingge Dist. (west side)",500234034,11,4,20260820T215903,24.94216,121.33884,7,1,4,0,2026-08-21T03:26:24+08:00
新北市,New Taipei City,YouBike2.0_國中高職東街口,鶯歌區,國中路113至117-3號(對面),YouBike2.0_Guozhong & Gaozhi E. Intersection,Yingge Dist,"No. 113, Guozhong St., Yingge Dist.(opposite)",500234035,15,8,20260821T013904,24.94117,121.34116,7,1,8,0,2026-08-21T03:26:24+08:00
新北市,New Taipei City,YouBike2.0_尖山路高厝巷口,鶯歌區,尖山路276-5號(旁),YouBike2.0_Gaocuo Ln. Jianshan Rd.,Yingge Dist,"No. 276-5, Jianshan Rd. (Side)",500234036,15,10,20260821T004603,24.94495,121.34102,5,1,8,2,2026-08-21T03:26:24+08:00
新北市,New Taipei City,YouBike2.0_公八停車場,鶯歌區,國華路53號(對面),YouBike2.0_Public 8th Parking Lot,Yingge Dist,"No.53, Guohua Rd. (opposite)",500234037,15,11,20260821T000404,24.95515,121.34285,4,1,10,1,2026-08-21T03:26:24+08:00
新北市,New Taipei City,YouBike2.0_龍三鳳鳴路口,鶯歌區,鳳鳴路541號,YouBike2.0_Long 3rd. Rd. & Fengming Rd. Intersection,Yingge Dist,"No. 541, Fengming Rd.",500234038,18,13,20260820T222603,24.97286,121.33137,5,1,13,0,2026-08-21T03:26:24+08:00
新北市,New Taipei City,YouBike2.0_鳳福鳳三路口,鶯歌區,鳳三路360號,YouBike2.0_Fengfu Rd. & Feng 3rd. Rd. Intersection,Yingge Dist,"No. 360, Feng 3rd Rd.",500234039,22,8,20260821T022904,24.97567,121.33143,14,1,8,0,2026-08-21T03:26:24+08:00
新北市,New Taipei City,YouBike2.0_北鶯公園,鶯歌區,成功街20巷19號(旁),YouBike2.0_Beiying Park,Yingge Dist,"No. 19, Ln. 20, Chenggong St. (Side)",500234040,15,4,20260821T031704,24.95777,121.35942,11,1,3,1,2026-08-21T03:26:24+08:00
新北市,New Taipei City,YouBike2.0_鶯歌火車站(文化路),鶯歌區,文化路/文化路115巷(北側),YouBike2.0_Yingge Station (Wenhua Rd.),Yingge Dist,"Ln. 115, Wenhua Rd. Intersection (North)",500234041,25,17,20260820T234202,24.95536,121.35697,8,1,17,0,2026-08-21T03:26:24+08:00
新北市,New Taipei City,YouBike2.0_鳳七鶯歌路口,鶯歌區,鶯歌路101-107號(旁),YouBike2.0_Feng 7th Rd. & Yingge Rd. Intersection,Yingge Dist,"No. 101-107, Yingge Rd. (Side)",500234042,11,4,20260821T003103,24.96916,121.33193,7,1,3,1,2026-08-21T03:26:24+08:00
新北市,New Taipei City,YouBike2.0_國際一路112巷口,鶯歌區,國際一路167號(前),"YouBike2.0_Ln. 112, GuoJi 1st Rd.",Yingge Dist,"No. 167, GuoJi 1st Rd. (Front)",500234043,15,12,20260821T002104,24.97667,121.33579,3,1,9,3,2026-08-21T03:26:24+08:00
新北市,New Taipei City,YouBike2.0_臺鐵鳳鳴站,鶯歌區,鳳一路/鶯歌路口,YouBike2.0_Fengming Station,Yingge Dist,Feng 1st Rd. & YingGe Rd.,500234044,40,0,20260819T210005,24.97227,121.33674,0,0,0,0,2026-08-21T03:26:24+08:00
新北市,New Taipei City,YouBike2.0_鶯歌陶瓷老街,鶯歌區,重慶街/國慶街(西南側),YouBike2.0_YingGe Old Street,Yingge Dist,ChongQing St. & GuoQing St. (Southwest),500234045,33,16,20260820T223402,24.95219,121.351,17,1,16,0,2026-08-21T03:26:24+08:00
新北市,New Taipei City,YouBike2.0_鶯歌火車站(仁愛路62號),鶯歌區,仁愛路62號(東側),"YouBike2.0_YingGe Station (No. 62, RenAi Rd.)",Yingge Dist,"No. 62, RenAi Rd. (East)",500234046,42,4,20260820T233004,24.95505,121.35407,38,1,4,0,2026-08-21T03:26:24+08:00
新北市,New Taipei City,YouBike2.0_臺鐵鳳鳴站(鶯歌路),鶯歌區,鶯歌路276號(對面),YouBike2.0_Fengming Station (YingGe Rd.),Yingge Dist,"No. 276, YingGe Rd. (Opposite)",500234047,20,5,20260821T003402,24.97189,121.33651,15,1,5,0,2026-08-21T03:26:24+08:00
新北市,New Taipei City,YouBike2.0_光明育智路口,鶯歌區,光明街126號(東南側),YouBike2.0_GuangMing St. & YuZhi Rd. Intersection,Yingge Dist,"No. 126, GuangMing St. (Southeast)",500234048,14,9,20260821T022402,24.95587,121.3456,5,1,8,1,2026-08-21T03:26:24+08:00
新北市,New Taipei City,YouBike2.0_新鳳公園,鶯歌區,鶯桃路二段60號(對側),YouBike2.0_XinFeng Park,Yingge Dist,"No. 60, Sec. 2, YingTao Rd. (Opposite)",500234049,14,6,20260821T013402,24.9732,121.32474,8,1,6,0,2026-08-21T03:26:24+08:00
新北市,New Taipei City,YouBike2.0_鳳鳴機器人公園,鶯歌區,鳳鳴路/福安街7巷24弄口,YouBike2.0_FengMing Robot Park,Yingge Dist,"FengMing Rd. & Aly. 24, Ln. 7, FuAn St.",500234050,17,7,20260821T002104,24.96618,121.33465,10,1,5,2,2026-08-21T03:26:24+08:00
新北市,New Taipei City,YouBike2.0_龍五鳳七路口,鶯歌區,龍五路/鳳七路口,YouBike2.0_Long 5th Rd. & Feng 7th Rd. Intersection,Yingge Dist,Long 5th Rd. & Feng 7th Rd. Intersection,500234051,30,9,20260821T011602,24.97043,121.33101,21,1,6,3,2026-08-21T03:26:24+08:00
新北市,New Taipei City,YouBike2.0_龍鳳夜市,鶯歌區,鳳三路/龍三路(東南側),YouBike2.0_LongFeng Night Market,Yingge Dist,Feng 3rd Rd. & Long 3rd Rd. (Southeast),500234052,30,5,20260821T001901,24.97329,121.33331,25,1,5,0,2026-08-21T03:26:24+08:00
新北市,New Taipei City,YouBike2.0_中湖市民活動中心,鶯歌區,中湖街21號,YouBike2.0_Zhonghu Civic Activity Center,Yingge Dist,"No. 21, ZhongHu St.",500234053,20,12,20260820T234704,24.97298,121.3472,8,1,11,1,2026-08-21T03:26:24+08:00
新北市,New Taipei City,YouBike2.0_鳳一鳳吉一街口,鶯歌區,鳳吉一街259號(旁),YouBike2.0_Feng 1st Rd. & FengJi 1st St. Intersection,Yingge Dist,"No. 259, FengJi 1st St. (Side)",500234054,20,6,20260820T233802,24.97677,121.3317,14,1,6,0,2026-08-21T03:26:24+08:00
新北市,New Taipei City,YouBike2.0_鳳五路122號前,鶯歌區,鳳五路122號前,"YouBike2.0_No. 122, Feng 5th Rd.",Yingge Dist,"No. 122, Feng 5th Rd. (Front)",500234055,18,10,20260820T231602,24.97316,121.32991,8,1,9,1,2026-08-21T03:26:24+08:00
新北市,New Taipei City,YouBike2.0_建國永昌街口,鶯歌區,建國路546號(對面),YouBike2.0_JianGuo Rd. & YongChang St. Intersection,Yingge Dist,"No. 546, JianGuo Rd. (Opposite)",500234056,17,8,20260820T203402,24.95031,121.33831,9,1,4,4,2026-08-21T03:26:24+08:00
新北市,New Taipei City,YouBike2.0_捷運鶯歌車站,鶯歌區,館前路300號(對側),YouBike2.0_MRT Yingge Sta.,Yingge Dist,"No. 300, GuanQian Rd. (Opposite)",500234057,34,10,20260821T014601,24.95322,121.35668,24,1,9,1,2026-08-21T03:26:24+08:00
新北市,New Taipei City,YouBike2.0_鳳三龍七路口,鶯歌區,鳳三路68號,YouBike2.0_Feng 3rd Rd. & Long 7th Rd. Intersection,Yingge Dist,"No. 68, Feng 3rd Rd.",500234058,18,8,20260821T005304,24.97204,121.33467,10,1,8,0,2026-08-21T03:26:24+08:00
新北市,New Taipei City,YouBike2.0_捷運國華站,鶯歌區,國華路45號(對側),YouBike2.0_MRT Guohua Sta.,Yingge Dist,"No. 45, GuoHua Rd. (Opposite)",500234059,24,7,20260821T002304,24.95535,121.34251,17,1,7,0,2026-08-21T03:26:24+08:00
新北市,New Taipei City,YouBike2.0_捷運陶瓷老街站,鶯歌區,捷運陶瓷老街站(重慶街側),YouBike2.0_MRT Ceramics Old Street Sta.,Yingge Dist,MRT Ceramics Old Street Sta. (ChongQing St.),500234060,36,13,20260821T000404,24.95212,121.35065,23,1,13,0,2026-08-21T03:26:24+08:00
新北市,New Taipei City,YouBike2.0_捷運永吉公園站,鶯歌區,鶯桃路296巷口,YouBike2.0_MRT Yongji Park Sta.,Yingge Dist,"Ln. 296, YingTao Rd. Intersection",500234061,47,12,20260820T232602,24.96048,121.33476,35,1,12,0,2026-08-21T03:26:24+08:00
新北市,New Taipei City,YouBike2.0_捷運鶯桃福德站,鶯歌區,福德一路20號(對側),YouBike2.0_MRT Yingtao Fude Sta.,Yingge Dist,"No. 20, FuDe 1st Rd. (Opposite)",500234062,75,23,20260821T000005,24.96704,121.33044,52,1,22,1,2026-08-21T03:26:24+08:00
新北市,New Taipei City,YouBike2.0_捷運國華站(2號出口),鶯歌區,國華路97號(對側),YouBike2.0_MRT Guohua Sta.(Exit 2),Yingge Dist,"No. 97, GuoHua Rd. (Opposite)",500234063,60,21,20260820T195403,24.95374,121.34301,39,1,21,0,2026-08-21T03:26:24+08:00
新北市,New Taipei City,YouBike2.0_鶯歌山水步道停車場,鶯歌區,觀景涼亭停車場,YouBike2.0_YingGe Riverside Trail Car Park,Yingge Dist,YingGe Riverside Trail Car Park,500234064,24,6,20260820T233103,24.93205,121.32825,18,1,6,0,2026-08-21T03:26:24+08:00
新北市,New Taipei City,YouBike2.0_鶯歌環河自行車道,鶯歌區,環河路/甲三街(南側自行車道),YouBike2.0_YingGe Riverside Cycling Route,Yingge Dist,Huanhe Rd. & Jia 3rd St. (South),500234065,20,12,20260820T101904,24.92967,121.33837,8,1,12,0,2026-08-21T03:26:24+08:00
新北市,New Taipei City,YouBike2.0_鶯歌火車站(仁愛路),鶯歌區,仁愛路55號對側,YouBike2.0_Yingge Railway Station(Ren’ai Rd.),Yingge Dist,"No.55, Ren’ai Rd., Yingge Dist.(opposite)",500234001,69,5,20260821T002403,24.95559,121.35441,64,1,4,1,2026-08-21T03:54:27+08:00
新北市,New Taipei City,YouBike2.0_新北市立圖書館鶯歌分館,鶯歌區,中山路150號,YouBike2.0_New Taipei City Library Yingge Branch,Yingge Dist,"No.150, Zhongshan Rd.",500234002,20,10,20260821T002304,24.9572,121.34946,10,1,9,1,2026-08-21T03:54:27+08:00
新北市,New Taipei City,YouBike2.0_文化館前路口,鶯歌區,文化路407號旁,YouBike2.0_Yingge Ceramics Museum,Yingge Dist,"No. 407, Wenhua Rd.",500234003,44,13,20260821T000802,24.94948,121.35291,31,1,13,0,2026-08-21T03:54:27+08:00
新北市,New Taipei City,YouBike2.0_鶯歌國民運動中心,鶯歌區,館前路250號運動中心前,YouBike2.0_Yingge Civil Sports Center,Yingge Dist,"No.250, Guanqian Rd., Yingge Dist.",500234004,38,16,20260820T234902,24.95139,121.35733,22,1,14,2,2026-08-21T03:54:27+08:00
新北市,New Taipei City,YouBike2.0_尖山國中,鶯歌區,國中街1號,YouBike2.0_Municipal Jianshan Junior High School,Yingge Dist,"No.1, Guozhong St., Yingge Dist(sidewalk)",500234005,20,5,20260820T223201,24.94381,121.34207,15,1,4,1,2026-08-21T03:54:27+08:00
新北市,New Taipei City,YouBike2.0_新北市立鶯歌高級工商職業學校,鶯歌區,中正三路154號,YouBike2.0_New Taipei Municipal Yingge Vocational High School,Yingge Dist,"No. 154, Zhongzheng 3rd. Rd",500234006,56,1,20260821T011615,24.93923,121.33488,55,1,1,0,2026-08-21T03:54:27+08:00
新北市,New Taipei City,YouBike2.0_鶯歌國中,鶯歌區,鶯桃路39-5號對側,YouBike2.0_Yingge Junior High chool,Yingge Dist,"No.39-5, Yingtao Rd.(opposite)",500234007,30,7,20260821T000202,24.95119,121.34256,23,1,6,1,2026-08-21T03:54:27+08:00
新北市,New Taipei City,YouBike2.0_永吉國小,鶯歌區,德昌二街39號對側,YouBike2.0_Yongchi elementary school,Yingge Dist,"No.39, Dechang 2nd St., Yingge Dist.",500234008,20,13,20260821T033804,24.95865,121.33308,6,1,12,1,2026-08-21T03:54:27+08:00
新北市,New Taipei City,YouBike2.0_鳳祥公園,鶯歌區,鶯桃路365巷130號對側,YouBike2.0_Fengxiang Park,Yingge Dist,"No.130, Ln. 365, Yingtao Rd., Yingge Dist.",500234009,20,10,20260820T235502,24.96283,121.33025,10,1,8,2,2026-08-21T03:54:27+08:00
新北市,New Taipei City,YouBike2.0_鳳鳴國小,鶯歌區,永和街120號,YouBike2.0_Fengming Elementary School,Yingge Dist,"No.120, Yonghe St., Yingge Dist.",500234010,20,5,20260821T001204,24.9692,121.3347,15,1,5,0,2026-08-21T03:54:27+08:00
新北市,New Taipei City,YouBike2.0_國際二國際一路口,鶯歌區,國際二路與國際一路口,YouBike2.0_Guoji 2nd Guoji 1st Intersection,Yingge Dist,"Guoji 2nd Rd./Guoji 1st Rd., Yingge Dist.",500234011,20,11,20260821T001704,24.97577,121.3353,9,1,10,1,2026-08-21T03:54:27+08:00
新北市,New Taipei City,YouBike2.0_鳳福公園,鶯歌區,鳳吉一街186號(對面),YouBike2.0_Fengfu Park,Yingge Dist,"No. 186, Fengji 1st St., Yingge Dist.(opposite)",500234012,20,10,20260821T014004,24.97572,121.32938,10,1,10,0,2026-08-21T03:54:27+08:00
新北市,New Taipei City,YouBike2.0_尖山公園,鶯歌區,鶯歌區尖山路161號對面,YouBike2.0_Jianshan Park,Yingge Dist,"No.161, Jianshan Rd.(opposite)",500234013,29,17,20260821T022504,24.9482,121.346,12,1,15,2,2026-08-21T03:54:27+08:00
新北市,New Taipei City,YouBike2.0_永昌里兒一公園,鶯歌區,鶯桃路182巷96弄36-38號對側,YouBike2.0_Yongchang Village Children Park (No.1),Yingge Dist,"No.36-38, Aly. 96, Ln. 182, Yingtao Rd.(oppsite)",500234014,20,10,20260820T224903,24.956649374562204,121.33959628800724,9,1,10,0,2026-08-21T03:54:27+08:00
新北市,New Taipei City,YouBike2.0_南雅育智路口,鶯歌區,南雅路491號(對面),YouBike2.0_Nanya & Yuzhi Rd. Intersection,Yingge Dist,"No.491, Nanya Rd., Yingge Dist.(opposite)",500234015,22,12,20260821T005904,24.954,121.346,10,1,10,2,2026-08-21T03:54:27+08:00
新北市,New Taipei City,YouBike2.0_國中二甲路口,鶯歌區,國中街175號(前),YouBike2.0_Guozhong & Erjia Intersection,Yingge Dist,"No. 175, Guozhong St., Yingge Dist.",500234016,20,6,20260821T011302,24.939489067109363,121.33868650698288,14,1,5,1,2026-08-21T03:54:27+08:00
新北市,New Taipei City,YouBike2.0_鶯歌永利街,鶯歌區,永利街16號(對面),YouBike2.0_Yingge Yongli St.,Yingge Dist,"No. 16, Yongli St. Yingge Dist.",500234017,15,8,20260821T002603,24.95495,121.33911,6,1,8,0,2026-08-21T03:54:27+08:00
新北市,New Taipei City,YouBike2.0_二橋虹橋公園,鶯歌區,中正三路400號(對面),YouBike2.0_Erqiaoshiguanghongqiao Park,Yingge Dist,"No. 400, Zhongzheng 3rd Rd.(Opposite)",500234018,10,6,20260820T223504,24.93453,121.32595,4,1,6,0,2026-08-21T03:54:27+08:00
新北市,New Taipei City,YouBike2.0_鳳吉四鳳七路口(捷士匯社區),鶯歌區,鳳吉四街57-75號(旁),YouBike2.0_Fengji 4th & Feng 7th Rd. Intersection,Yingge Dist,"No. 57-75, Fengji 4th St.",500234021,40,15,20260821T003402,24.97383,121.32769,25,1,14,1,2026-08-21T03:54:27+08:00
新北市,New Taipei City,YouBike2.0_鶯歌老街第二停車場,鶯歌區,尖山埔路27-31號(對面),YouBike2.0_Yingge Old Street 2nd Parking Lot,Yingge Dist,"No. 27-31, Jianshanpu Rd.(Opposite)",500234022,20,3,20260821T004003,24.94895,121.34227,16,1,2,1,2026-08-21T03:54:27+08:00
新北市,New Taipei City,YouBike2.0_建國中正一路口(北鶯社區),鶯歌區,建國路6號(對面空地),YouBike2.0_Jianguo Zhongzheng 1st Rd. Intersection,Yingge Dist,"No. 6, Jianguo Rd.(Opposite)",500234023,20,5,20260820T210103,24.95658,121.35692,15,1,4,1,2026-08-21T03:54:27+08:00
新北市,New Taipei City,YouBike2.0_三鶯水資源回收中心,鶯歌區,館前路360號(旁),YouBike2.0_Sanying Water Recycling Center,Yingge Dist,"No. 360, Guanqian Rd.",500234024,14,8,20260820T214403,24.95535,121.35996,5,1,6,2,2026-08-21T03:54:27+08:00
新北市,New Taipei City,YouBike2.0_永和街65巷口,鶯歌區,永和街75號,"YouBike2.0_Ln. 65, Yonghe St. Intersection",Yingge Dist,"No. 75, Yonghe St.",500234025,37,18,20260821T013904,24.96798,121.3331413,19,1,18,0,2026-08-21T03:54:27+08:00
新北市,New Taipei City,YouBike2.0_鶯歌陶瓷博物館,鶯歌區,文化路200號(旁),YouBike2.0_Yingge Ceramics Museum(Wenhua Rd.),Yingge Dist,"No. 200, Wenhua Rd.",500234026,22,3,20260820T223903,24.95012,121.35245,19,1,3,0,2026-08-21T03:54:27+08:00
新北市,New Taipei City,YouBike2.0_礫間停車場,鶯歌區,礫間停車場,YouBike2.0_Lijian Parking,Yingge Dist,Lijian Parking,500234028,20,8,20260820T210703,24.9518,121.35445,12,1,8,0,2026-08-21T03:54:27+08:00
新北市,New Taipei City,YouBike2.0_北鶯停車場,鶯歌區,北鶯停車場,YouBike2.0_Beiying Parking,Yingge Dist,Beiying Parking,500234029,20,11,20260820T214403,24.95567,121.35992,9,1,11,0,2026-08-21T03:54:27+08:00
新北市,New Taipei City,YouBike2.0_育英建國路口,鶯歌區,建國路280號(旁),YouBike2.0_Yuying Jianguo Rd. Intersection,Yingge Dist,"No. 280, Jianguo Rd.",500234030,12,7,20260821T003402,24.95356,121.34693,5,1,5,2,2026-08-21T03:54:27+08:00
新北市,New Taipei City,YouBike2.0_中正一仁愛路口,鶯歌區,中正一路181號(對面),YouBike2.0_Zhongzheng 1st & Ren'ai Rd Intersection,Yingge Dist,"No. 181, Zhongzheng 1st Rd.(Opposite)",500234031,15,4,20260820T232602,24.95672,121.3532,11,1,4,0,2026-08-21T03:54:27+08:00
新北市,New Taipei City,YouBike2.0_建國國小,鶯歌區,育英街19號(旁),YouBike2.0_Jianguo Elementary School,Yingge Dist,"No. 19, Yuying St.",500234032,15,7,20260820T232703,24.95521,121.34727,8,1,7,0,2026-08-21T03:54:27+08:00
新北市,New Taipei City,YouBike2.0_光明橋,鶯歌區,永明街78號(旁),YouBike2.0_Guang-ming bridge,Yingge Dist,"No. 78, Yongming St., Yingge Dist.(side)",500234033,14,7,20260820T220102,24.95577,121.34128,7,1,7,0,2026-08-21T03:54:27+08:00
新北市,New Taipei City,YouBike2.0_二橋派出所,鶯歌區,高職西街/中正三路口(西北側),YouBike2.0_Erqiao Police Station,Yingge Dist,"Gaozhi W. St. & Zhongzheng 3rd Rd., Yingge Dist. (west side)",500234034,11,4,20260820T215903,24.94216,121.33884,7,1,4,0,2026-08-21T03:54:27+08:00
新北市,New Taipei City,YouBike2.0_國中高職東街口,鶯歌區,國中路113至117-3號(對面),YouBike2.0_Guozhong & Gaozhi E. Intersection,Yingge Dist,"No. 113, Guozhong St., Yingge Dist.(opposite)",500234035,15,8,20260821T013904,24.94117,121.34116,7,1,8,0,2026-08-21T03:54:27+08:00
新北市,New Taipei City,YouBike2.0_尖山路高厝巷口,鶯歌區,尖山路276-5號(旁),YouBike2.0_Gaocuo Ln. Jianshan Rd.,Yingge Dist,"No. 276-5, Jianshan Rd. (Side)",500234036,15,10,20260821T004603,24.94495,121.34102,5,1,8,2,2026-08-21T03:54:27+08:00
新北市,New Taipei City,YouBike2.0_公八停車場,鶯歌區,國華路53號(對面),YouBike2.0_Public 8th Parking Lot,Yingge Dist,"No.53, Guohua Rd. (opposite)",500234037,15,11,20260821T000404,24.95515,121.34285,4,1,10,1,2026-08-21T03:54:27+08:00
新北市,New Taipei City,YouBike2.0_龍三鳳鳴路口,鶯歌區,鳳鳴路541號,YouBike2.0_Long 3rd. Rd. & Fengming Rd. Intersection,Yingge Dist,"No. 541, Fengming Rd.",500234038,18,13,20260820T222603,24.97286,121.33137,5,1,13,0,2026-08-21T03:54:27+08:00
新北市,New Taipei City,YouBike2.0_鳳福鳳三路口,鶯歌區,鳳三路360號,YouBike2.0_Fengfu Rd. & Feng 3rd. Rd. Intersection,Yingge Dist,"No. 360, Feng 3rd Rd.",500234039,22,8,20260821T022904,24.97567,121.33143,14,1,8,0,2026-08-21T03:54:27+08:00
新北市,New Taipei City,YouBike2.0_北鶯公園,鶯歌區,成功街20巷19號(旁),YouBike2.0_Beiying Park,Yingge Dist,"No. 19, Ln. 20, Chenggong St. (Side)",500234040,15,4,20260821T031704,24.95777,121.35942,11,1,3,1,2026-08-21T03:54:27+08:00
新北市,New Taipei City,YouBike2.0_鶯歌火車站(文化路),鶯歌區,文化路/文化路115巷(北側),YouBike2.0_Yingge Station (Wenhua Rd.),Yingge Dist,"Ln. 115, Wenhua Rd. Intersection (North)",500234041,25,17,20260820T234202,24.95536,121.35697,8,1,17,0,2026-08-21T03:54:27+08:00
新北市,New Taipei City,YouBike2.0_鳳七鶯歌路口,鶯歌區,鶯歌路101-107號(旁),YouBike2.0_Feng 7th Rd. & Yingge Rd. Intersection,Yingge Dist,"No. 101-107, Yingge Rd. (Side)",500234042,11,4,20260821T003103,24.96916,121.33193,7,1,3,1,2026-08-21T03:54:27+08:00
新北市,New Taipei City,YouBike2.0_國際一路112巷口,鶯歌區,國際一路167號(前),"YouBike2.0_Ln. 112, GuoJi 1st Rd.",Yingge Dist,"No. 167, GuoJi 1st Rd. (Front)",500234043,15,12,20260821T002104,24.97667,121.33579,3,1,9,3,2026-08-21T03:54:27+08:00
新北市,New Taipei City,YouBike2.0_臺鐵鳳鳴站,鶯歌區,鳳一路/鶯歌路口,YouBike2.0_Fengming Station,Yingge Dist,Feng 1st Rd. & YingGe Rd.,500234044,40,0,20260819T210005,24.97227,121.33674,0,0,0,0,2026-08-21T03:54:27+08:00
新北市,New Taipei City,YouBike2.0_鶯歌陶瓷老街,鶯歌區,重慶街/國慶街(西南側),YouBike2.0_YingGe Old Street,Yingge Dist,ChongQing St. & GuoQing St. (Southwest),500234045,33,16,20260820T223402,24.95219,121.351,17,1,16,0,2026-08-21T03:54:27+08:00
新北市,New Taipei City,YouBike2.0_鶯歌火車站(仁愛路62號),鶯歌區,仁愛路62號(東側),"YouBike2.0_YingGe Station (No. 62, RenAi Rd.)",Yingge Dist,"No. 62, RenAi Rd. (East)",500234046,42,4,20260820T233004,24.95505,121.35407,38,1,4,0,2026-08-21T03:54:27+08:00
新北市,New Taipei City,YouBike2.0_臺鐵鳳鳴站(鶯歌路),鶯歌區,鶯歌路276號(對面),YouBike2.0_Fengming Station (YingGe Rd.),Yingge Dist,"No. 276, YingGe Rd. (Opposite)",500234047,20,5,20260821T003402,24.97189,121.33651,15,1,5,0,2026-08-21T03:54:27+08:00
新北市,New Taipei City,YouBike2.0_光明育智路口,鶯歌區,光明街126號(東南側),YouBike2.0_GuangMing St. & YuZhi Rd. Intersection,Yingge Dist,"No. 126, GuangMing St. (Southeast)",500234048,14,9,20260821T022402,24.95587,121.3456,5,1,8,1,2026-08-21T03:54:27+08:00
新北市,New Taipei City,YouBike2.0_新鳳公園,鶯歌區,鶯桃路二段60號(對側),YouBike2.0_XinFeng Park,Yingge Dist,"No. 60, Sec. 2, YingTao Rd. (Opposite)",500234049,14,6,20260821T013402,24.9732,121.32474,8,1,6,0,2026-08-21T03:54:27+08:00
新北市,New Taipei City,YouBike2.0_鳳鳴機器人公園,鶯歌區,鳳鳴路/福安街7巷24弄口,YouBike2.0_FengMing Robot Park,Yingge Dist,"FengMing Rd. & Aly. 24, Ln. 7, FuAn St.",500234050,17,7,20260821T002104,24.96618,121.33465,10,1,5,2,2026-08-21T03:54:27+08:00
新北市,New Taipei City,YouBike2.0_龍五鳳七路口,鶯歌區,龍五路/鳳七路口,YouBike2.0_Long 5th Rd. & Feng 7th Rd. Intersection,Yingge Dist,Long 5th Rd. & Feng 7th Rd. Intersection,500234051,30,8,20260821T033403,24.97043,121.33101,21,1,6,2,2026-08-21T03:54:27+08:00
新北市,New Taipei City,YouBike2.0_龍鳳夜市,鶯歌區,鳳三路/龍三路(東南側),YouBike2.0_LongFeng Night Market,Yingge Dist,Feng 3rd Rd. & Long 3rd Rd. (Southeast),500234052,30,5,20260821T001901,24.97329,121.33331,25,1,5,0,2026-08-21T03:54:27+08:00
新北市,New Taipei City,YouBike2.0_中湖市民活動中心,鶯歌區,中湖街21號,YouBike2.0_Zhonghu Civic Activity Center,Yingge Dist,"No. 21, ZhongHu St.",500234053,20,12,20260820T234704,24.97298,121.3472,8,1,11,1,2026-08-21T03:54:27+08:00
新北市,New Taipei City,YouBike2.0_鳳一鳳吉一街口,鶯歌區,鳳吉一街259號(旁),YouBike2.0_Feng 1st Rd. & FengJi 1st St. Intersection,Yingge Dist,"No. 259, FengJi 1st St. (Side)",500234054,20,6,20260820T233802,24.97677,121.3317,14,1,6,0,2026-08-21T03:54:27+08:00
新北市,New Taipei City,YouBike2.0_鳳五路122號前,鶯歌區,鳳五路122號前,"YouBike2.0_No. 122, Feng 5th Rd.",Yingge Dist,"No. 122, Feng 5th Rd. (Front)",500234055,18,10,20260820T231602,24.97316,121.32991,8,1,9,1,2026-08-21T03:54:27+08:00
新北市,New Taipei City,YouBike2.0_建國永昌街口,鶯歌區,建國路546號(對面),YouBike2.0_JianGuo Rd. & YongChang St. Intersection,Yingge Dist,"No. 546, JianGuo Rd. (Opposite)",500234056,17,8,20260820T203402,24.95031,121.33831,9,1,4,4,2026-08-21T03:54:27+08:00
新北市,New Taipei City,YouBike2.0_捷運鶯歌車站,鶯歌區,館前路300號(對側),YouBike2.0_MRT Yingge Sta.,Yingge Dist,"No. 300, GuanQian Rd. (Opposite)",500234057,34,10,20260821T014601,24.95322,121.35668,24,1,9,1,2026-08-21T03:54:27+08:00
新北市,New Taipei City,YouBike2.0_鳳三龍七路口,鶯歌區,鳳三路68號,YouBike2.0_Feng 3rd Rd. & Long 7th Rd. Intersection,Yingge Dist,"No. 68, Feng 3rd Rd.",500234058,18,8,20260821T005304,24.97204,121.33467,10,1,8,0,2026-08-21T03:54:27+08:00
新北市,New Taipei City,YouBike2.0_捷運國華站,鶯歌區,國華路45號(對側),YouBike2.0_MRT Guohua Sta.,Yingge Dist,"No. 45, GuoHua Rd. (Opposite)",500234059,24,7,20260821T002304,24.95535,121.34251,17,1,7,0,2026-08-21T03:54:27+08:00
新北市,New Taipei City,YouBike2.0_捷運陶瓷老街站,鶯歌區,捷運陶瓷老街站(重慶街側),YouBike2.0_MRT Ceramics Old Street Sta.,Yingge Dist,MRT Ceramics Old Street Sta. (ChongQing St.),500234060,36,13,20260821T000404,24.95212,121.35065,23,1,13,0,2026-08-21T03:54:27+08:00
新北市,New Taipei City,YouBike2.0_捷運永吉公園站,鶯歌區,鶯桃路296巷口,YouBike2.0_MRT Yongji Park Sta.,Yingge Dist,"Ln. 296, YingTao Rd. Intersection",500234061,47,12,20260820T232602,24.96048,121.33476,35,1,12,0,2026-08-21T03:54:27+08:00
新北市,New Taipei City,YouBike2.0_捷運鶯桃福德站,鶯歌區,福德一路20號(對側),YouBike2.0_MRT Yingtao Fude Sta.,Yingge Dist,"No. 20, FuDe 1st Rd. (Opposite)",500234062,75,23,20260821T000005,24.96704,121.33044,52,1,22,1,2026-08-21T03:54:27+08:00
新北市,New Taipei City,YouBike2.0_捷運國華站(2號出口),鶯歌區,國華路97號(對側),YouBike2.0_MRT Guohua Sta.(Exit 2),Yingge Dist,"No. 97, GuoHua Rd. (Opposite)",500234063,60,21,20260820T195403,24.95374,121.34301,39,1,21,0,2026-08-21T03:54:27+08:00
新北市,New Taipei City,YouBike2.0_鶯歌山水步道停車場,鶯歌區,觀景涼亭停車場,YouBike2.0_YingGe Riverside Trail Car Park,Yingge Dist,YingGe Riverside Trail Car Park,500234064,24,6,20260820T233103,24.93205,121.32825,18,1,6,0,2026-08-21T03:54:27+08:00
新北市,New Taipei City,YouBike2.0_鶯歌環河自行車道,鶯歌區,環河路/甲三街(南側自行車道),YouBike2.0_YingGe Riverside Cycling Route,Yingge Dist,Huanhe Rd. & Jia 3rd St. (South),500234065,20,12,20260820T101904,24.92967,121.33837,8,1,12,0,2026-08-21T03:54:27+08:00
新北市,New Taipei City,YouBike2.0_鶯歌火車站(仁愛路),鶯歌區,仁愛路55號對側,YouBike2.0_Yingge Railway Station(Ren’ai Rd.),Yingge Dist,"No.55, Ren’ai Rd., Yingge Dist.(opposite)",500234001,69,5,20260821T002403,24.95559,121.35441,64,1,4,1,2026-08-21T04:18:35+08:00
新北市,New Taipei City,YouBike2.0_新北市立圖書館鶯歌分館,鶯歌區,中山路150號,YouBike2.0_New Taipei City Library Yingge Branch,Yingge Dist,"No.150, Zhongshan Rd.",500234002,20,9,20260821T040403,24.9572,121.34946,11,1,9,0,2026-08-21T04:18:35+08:00
新北市,New Taipei City,YouBike2.0_文化館前路口,鶯歌區,文化路407號旁,YouBike2.0_Yingge Ceramics Museum,Yingge Dist,"No. 407, Wenhua Rd.",500234003,44,13,20260821T000802,24.94948,121.35291,31,1,13,0,2026-08-21T04:18:35+08:00
新北市,New Taipei City,YouBike2.0_鶯歌國民運動中心,鶯歌區,館前路250號運動中心前,YouBike2.0_Yingge Civil Sports Center,Yingge Dist,"No.250, Guanqian Rd., Yingge Dist.",500234004,38,16,20260820T234902,24.95139,121.35733,22,1,14,2,2026-08-21T04:18:35+08:00
新北市,New Taipei City,YouBike2.0_尖山國中,鶯歌區,國中街1號,YouBike2.0_Municipal Jianshan Junior High School,Yingge Dist,"No.1, Guozhong St., Yingge Dist(sidewalk)",500234005,20,5,20260820T223201,24.94381,121.34207,15,1,4,1,2026-08-21T04:18:35+08:00
新北市,New Taipei City,YouBike2.0_新北市立鶯歌高級工商職業學校,鶯歌區,中正三路154號,YouBike2.0_New Taipei Municipal Yingge Vocational High School,Yingge Dist,"No. 154, Zhongzheng 3rd. Rd",500234006,56,1,20260821T011615,24.93923,121.33488,55,1,1,0,2026-08-21T04:18:35+08:00
新北市,New Taipei City,YouBike2.0_鶯歌國中,鶯歌區,鶯桃路39-5號對側,YouBike2.0_Yingge Junior High chool,Yingge Dist,"No.39-5, Yingtao Rd.(opposite)",500234007,30,7,20260821T000202,24.95119,121.34256,23,1,6,1,2026-08-21T04:18:35+08:00
新北市,New Taipei City,YouBike2.0_永吉國小,鶯歌區,德昌二街39號對側,YouBike2.0_Yongchi elementary school,Yingge Dist,"No.39, Dechang 2nd St., Yingge Dist.",500234008,20,13,20260821T033804,24.95865,121.33308,6,1,12,1,2026-08-21T04:18:35+08:00
新北市,New Taipei City,YouBike2.0_鳳祥公園,鶯歌區,鶯桃路365巷130號對側,YouBike2.0_Fengxiang Park,Yingge Dist,"No.130, Ln. 365, Yingtao Rd., Yingge Dist.",500234009,20,10,20260820T235502,24.96283,121.33025,10,1,8,2,2026-08-21T04:18:35+08:00
新北市,New Taipei City,YouBike2.0_鳳鳴國小,鶯歌區,永和街120號,YouBike2.0_Fengming Elementary School,Yingge Dist,"No.120, Yonghe St., Yingge Dist.",500234010,20,5,20260821T001204,24.9692,121.3347,15,1,5,0,2026-08-21T04:18:35+08:00
新北市,New Taipei City,YouBike2.0_國際二國際一路口,鶯歌區,國際二路與國際一路口,YouBike2.0_Guoji 2nd Guoji 1st Intersection,Yingge Dist,"Guoji 2nd Rd./Guoji 1st Rd., Yingge Dist.",500234011,20,11,20260821T001704,24.97577,121.3353,9,1,10,1,2026-08-21T04:18:35+08:00
新北市,New Taipei City,YouBike2.0_鳳福公園,鶯歌區,鳳吉一街186號(對面),YouBike2.0_Fengfu Park,Yingge Dist,"No. 186, Fengji 1st St., Yingge Dist.(opposite)",500234012,20,10,20260821T014004,24.97572,121.32938,10,1,10,0,2026-08-21T04:18:35+08:00
新北市,New Taipei City,YouBike2.0_尖山公園,鶯歌區,鶯歌區尖山路161號對面,YouBike2.0_Jianshan Park,Yingge Dist,"No.161, Jianshan Rd.(opposite)",500234013,29,19,20260821T041203,24.9482,121.346,10,1,15,4,2026-08-21T04:18:35+08:00
新北市,New Taipei City,YouBike2.0_永昌里兒一公園,鶯歌區,鶯桃路182巷96弄36-38號對側,YouBike2.0_Yongchang Village Children Park (No.1),Yingge Dist,"No.36-38, Aly. 96, Ln. 182, Yingtao Rd.(oppsite)",500234014,20,10,20260820T224903,24.956649374562204,121.33959628800724,9,1,10,0,2026-08-21T04:18:35+08:00
新北市,New Taipei City,YouBike2.0_南雅育智路口,鶯歌區,南雅路491號(對面),YouBike2.0_Nanya & Yuzhi Rd. Intersection,Yingge Dist,"No.491, Nanya Rd., Yingge Dist.(opposite)",500234015,22,11,20260821T040902,24.954,121.346,11,1,9,2,2026-08-21T04:18:35+08:00
新北市,New Taipei City,YouBike2.0_國中二甲路口,鶯歌區,國中街175號(前),YouBike2.0_Guozhong & Erjia Intersection,Yingge Dist,"No. 175, Guozhong St., Yingge Dist.",500234016,20,6,20260821T011302,24.939489067109363,121.33868650698288,14,1,5,1,2026-08-21T04:18:35+08:00
新北市,New Taipei City,YouBike2.0_鶯歌永利街,鶯歌區,永利街16號(對面),YouBike2.0_Yingge Yongli St.,Yingge Dist,"No. 16, Yongli St. Yingge Dist.",500234017,15,8,20260821T002603,24.95495,121.33911,6,1,8,0,2026-08-21T04:18:35+08:00
新北市,New Taipei City,YouBike2.0_二橋虹橋公園,鶯歌區,中正三路400號(對面),YouBike2.0_Erqiaoshiguanghongqiao Park,Yingge Dist,"No. 400, Zhongzheng 3rd Rd.(Opposite)",500234018,10,6,20260820T223504,24.93453,121.32595,4,1,6,0,2026-08-21T04:18:35+08:00
新北市,New Taipei City,YouBike2.0_鳳吉四鳳七路口(捷士匯社區),鶯歌區,鳳吉四街57-75號(旁),YouBike2.0_Fengji 4th & Feng 7th Rd. Intersection,Yingge Dist,"No. 57-75, Fengji 4th St.",500234021,40,15,20260821T003402,24.97383,121.32769,25,1,14,1,2026-08-21T04:18:35+08:00
新北市,New Taipei City,YouBike2.0_鶯歌老街第二停車場,鶯歌區,尖山埔路27-31號(對面),YouBike2.0_Yingge Old Street 2nd Parking Lot,Yingge Dist,"No. 27-31, Jianshanpu Rd.(Opposite)",500234022,20,3,20260821T004003,24.94895,121.34227,16,1,2,1,2026-08-21T04:18:35+08:00
新北市,New Taipei City,YouBike2.0_建國中正一路口(北鶯社區),鶯歌區,建國路6號(對面空地),YouBike2.0_Jianguo Zhongzheng 1st Rd. Intersection,Yingge Dist,"No. 6, Jianguo Rd.(Opposite)",500234023,20,5,20260820T210103,24.95658,121.35692,15,1,4,1,2026-08-21T04:18:35+08:00
新北市,New Taipei City,YouBike2.0_三鶯水資源回收中心,鶯歌區,館前路360號(旁),YouBike2.0_Sanying Water Recycling Center,Yingge Dist,"No. 360, Guanqian Rd.",500234024,14,8,20260820T214403,24.95535,121.35996,5,1,6,2,2026-08-21T04:18:35+08:00
新北市,New Taipei City,YouBike2.0_永和街65巷口,鶯歌區,永和街75號,"YouBike2.0_Ln. 65, Yonghe St. Intersection",Yingge Dist,"No. 75, Yonghe St.",500234025,37,18,20260821T013904,24.96798,121.3331413,19,1,18,0,2026-08-21T04:18:35+08:00
新北市,New Taipei City,YouBike2.0_鶯歌陶瓷博物館,鶯歌區,文化路200號(旁),YouBike2.0_Yingge Ceramics Museum(Wenhua Rd.),Yingge Dist,"No. 200, Wenhua Rd.",500234026,22,3,20260820T223903,24.95012,121.35245,19,1,3,0,2026-08-21T04:18:35+08:00
新北市,New Taipei City,YouBike2.0_礫間停車場,鶯歌區,礫間停車場,YouBike2.0_Lijian Parking,Yingge Dist,Lijian Parking,500234028,20,8,20260820T210703,24.9518,121.35445,12,1,8,0,2026-08-21T04:18:35+08:00
新北市,New Taipei City,YouBike2.0_北鶯停車場,鶯歌區,北鶯停車場,YouBike2.0_Beiying Parking,Yingge Dist,Beiying Parking,500234029,20,11,20260820T214403,24.95567,121.35992,9,1,11,0,2026-08-21T04:18:35+08:00
新北市,New Taipei City,YouBike2.0_育英建國路口,鶯歌區,建國路280號(旁),YouBike2.0_Yuying Jianguo Rd. Intersection,Yingge Dist,"No. 280, Jianguo Rd.",500234030,12,7,20260821T003402,24.95356,121.34693,5,1,5,2,2026-08-21T04:18:35+08:00
新北市,New Taipei City,YouBike2.0_中正一仁愛路口,鶯歌區,中正一路181號(對面),YouBike2.0_Zhongzheng 1st & Ren'ai Rd Intersection,Yingge Dist,"No. 181, Zhongzheng 1st Rd.(Opposite)",500234031,15,4,20260820T232602,24.95672,121.3532,11,1,4,0,2026-08-21T04:18:35+08:00
新北市,New Taipei City,YouBike2.0_建國國小,鶯歌區,育英街19號(旁),YouBike2.0_Jianguo Elementary School,Yingge Dist,"No. 19, Yuying St.",500234032,15,7,20260820T232703,24.95521,121.34727,8,1,7,0,2026-08-21T04:18:35+08:00
新北市,New Taipei City,YouBike2.0_光明橋,鶯歌區,永明街78號(旁),YouBike2.0_Guang-ming bridge,Yingge Dist,"No. 78, Yongming St., Yingge Dist.(side)",500234033,14,7,20260820T220102,24.95577,121.34128,7,1,7,0,2026-08-21T04:18:35+08:00
新北市,New Taipei City,YouBike2.0_二橋派出所,鶯歌區,高職西街/中正三路口(西北側),YouBike2.0_Erqiao Police Station,Yingge Dist,"Gaozhi W. St. & Zhongzheng 3rd Rd., Yingge Dist. (west side)",500234034,11,4,20260820T215903,24.94216,121.33884,7,1,4,0,2026-08-21T04:18:35+08:00
新北市,New Taipei City,YouBike2.0_國中高職東街口,鶯歌區,國中路113至117-3號(對面),YouBike2.0_Guozhong & Gaozhi E. Intersection,Yingge Dist,"No. 113, Guozhong St., Yingge Dist.(opposite)",500234035,15,8,20260821T013904,24.94117,121.34116,7,1,8,0,2026-08-21T04:18:35+08:00
新北市,New Taipei City,YouBike2.0_尖山路高厝巷口,鶯歌區,尖山路276-5號(旁),YouBike2.0_Gaocuo Ln. Jianshan Rd.,Yingge Dist,"No. 276-5, Jianshan Rd. (Side)",500234036,15,10,20260821T004603,24.94495,121.34102,5,1,8,2,2026-08-21T04:18:35+08:00
新北市,New Taipei City,YouBike2.0_公八停車場,鶯歌區,國華路53號(對面),YouBike2.0_Public 8th Parking Lot,Yingge Dist,"No.53, Guohua Rd. (opposite)",500234037,15,11,20260821T000404,24.95515,121.34285,4,1,10,1,2026-08-21T04:18:35+08:00
新北市,New Taipei City,YouBike2.0_龍三鳳鳴路口,鶯歌區,鳳鳴路541號,YouBike2.0_Long 3rd. Rd. & Fengming Rd. Intersection,Yingge Dist,"No. 541, Fengming Rd.",500234038,18,13,20260820T222603,24.97286,121.33137,5,1,13,0,2026-08-21T04:18:35+08:00
新北市,New Taipei City,YouBike2.0_鳳福鳳三路口,鶯歌區,鳳三路360號,YouBike2.0_Fengfu Rd. & Feng 3rd. Rd. Intersection,Yingge Dist,"No. 360, Feng 3rd Rd.",500234039,22,8,20260821T022904,24.97567,121.33143,14,1,8,0,2026-08-21T04:18:35+08:00
新北市,New Taipei City,YouBike2.0_北鶯公園,鶯歌區,成功街20巷19號(旁),YouBike2.0_Beiying Park,Yingge Dist,"No. 19, Ln. 20, Chenggong St. (Side)",500234040,15,4,20260821T031704,24.95777,121.35942,11,1,3,1,2026-08-21T04:18:35+08:00
新北市,New Taipei City,YouBike2.0_鶯歌火車站(文化路),鶯歌區,文化路/文化路115巷(北側),YouBike2.0_Yingge Station (Wenhua Rd.),Yingge Dist,"Ln. 115, Wenhua Rd. Intersection (North)",500234041,25,17,20260820T234202,24.95536,121.35697,8,1,17,0,2026-08-21T04:18:35+08:00
新北市,New Taipei City,YouBike2.0_鳳七鶯歌路口,鶯歌區,鶯歌路101-107號(旁),YouBike2.0_Feng 7th Rd. & Yingge Rd. Intersection,Yingge Dist,"No. 101-107, Yingge Rd. (Side)",500234042,11,4,20260821T003103,24.96916,121.33193,7,1,3,1,2026-08-21T04:18:35+08:00
新北市,New Taipei City,YouBike2.0_國際一路112巷口,鶯歌區,國際一路167號(前),"YouBike2.0_Ln. 112, GuoJi 1st Rd.",Yingge Dist,"No. 167, GuoJi 1st Rd. (Front)",500234043,15,11,20260821T041302,24.97667,121.33579,4,1,9,2,2026-08-21T04:18:35+08:00
新北市,New Taipei City,YouBike2.0_臺鐵鳳鳴站,鶯歌區,鳳一路/鶯歌路口,YouBike2.0_Fengming Station,Yingge Dist,Feng 1st Rd. & YingGe Rd.,500234044,40,0,20260819T210005,24.97227,121.33674,0,0,0,0,2026-08-21T04:18:35+08:00
新北市,New Taipei City,YouBike2.0_鶯歌陶瓷老街,鶯歌區,重慶街/國慶街(西南側),YouBike2.0_YingGe Old Street,Yingge Dist,ChongQing St. & GuoQing St. (Southwest),500234045,33,16,20260820T223402,24.95219,121.351,17,1,16,0,2026-08-21T04:18:35+08:00
新北市,New Taipei City,YouBike2.0_鶯歌火車站(仁愛路62號),鶯歌區,仁愛路62號(東側),"YouBike2.0_YingGe Station (No. 62, RenAi Rd.)",Yingge Dist,"No. 62, RenAi Rd. (East)",500234046,42,4,20260820T233004,24.95505,121.35407,38,1,4,0,2026-08-21T04:18:35+08:00
新北市,New Taipei City,YouBike2.0_臺鐵鳳鳴站(鶯歌路),鶯歌區,鶯歌路276號(對面),YouBike2.0_Fengming Station (YingGe Rd.),Yingge Dist,"No. 276, YingGe Rd. (Opposite)",500234047,20,5,20260821T003402,24.97189,121.33651,15,1,5,0,2026-08-21T04:18:35+08:00
新北市,New Taipei City,YouBike2.0_光明育智路口,鶯歌區,光明街126號(東南側),YouBike2.0_GuangMing St. & YuZhi Rd. Intersection,Yingge Dist,"No. 126, GuangMing St. (Southeast)",500234048,14,9,20260821T022402,24.95587,121.3456,5,1,8,1,2026-08-21T04:18:35+08:00
新北市,New Taipei City,YouBike2.0_新鳳公園,鶯歌區,鶯桃路二段60號(對側),YouBike2.0_XinFeng Park,Yingge Dist,"No. 60, Sec. 2, YingTao Rd. (Opposite)",500234049,14,6,20260821T013402,24.9732,121.32474,8,1,6,0,2026-08-21T04:18:35+08:00
新北市,New Taipei City,YouBike2.0_鳳鳴機器人公園,鶯歌區,鳳鳴路/福安街7巷24弄口,YouBike2.0_FengMing Robot Park,Yingge Dist,"FengMing Rd. & Aly. 24, Ln. 7, FuAn St.",500234050,17,7,20260821T002104,24.96618,121.33465,10,1,5,2,2026-08-21T04:18:35+08:00
新北市,New Taipei City,YouBike2.0_龍五鳳七路口,鶯歌區,龍五路/鳳七路口,YouBike2.0_Long 5th Rd. & Feng 7th Rd. Intersection,Yingge Dist,Long 5th Rd. & Feng 7th Rd. Intersection,500234051,30,8,20260821T033403,24.97043,121.33101,21,1,6,2,2026-08-21T04:18:35+08:00
新北市,New Taipei City,YouBike2.0_龍鳳夜市,鶯歌區,鳳三路/龍三路(東南側),YouBike2.0_LongFeng Night Market,Yingge Dist,Feng 3rd Rd. & Long 3rd Rd. (Southeast),500234052,30,5,20260821T001901,24.97329,121.33331,25,1,5,0,2026-08-21T04:18:35+08:00
新北市,New Taipei City,YouBike2.0_中湖市民活動中心,鶯歌區,中湖街21號,YouBike2.0_Zhonghu Civic Activity Center,Yingge Dist,"No. 21, ZhongHu St.",500234053,20,12,20260820T234704,24.97298,121.3472,8,1,11,1,2026-08-21T04:18:35+08:00
新北市,New Taipei City,YouBike2.0_鳳一鳳吉一街口,鶯歌區,鳳吉一街259號(旁),YouBike2.0_Feng 1st Rd. & FengJi 1st St. Intersection,Yingge Dist,"No. 259, FengJi 1st St. (Side)",500234054,20,6,20260820T233802,24.97677,121.3317,14,1,6,0,2026-08-21T04:18:35+08:00
新北市,New Taipei City,YouBike2.0_鳳五路122號前,鶯歌區,鳳五路122號前,"YouBike2.0_No. 122, Feng 5th Rd.",Yingge Dist,"No. 122, Feng 5th Rd. (Front)",500234055,18,10,20260820T231602,24.97316,121.32991,8,1,9,1,2026-08-21T04:18:35+08:00
新北市,New Taipei City,YouBike2.0_建國永昌街口,鶯歌區,建國路546號(對面),YouBike2.0_JianGuo Rd. & YongChang St. Intersection,Yingge Dist,"No. 546, JianGuo Rd. (Opposite)",500234056,17,8,20260820T203402,24.95031,121.33831,9,1,4,4,2026-08-21T04:18:35+08:00
新北市,New Taipei City,YouBike2.0_捷運鶯歌車站,鶯歌區,館前路300號(對側),YouBike2.0_MRT Yingge Sta.,Yingge Dist,"No. 300, GuanQian Rd. (Opposite)",500234057,34,10,20260821T014601,24.95322,121.35668,24,1,9,1,2026-08-21T04:18:35+08:00
新北市,New Taipei City,YouBike2.0_鳳三龍七路口,鶯歌區,鳳三路68號,YouBike2.0_Feng 3rd Rd. & Long 7th Rd. Intersection,Yingge Dist,"No. 68, Feng 3rd Rd.",500234058,18,8,20260821T005304,24.97204,121.33467,10,1,8,0,2026-08-21T04:18:35+08:00
新北市,New Taipei City,YouBike2.0_捷運國華站,鶯歌區,國華路45號(對側),YouBike2.0_MRT Guohua Sta.,Yingge Dist,"No. 45, GuoHua Rd. (Opposite)",500234059,24,7,20260821T002304,24.95535,121.34251,17,1,7,0,2026-08-21T04:18:35+08:00
新北市,New Taipei City,YouBike2.0_捷運陶瓷老街站,鶯歌區,捷運陶瓷老街站(重慶街側),YouBike2.0_MRT Ceramics Old Street Sta.,Yingge Dist,MRT Ceramics Old Street Sta. (ChongQing St.),500234060,36,13,20260821T000404,24.95212,121.35065,23,1,13,0,2026-08-21T04:18:35+08:00
新北市,New Taipei City,YouBike2.0_捷運永吉公園站,鶯歌區,鶯桃路296巷口,YouBike2.0_MRT Yongji Park Sta.,Yingge Dist,"Ln. 296, YingTao Rd. Intersection",500234061,47,12,20260820T232602,24.96048,121.33476,35,1,12,0,2026-08-21T04:18:35+08:00
新北市,New Taipei City,YouBike2.0_捷運鶯桃福德站,鶯歌區,福德一路20號(對側),YouBike2.0_MRT Yingtao Fude Sta.,Yingge Dist,"No. 20, FuDe 1st Rd. (Opposite)",500234062,75,22,20260821T040003,24.96704,121.33044,53,1,22,0,2026-08-21T04:18:35+08:00
新北市,New Taipei City,YouBike2.0_捷運國華站(2號出口),鶯歌區,國華路97號(對側),YouBike2.0_MRT Guohua Sta.(Exit 2),Yingge Dist,"No. 97, GuoHua Rd. (Opposite)",500234063,60,21,20260820T195403,24.95374,121.34301,39,1,21,0,2026-08-21T04:18:35+08:00
新北市,New Taipei City,YouBike2.0_鶯歌山水步道停車場,鶯歌區,觀景涼亭停車場,YouBike2.0_YingGe Riverside Trail Car Park,Yingge Dist,YingGe Riverside Trail Car Park,500234064,24,6,20260820T233103,24.93205,121.32825,18,1,6,0,2026-08-21T04:18:35+08:00
新北市,New Taipei City,YouBike2.0_鶯歌環河自行車道,鶯歌區,環河路/甲三街(南側自行車道),YouBike2.0_YingGe Riverside Cycling Route,Yingge Dist,Huanhe Rd. & Jia 3rd St. (South),500234065,20,12,20260820T101904,24.92967,121.33837,8,1,12,0,2026-08-21T04:18:35+08:00
新北市,New Taipei City,YouBike2.0_鶯歌火車站(仁愛路),鶯歌區,仁愛路55號對側,YouBike2.0_Yingge Railway Station(Ren’ai Rd.),Yingge Dist,"No.55, Ren’ai Rd., Yingge Dist.(opposite)",500234001,69,5,20260821T043703,24.95559,121.35441,64,1,5,0,2026-08-21T04:53:37+08:00
新北市,New Taipei City,YouBike2.0_新北市立圖書館鶯歌分館,鶯歌區,中山路150號,YouBike2.0_New Taipei City Library Yingge Branch,Yingge Dist,"No.150, Zhongshan Rd.",500234002,20,9,20260821T040403,24.9572,121.34946,11,1,9,0,2026-08-21T04:53:37+08:00
新北市,New Taipei City,YouBike2.0_文化館前路口,鶯歌區,文化路407號旁,YouBike2.0_Yingge Ceramics Museum,Yingge Dist,"No. 407, Wenhua Rd.",500234003,44,13,20260821T000802,24.94948,121.35291,31,1,13,0,2026-08-21T04:53:37+08:00
新北市,New Taipei City,YouBike2.0_鶯歌國民運動中心,鶯歌區,館前路250號運動中心前,YouBike2.0_Yingge Civil Sports Center,Yingge Dist,"No.250, Guanqian Rd., Yingge Dist.",500234004,38,16,20260820T234902,24.95139,121.35733,22,1,14,2,2026-08-21T04:53:37+08:00
新北市,New Taipei City,YouBike2.0_尖山國中,鶯歌區,國中街1號,YouBike2.0_Municipal Jianshan Junior High School,Yingge Dist,"No.1, Guozhong St., Yingge Dist(sidewalk)",500234005,20,5,20260820T223201,24.94381,121.34207,15,1,4,1,2026-08-21T04:53:37+08:00
新北市,New Taipei City,YouBike2.0_新北市立鶯歌高級工商職業學校,鶯歌區,中正三路154號,YouBike2.0_New Taipei Municipal Yingge Vocational High School,Yingge Dist,"No. 154, Zhongzheng 3rd. Rd",500234006,56,2,20260821T042803,24.93923,121.33488,54,1,2,0,2026-08-21T04:53:37+08:00
新北市,New Taipei City,YouBike2.0_鶯歌國中,鶯歌區,鶯桃路39-5號對側,YouBike2.0_Yingge Junior High chool,Yingge Dist,"No.39-5, Yingtao Rd.(opposite)",500234007,30,7,20260821T000202,24.95119,121.34256,23,1,6,1,2026-08-21T04:53:37+08:00
新北市,New Taipei City,YouBike2.0_永吉國小,鶯歌區,德昌二街39號對側,YouBike2.0_Yongchi elementary school,Yingge Dist,"No.39, Dechang 2nd St., Yingge Dist.",500234008,20,14,20260821T042603,24.95865,121.33308,5,1,12,2,2026-08-21T04:53:37+08:00
新北市,New Taipei City,YouBike2.0_鳳祥公園,鶯歌區,鶯桃路365巷130號對側,YouBike2.0_Fengxiang Park,Yingge Dist,"No.130, Ln. 365, Yingtao Rd., Yingge Dist.",500234009,20,9,20260821T043503,24.96283,121.33025,10,1,8,1,2026-08-21T04:53:37+08:00
新北市,New Taipei City,YouBike2.0_鳳鳴國小,鶯歌區,永和街120號,YouBike2.0_Fengming Elementary School,Yingge Dist,"No.120, Yonghe St., Yingge Dist.",500234010,20,5,20260821T001204,24.9692,121.3347,15,1,5,0,2026-08-21T04:53:37+08:00
新北市,New Taipei City,YouBike2.0_國際二國際一路口,鶯歌區,國際二路與國際一路口,YouBike2.0_Guoji 2nd Guoji 1st Intersection,Yingge Dist,"Guoji 2nd Rd./Guoji 1st Rd., Yingge Dist.",500234011,20,11,20260821T001704,24.97577,121.3353,9,1,10,1,2026-08-21T04:53:37+08:00
新北市,New Taipei City,YouBike2.0_鳳福公園,鶯歌區,鳳吉一街186號(對面),YouBike2.0_Fengfu Park,Yingge Dist,"No. 186, Fengji 1st St., Yingge Dist.(opposite)",500234012,20,10,20260821T014004,24.97572,121.32938,10,1,10,0,2026-08-21T04:53:37+08:00
新北市,New Taipei City,YouBike2.0_尖山公園,鶯歌區,鶯歌區尖山路161號對面,YouBike2.0_Jianshan Park,Yingge Dist,"No.161, Jianshan Rd.(opposite)",500234013,29,18,20260821T042102,24.9482,121.346,11,1,14,4,2026-08-21T04:53:37+08:00
新北市,New Taipei City,YouBike2.0_永昌里兒一公園,鶯歌區,鶯桃路182巷96弄36-38號對側,YouBike2.0_Yongchang Village Children Park (No.1),Yingge Dist,"No.36-38, Aly. 96, Ln. 182, Yingtao Rd.(oppsite)",500234014,20,10,20260820T224903,24.956649374562204,121.33959628800724,9,1,10,0,2026-08-21T04:53:37+08:00
新北市,New Taipei City,YouBike2.0_南雅育智路口,鶯歌區,南雅路491號(對面),YouBike2.0_Nanya & Yuzhi Rd. Intersection,Yingge Dist,"No.491, Nanya Rd., Yingge Dist.(opposite)",500234015,22,11,20260821T040902,24.954,121.346,11,1,9,2,2026-08-21T04:53:37+08:00
新北市,New Taipei City,YouBike2.0_國中二甲路口,鶯歌區,國中街175號(前),YouBike2.0_Guozhong & Erjia Intersection,Yingge Dist,"No. 175, Guozhong St., Yingge Dist.",500234016,20,6,20260821T011302,24.939489067109363,121.33868650698288,14,1,5,1,2026-08-21T04:53:37+08:00
新北市,New Taipei City,YouBike2.0_鶯歌永利街,鶯歌區,永利街16號(對面),YouBike2.0_Yingge Yongli St.,Yingge Dist,"No. 16, Yongli St. Yingge Dist.",500234017,15,8,20260821T002603,24.95495,121.33911,6,1,8,0,2026-08-21T04:53:37+08:00
新北市,New Taipei City,YouBike2.0_二橋虹橋公園,鶯歌區,中正三路400號(對面),YouBike2.0_Erqiaoshiguanghongqiao Park,Yingge Dist,"No. 400, Zhongzheng 3rd Rd.(Opposite)",500234018,10,6,20260820T223504,24.93453,121.32595,4,1,6,0,2026-08-21T04:53:37+08:00
新北市,New Taipei City,YouBike2.0_鳳吉四鳳七路口(捷士匯社區),鶯歌區,鳳吉四街57-75號(旁),YouBike2.0_Fengji 4th & Feng 7th Rd. Intersection,Yingge Dist,"No. 57-75, Fengji 4th St.",500234021,40,15,20260821T003402,24.97383,121.32769,25,1,14,1,2026-08-21T04:53:37+08:00
新北市,New Taipei City,YouBike2.0_鶯歌老街第二停車場,鶯歌區,尖山埔路27-31號(對面),YouBike2.0_Yingge Old Street 2nd Parking Lot,Yingge Dist,"No. 27-31, Jianshanpu Rd.(Opposite)",500234022,20,3,20260821T004003,24.94895,121.34227,16,1,2,1,2026-08-21T04:53:37+08:00
新北市,New Taipei City,YouBike2.0_建國中正一路口(北鶯社區),鶯歌區,建國路6號(對面空地),YouBike2.0_Jianguo Zhongzheng 1st Rd. Intersection,Yingge Dist,"No. 6, Jianguo Rd.(Opposite)",500234023,20,5,20260821T044504,24.95658,121.35692,15,1,4,1,2026-08-21T04:53:37+08:00
新北市,New Taipei City,YouBike2.0_三鶯水資源回收中心,鶯歌區,館前路360號(旁),YouBike2.0_Sanying Water Recycling Center,Yingge Dist,"No. 360, Guanqian Rd.",500234024,14,8,20260820T214403,24.95535,121.35996,5,1,6,2,2026-08-21T04:53:37+08:00
新北市,New Taipei City,YouBike2.0_永和街65巷口,鶯歌區,永和街75號,"YouBike2.0_Ln. 65, Yonghe St. Intersection",Yingge Dist,"No. 75, Yonghe St.",500234025,37,18,20260821T013904,24.96798,121.3331413,19,1,18,0,2026-08-21T04:53:37+08:00
新北市,New Taipei City,YouBike2.0_鶯歌陶瓷博物館,鶯歌區,文化路200號(旁),YouBike2.0_Yingge Ceramics Museum(Wenhua Rd.),Yingge Dist,"No. 200, Wenhua Rd.",500234026,22,3,20260820T223903,24.95012,121.35245,19,1,3,0,2026-08-21T04:53:37+08:00
新北市,New Taipei City,YouBike2.0_礫間停車場,鶯歌區,礫間停車場,YouBike2.0_Lijian Parking,Yingge Dist,Lijian Parking,500234028,20,8,20260820T210703,24.9518,121.35445,12,1,8,0,2026-08-21T04:53:37+08:00
新北市,New Taipei City,YouBike2.0_北鶯停車場,鶯歌區,北鶯停車場,YouBike2.0_Beiying Parking,Yingge Dist,Beiying Parking,500234029,20,11,20260820T214403,24.95567,121.35992,9,1,11,0,2026-08-21T04:53:37+08:00
新北市,New Taipei City,YouBike2.0_育英建國路口,鶯歌區,建國路280號(旁),YouBike2.0_Yuying Jianguo Rd. Intersection,Yingge Dist,"No. 280, Jianguo Rd.",500234030,12,6,20260821T043603,24.95356,121.34693,6,1,5,1,2026-08-21T04:53:37+08:00
新北市,New Taipei City,YouBike2.0_中正一仁愛路口,鶯歌區,中正一路181號(對面),YouBike2.0_Zhongzheng 1st & Ren'ai Rd Intersection,Yingge Dist,"No. 181, Zhongzheng 1st Rd.(Opposite)",500234031,15,4,20260820T232602,24.95672,121.3532,11,1,4,0,2026-08-21T04:53:37+08:00
新北市,New Taipei City,YouBike2.0_建國國小,鶯歌區,育英街19號(旁),YouBike2.0_Jianguo Elementary School,Yingge Dist,"No. 19, Yuying St.",500234032,15,7,20260820T232703,24.95521,121.34727,8,1,7,0,2026-08-21T04:53:37+08:00
新北市,New Taipei City,YouBike2.0_光明橋,鶯歌區,永明街78號(旁),YouBike2.0_Guang-ming bridge,Yingge Dist,"No. 78, Yongming St., Yingge Dist.(side)",500234033,14,7,20260820T220102,24.95577,121.34128,7,1,7,0,2026-08-21T04:53:37+08:00
新北市,New Taipei City,YouBike2.0_二橋派出所,鶯歌區,高職西街/中正三路口(西北側),YouBike2.0_Erqiao Police Station,Yingge Dist,"Gaozhi W. St. & Zhongzheng 3rd Rd., Yingge Dist. (west side)",500234034,11,4,20260820T215903,24.94216,121.33884,7,1,4,0,2026-08-21T04:53:37+08:00
新北市,New Taipei City,YouBike2.0_國中高職東街口,鶯歌區,國中路113至117-3號(對面),YouBike2.0_Guozhong & Gaozhi E. Intersection,Yingge Dist,"No. 113, Guozhong St., Yingge Dist.(opposite)",500234035,15,8,20260821T013904,24.94117,121.34116,7,1,8,0,2026-08-21T04:53:37+08:00
新北市,New Taipei City,YouBike2.0_尖山路高厝巷口,鶯歌區,尖山路276-5號(旁),YouBike2.0_Gaocuo Ln. Jianshan Rd.,Yingge Dist,"No. 276-5, Jianshan Rd. (Side)",500234036,15,10,20260821T004603,24.94495,121.34102,5,1,8,2,2026-08-21T04:53:37+08:00
新北市,New Taipei City,YouBike2.0_公八停車場,鶯歌區,國華路53號(對面),YouBike2.0_Public 8th Parking Lot,Yingge Dist,"No.53, Guohua Rd. (opposite)",500234037,15,11,20260821T000404,24.95515,121.34285,4,1,10,1,2026-08-21T04:53:37+08:00
新北市,New Taipei City,YouBike2.0_龍三鳳鳴路口,鶯歌區,鳳鳴路541號,YouBike2.0_Long 3rd. Rd. & Fengming Rd. Intersection,Yingge Dist,"No. 541, Fengming Rd.",500234038,18,13,20260820T222603,24.97286,121.33137,5,1,13,0,2026-08-21T04:53:37+08:00
新北市,New Taipei City,YouBike2.0_鳳福鳳三路口,鶯歌區,鳳三路360號,YouBike2.0_Fengfu Rd. & Feng 3rd. Rd. Intersection,Yingge Dist,"No. 360, Feng 3rd Rd.",500234039,22,8,20260821T022904,24.97567,121.33143,14,1,8,0,2026-08-21T04:53:37+08:00
新北市,New Taipei City,YouBike2.0_北鶯公園,鶯歌區,成功街20巷19號(旁),YouBike2.0_Beiying Park,Yingge Dist,"No. 19, Ln. 20, Chenggong St. (Side)",500234040,15,4,20260821T031704,24.95777,121.35942,11,1,3,1,2026-08-21T04:53:37+08:00
新北市,New Taipei City,YouBike2.0_鶯歌火車站(文化路),鶯歌區,文化路/文化路115巷(北側),YouBike2.0_Yingge Station (Wenhua Rd.),Yingge Dist,"Ln. 115, Wenhua Rd. Intersection (North)",500234041,25,16,20260821T043003,24.95536,121.35697,9,1,16,0,2026-08-21T04:53:37+08:00
新北市,New Taipei City,YouBike2.0_鳳七鶯歌路口,鶯歌區,鶯歌路101-107號(旁),YouBike2.0_Feng 7th Rd. & Yingge Rd. Intersection,Yingge Dist,"No. 101-107, Yingge Rd. (Side)",500234042,11,5,20260821T042102,24.96916,121.33193,6,1,3,2,2026-08-21T04:53:37+08:00
新北市,New Taipei City,YouBike2.0_國際一路112巷口,鶯歌區,國際一路167號(前),"YouBike2.0_Ln. 112, GuoJi 1st Rd.",Yingge Dist,"No. 167, GuoJi 1st Rd. (Front)",500234043,15,10,20260821T042003,24.97667,121.33579,5,1,8,2,2026-08-21T04:53:37+08:00
新北市,New Taipei City,YouBike2.0_臺鐵鳳鳴站,鶯歌區,鳳一路/鶯歌路口,YouBike2.0_Fengming Station,Yingge Dist,Feng 1st Rd. & YingGe Rd.,500234044,40,0,20260819T210005,24.97227,121.33674,0,0,0,0,2026-08-21T04:53:37+08:00
新北市,New Taipei City,YouBike2.0_鶯歌陶瓷老街,鶯歌區,重慶街/國慶街(西南側),YouBike2.0_YingGe Old Street,Yingge Dist,ChongQing St. & GuoQing St. (Southwest),500234045,33,16,20260820T223402,24.95219,121.351,17,1,16,0,2026-08-21T04:53:37+08:00
新北市,New Taipei City,YouBike2.0_鶯歌火車站(仁愛路62號),鶯歌區,仁愛路62號(東側),"YouBike2.0_YingGe Station (No. 62, RenAi Rd.)",Yingge Dist,"No. 62, RenAi Rd. (East)",500234046,42,4,20260820T233004,24.95505,121.35407,38,1,4,0,2026-08-21T04:53:37+08:00
新北市,New Taipei City,YouBike2.0_臺鐵鳳鳴站(鶯歌路),鶯歌區,鶯歌路276號(對面),YouBike2.0_Fengming Station (YingGe Rd.),Yingge Dist,"No. 276, YingGe Rd. (Opposite)",500234047,20,6,20260821T044402,24.97189,121.33651,14,1,6,0,2026-08-21T04:53:37+08:00
新北市,New Taipei City,YouBike2.0_光明育智路口,鶯歌區,光明街126號(東南側),YouBike2.0_GuangMing St. & YuZhi Rd. Intersection,Yingge Dist,"No. 126, GuangMing St. (Southeast)",500234048,14,9,20260821T022402,24.95587,121.3456,5,1,8,1,2026-08-21T04:53:37+08:00
新北市,New Taipei City,YouBike2.0_新鳳公園,鶯歌區,鶯桃路二段60號(對側),YouBike2.0_XinFeng Park,Yingge Dist,"No. 60, Sec. 2, YingTao Rd. (Opposite)",500234049,14,7,20260821T042302,24.9732,121.32474,7,1,7,0,2026-08-21T04:53:37+08:00
新北市,New Taipei City,YouBike2.0_鳳鳴機器人公園,鶯歌區,鳳鳴路/福安街7巷24弄口,YouBike2.0_FengMing Robot Park,Yingge Dist,"FengMing Rd. & Aly. 24, Ln. 7, FuAn St.",500234050,17,7,20260821T002104,24.96618,121.33465,10,1,5,2,2026-08-21T04:53:37+08:00
新北市,New Taipei City,YouBike2.0_龍五鳳七路口,鶯歌區,龍五路/鳳七路口,YouBike2.0_Long 5th Rd. & Feng 7th Rd. Intersection,Yingge Dist,Long 5th Rd. & Feng 7th Rd. Intersection,500234051,30,8,20260821T033403,24.97043,121.33101,21,1,6,2,2026-08-21T04:53:37+08:00
新北市,New Taipei City,YouBike2.0_龍鳳夜市,鶯歌區,鳳三路/龍三路(東南側),YouBike2.0_LongFeng Night Market,Yingge Dist,Feng 3rd Rd. & Long 3rd Rd. (Southeast),500234052,30,5,20260821T001901,24.97329,121.33331,25,1,5,0,2026-08-21T04:53:37+08:00
新北市,New Taipei City,YouBike2.0_中湖市民活動中心,鶯歌區,中湖街21號,YouBike2.0_Zhonghu Civic Activity Center,Yingge Dist,"No. 21, ZhongHu St.",500234053,20,12,20260820T234704,24.97298,121.3472,8,1,11,1,2026-08-21T04:53:37+08:00
新北市,New Taipei City,YouBike2.0_鳳一鳳吉一街口,鶯歌區,鳳吉一街259號(旁),YouBike2.0_Feng 1st Rd. & FengJi 1st St. Intersection,Yingge Dist,"No. 259, FengJi 1st St. (Side)",500234054,20,6,20260820T233802,24.97677,121.3317,14,1,6,0,2026-08-21T04:53:37+08:00
新北市,New Taipei City,YouBike2.0_鳳五路122號前,鶯歌區,鳳五路122號前,"YouBike2.0_No. 122, Feng 5th Rd.",Yingge Dist,"No. 122, Feng 5th Rd. (Front)",500234055,18,10,20260820T231602,24.97316,121.32991,8,1,9,1,2026-08-21T04:53:37+08:00
新北市,New Taipei City,YouBike2.0_建國永昌街口,鶯歌區,建國路546號(對面),YouBike2.0_JianGuo Rd. & YongChang St. Intersection,Yingge Dist,"No. 546, JianGuo Rd. (Opposite)",500234056,17,8,20260820T203402,24.95031,121.33831,9,1,4,4,2026-08-21T04:53:37+08:00
新北市,New Taipei City,YouBike2.0_捷運鶯歌車站,鶯歌區,館前路300號(對側),YouBike2.0_MRT Yingge Sta.,Yingge Dist,"No. 300, GuanQian Rd. (Opposite)",500234057,34,10,20260821T014601,24.95322,121.35668,24,1,9,1,2026-08-21T04:53:37+08:00
新北市,New Taipei City,YouBike2.0_鳳三龍七路口,鶯歌區,鳳三路68號,YouBike2.0_Feng 3rd Rd. & Long 7th Rd. Intersection,Yingge Dist,"No. 68, Feng 3rd Rd.",500234058,18,8,20260821T005304,24.97204,121.33467,10,1,8,0,2026-08-21T04:53:37+08:00
新北市,New Taipei City,YouBike2.0_捷運國華站,鶯歌區,國華路45號(對側),YouBike2.0_MRT Guohua Sta.,Yingge Dist,"No. 45, GuoHua Rd. (Opposite)",500234059,24,7,20260821T002304,24.95535,121.34251,17,1,7,0,2026-08-21T04:53:37+08:00
新北市,New Taipei City,YouBike2.0_捷運陶瓷老街站,鶯歌區,捷運陶瓷老街站(重慶街側),YouBike2.0_MRT Ceramics Old Street Sta.,Yingge Dist,MRT Ceramics Old Street Sta. (ChongQing St.),500234060,36,13,20260821T000404,24.95212,121.35065,23,1,13,0,2026-08-21T04:53:37+08:00
新北市,New Taipei City,YouBike2.0_捷運永吉公園站,鶯歌區,鶯桃路296巷口,YouBike2.0_MRT Yongji Park Sta.,Yingge Dist,"Ln. 296, YingTao Rd. Intersection",500234061,47,12,20260820T232602,24.96048,121.33476,35,1,12,0,2026-08-21T04:53:37+08:00
新北市,New Taipei City,YouBike2.0_捷運鶯桃福德站,鶯歌區,福德一路20號(對側),YouBike2.0_MRT Yingtao Fude Sta.,Yingge Dist,"No. 20, FuDe 1st Rd. (Opposite)",500234062,75,22,20260821T040003,24.96704,121.33044,53,1,22,0,2026-08-21T04:53:37+08:00
新北市,New Taipei City,YouBike2.0_捷運國華站(2號出口),鶯歌區,國華路97號(對側),YouBike2.0_MRT Guohua Sta.(Exit 2),Yingge Dist,"No. 97, GuoHua Rd. (Opposite)",500234063,60,21,20260820T195403,24.95374,121.34301,39,1,21,0,2026-08-21T04:53:37+08:00
新北市,New Taipei City,YouBike2.0_鶯歌山水步道停車場,鶯歌區,觀景涼亭停車場,YouBike2.0_YingGe Riverside Trail Car Park,Yingge Dist,YingGe Riverside Trail Car Park,500234064,24,6,20260820T233103,24.93205,121.32825,18,1,6,0,2026-08-21T04:53:37+08:00
新北市,New Taipei City,YouBike2.0_鶯歌環河自行車道,鶯歌區,環河路/甲三街(南側自行車道),YouBike2.0_YingGe Riverside Cycling Route,Yingge Dist,Huanhe Rd. & Jia 3rd St. (South),500234065,20,12,20260820T101904,24.92967,121.33837,8,1,12,0,2026-08-21T04:53:37+08:00
新北市,New Taipei City,YouBike2.0_鶯歌火車站(仁愛路),鶯歌區,仁愛路55號對側,YouBike2.0_Yingge Railway Station(Ren’ai Rd.),Yingge Dist,"No.55, Ren’ai Rd., Yingge Dist.(opposite)",500234001,69,5,20260821T043703,24.95559,121.35441,64,1,5,0,2026-08-21T05:19:36+08:00
新北市,New Taipei City,YouBike2.0_新北市立圖書館鶯歌分館,鶯歌區,中山路150號,YouBike2.0_New Taipei City Library Yingge Branch,Yingge Dist,"No.150, Zhongshan Rd.",500234002,20,9,20260821T040403,24.9572,121.34946,11,1,9,0,2026-08-21T05:19:36+08:00
新北市,New Taipei City,YouBike2.0_文化館前路口,鶯歌區,文化路407號旁,YouBike2.0_Yingge Ceramics Museum,Yingge Dist,"No. 407, Wenhua Rd.",500234003,44,12,20260821T051402,24.94948,121.35291,32,1,12,0,2026-08-21T05:19:36+08:00
新北市,New Taipei City,YouBike2.0_鶯歌國民運動中心,鶯歌區,館前路250號運動中心前,YouBike2.0_Yingge Civil Sports Center,Yingge Dist,"No.250, Guanqian Rd., Yingge Dist.",500234004,38,16,20260820T234902,24.95139,121.35733,22,1,14,2,2026-08-21T05:19:36+08:00
新北市,New Taipei City,YouBike2.0_尖山國中,鶯歌區,國中街1號,YouBike2.0_Municipal Jianshan Junior High School,Yingge Dist,"No.1, Guozhong St., Yingge Dist(sidewalk)",500234005,20,5,20260820T223201,24.94381,121.34207,15,1,4,1,2026-08-21T05:19:36+08:00
新北市,New Taipei City,YouBike2.0_新北市立鶯歌高級工商職業學校,鶯歌區,中正三路154號,YouBike2.0_New Taipei Municipal Yingge Vocational High School,Yingge Dist,"No. 154, Zhongzheng 3rd. Rd",500234006,56,2,20260821T042803,24.93923,121.33488,54,1,2,0,2026-08-21T05:19:36+08:00
新北市,New Taipei City,YouBike2.0_鶯歌國中,鶯歌區,鶯桃路39-5號對側,YouBike2.0_Yingge Junior High chool,Yingge Dist,"No.39-5, Yingtao Rd.(opposite)",500234007,30,7,20260821T000202,24.95119,121.34256,23,1,6,1,2026-08-21T05:19:36+08:00
新北市,New Taipei City,YouBike2.0_永吉國小,鶯歌區,德昌二街39號對側,YouBike2.0_Yongchi elementary school,Yingge Dist,"No.39, Dechang 2nd St., Yingge Dist.",500234008,20,14,20260821T042603,24.95865,121.33308,5,1,12,2,2026-08-21T05:19:36+08:00
新北市,New Taipei City,YouBike2.0_鳳祥公園,鶯歌區,鶯桃路365巷130號對側,YouBike2.0_Fengxiang Park,Yingge Dist,"No.130, Ln. 365, Yingtao Rd., Yingge Dist.",500234009,20,10,20260821T051204,24.96283,121.33025,10,1,8,2,2026-08-21T05:19:36+08:00
新北市,New Taipei City,YouBike2.0_鳳鳴國小,鶯歌區,永和街120號,YouBike2.0_Fengming Elementary School,Yingge Dist,"No.120, Yonghe St., Yingge Dist.",500234010,20,5,20260821T001204,24.9692,121.3347,15,1,5,0,2026-08-21T05:19:36+08:00
新北市,New Taipei City,YouBike2.0_國際二國際一路口,鶯歌區,國際二路與國際一路口,YouBike2.0_Guoji 2nd Guoji 1st Intersection,Yingge Dist,"Guoji 2nd Rd./Guoji 1st Rd., Yingge Dist.",500234011,20,11,20260821T001704,24.97577,121.3353,9,1,10,1,2026-08-21T05:19:36+08:00
新北市,New Taipei City,YouBike2.0_鳳福公園,鶯歌區,鳳吉一街186號(對面),YouBike2.0_Fengfu Park,Yingge Dist,"No. 186, Fengji 1st St., Yingge Dist.(opposite)",500234012,20,10,20260821T014004,24.97572,121.32938,10,1,10,0,2026-08-21T05:19:36+08:00
新北市,New Taipei City,YouBike2.0_尖山公園,鶯歌區,鶯歌區尖山路161號對面,YouBike2.0_Jianshan Park,Yingge Dist,"No.161, Jianshan Rd.(opposite)",500234013,29,18,20260821T042102,24.9482,121.346,11,1,14,4,2026-08-21T05:19:36+08:00
新北市,New Taipei City,YouBike2.0_永昌里兒一公園,鶯歌區,鶯桃路182巷96弄36-38號對側,YouBike2.0_Yongchang Village Children Park (No.1),Yingge Dist,"No.36-38, Aly. 96, Ln. 182, Yingtao Rd.(oppsite)",500234014,20,10,20260820T224903,24.956649374562204,121.33959628800724,9,1,10,0,2026-08-21T05:19:36+08:00
新北市,New Taipei City,YouBike2.0_南雅育智路口,鶯歌區,南雅路491號(對面),YouBike2.0_Nanya & Yuzhi Rd. Intersection,Yingge Dist,"No.491, Nanya Rd., Yingge Dist.(opposite)",500234015,22,11,20260821T050202,24.954,121.346,11,1,9,2,2026-08-21T05:19:36+08:00
新北市,New Taipei City,YouBike2.0_國中二甲路口,鶯歌區,國中街175號(前),YouBike2.0_Guozhong & Erjia Intersection,Yingge Dist,"No. 175, Guozhong St., Yingge Dist.",500234016,20,6,20260821T011302,24.939489067109363,121.33868650698288,14,1,5,1,2026-08-21T05:19:36+08:00
新北市,New Taipei City,YouBike2.0_鶯歌永利街,鶯歌區,永利街16號(對面),YouBike2.0_Yingge Yongli St.,Yingge Dist,"No. 16, Yongli St. Yingge Dist.",500234017,15,8,20260821T002603,24.95495,121.33911,6,1,8,0,2026-08-21T05:19:36+08:00
新北市,New Taipei City,YouBike2.0_二橋虹橋公園,鶯歌區,中正三路400號(對面),YouBike2.0_Erqiaoshiguanghongqiao Park,Yingge Dist,"No. 400, Zhongzheng 3rd Rd.(Opposite)",500234018,10,6,20260820T223504,24.93453,121.32595,4,1,6,0,2026-08-21T05:19:36+08:00
新北市,New Taipei City,YouBike2.0_鳳吉四鳳七路口(捷士匯社區),鶯歌區,鳳吉四街57-75號(旁),YouBike2.0_Fengji 4th & Feng 7th Rd. Intersection,Yingge Dist,"No. 57-75, Fengji 4th St.",500234021,40,15,20260821T003402,24.97383,121.32769,25,1,14,1,2026-08-21T05:19:36+08:00
新北市,New Taipei City,YouBike2.0_鶯歌老街第二停車場,鶯歌區,尖山埔路27-31號(對面),YouBike2.0_Yingge Old Street 2nd Parking Lot,Yingge Dist,"No. 27-31, Jianshanpu Rd.(Opposite)",500234022,20,3,20260821T004003,24.94895,121.34227,16,1,2,1,2026-08-21T05:19:36+08:00
新北市,New Taipei City,YouBike2.0_建國中正一路口(北鶯社區),鶯歌區,建國路6號(對面空地),YouBike2.0_Jianguo Zhongzheng 1st Rd. Intersection,Yingge Dist,"No. 6, Jianguo Rd.(Opposite)",500234023,20,4,20260821T045003,24.95658,121.35692,16,1,3,1,2026-08-21T05:19:36+08:00
新北市,New Taipei City,YouBike2.0_三鶯水資源回收中心,鶯歌區,館前路360號(旁),YouBike2.0_Sanying Water Recycling Center,Yingge Dist,"No. 360, Guanqian Rd.",500234024,14,8,20260820T214403,24.95535,121.35996,5,1,6,2,2026-08-21T05:19:36+08:00
新北市,New Taipei City,YouBike2.0_永和街65巷口,鶯歌區,永和街75號,"YouBike2.0_Ln. 65, Yonghe St. Intersection",Yingge Dist,"No. 75, Yonghe St.",500234025,37,18,20260821T013904,24.96798,121.3331413,19,1,18,0,2026-08-21T05:19:36+08:00
新北市,New Taipei City,YouBike2.0_鶯歌陶瓷博物館,鶯歌區,文化路200號(旁),YouBike2.0_Yingge Ceramics Museum(Wenhua Rd.),Yingge Dist,"No. 200, Wenhua Rd.",500234026,22,3,20260820T223903,24.95012,121.35245,19,1,3,0,2026-08-21T05:19:36+08:00
新北市,New Taipei City,YouBike2.0_礫間停車場,鶯歌區,礫間停車場,YouBike2.0_Lijian Parking,Yingge Dist,Lijian Parking,500234028,20,8,20260820T210703,24.9518,121.35445,12,1,8,0,2026-08-21T05:19:36+08:00
新北市,New Taipei City,YouBike2.0_北鶯停車場,鶯歌區,北鶯停車場,YouBike2.0_Beiying Parking,Yingge Dist,Beiying Parking,500234029,20,11,20260820T214403,24.95567,121.35992,9,1,11,0,2026-08-21T05:19:36+08:00
新北市,New Taipei City,YouBike2.0_育英建國路口,鶯歌區,建國路280號(旁),YouBike2.0_Yuying Jianguo Rd. Intersection,Yingge Dist,"No. 280, Jianguo Rd.",500234030,12,5,20260821T051004,24.95356,121.34693,7,1,4,1,2026-08-21T05:19:36+08:00
新北市,New Taipei City,YouBike2.0_中正一仁愛路口,鶯歌區,中正一路181號(對面),YouBike2.0_Zhongzheng 1st & Ren'ai Rd Intersection,Yingge Dist,"No. 181, Zhongzheng 1st Rd.(Opposite)",500234031,15,4,20260820T232602,24.95672,121.3532,11,1,4,0,2026-08-21T05:19:36+08:00
新北市,New Taipei City,YouBike2.0_建國國小,鶯歌區,育英街19號(旁),YouBike2.0_Jianguo Elementary School,Yingge Dist,"No. 19, Yuying St.",500234032,15,7,20260820T232703,24.95521,121.34727,8,1,7,0,2026-08-21T05:19:36+08:00
新北市,New Taipei City,YouBike2.0_光明橋,鶯歌區,永明街78號(旁),YouBike2.0_Guang-ming bridge,Yingge Dist,"No. 78, Yongming St., Yingge Dist.(side)",500234033,14,6,20260821T050702,24.95577,121.34128,8,1,6,0,2026-08-21T05:19:36+08:00
新北市,New Taipei City,YouBike2.0_二橋派出所,鶯歌區,高職西街/中正三路口(西北側),YouBike2.0_Erqiao Police Station,Yingge Dist,"Gaozhi W. St. & Zhongzheng 3rd Rd., Yingge Dist. (west side)",500234034,11,4,20260820T215903,24.94216,121.33884,7,1,4,0,2026-08-21T05:19:36+08:00
新北市,New Taipei City,YouBike2.0_國中高職東街口,鶯歌區,國中路113至117-3號(對面),YouBike2.0_Guozhong & Gaozhi E. Intersection,Yingge Dist,"No. 113, Guozhong St., Yingge Dist.(opposite)",500234035,15,7,20260821T051204,24.94117,121.34116,8,1,7,0,2026-08-21T05:19:36+08:00
新北市,New Taipei City,YouBike2.0_尖山路高厝巷口,鶯歌區,尖山路276-5號(旁),YouBike2.0_Gaocuo Ln. Jianshan Rd.,Yingge Dist,"No. 276-5, Jianshan Rd. (Side)",500234036,15,10,20260821T004603,24.94495,121.34102,5,1,8,2,2026-08-21T05:19:36+08:00
新北市,New Taipei City,YouBike2.0_公八停車場,鶯歌區,國華路53號(對面),YouBike2.0_Public 8th Parking Lot,Yingge Dist,"No.53, Guohua Rd. (opposite)",500234037,15,11,20260821T000404,24.95515,121.34285,4,1,10,1,2026-08-21T05:19:36+08:00
新北市,New Taipei City,YouBike2.0_龍三鳳鳴路口,鶯歌區,鳳鳴路541號,YouBike2.0_Long 3rd. Rd. & Fengming Rd. Intersection,Yingge Dist,"No. 541, Fengming Rd.",500234038,18,13,20260820T222603,24.97286,121.33137,5,1,13,0,2026-08-21T05:19:36+08:00
新北市,New Taipei City,YouBike2.0_鳳福鳳三路口,鶯歌區,鳳三路360號,YouBike2.0_Fengfu Rd. & Feng 3rd. Rd. Intersection,Yingge Dist,"No. 360, Feng 3rd Rd.",500234039,22,9,20260821T045203,24.97567,121.33143,13,1,9,0,2026-08-21T05:19:36+08:00
新北市,New Taipei City,YouBike2.0_北鶯公園,鶯歌區,成功街20巷19號(旁),YouBike2.0_Beiying Park,Yingge Dist,"No. 19, Ln. 20, Chenggong St. (Side)",500234040,15,4,20260821T031704,24.95777,121.35942,11,1,3,1,2026-08-21T05:19:36+08:00
新北市,New Taipei City,YouBike2.0_鶯歌火車站(文化路),鶯歌區,文化路/文化路115巷(北側),YouBike2.0_Yingge Station (Wenhua Rd.),Yingge Dist,"Ln. 115, Wenhua Rd. Intersection (North)",500234041,25,16,20260821T043003,24.95536,121.35697,9,1,16,0,2026-08-21T05:19:36+08:00
新北市,New Taipei City,YouBike2.0_鳳七鶯歌路口,鶯歌區,鶯歌路101-107號(旁),YouBike2.0_Feng 7th Rd. & Yingge Rd. Intersection,Yingge Dist,"No. 101-107, Yingge Rd. (Side)",500234042,11,5,20260821T042102,24.96916,121.33193,6,1,3,2,2026-08-21T05:19:36+08:00
新北市,New Taipei City,YouBike2.0_國際一路112巷口,鶯歌區,國際一路167號(前),"YouBike2.0_Ln. 112, GuoJi 1st Rd.",Yingge Dist,"No. 167, GuoJi 1st Rd. (Front)",500234043,15,10,20260821T042003,24.97667,121.33579,5,1,8,2,2026-08-21T05:19:36+08:00
新北市,New Taipei City,YouBike2.0_臺鐵鳳鳴站,鶯歌區,鳳一路/鶯歌路口,YouBike2.0_Fengming Station,Yingge Dist,Feng 1st Rd. & YingGe Rd.,500234044,40,0,20260819T210005,24.97227,121.33674,0,0,0,0,2026-08-21T05:19:36+08:00
新北市,New Taipei City,YouBike2.0_鶯歌陶瓷老街,鶯歌區,重慶街/國慶街(西南側),YouBike2.0_YingGe Old Street,Yingge Dist,ChongQing St. & GuoQing St. (Southwest),500234045,33,16,20260820T223402,24.95219,121.351,17,1,16,0,2026-08-21T05:19:36+08:00
新北市,New Taipei City,YouBike2.0_鶯歌火車站(仁愛路62號),鶯歌區,仁愛路62號(東側),"YouBike2.0_YingGe Station (No. 62, RenAi Rd.)",Yingge Dist,"No. 62, RenAi Rd. (East)",500234046,42,4,20260820T233004,24.95505,121.35407,38,1,4,0,2026-08-21T05:19:36+08:00
新北市,New Taipei City,YouBike2.0_臺鐵鳳鳴站(鶯歌路),鶯歌區,鶯歌路276號(對面),YouBike2.0_Fengming Station (YingGe Rd.),Yingge Dist,"No. 276, YingGe Rd. (Opposite)",500234047,20,7,20260821T051204,24.97189,121.33651,13,1,7,0,2026-08-21T05:19:36+08:00
新北市,New Taipei City,YouBike2.0_光明育智路口,鶯歌區,光明街126號(東南側),YouBike2.0_GuangMing St. & YuZhi Rd. Intersection,Yingge Dist,"No. 126, GuangMing St. (Southeast)",500234048,14,9,20260821T022402,24.95587,121.3456,5,1,8,1,2026-08-21T05:19:36+08:00
新北市,New Taipei City,YouBike2.0_新鳳公園,鶯歌區,鶯桃路二段60號(對側),YouBike2.0_XinFeng Park,Yingge Dist,"No. 60, Sec. 2, YingTao Rd. (Opposite)",500234049,14,6,20260821T050403,24.9732,121.32474,8,1,6,0,2026-08-21T05:19:36+08:00
新北市,New Taipei City,YouBike2.0_鳳鳴機器人公園,鶯歌區,鳳鳴路/福安街7巷24弄口,YouBike2.0_FengMing Robot Park,Yingge Dist,"FengMing Rd. & Aly. 24, Ln. 7, FuAn St.",500234050,17,7,20260821T002104,24.96618,121.33465,10,1,5,2,2026-08-21T05:19:36+08:00
新北市,New Taipei City,YouBike2.0_龍五鳳七路口,鶯歌區,龍五路/鳳七路口,YouBike2.0_Long 5th Rd. & Feng 7th Rd. Intersection,Yingge Dist,Long 5th Rd. & Feng 7th Rd. Intersection,500234051,30,8,20260821T033403,24.97043,121.33101,21,1,6,2,2026-08-21T05:19:36+08:00
新北市,New Taipei City,YouBike2.0_龍鳳夜市,鶯歌區,鳳三路/龍三路(東南側),YouBike2.0_LongFeng Night Market,Yingge Dist,Feng 3rd Rd. & Long 3rd Rd. (Southeast),500234052,30,5,20260821T001901,24.97329,121.33331,25,1,5,0,2026-08-21T05:19:36+08:00
新北市,New Taipei City,YouBike2.0_中湖市民活動中心,鶯歌區,中湖街21號,YouBike2.0_Zhonghu Civic Activity Center,Yingge Dist,"No. 21, ZhongHu St.",500234053,20,12,20260820T234704,24.97298,121.3472,8,1,11,1,2026-08-21T05:19:36+08:00
新北市,New Taipei City,YouBike2.0_鳳一鳳吉一街口,鶯歌區,鳳吉一街259號(旁),YouBike2.0_Feng 1st Rd. & FengJi 1st St. Intersection,Yingge Dist,"No. 259, FengJi 1st St. (Side)",500234054,20,6,20260820T233802,24.97677,121.3317,14,1,6,0,2026-08-21T05:19:36+08:00
新北市,New Taipei City,YouBike2.0_鳳五路122號前,鶯歌區,鳳五路122號前,"YouBike2.0_No. 122, Feng 5th Rd.",Yingge Dist,"No. 122, Feng 5th Rd. (Front)",500234055,18,10,20260820T231602,24.97316,121.32991,8,1,9,1,2026-08-21T05:19:36+08:00
新北市,New Taipei City,YouBike2.0_建國永昌街口,鶯歌區,建國路546號(對面),YouBike2.0_JianGuo Rd. & YongChang St. Intersection,Yingge Dist,"No. 546, JianGuo Rd. (Opposite)",500234056,17,8,20260820T203402,24.95031,121.33831,9,1,4,4,2026-08-21T05:19:36+08:00
新北市,New Taipei City,YouBike2.0_捷運鶯歌車站,鶯歌區,館前路300號(對側),YouBike2.0_MRT Yingge Sta.,Yingge Dist,"No. 300, GuanQian Rd. (Opposite)",500234057,34,10,20260821T014601,24.95322,121.35668,24,1,9,1,2026-08-21T05:19:36+08:00
新北市,New Taipei City,YouBike2.0_鳳三龍七路口,鶯歌區,鳳三路68號,YouBike2.0_Feng 3rd Rd. & Long 7th Rd. Intersection,Yingge Dist,"No. 68, Feng 3rd Rd.",500234058,18,8,20260821T005304,24.97204,121.33467,10,1,8,0,2026-08-21T05:19:36+08:00
新北市,New Taipei City,YouBike2.0_捷運國華站,鶯歌區,國華路45號(對側),YouBike2.0_MRT Guohua Sta.,Yingge Dist,"No. 45, GuoHua Rd. (Opposite)",500234059,24,7,20260821T002304,24.95535,121.34251,17,1,7,0,2026-08-21T05:19:36+08:00
新北市,New Taipei City,YouBike2.0_捷運陶瓷老街站,鶯歌區,捷運陶瓷老街站(重慶街側),YouBike2.0_MRT Ceramics Old Street Sta.,Yingge Dist,MRT Ceramics Old Street Sta. (ChongQing St.),500234060,36,13,20260821T000404,24.95212,121.35065,23,1,13,0,2026-08-21T05:19:36+08:00
新北市,New Taipei City,YouBike2.0_捷運永吉公園站,鶯歌區,鶯桃路296巷口,YouBike2.0_MRT Yongji Park Sta.,Yingge Dist,"Ln. 296, YingTao Rd. Intersection",500234061,47,12,20260820T232602,24.96048,121.33476,35,1,12,0,2026-08-21T05:19:36+08:00
新北市,New Taipei City,YouBike2.0_捷運鶯桃福德站,鶯歌區,福德一路20號(對側),YouBike2.0_MRT Yingtao Fude Sta.,Yingge Dist,"No. 20, FuDe 1st Rd. (Opposite)",500234062,75,22,20260821T040003,24.96704,121.33044,53,1,22,0,2026-08-21T05:19:36+08:00
新北市,New Taipei City,YouBike2.0_捷運國華站(2號出口),鶯歌區,國華路97號(對側),YouBike2.0_MRT Guohua Sta.(Exit 2),Yingge Dist,"No. 97, GuoHua Rd. (Opposite)",500234063,60,21,20260820T195403,24.95374,121.34301,39,1,21,0,2026-08-21T05:19:36+08:00
新北市,New Taipei City,YouBike2.0_鶯歌山水步道停車場,鶯歌區,觀景涼亭停車場,YouBike2.0_YingGe Riverside Trail Car Park,Yingge Dist,YingGe Riverside Trail Car Park,500234064,24,7,20260821T045302,24.93205,121.32825,17,1,6,1,2026-08-21T05:19:36+08:00
新北市,New Taipei City,YouBike2.0_鶯歌環河自行車道,鶯歌區,環河路/甲三街(南側自行車道),YouBike2.0_YingGe Riverside Cycling Route,Yingge Dist,Huanhe Rd. & Jia 3rd St. (South),500234065,20,12,20260820T101904,24.92967,121.33837,8,1,12,0,2026-08-21T05:19:36+08:00
新北市,New Taipei City,YouBike2.0_鶯歌火車站(仁愛路),鶯歌區,仁愛路55號對側,YouBike2.0_Yingge Railway Station(Ren’ai Rd.),Yingge Dist,"No.55, Ren’ai Rd., Yingge Dist.(opposite)",500234001,69,14,20260821T054904,24.95559,121.35441,55,1,14,0,2026-08-21T05:50:57+08:00
新北市,New Taipei City,YouBike2.0_新北市立圖書館鶯歌分館,鶯歌區,中山路150號,YouBike2.0_New Taipei City Library Yingge Branch,Yingge Dist,"No.150, Zhongshan Rd.",500234002,20,7,20260821T054803,24.9572,121.34946,13,1,7,0,2026-08-21T05:50:57+08:00
新北市,New Taipei City,YouBike2.0_文化館前路口,鶯歌區,文化路407號旁,YouBike2.0_Yingge Ceramics Museum,Yingge Dist,"No. 407, Wenhua Rd.",500234003,44,11,20260821T054803,24.94948,121.35291,33,1,11,0,2026-08-21T05:50:57+08:00
新北市,New Taipei City,YouBike2.0_鶯歌國民運動中心,鶯歌區,館前路250號運動中心前,YouBike2.0_Yingge Civil Sports Center,Yingge Dist,"No.250, Guanqian Rd., Yingge Dist.",500234004,38,17,20260821T054904,24.95139,121.35733,21,1,16,1,2026-08-21T05:50:57+08:00
新北市,New Taipei City,YouBike2.0_尖山國中,鶯歌區,國中街1號,YouBike2.0_Municipal Jianshan Junior High School,Yingge Dist,"No.1, Guozhong St., Yingge Dist(sidewalk)",500234005,20,4,20260821T054604,24.94381,121.34207,16,1,4,0,2026-08-21T05:50:57+08:00
新北市,New Taipei City,YouBike2.0_新北市立鶯歌高級工商職業學校,鶯歌區,中正三路154號,YouBike2.0_New Taipei Municipal Yingge Vocational High School,Yingge Dist,"No. 154, Zhongzheng 3rd. Rd",500234006,56,2,20260821T042803,24.93923,121.33488,54,1,2,0,2026-08-21T05:50:57+08:00
新北市,New Taipei City,YouBike2.0_鶯歌國中,鶯歌區,鶯桃路39-5號對側,YouBike2.0_Yingge Junior High chool,Yingge Dist,"No.39-5, Yingtao Rd.(opposite)",500234007,30,5,20260821T054102,24.95119,121.34256,25,1,4,1,2026-08-21T05:50:57+08:00
新北市,New Taipei City,YouBike2.0_永吉國小,鶯歌區,德昌二街39號對側,YouBike2.0_Yongchi elementary school,Yingge Dist,"No.39, Dechang 2nd St., Yingge Dist.",500234008,20,14,20260821T042603,24.95865,121.33308,5,1,12,2,2026-08-21T05:50:57+08:00
新北市,New Taipei City,YouBike2.0_鳳祥公園,鶯歌區,鶯桃路365巷130號對側,YouBike2.0_Fengxiang Park,Yingge Dist,"No.130, Ln. 365, Yingtao Rd., Yingge Dist.",500234009,20,10,20260821T051204,24.96283,121.33025,10,1,8,2,2026-08-21T05:50:57+08:00
新北市,New Taipei City,YouBike2.0_鳳鳴國小,鶯歌區,永和街120號,YouBike2.0_Fengming Elementary School,Yingge Dist,"No.120, Yonghe St., Yingge Dist.",500234010,20,5,20260821T001204,24.9692,121.3347,15,1,5,0,2026-08-21T05:50:57+08:00
新北市,New Taipei City,YouBike2.0_國際二國際一路口,鶯歌區,國際二路與國際一路口,YouBike2.0_Guoji 2nd Guoji 1st Intersection,Yingge Dist,"Guoji 2nd Rd./Guoji 1st Rd., Yingge Dist.",500234011,20,10,20260821T051704,24.97577,121.3353,10,1,10,0,2026-08-21T05:50:57+08:00
新北市,New Taipei City,YouBike2.0_鳳福公園,鶯歌區,鳳吉一街186號(對面),YouBike2.0_Fengfu Park,Yingge Dist,"No. 186, Fengji 1st St., Yingge Dist.(opposite)",500234012,20,10,20260821T052302,24.97572,121.32938,10,1,10,0,2026-08-21T05:50:57+08:00
新北市,New Taipei City,YouBike2.0_尖山公園,鶯歌區,鶯歌區尖山路161號對面,YouBike2.0_Jianshan Park,Yingge Dist,"No.161, Jianshan Rd.(opposite)",500234013,29,18,20260821T053404,24.9482,121.346,11,1,14,4,2026-08-21T05:50:57+08:00
新北市,New Taipei City,YouBike2.0_永昌里兒一公園,鶯歌區,鶯桃路182巷96弄36-38號對側,YouBike2.0_Yongchang Village Children Park (No.1),Yingge Dist,"No.36-38, Aly. 96, Ln. 182, Yingtao Rd.(oppsite)",500234014,20,9,20260821T052503,24.956649374562204,121.33959628800724,10,1,9,0,2026-08-21T05:50:57+08:00
新北市,New Taipei City,YouBike2.0_南雅育智路口,鶯歌區,南雅路491號(對面),YouBike2.0_Nanya & Yuzhi Rd. Intersection,Yingge Dist,"No.491, Nanya Rd., Yingge Dist.(opposite)",500234015,22,11,20260821T050202,24.954,121.346,11,1,9,2,2026-08-21T05:50:57+08:00
新北市,New Taipei City,YouBike2.0_國中二甲路口,鶯歌區,國中街175號(前),YouBike2.0_Guozhong & Erjia Intersection,Yingge Dist,"No. 175, Guozhong St., Yingge Dist.",500234016,20,6,20260821T011302,24.939489067109363,121.33868650698288,14,1,5,1,2026-08-21T05:50:57+08:00
新北市,New Taipei City,YouBike2.0_鶯歌永利街,鶯歌區,永利街16號(對面),YouBike2.0_Yingge Yongli St.,Yingge Dist,"No. 16, Yongli St. Yingge Dist.",500234017,15,6,20260821T053802,24.95495,121.33911,8,1,6,0,2026-08-21T05:50:57+08:00
新北市,New Taipei City,YouBike2.0_二橋虹橋公園,鶯歌區,中正三路400號(對面),YouBike2.0_Erqiaoshiguanghongqiao Park,Yingge Dist,"No. 400, Zhongzheng 3rd Rd.(Opposite)",500234018,10,6,20260820T223504,24.93453,121.32595,4,1,6,0,2026-08-21T05:50:57+08:00
新北市,New Taipei City,YouBike2.0_鳳吉四鳳七路口(捷士匯社區),鶯歌區,鳳吉四街57-75號(旁),YouBike2.0_Fengji 4th & Feng 7th Rd. Intersection,Yingge Dist,"No. 57-75, Fengji 4th St.",500234021,40,16,20260821T054102,24.97383,121.32769,24,1,14,2,2026-08-21T05:50:57+08:00
新北市,New Taipei City,YouBike2.0_鶯歌老街第二停車場,鶯歌區,尖山埔路27-31號(對面),YouBike2.0_Yingge Old Street 2nd Parking Lot,Yingge Dist,"No. 27-31, Jianshanpu Rd.(Opposite)",500234022,20,3,20260821T004003,24.94895,121.34227,16,1,2,1,2026-08-21T05:50:57+08:00
新北市,New Taipei City,YouBike2.0_建國中正一路口(北鶯社區),鶯歌區,建國路6號(對面空地),YouBike2.0_Jianguo Zhongzheng 1st Rd. Intersection,Yingge Dist,"No. 6, Jianguo Rd.(Opposite)",500234023,20,4,20260821T045003,24.95658,121.35692,16,1,3,1,2026-08-21T05:50:57+08:00
新北市,New Taipei City,YouBike2.0_三鶯水資源回收中心,鶯歌區,館前路360號(旁),YouBike2.0_Sanying Water Recycling Center,Yingge Dist,"No. 360, Guanqian Rd.",500234024,14,7,20260821T054504,24.95535,121.35996,6,1,5,2,2026-08-21T05:50:57+08:00
新北市,New Taipei City,YouBike2.0_永和街65巷口,鶯歌區,永和街75號,"YouBike2.0_Ln. 65, Yonghe St. Intersection",Yingge Dist,"No. 75, Yonghe St.",500234025,37,16,20260821T053802,24.96798,121.3331413,21,1,16,0,2026-08-21T05:50:57+08:00
新北市,New Taipei City,YouBike2.0_鶯歌陶瓷博物館,鶯歌區,文化路200號(旁),YouBike2.0_Yingge Ceramics Museum(Wenhua Rd.),Yingge Dist,"No. 200, Wenhua Rd.",500234026,22,3,20260820T223903,24.95012,121.35245,19,1,3,0,2026-08-21T05:50:57+08:00
新北市,New Taipei City,YouBike2.0_礫間停車場,鶯歌區,礫間停車場,YouBike2.0_Lijian Parking,Yingge Dist,Lijian Parking,500234028,20,8,20260820T210703,24.9518,121.35445,12,1,8,0,2026-08-21T05:50:57+08:00
新北市,New Taipei City,YouBike2.0_北鶯停車場,鶯歌區,北鶯停車場,YouBike2.0_Beiying Parking,Yingge Dist,Beiying Parking,500234029,20,11,20260820T214403,24.95567,121.35992,9,1,11,0,2026-08-21T05:50:57+08:00
新北市,New Taipei City,YouBike2.0_育英建國路口,鶯歌區,建國路280號(旁),YouBike2.0_Yuying Jianguo Rd. Intersection,Yingge Dist,"No. 280, Jianguo Rd.",500234030,12,5,20260821T051004,24.95356,121.34693,7,1,4,1,2026-08-21T05:50:57+08:00
新北市,New Taipei City,YouBike2.0_中正一仁愛路口,鶯歌區,中正一路181號(對面),YouBike2.0_Zhongzheng 1st & Ren'ai Rd Intersection,Yingge Dist,"No. 181, Zhongzheng 1st Rd.(Opposite)",500234031,15,3,20260821T052503,24.95672,121.3532,12,1,3,0,2026-08-21T05:50:57+08:00
新北市,New Taipei City,YouBike2.0_建國國小,鶯歌區,育英街19號(旁),YouBike2.0_Jianguo Elementary School,Yingge Dist,"No. 19, Yuying St.",500234032,15,5,20260821T052703,24.95521,121.34727,10,1,5,0,2026-08-21T05:50:57+08:00
新北市,New Taipei City,YouBike2.0_光明橋,鶯歌區,永明街78號(旁),YouBike2.0_Guang-ming bridge,Yingge Dist,"No. 78, Yongming St., Yingge Dist.(side)",500234033,14,6,20260821T050702,24.95577,121.34128,8,1,6,0,2026-08-21T05:50:57+08:00
新北市,New Taipei City,YouBike2.0_二橋派出所,鶯歌區,高職西街/中正三路口(西北側),YouBike2.0_Erqiao Police Station,Yingge Dist,"Gaozhi W. St. & Zhongzheng 3rd Rd., Yingge Dist. (west side)",500234034,11,3,20260821T054803,24.94216,121.33884,8,1,3,0,2026-08-21T05:50:57+08:00
新北市,New Taipei City,YouBike2.0_國中高職東街口,鶯歌區,國中路113至117-3號(對面),YouBike2.0_Guozhong & Gaozhi E. Intersection,Yingge Dist,"No. 113, Guozhong St., Yingge Dist.(opposite)",500234035,15,5,20260821T054202,24.94117,121.34116,10,1,5,0,2026-08-21T05:50:57+08:00
新北市,New Taipei City,YouBike2.0_尖山路高厝巷口,鶯歌區,尖山路276-5號(旁),YouBike2.0_Gaocuo Ln. Jianshan Rd.,Yingge Dist,"No. 276-5, Jianshan Rd. (Side)",500234036,15,9,20260821T054003,24.94495,121.34102,6,1,7,2,2026-08-21T05:50:57+08:00
新北市,New Taipei City,YouBike2.0_公八停車場,鶯歌區,國華路53號(對面),YouBike2.0_Public 8th Parking Lot,Yingge Dist,"No.53, Guohua Rd. (opposite)",500234037,15,8,20260821T054202,24.95515,121.34285,7,1,8,0,2026-08-21T05:50:57+08:00
新北市,New Taipei City,YouBike2.0_龍三鳳鳴路口,鶯歌區,鳳鳴路541號,YouBike2.0_Long 3rd. Rd. & Fengming Rd. Intersection,Yingge Dist,"No. 541, Fengming Rd.",500234038,18,13,20260820T222603,24.97286,121.33137,5,1,13,0,2026-08-21T05:50:57+08:00
新北市,New Taipei City,YouBike2.0_鳳福鳳三路口,鶯歌區,鳳三路360號,YouBike2.0_Fengfu Rd. & Feng 3rd. Rd. Intersection,Yingge Dist,"No. 360, Feng 3rd Rd.",500234039,22,9,20260821T045203,24.97567,121.33143,13,1,9,0,2026-08-21T05:50:57+08:00
新北市,New Taipei City,YouBike2.0_北鶯公園,鶯歌區,成功街20巷19號(旁),YouBike2.0_Beiying Park,Yingge Dist,"No. 19, Ln. 20, Chenggong St. (Side)",500234040,15,2,20260821T054504,24.95777,121.35942,13,1,1,1,2026-08-21T05:50:57+08:00
新北市,New Taipei City,YouBike2.0_鶯歌火車站(文化路),鶯歌區,文化路/文化路115巷(北側),YouBike2.0_Yingge Station (Wenhua Rd.),Yingge Dist,"Ln. 115, Wenhua Rd. Intersection (North)",500234041,25,17,20260821T052703,24.95536,121.35697,8,1,17,0,2026-08-21T05:50:57+08:00
新北市,New Taipei City,YouBike2.0_鳳七鶯歌路口,鶯歌區,鶯歌路101-107號(旁),YouBike2.0_Feng 7th Rd. & Yingge Rd. Intersection,Yingge Dist,"No. 101-107, Yingge Rd. (Side)",500234042,11,5,20260821T042102,24.96916,121.33193,6,1,3,2,2026-08-21T05:50:57+08:00
新北市,New Taipei City,YouBike2.0_國際一路112巷口,鶯歌區,國際一路167號(前),"YouBike2.0_Ln. 112, GuoJi 1st Rd.",Yingge Dist,"No. 167, GuoJi 1st Rd. (Front)",500234043,15,10,20260821T042003,24.97667,121.33579,5,1,8,2,2026-08-21T05:50:57+08:00
新北市,New Taipei City,YouBike2.0_臺鐵鳳鳴站,鶯歌區,鳳一路/鶯歌路口,YouBike2.0_Fengming Station,Yingge Dist,Feng 1st Rd. & YingGe Rd.,500234044,40,0,20260819T210005,24.97227,121.33674,0,0,0,0,2026-08-21T05:50:57+08:00
新北市,New Taipei City,YouBike2.0_鶯歌陶瓷老街,鶯歌區,重慶街/國慶街(西南側),YouBike2.0_YingGe Old Street,Yingge Dist,ChongQing St. & GuoQing St. (Southwest),500234045,33,16,20260820T223402,24.95219,121.351,17,1,16,0,2026-08-21T05:50:57+08:00
新北市,New Taipei City,YouBike2.0_鶯歌火車站(仁愛路62號),鶯歌區,仁愛路62號(東側),"YouBike2.0_YingGe Station (No. 62, RenAi Rd.)",Yingge Dist,"No. 62, RenAi Rd. (East)",500234046,42,12,20260821T054803,24.95505,121.35407,30,1,11,1,2026-08-21T05:50:57+08:00
新北市,New Taipei City,YouBike2.0_臺鐵鳳鳴站(鶯歌路),鶯歌區,鶯歌路276號(對面),YouBike2.0_Fengming Station (YingGe Rd.),Yingge Dist,"No. 276, YingGe Rd. (Opposite)",500234047,20,0,20260821T054118,24.97189,121.33651,20,1,0,0,2026-08-21T05:50:57+08:00
新北市,New Taipei City,YouBike2.0_光明育智路口,鶯歌區,光明街126號(東南側),YouBike2.0_GuangMing St. & YuZhi Rd. Intersection,Yingge Dist,"No. 126, GuangMing St. (Southeast)",500234048,14,8,20260821T052104,24.95587,121.3456,6,1,8,0,2026-08-21T05:50:57+08:00
新北市,New Taipei City,YouBike2.0_新鳳公園,鶯歌區,鶯桃路二段60號(對側),YouBike2.0_XinFeng Park,Yingge Dist,"No. 60, Sec. 2, YingTao Rd. (Opposite)",500234049,14,6,20260821T054003,24.9732,121.32474,8,1,6,0,2026-08-21T05:50:57+08:00
新北市,New Taipei City,YouBike2.0_鳳鳴機器人公園,鶯歌區,鳳鳴路/福安街7巷24弄口,YouBike2.0_FengMing Robot Park,Yingge Dist,"FengMing Rd. & Aly. 24, Ln. 7, FuAn St.",500234050,17,8,20260821T052003,24.96618,121.33465,9,1,5,3,2026-08-21T05:50:57+08:00
新北市,New Taipei City,YouBike2.0_龍五鳳七路口,鶯歌區,龍五路/鳳七路口,YouBike2.0_Long 5th Rd. & Feng 7th Rd. Intersection,Yingge Dist,Long 5th Rd. & Feng 7th Rd. Intersection,500234051,30,7,20260821T052003,24.97043,121.33101,22,1,5,2,2026-08-21T05:50:57+08:00
新北市,New Taipei City,YouBike2.0_龍鳳夜市,鶯歌區,鳳三路/龍三路(東南側),YouBike2.0_LongFeng Night Market,Yingge Dist,Feng 3rd Rd. & Long 3rd Rd. (Southeast),500234052,30,5,20260821T001901,24.97329,121.33331,25,1,5,0,2026-08-21T05:50:57+08:00
新北市,New Taipei City,YouBike2.0_中湖市民活動中心,鶯歌區,中湖街21號,YouBike2.0_Zhonghu Civic Activity Center,Yingge Dist,"No. 21, ZhongHu St.",500234053,20,12,20260820T234704,24.97298,121.3472,8,1,11,1,2026-08-21T05:50:57+08:00
新北市,New Taipei City,YouBike2.0_鳳一鳳吉一街口,鶯歌區,鳳吉一街259號(旁),YouBike2.0_Feng 1st Rd. & FengJi 1st St. Intersection,Yingge Dist,"No. 259, FengJi 1st St. (Side)",500234054,20,6,20260820T233802,24.97677,121.3317,14,1,6,0,2026-08-21T05:50:57+08:00
新北市,New Taipei City,YouBike2.0_鳳五路122號前,鶯歌區,鳳五路122號前,"YouBike2.0_No. 122, Feng 5th Rd.",Yingge Dist,"No. 122, Feng 5th Rd. (Front)",500234055,18,10,20260820T231602,24.97316,121.32991,8,1,9,1,2026-08-21T05:50:57+08:00
新北市,New Taipei City,YouBike2.0_建國永昌街口,鶯歌區,建國路546號(對面),YouBike2.0_JianGuo Rd. & YongChang St. Intersection,Yingge Dist,"No. 546, JianGuo Rd. (Opposite)",500234056,17,8,20260820T203402,24.95031,121.33831,9,1,4,4,2026-08-21T05:50:57+08:00
新北市,New Taipei City,YouBike2.0_捷運鶯歌車站,鶯歌區,館前路300號(對側),YouBike2.0_MRT Yingge Sta.,Yingge Dist,"No. 300, GuanQian Rd. (Opposite)",500234057,34,9,20260821T054703,24.95322,121.35668,25,1,8,1,2026-08-21T05:50:57+08:00
新北市,New Taipei City,YouBike2.0_鳳三龍七路口,鶯歌區,鳳三路68號,YouBike2.0_Feng 3rd Rd. & Long 7th Rd. Intersection,Yingge Dist,"No. 68, Feng 3rd Rd.",500234058,18,9,20260821T051503,24.97204,121.33467,9,1,9,0,2026-08-21T05:50:57+08:00
新北市,New Taipei City,YouBike2.0_捷運國華站,鶯歌區,國華路45號(對側),YouBike2.0_MRT Guohua Sta.,Yingge Dist,"No. 45, GuoHua Rd. (Opposite)",500234059,24,7,20260821T002304,24.95535,121.34251,17,1,7,0,2026-08-21T05:50:57+08:00
新北市,New Taipei City,YouBike2.0_捷運陶瓷老街站,鶯歌區,捷運陶瓷老街站(重慶街側),YouBike2.0_MRT Ceramics Old Street Sta.,Yingge Dist,MRT Ceramics Old Street Sta. (ChongQing St.),500234060,36,13,20260821T000404,24.95212,121.35065,23,1,13,0,2026-08-21T05:50:57+08:00
新北市,New Taipei City,YouBike2.0_捷運永吉公園站,鶯歌區,鶯桃路296巷口,YouBike2.0_MRT Yongji Park Sta.,Yingge Dist,"Ln. 296, YingTao Rd. Intersection",500234061,47,12,20260820T232602,24.96048,121.33476,35,1,12,0,2026-08-21T05:50:57+08:00
新北市,New Taipei City,YouBike2.0_捷運鶯桃福德站,鶯歌區,福德一路20號(對側),YouBike2.0_MRT Yingtao Fude Sta.,Yingge Dist,"No. 20, FuDe 1st Rd. (Opposite)",500234062,75,23,20260821T053903,24.96704,121.33044,52,1,23,0,2026-08-21T05:50:57+08:00
新北市,New Taipei City,YouBike2.0_捷運國華站(2號出口),鶯歌區,國華路97號(對側),YouBike2.0_MRT Guohua Sta.(Exit 2),Yingge Dist,"No. 97, GuoHua Rd. (Opposite)",500234063,60,21,20260820T195403,24.95374,121.34301,39,1,21,0,2026-08-21T05:50:57+08:00
新北市,New Taipei City,YouBike2.0_鶯歌山水步道停車場,鶯歌區,觀景涼亭停車場,YouBike2.0_YingGe Riverside Trail Car Park,Yingge Dist,YingGe Riverside Trail Car Park,500234064,24,7,20260821T045302,24.93205,121.32825,17,1,6,1,2026-08-21T05:50:57+08:00
新北市,New Taipei City,YouBike2.0_鶯歌環河自行車道,鶯歌區,環河路/甲三街(南側自行車道),YouBike2.0_YingGe Riverside Cycling Route,Yingge Dist,Huanhe Rd. & Jia 3rd St. (South),500234065,20,12,20260820T101904,24.92967,121.33837,8,1,12,0,2026-08-21T05:50:57+08:00
新北市,New Taipei City,YouBike2.0_鶯歌火車站(仁愛路),鶯歌區,仁愛路55號對側,YouBike2.0_Yingge Railway Station(Ren’ai Rd.),Yingge Dist,"No.55, Ren’ai Rd., Yingge Dist.(opposite)",500234001,69,20,20260821T061003,24.95559,121.35441,49,1,20,0,2026-08-21T06:18:01+08:00
新北市,New Taipei City,YouBike2.0_新北市立圖書館鶯歌分館,鶯歌區,中山路150號,YouBike2.0_New Taipei City Library Yingge Branch,Yingge Dist,"No.150, Zhongshan Rd.",500234002,20,4,20260821T060802,24.9572,121.34946,16,1,4,0,2026-08-21T06:18:01+08:00
新北市,New Taipei City,YouBike2.0_文化館前路口,鶯歌區,文化路407號旁,YouBike2.0_Yingge Ceramics Museum,Yingge Dist,"No. 407, Wenhua Rd.",500234003,44,12,20260821T060504,24.94948,121.35291,32,1,12,0,2026-08-21T06:18:01+08:00
新北市,New Taipei City,YouBike2.0_鶯歌國民運動中心,鶯歌區,館前路250號運動中心前,YouBike2.0_Yingge Civil Sports Center,Yingge Dist,"No.250, Guanqian Rd., Yingge Dist.",500234004,38,20,20260821T061202,24.95139,121.35733,18,1,19,1,2026-08-21T06:18:01+08:00
新北市,New Taipei City,YouBike2.0_尖山國中,鶯歌區,國中街1號,YouBike2.0_Municipal Jianshan Junior High School,Yingge Dist,"No.1, Guozhong St., Yingge Dist(sidewalk)",500234005,20,3,20260821T060402,24.94381,121.34207,17,1,3,0,2026-08-21T06:18:01+08:00
新北市,New Taipei City,YouBike2.0_新北市立鶯歌高級工商職業學校,鶯歌區,中正三路154號,YouBike2.0_New Taipei Municipal Yingge Vocational High School,Yingge Dist,"No. 154, Zhongzheng 3rd. Rd",500234006,56,2,20260821T042803,24.93923,121.33488,54,1,2,0,2026-08-21T06:18:01+08:00
新北市,New Taipei City,YouBike2.0_鶯歌國中,鶯歌區,鶯桃路39-5號對側,YouBike2.0_Yingge Junior High chool,Yingge Dist,"No.39-5, Yingtao Rd.(opposite)",500234007,30,4,20260821T060702,24.95119,121.34256,26,1,2,2,2026-08-21T06:18:01+08:00
新北市,New Taipei City,YouBike2.0_永吉國小,鶯歌區,德昌二街39號對側,YouBike2.0_Yongchi elementary school,Yingge Dist,"No.39, Dechang 2nd St., Yingge Dist.",500234008,20,12,20260821T055902,24.95865,121.33308,7,1,10,2,2026-08-21T06:18:01+08:00
新北市,New Taipei City,YouBike2.0_鳳祥公園,鶯歌區,鶯桃路365巷130號對側,YouBike2.0_Fengxiang Park,Yingge Dist,"No.130, Ln. 365, Yingtao Rd., Yingge Dist.",500234009,20,10,20260821T051204,24.96283,121.33025,10,1,8,2,2026-08-21T06:18:01+08:00
新北市,New Taipei City,YouBike2.0_鳳鳴國小,鶯歌區,永和街120號,YouBike2.0_Fengming Elementary School,Yingge Dist,"No.120, Yonghe St., Yingge Dist.",500234010,20,4,20260821T061302,24.9692,121.3347,16,1,4,0,2026-08-21T06:18:01+08:00
新北市,New Taipei City,YouBike2.0_國際二國際一路口,鶯歌區,國際二路與國際一路口,YouBike2.0_Guoji 2nd Guoji 1st Intersection,Yingge Dist,"Guoji 2nd Rd./Guoji 1st Rd., Yingge Dist.",500234011,20,10,20260821T051704,24.97577,121.3353,10,1,10,0,2026-08-21T06:18:01+08:00
新北市,New Taipei City,YouBike2.0_鳳福公園,鶯歌區,鳳吉一街186號(對面),YouBike2.0_Fengfu Park,Yingge Dist,"No. 186, Fengji 1st St., Yingge Dist.(opposite)",500234012,20,8,20260821T061202,24.97572,121.32938,12,1,8,0,2026-08-21T06:18:01+08:00
新北市,New Taipei City,YouBike2.0_尖山公園,鶯歌區,鶯歌區尖山路161號對面,YouBike2.0_Jianshan Park,Yingge Dist,"No.161, Jianshan Rd.(opposite)",500234013,29,17,20260821T055204,24.9482,121.346,12,1,13,4,2026-08-21T06:18:01+08:00
新北市,New Taipei City,YouBike2.0_永昌里兒一公園,鶯歌區,鶯桃路182巷96弄36-38號對側,YouBike2.0_Yongchang Village Children Park (No.1),Yingge Dist,"No.36-38, Aly. 96, Ln. 182, Yingtao Rd.(oppsite)",500234014,20,9,20260821T052503,24.956649374562204,121.33959628800724,10,1,9,0,2026-08-21T06:18:01+08:00
新北市,New Taipei City,YouBike2.0_南雅育智路口,鶯歌區,南雅路491號(對面),YouBike2.0_Nanya & Yuzhi Rd. Intersection,Yingge Dist,"No.491, Nanya Rd., Yingge Dist.(opposite)",500234015,22,9,20260821T061302,24.954,121.346,13,1,7,2,2026-08-21T06:18:01+08:00
新北市,New Taipei City,YouBike2.0_國中二甲路口,鶯歌區,國中街175號(前),YouBike2.0_Guozhong & Erjia Intersection,Yingge Dist,"No. 175, Guozhong St., Yingge Dist.",500234016,20,5,20260821T060702,24.939489067109363,121.33868650698288,15,1,4,1,2026-08-21T06:18:01+08:00
新北市,New Taipei City,YouBike2.0_鶯歌永利街,鶯歌區,永利街16號(對面),YouBike2.0_Yingge Yongli St.,Yingge Dist,"No. 16, Yongli St. Yingge Dist.",500234017,15,6,20260821T053802,24.95495,121.33911,8,1,6,0,2026-08-21T06:18:01+08:00
新北市,New Taipei City,YouBike2.0_二橋虹橋公園,鶯歌區,中正三路400號(對面),YouBike2.0_Erqiaoshiguanghongqiao Park,Yingge Dist,"No. 400, Zhongzheng 3rd Rd.(Opposite)",500234018,10,6,20260820T223504,24.93453,121.32595,4,1,6,0,2026-08-21T06:18:01+08:00
新北市,New Taipei City,YouBike2.0_鳳吉四鳳七路口(捷士匯社區),鶯歌區,鳳吉四街57-75號(旁),YouBike2.0_Fengji 4th & Feng 7th Rd. Intersection,Yingge Dist,"No. 57-75, Fengji 4th St.",500234021,40,14,20260821T055204,24.97383,121.32769,26,1,12,2,2026-08-21T06:18:01+08:00
新北市,New Taipei City,YouBike2.0_鶯歌老街第二停車場,鶯歌區,尖山埔路27-31號(對面),YouBike2.0_Yingge Old Street 2nd Parking Lot,Yingge Dist,"No. 27-31, Jianshanpu Rd.(Opposite)",500234022,20,12,20260821T055802,24.94895,121.34227,7,1,11,1,2026-08-21T06:18:01+08:00
新北市,New Taipei City,YouBike2.0_建國中正一路口(北鶯社區),鶯歌區,建國路6號(對面空地),YouBike2.0_Jianguo Zhongzheng 1st Rd. Intersection,Yingge Dist,"No. 6, Jianguo Rd.(Opposite)",500234023,20,4,20260821T045003,24.95658,121.35692,16,1,3,1,2026-08-21T06:18:01+08:00
新北市,New Taipei City,YouBike2.0_三鶯水資源回收中心,鶯歌區,館前路360號(旁),YouBike2.0_Sanying Water Recycling Center,Yingge Dist,"No. 360, Guanqian Rd.",500234024,14,7,20260821T054504,24.95535,121.35996,6,1,5,2,2026-08-21T06:18:01+08:00
新北市,New Taipei City,YouBike2.0_永和街65巷口,鶯歌區,永和街75號,"YouBike2.0_Ln. 65, Yonghe St. Intersection",Yingge Dist,"No. 75, Yonghe St.",500234025,37,14,20260821T061302,24.96798,121.3331413,23,1,14,0,2026-08-21T06:18:01+08:00
新北市,New Taipei City,YouBike2.0_鶯歌陶瓷博物館,鶯歌區,文化路200號(旁),YouBike2.0_Yingge Ceramics Museum(Wenhua Rd.),Yingge Dist,"No. 200, Wenhua Rd.",500234026,22,4,20260821T055204,24.95012,121.35245,18,1,4,0,2026-08-21T06:18:01+08:00
新北市,New Taipei City,YouBike2.0_礫間停車場,鶯歌區,礫間停車場,YouBike2.0_Lijian Parking,Yingge Dist,Lijian Parking,500234028,20,8,20260820T210703,24.9518,121.35445,12,1,8,0,2026-08-21T06:18:01+08:00
新北市,New Taipei City,YouBike2.0_北鶯停車場,鶯歌區,北鶯停車場,YouBike2.0_Beiying Parking,Yingge Dist,Beiying Parking,500234029,20,11,20260820T214403,24.95567,121.35992,9,1,11,0,2026-08-21T06:18:01+08:00
新北市,New Taipei City,YouBike2.0_育英建國路口,鶯歌區,建國路280號(旁),YouBike2.0_Yuying Jianguo Rd. Intersection,Yingge Dist,"No. 280, Jianguo Rd.",500234030,12,5,20260821T051004,24.95356,121.34693,7,1,4,1,2026-08-21T06:18:01+08:00
新北市,New Taipei City,YouBike2.0_中正一仁愛路口,鶯歌區,中正一路181號(對面),YouBike2.0_Zhongzheng 1st & Ren'ai Rd Intersection,Yingge Dist,"No. 181, Zhongzheng 1st Rd.(Opposite)",500234031,15,7,20260821T060603,24.95672,121.3532,8,1,7,0,2026-08-21T06:18:01+08:00
新北市,New Taipei City,YouBike2.0_建國國小,鶯歌區,育英街19號(旁),YouBike2.0_Jianguo Elementary School,Yingge Dist,"No. 19, Yuying St.",500234032,15,5,20260821T052703,24.95521,121.34727,10,1,5,0,2026-08-21T06:18:01+08:00
新北市,New Taipei City,YouBike2.0_光明橋,鶯歌區,永明街78號(旁),YouBike2.0_Guang-ming bridge,Yingge Dist,"No. 78, Yongming St., Yingge Dist.(side)",500234033,14,3,20260821T061302,24.95577,121.34128,11,1,3,0,2026-08-21T06:18:01+08:00
新北市,New Taipei City,YouBike2.0_二橋派出所,鶯歌區,高職西街/中正三路口(西北側),YouBike2.0_Erqiao Police Station,Yingge Dist,"Gaozhi W. St. & Zhongzheng 3rd Rd., Yingge Dist. (west side)",500234034,11,4,20260821T061202,24.94216,121.33884,7,1,3,1,2026-08-21T06:18:01+08:00
新北市,New Taipei City,YouBike2.0_國中高職東街口,鶯歌區,國中路113至117-3號(對面),YouBike2.0_Guozhong & Gaozhi E. Intersection,Yingge Dist,"No. 113, Guozhong St., Yingge Dist.(opposite)",500234035,15,5,20260821T054202,24.94117,121.34116,10,1,5,0,2026-08-21T06:18:01+08:00
新北市,New Taipei City,YouBike2.0_尖山路高厝巷口,鶯歌區,尖山路276-5號(旁),YouBike2.0_Gaocuo Ln. Jianshan Rd.,Yingge Dist,"No. 276-5, Jianshan Rd. (Side)",500234036,15,7,20260821T060204,24.94495,121.34102,8,1,6,1,2026-08-21T06:18:01+08:00
新北市,New Taipei City,YouBike2.0_公八停車場,鶯歌區,國華路53號(對面),YouBike2.0_Public 8th Parking Lot,Yingge Dist,"No.53, Guohua Rd. (opposite)",500234037,15,8,20260821T054202,24.95515,121.34285,7,1,8,0,2026-08-21T06:18:01+08:00
新北市,New Taipei City,YouBike2.0_龍三鳳鳴路口,鶯歌區,鳳鳴路541號,YouBike2.0_Long 3rd. Rd. & Fengming Rd. Intersection,Yingge Dist,"No. 541, Fengming Rd.",500234038,18,11,20260821T061202,24.97286,121.33137,7,1,11,0,2026-08-21T06:18:01+08:00
新北市,New Taipei City,YouBike2.0_鳳福鳳三路口,鶯歌區,鳳三路360號,YouBike2.0_Fengfu Rd. & Feng 3rd. Rd. Intersection,Yingge Dist,"No. 360, Feng 3rd Rd.",500234039,22,7,20260821T061202,24.97567,121.33143,15,1,7,0,2026-08-21T06:18:01+08:00
新北市,New Taipei City,YouBike2.0_北鶯公園,鶯歌區,成功街20巷19號(旁),YouBike2.0_Beiying Park,Yingge Dist,"No. 19, Ln. 20, Chenggong St. (Side)",500234040,15,1,20260821T060702,24.95777,121.35942,14,1,0,1,2026-08-21T06:18:01+08:00
新北市,New Taipei City,YouBike2.0_鶯歌火車站(文化路),鶯歌區,文化路/文化路115巷(北側),YouBike2.0_Yingge Station (Wenhua Rd.),Yingge Dist,"Ln. 115, Wenhua Rd. Intersection (North)",500234041,25,17,20260821T052703,24.95536,121.35697,8,1,17,0,2026-08-21T06:18:01+08:00
新北市,New Taipei City,YouBike2.0_鳳七鶯歌路口,鶯歌區,鶯歌路101-107號(旁),YouBike2.0_Feng 7th Rd. & Yingge Rd. Intersection,Yingge Dist,"No. 101-107, Yingge Rd. (Side)",500234042,11,5,20260821T042102,24.96916,121.33193,6,1,3,2,2026-08-21T06:18:01+08:00
新北市,New Taipei City,YouBike2.0_國際一路112巷口,鶯歌區,國際一路167號(前),"YouBike2.0_Ln. 112, GuoJi 1st Rd.",Yingge Dist,"No. 167, GuoJi 1st Rd. (Front)",500234043,15,9,20260821T060603,24.97667,121.33579,6,1,7,2,2026-08-21T06:18:01+08:00
新北市,New Taipei City,YouBike2.0_臺鐵鳳鳴站,鶯歌區,鳳一路/鶯歌路口,YouBike2.0_Fengming Station,Yingge Dist,Feng 1st Rd. & YingGe Rd.,500234044,40,0,20260819T210005,24.97227,121.33674,0,0,0,0,2026-08-21T06:18:01+08:00
新北市,New Taipei City,YouBike2.0_鶯歌陶瓷老街,鶯歌區,重慶街/國慶街(西南側),YouBike2.0_YingGe Old Street,Yingge Dist,ChongQing St. & GuoQing St. (Southwest),500234045,33,16,20260820T223402,24.95219,121.351,17,1,16,0,2026-08-21T06:18:01+08:00
新北市,New Taipei City,YouBike2.0_鶯歌火車站(仁愛路62號),鶯歌區,仁愛路62號(東側),"YouBike2.0_YingGe Station (No. 62, RenAi Rd.)",Yingge Dist,"No. 62, RenAi Rd. (East)",500234046,42,16,20260821T061202,24.95505,121.35407,26,1,15,1,2026-08-21T06:18:01+08:00
新北市,New Taipei City,YouBike2.0_臺鐵鳳鳴站(鶯歌路),鶯歌區,鶯歌路276號(對面),YouBike2.0_Fengming Station (YingGe Rd.),Yingge Dist,"No. 276, YingGe Rd. (Opposite)",500234047,20,9,20260821T061102,24.97189,121.33651,11,1,9,0,2026-08-21T06:18:01+08:00
新北市,New Taipei City,YouBike2.0_光明育智路口,鶯歌區,光明街126號(東南側),YouBike2.0_GuangMing St. & YuZhi Rd. Intersection,Yingge Dist,"No. 126, GuangMing St. (Southeast)",500234048,14,7,20260821T055703,24.95587,121.3456,7,1,7,0,2026-08-21T06:18:01+08:00
新北市,New Taipei City,YouBike2.0_新鳳公園,鶯歌區,鶯桃路二段60號(對側),YouBike2.0_XinFeng Park,Yingge Dist,"No. 60, Sec. 2, YingTao Rd. (Opposite)",500234049,14,6,20260821T054003,24.9732,121.32474,8,1,6,0,2026-08-21T06:18:01+08:00
新北市,New Taipei City,YouBike2.0_鳳鳴機器人公園,鶯歌區,鳳鳴路/福安街7巷24弄口,YouBike2.0_FengMing Robot Park,Yingge Dist,"FengMing Rd. & Aly. 24, Ln. 7, FuAn St.",500234050,17,7,20260821T055803,24.96618,121.33465,10,1,4,3,2026-08-21T06:18:01+08:00
新北市,New Taipei City,YouBike2.0_龍五鳳七路口,鶯歌區,龍五路/鳳七路口,YouBike2.0_Long 5th Rd. & Feng 7th Rd. Intersection,Yingge Dist,Long 5th Rd. & Feng 7th Rd. Intersection,500234051,30,6,20260821T060302,24.97043,121.33101,23,1,4,2,2026-08-21T06:18:01+08:00
新北市,New Taipei City,YouBike2.0_龍鳳夜市,鶯歌區,鳳三路/龍三路(東南側),YouBike2.0_LongFeng Night Market,Yingge Dist,Feng 3rd Rd. & Long 3rd Rd. (Southeast),500234052,30,5,20260821T001901,24.97329,121.33331,25,1,5,0,2026-08-21T06:18:01+08:00
新北市,New Taipei City,YouBike2.0_中湖市民活動中心,鶯歌區,中湖街21號,YouBike2.0_Zhonghu Civic Activity Center,Yingge Dist,"No. 21, ZhongHu St.",500234053,20,12,20260820T234704,24.97298,121.3472,8,1,11,1,2026-08-21T06:18:01+08:00
新北市,New Taipei City,YouBike2.0_鳳一鳳吉一街口,鶯歌區,鳳吉一街259號(旁),YouBike2.0_Feng 1st Rd. & FengJi 1st St. Intersection,Yingge Dist,"No. 259, FengJi 1st St. (Side)",500234054,20,5,20260821T060504,24.97677,121.3317,15,1,5,0,2026-08-21T06:18:01+08:00
新北市,New Taipei City,YouBike2.0_鳳五路122號前,鶯歌區,鳳五路122號前,"YouBike2.0_No. 122, Feng 5th Rd.",Yingge Dist,"No. 122, Feng 5th Rd. (Front)",500234055,18,8,20260821T060302,24.97316,121.32991,10,1,7,1,2026-08-21T06:18:01+08:00
新北市,New Taipei City,YouBike2.0_建國永昌街口,鶯歌區,建國路546號(對面),YouBike2.0_JianGuo Rd. & YongChang St. Intersection,Yingge Dist,"No. 546, JianGuo Rd. (Opposite)",500234056,17,8,20260820T203402,24.95031,121.33831,9,1,4,4,2026-08-21T06:18:01+08:00
新北市,New Taipei City,YouBike2.0_捷運鶯歌車站,鶯歌區,館前路300號(對側),YouBike2.0_MRT Yingge Sta.,Yingge Dist,"No. 300, GuanQian Rd. (Opposite)",500234057,34,8,20260821T055103,24.95322,121.35668,26,1,7,1,2026-08-21T06:18:01+08:00
新北市,New Taipei City,YouBike2.0_鳳三龍七路口,鶯歌區,鳳三路68號,YouBike2.0_Feng 3rd Rd. & Long 7th Rd. Intersection,Yingge Dist,"No. 68, Feng 3rd Rd.",500234058,18,12,20260821T061003,24.97204,121.33467,6,1,12,0,2026-08-21T06:18:01+08:00
新北市,New Taipei City,YouBike2.0_捷運國華站,鶯歌區,國華路45號(對側),YouBike2.0_MRT Guohua Sta.,Yingge Dist,"No. 45, GuoHua Rd. (Opposite)",500234059,24,8,20260821T060004,24.95535,121.34251,16,1,8,0,2026-08-21T06:18:01+08:00
新北市,New Taipei City,YouBike2.0_捷運陶瓷老街站,鶯歌區,捷運陶瓷老街站(重慶街側),YouBike2.0_MRT Ceramics Old Street Sta.,Yingge Dist,MRT Ceramics Old Street Sta. (ChongQing St.),500234060,36,13,20260821T000404,24.95212,121.35065,23,1,13,0,2026-08-21T06:18:01+08:00
新北市,New Taipei City,YouBike2.0_捷運永吉公園站,鶯歌區,鶯桃路296巷口,YouBike2.0_MRT Yongji Park Sta.,Yingge Dist,"Ln. 296, YingTao Rd. Intersection",500234061,47,12,20260820T232602,24.96048,121.33476,35,1,12,0,2026-08-21T06:18:01+08:00
新北市,New Taipei City,YouBike2.0_捷運鶯桃福德站,鶯歌區,福德一路20號(對側),YouBike2.0_MRT Yingtao Fude Sta.,Yingge Dist,"No. 20, FuDe 1st Rd. (Opposite)",500234062,75,23,20260821T053903,24.96704,121.33044,52,1,23,0,2026-08-21T06:18:01+08:00
新北市,New Taipei City,YouBike2.0_捷運國華站(2號出口),鶯歌區,國華路97號(對側),YouBike2.0_MRT Guohua Sta.(Exit 2),Yingge Dist,"No. 97, GuoHua Rd. (Opposite)",500234063,60,22,20260821T060802,24.95374,121.34301,38,1,22,0,2026-08-21T06:18:01+08:00
新北市,New Taipei City,YouBike2.0_鶯歌山水步道停車場,鶯歌區,觀景涼亭停車場,YouBike2.0_YingGe Riverside Trail Car Park,Yingge Dist,YingGe Riverside Trail Car Park,500234064,24,7,20260821T045302,24.93205,121.32825,17,1,6,1,2026-08-21T06:18:01+08:00
新北市,New Taipei City,YouBike2.0_鶯歌環河自行車道,鶯歌區,環河路/甲三街(南側自行車道),YouBike2.0_YingGe Riverside Cycling Route,Yingge Dist,Huanhe Rd. & Jia 3rd St. (South),500234065,20,13,20260821T061404,24.92967,121.33837,7,1,13,0,2026-08-21T06:18:01+08:00
新北市,New Taipei City,YouBike2.0_鶯歌火車站(仁愛路),鶯歌區,仁愛路55號對側,YouBike2.0_Yingge Railway Station(Ren’ai Rd.),Yingge Dist,"No.55, Ren’ai Rd., Yingge Dist.(opposite)",500234001,69,25,20260821T064204,24.95559,121.35441,44,1,25,0,2026-08-21T06:52:08+08:00
新北市,New Taipei City,YouBike2.0_新北市立圖書館鶯歌分館,鶯歌區,中山路150號,YouBike2.0_New Taipei City Library Yingge Branch,Yingge Dist,"No.150, Zhongshan Rd.",500234002,20,4,20260821T060802,24.9572,121.34946,16,1,4,0,2026-08-21T06:52:08+08:00
新北市,New Taipei City,YouBike2.0_文化館前路口,鶯歌區,文化路407號旁,YouBike2.0_Yingge Ceramics Museum,Yingge Dist,"No. 407, Wenhua Rd.",500234003,44,12,20260821T064204,24.94948,121.35291,32,1,12,0,2026-08-21T06:52:08+08:00
新北市,New Taipei City,YouBike2.0_鶯歌國民運動中心,鶯歌區,館前路250號運動中心前,YouBike2.0_Yingge Civil Sports Center,Yingge Dist,"No.250, Guanqian Rd., Yingge Dist.",500234004,38,20,20260821T064702,24.95139,121.35733,18,1,19,1,2026-08-21T06:52:08+08:00
新北市,New Taipei City,YouBike2.0_尖山國中,鶯歌區,國中街1號,YouBike2.0_Municipal Jianshan Junior High School,Yingge Dist,"No.1, Guozhong St., Yingge Dist(sidewalk)",500234005,20,3,20260821T064702,24.94381,121.34207,17,1,3,0,2026-08-21T06:52:08+08:00
新北市,New Taipei City,YouBike2.0_新北市立鶯歌高級工商職業學校,鶯歌區,中正三路154號,YouBike2.0_New Taipei Municipal Yingge Vocational High School,Yingge Dist,"No. 154, Zhongzheng 3rd. Rd",500234006,56,3,20260821T062403,24.93923,121.33488,53,1,3,0,2026-08-21T06:52:08+08:00
新北市,New Taipei City,YouBike2.0_鶯歌國中,鶯歌區,鶯桃路39-5號對側,YouBike2.0_Yingge Junior High chool,Yingge Dist,"No.39-5, Yingtao Rd.(opposite)",500234007,30,4,20260821T064903,24.95119,121.34256,26,1,1,3,2026-08-21T06:52:08+08:00
新北市,New Taipei City,YouBike2.0_永吉國小,鶯歌區,德昌二街39號對側,YouBike2.0_Yongchi elementary school,Yingge Dist,"No.39, Dechang 2nd St., Yingge Dist.",500234008,20,12,20260821T055902,24.95865,121.33308,7,1,10,2,2026-08-21T06:52:08+08:00
新北市,New Taipei City,YouBike2.0_鳳祥公園,鶯歌區,鶯桃路365巷130號對側,YouBike2.0_Fengxiang Park,Yingge Dist,"No.130, Ln. 365, Yingtao Rd., Yingge Dist.",500234009,20,10,20260821T051204,24.96283,121.33025,10,1,8,2,2026-08-21T06:52:08+08:00
新北市,New Taipei City,YouBike2.0_鳳鳴國小,鶯歌區,永和街120號,YouBike2.0_Fengming Elementary School,Yingge Dist,"No.120, Yonghe St., Yingge Dist.",500234010,20,4,20260821T063202,24.9692,121.3347,16,1,4,0,2026-08-21T06:52:08+08:00
新北市,New Taipei City,YouBike2.0_國際二國際一路口,鶯歌區,國際二路與國際一路口,YouBike2.0_Guoji 2nd Guoji 1st Intersection,Yingge Dist,"Guoji 2nd Rd./Guoji 1st Rd., Yingge Dist.",500234011,20,9,20260821T062504,24.97577,121.3353,11,1,9,0,2026-08-21T06:52:08+08:00
新北市,New Taipei City,YouBike2.0_鳳福公園,鶯歌區,鳳吉一街186號(對面),YouBike2.0_Fengfu Park,Yingge Dist,"No. 186, Fengji 1st St., Yingge Dist.(opposite)",500234012,20,8,20260821T063903,24.97572,121.32938,12,1,8,0,2026-08-21T06:52:08+08:00
新北市,New Taipei City,YouBike2.0_尖山公園,鶯歌區,鶯歌區尖山路161號對面,YouBike2.0_Jianshan Park,Yingge Dist,"No.161, Jianshan Rd.(opposite)",500234013,29,18,20260821T064803,24.9482,121.346,11,1,15,3,2026-08-21T06:52:08+08:00
新北市,New Taipei City,YouBike2.0_永昌里兒一公園,鶯歌區,鶯桃路182巷96弄36-38號對側,YouBike2.0_Yongchang Village Children Park (No.1),Yingge Dist,"No.36-38, Aly. 96, Ln. 182, Yingtao Rd.(oppsite)",500234014,20,9,20260821T062104,24.956649374562204,121.33959628800724,11,1,8,1,2026-08-21T06:52:08+08:00
新北市,New Taipei City,YouBike2.0_南雅育智路口,鶯歌區,南雅路491號(對面),YouBike2.0_Nanya & Yuzhi Rd. Intersection,Yingge Dist,"No.491, Nanya Rd., Yingge Dist.(opposite)",500234015,22,8,20260821T062104,24.954,121.346,14,1,6,2,2026-08-21T06:52:08+08:00
新北市,New Taipei City,YouBike2.0_國中二甲路口,鶯歌區,國中街175號(前),YouBike2.0_Guozhong & Erjia Intersection,Yingge Dist,"No. 175, Guozhong St., Yingge Dist.",500234016,20,2,20260821T063102,24.939489067109363,121.33868650698288,18,1,2,0,2026-08-21T06:52:08+08:00
新北市,New Taipei City,YouBike2.0_鶯歌永利街,鶯歌區,永利街16號(對面),YouBike2.0_Yingge Yongli St.,Yingge Dist,"No. 16, Yongli St. Yingge Dist.",500234017,15,5,20260821T064702,24.95495,121.33911,9,1,5,0,2026-08-21T06:52:08+08:00
新北市,New Taipei City,YouBike2.0_二橋虹橋公園,鶯歌區,中正三路400號(對面),YouBike2.0_Erqiaoshiguanghongqiao Park,Yingge Dist,"No. 400, Zhongzheng 3rd Rd.(Opposite)",500234018,10,6,20260821T063703,24.93453,121.32595,4,1,6,0,2026-08-21T06:52:08+08:00
新北市,New Taipei City,YouBike2.0_鳳吉四鳳七路口(捷士匯社區),鶯歌區,鳳吉四街57-75號(旁),YouBike2.0_Fengji 4th & Feng 7th Rd. Intersection,Yingge Dist,"No. 57-75, Fengji 4th St.",500234021,40,13,20260821T064403,24.97383,121.32769,27,1,12,1,2026-08-21T06:52:08+08:00
新北市,New Taipei City,YouBike2.0_鶯歌老街第二停車場,鶯歌區,尖山埔路27-31號(對面),YouBike2.0_Yingge Old Street 2nd Parking Lot,Yingge Dist,"No. 27-31, Jianshanpu Rd.(Opposite)",500234022,20,12,20260821T062504,24.94895,121.34227,7,1,12,0,2026-08-21T06:52:08+08:00
新北市,New Taipei City,YouBike2.0_建國中正一路口(北鶯社區),鶯歌區,建國路6號(對面空地),YouBike2.0_Jianguo Zhongzheng 1st Rd. Intersection,Yingge Dist,"No. 6, Jianguo Rd.(Opposite)",500234023,20,3,20260821T062202,24.95658,121.35692,17,1,2,1,2026-08-21T06:52:08+08:00
新北市,New Taipei City,YouBike2.0_三鶯水資源回收中心,鶯歌區,館前路360號(旁),YouBike2.0_Sanying Water Recycling Center,Yingge Dist,"No. 360, Guanqian Rd.",500234024,14,8,20260821T062004,24.95535,121.35996,6,1,5,3,2026-08-21T06:52:08+08:00
新北市,New Taipei City,YouBike2.0_永和街65巷口,鶯歌區,永和街75號,"YouBike2.0_Ln. 65, Yonghe St. Intersection",Yingge Dist,"No. 75, Yonghe St.",500234025,37,12,20260821T064204,24.96798,121.3331413,25,1,12,0,2026-08-21T06:52:08+08:00
新北市,New Taipei City,YouBike2.0_鶯歌陶瓷博物館,鶯歌區,文化路200號(旁),YouBike2.0_Yingge Ceramics Museum(Wenhua Rd.),Yingge Dist,"No. 200, Wenhua Rd.",500234026,22,3,20260821T064302,24.95012,121.35245,19,1,3,0,2026-08-21T06:52:08+08:00
新北市,New Taipei City,YouBike2.0_礫間停車場,鶯歌區,礫間停車場,YouBike2.0_Lijian Parking,Yingge Dist,Lijian Parking,500234028,20,8,20260820T210703,24.9518,121.35445,12,1,8,0,2026-08-21T06:52:08+08:00
新北市,New Taipei City,YouBike2.0_北鶯停車場,鶯歌區,北鶯停車場,YouBike2.0_Beiying Parking,Yingge Dist,Beiying Parking,500234029,20,11,20260820T214403,24.95567,121.35992,9,1,11,0,2026-08-21T06:52:08+08:00
新北市,New Taipei City,YouBike2.0_育英建國路口,鶯歌區,建國路280號(旁),YouBike2.0_Yuying Jianguo Rd. Intersection,Yingge Dist,"No. 280, Jianguo Rd.",500234030,12,4,20260821T063503,24.95356,121.34693,8,1,3,1,2026-08-21T06:52:08+08:00
新北市,New Taipei City,YouBike2.0_中正一仁愛路口,鶯歌區,中正一路181號(對面),YouBike2.0_Zhongzheng 1st & Ren'ai Rd Intersection,Yingge Dist,"No. 181, Zhongzheng 1st Rd.(Opposite)",500234031,15,7,20260821T064803,24.95672,121.3532,8,1,6,1,2026-08-21T06:52:08+08:00
新北市,New Taipei City,YouBike2.0_建國國小,鶯歌區,育英街19號(旁),YouBike2.0_Jianguo Elementary School,Yingge Dist,"No. 19, Yuying St.",500234032,15,4,20260821T061902,24.95521,121.34727,11,1,4,0,2026-08-21T06:52:08+08:00
新北市,New Taipei City,YouBike2.0_光明橋,鶯歌區,永明街78號(旁),YouBike2.0_Guang-ming bridge,Yingge Dist,"No. 78, Yongming St., Yingge Dist.(side)",500234033,14,2,20260821T062004,24.95577,121.34128,12,1,2,0,2026-08-21T06:52:08+08:00
新北市,New Taipei City,YouBike2.0_二橋派出所,鶯歌區,高職西街/中正三路口(西北側),YouBike2.0_Erqiao Police Station,Yingge Dist,"Gaozhi W. St. & Zhongzheng 3rd Rd., Yingge Dist. (west side)",500234034,11,4,20260821T064003,24.94216,121.33884,7,1,3,1,2026-08-21T06:52:08+08:00
新北市,New Taipei City,YouBike2.0_國中高職東街口,鶯歌區,國中路113至117-3號(對面),YouBike2.0_Guozhong & Gaozhi E. Intersection,Yingge Dist,"No. 113, Guozhong St., Yingge Dist.(opposite)",500234035,15,4,20260821T064102,24.94117,121.34116,11,1,4,0,2026-08-21T06:52:08+08:00
新北市,New Taipei City,YouBike2.0_尖山路高厝巷口,鶯歌區,尖山路276-5號(旁),YouBike2.0_Gaocuo Ln. Jianshan Rd.,Yingge Dist,"No. 276-5, Jianshan Rd. (Side)",500234036,15,8,20260821T064504,24.94495,121.34102,7,1,6,2,2026-08-21T06:52:08+08:00
新北市,New Taipei City,YouBike2.0_公八停車場,鶯歌區,國華路53號(對面),YouBike2.0_Public 8th Parking Lot,Yingge Dist,"No.53, Guohua Rd. (opposite)",500234037,15,7,20260821T064302,24.95515,121.34285,8,1,7,0,2026-08-21T06:52:08+08:00
新北市,New Taipei City,YouBike2.0_龍三鳳鳴路口,鶯歌區,鳳鳴路541號,YouBike2.0_Long 3rd. Rd. & Fengming Rd. Intersection,Yingge Dist,"No. 541, Fengming Rd.",500234038,18,6,20260821T064903,24.97286,121.33137,12,1,6,0,2026-08-21T06:52:08+08:00
新北市,New Taipei City,YouBike2.0_鳳福鳳三路口,鶯歌區,鳳三路360號,YouBike2.0_Fengfu Rd. & Feng 3rd. Rd. Intersection,Yingge Dist,"No. 360, Feng 3rd Rd.",500234039,22,7,20260821T064702,24.97567,121.33143,15,1,7,0,2026-08-21T06:52:08+08:00
新北市,New Taipei City,YouBike2.0_北鶯公園,鶯歌區,成功街20巷19號(旁),YouBike2.0_Beiying Park,Yingge Dist,"No. 19, Ln. 20, Chenggong St. (Side)",500234040,15,1,20260821T064416,24.95777,121.35942,14,1,0,1,2026-08-21T06:52:08+08:00
新北市,New Taipei City,YouBike2.0_鶯歌火車站(文化路),鶯歌區,文化路/文化路115巷(北側),YouBike2.0_Yingge Station (Wenhua Rd.),Yingge Dist,"Ln. 115, Wenhua Rd. Intersection (North)",500234041,25,17,20260821T052703,24.95536,121.35697,8,1,17,0,2026-08-21T06:52:08+08:00
新北市,New Taipei City,YouBike2.0_鳳七鶯歌路口,鶯歌區,鶯歌路101-107號(旁),YouBike2.0_Feng 7th Rd. & Yingge Rd. Intersection,Yingge Dist,"No. 101-107, Yingge Rd. (Side)",500234042,11,4,20260821T064504,24.96916,121.33193,7,1,4,0,2026-08-21T06:52:08+08:00
新北市,New Taipei City,YouBike2.0_國際一路112巷口,鶯歌區,國際一路167號(前),"YouBike2.0_Ln. 112, GuoJi 1st Rd.",Yingge Dist,"No. 167, GuoJi 1st Rd. (Front)",500234043,15,9,20260821T060603,24.97667,121.33579,6,1,7,2,2026-08-21T06:52:08+08:00
新北市,New Taipei City,YouBike2.0_臺鐵鳳鳴站,鶯歌區,鳳一路/鶯歌路口,YouBike2.0_Fengming Station,Yingge Dist,Feng 1st Rd. & YingGe Rd.,500234044,40,0,20260819T210005,24.97227,121.33674,0,0,0,0,2026-08-21T06:52:08+08:00
新北市,New Taipei City,YouBike2.0_鶯歌陶瓷老街,鶯歌區,重慶街/國慶街(西南側),YouBike2.0_YingGe Old Street,Yingge Dist,ChongQing St. & GuoQing St. (Southwest),500234045,33,16,20260821T064803,24.95219,121.351,17,1,16,0,2026-08-21T06:52:08+08:00
新北市,New Taipei City,YouBike2.0_鶯歌火車站(仁愛路62號),鶯歌區,仁愛路62號(東側),"YouBike2.0_YingGe Station (No. 62, RenAi Rd.)",Yingge Dist,"No. 62, RenAi Rd. (East)",500234046,42,20,20260821T064102,24.95505,121.35407,22,1,19,1,2026-08-21T06:52:08+08:00
新北市,New Taipei City,YouBike2.0_臺鐵鳳鳴站(鶯歌路),鶯歌區,鶯歌路276號(對面),YouBike2.0_Fengming Station (YingGe Rd.),Yingge Dist,"No. 276, YingGe Rd. (Opposite)",500234047,20,10,20260821T064903,24.97189,121.33651,7,1,8,2,2026-08-21T06:52:08+08:00
新北市,New Taipei City,YouBike2.0_光明育智路口,鶯歌區,光明街126號(東南側),YouBike2.0_GuangMing St. & YuZhi Rd. Intersection,Yingge Dist,"No. 126, GuangMing St. (Southeast)",500234048,14,7,20260821T055703,24.95587,121.3456,7,1,7,0,2026-08-21T06:52:08+08:00
新北市,New Taipei City,YouBike2.0_新鳳公園,鶯歌區,鶯桃路二段60號(對側),YouBike2.0_XinFeng Park,Yingge Dist,"No. 60, Sec. 2, YingTao Rd. (Opposite)",500234049,14,8,20260821T064102,24.9732,121.32474,6,1,8,0,2026-08-21T06:52:08+08:00
新北市,New Taipei City,YouBike2.0_鳳鳴機器人公園,鶯歌區,鳳鳴路/福安街7巷24弄口,YouBike2.0_FengMing Robot Park,Yingge Dist,"FengMing Rd. & Aly. 24, Ln. 7, FuAn St.",500234050,17,3,20260821T064003,24.96618,121.33465,14,1,2,1,2026-08-21T06:52:08+08:00
新北市,New Taipei City,YouBike2.0_龍五鳳七路口,鶯歌區,龍五路/鳳七路口,YouBike2.0_Long 5th Rd. & Feng 7th Rd. Intersection,Yingge Dist,Long 5th Rd. & Feng 7th Rd. Intersection,500234051,30,2,20260821T064204,24.97043,121.33101,27,1,1,1,2026-08-21T06:52:08+08:00
新北市,New Taipei City,YouBike2.0_龍鳳夜市,鶯歌區,鳳三路/龍三路(東南側),YouBike2.0_LongFeng Night Market,Yingge Dist,Feng 3rd Rd. & Long 3rd Rd. (Southeast),500234052,30,7,20260821T064603,24.97329,121.33331,23,1,6,1,2026-08-21T06:52:08+08:00
新北市,New Taipei City,YouBike2.0_中湖市民活動中心,鶯歌區,中湖街21號,YouBike2.0_Zhonghu Civic Activity Center,Yingge Dist,"No. 21, ZhongHu St.",500234053,20,12,20260820T234704,24.97298,121.3472,8,1,11,1,2026-08-21T06:52:08+08:00
新北市,New Taipei City,YouBike2.0_鳳一鳳吉一街口,鶯歌區,鳳吉一街259號(旁),YouBike2.0_Feng 1st Rd. & FengJi 1st St. Intersection,Yingge Dist,"No. 259, FengJi 1st St. (Side)",500234054,20,1,20260821T062703,24.97677,121.3317,19,1,1,0,2026-08-21T06:52:08+08:00
新北市,New Taipei City,YouBike2.0_鳳五路122號前,鶯歌區,鳳五路122號前,"YouBike2.0_No. 122, Feng 5th Rd.",Yingge Dist,"No. 122, Feng 5th Rd. (Front)",500234055,18,7,20260821T063903,24.97316,121.32991,11,1,7,0,2026-08-21T06:52:08+08:00
新北市,New Taipei City,YouBike2.0_建國永昌街口,鶯歌區,建國路546號(對面),YouBike2.0_JianGuo Rd. & YongChang St. Intersection,Yingge Dist,"No. 546, JianGuo Rd. (Opposite)",500234056,17,8,20260820T203402,24.95031,121.33831,9,1,4,4,2026-08-21T06:52:08+08:00
新北市,New Taipei City,YouBike2.0_捷運鶯歌車站,鶯歌區,館前路300號(對側),YouBike2.0_MRT Yingge Sta.,Yingge Dist,"No. 300, GuanQian Rd. (Opposite)",500234057,34,10,20260821T063804,24.95322,121.35668,24,1,9,1,2026-08-21T06:52:08+08:00
新北市,New Taipei City,YouBike2.0_鳳三龍七路口,鶯歌區,鳳三路68號,YouBike2.0_Feng 3rd Rd. & Long 7th Rd. Intersection,Yingge Dist,"No. 68, Feng 3rd Rd.",500234058,18,17,20260821T063903,24.97204,121.33467,1,1,16,1,2026-08-21T06:52:08+08:00
新北市,New Taipei City,YouBike2.0_捷運國華站,鶯歌區,國華路45號(對側),YouBike2.0_MRT Guohua Sta.,Yingge Dist,"No. 45, GuoHua Rd. (Opposite)",500234059,24,7,20260821T064603,24.95535,121.34251,17,1,7,0,2026-08-21T06:52:08+08:00
新北市,New Taipei City,YouBike2.0_捷運陶瓷老街站,鶯歌區,捷運陶瓷老街站(重慶街側),YouBike2.0_MRT Ceramics Old Street Sta.,Yingge Dist,MRT Ceramics Old Street Sta. (ChongQing St.),500234060,36,13,20260821T000404,24.95212,121.35065,23,1,13,0,2026-08-21T06:52:08+08:00
新北市,New Taipei City,YouBike2.0_捷運永吉公園站,鶯歌區,鶯桃路296巷口,YouBike2.0_MRT Yongji Park Sta.,Yingge Dist,"Ln. 296, YingTao Rd. Intersection",500234061,47,13,20260821T064803,24.96048,121.33476,34,1,12,1,2026-08-21T06:52:08+08:00
新北市,New Taipei City,YouBike2.0_捷運鶯桃福德站,鶯歌區,福德一路20號(對側),YouBike2.0_MRT Yingtao Fude Sta.,Yingge Dist,"No. 20, FuDe 1st Rd. (Opposite)",500234062,75,25,20260821T064403,24.96704,121.33044,50,1,25,0,2026-08-21T06:52:08+08:00
新北市,New Taipei City,YouBike2.0_捷運國華站(2號出口),鶯歌區,國華路97號(對側),YouBike2.0_MRT Guohua Sta.(Exit 2),Yingge Dist,"No. 97, GuoHua Rd. (Opposite)",500234063,60,21,20260821T064403,24.95374,121.34301,38,1,21,0,2026-08-21T06:52:08+08:00
新北市,New Taipei City,YouBike2.0_鶯歌山水步道停車場,鶯歌區,觀景涼亭停車場,YouBike2.0_YingGe Riverside Trail Car Park,Yingge Dist,YingGe Riverside Trail Car Park,500234064,24,7,20260821T045302,24.93205,121.32825,17,1,6,1,2026-08-21T06:52:08+08:00
新北市,New Taipei City,YouBike2.0_鶯歌環河自行車道,鶯歌區,環河路/甲三街(南側自行車道),YouBike2.0_YingGe Riverside Cycling Route,Yingge Dist,Huanhe Rd. & Jia 3rd St. (South),500234065,20,14,20260821T064702,24.92967,121.33837,6,1,14,0,2026-08-21T06:52:08+08:00
新北市,New Taipei City,YouBike2.0_鶯歌火車站(仁愛路),鶯歌區,仁愛路55號對側,YouBike2.0_Yingge Railway Station(Ren’ai Rd.),Yingge Dist,"No.55, Ren’ai Rd., Yingge Dist.(opposite)",500234001,69,37,20260821T071404,24.95559,121.35441,32,1,37,0,2026-08-21T07:17:35+08:00
新北市,New Taipei City,YouBike2.0_新北市立圖書館鶯歌分館,鶯歌區,中山路150號,YouBike2.0_New Taipei City Library Yingge Branch,Yingge Dist,"No.150, Zhongshan Rd.",500234002,20,3,20260821T065302,24.9572,121.34946,17,1,3,0,2026-08-21T07:17:35+08:00
新北市,New Taipei City,YouBike2.0_文化館前路口,鶯歌區,文化路407號旁,YouBike2.0_Yingge Ceramics Museum,Yingge Dist,"No. 407, Wenhua Rd.",500234003,44,12,20260821T064204,24.94948,121.35291,32,1,12,0,2026-08-21T07:17:35+08:00
新北市,New Taipei City,YouBike2.0_鶯歌國民運動中心,鶯歌區,館前路250號運動中心前,YouBike2.0_Yingge Civil Sports Center,Yingge Dist,"No.250, Guanqian Rd., Yingge Dist.",500234004,38,21,20260821T065904,24.95139,121.35733,17,1,21,0,2026-08-21T07:17:35+08:00
新北市,New Taipei City,YouBike2.0_尖山國中,鶯歌區,國中街1號,YouBike2.0_Municipal Jianshan Junior High School,Yingge Dist,"No.1, Guozhong St., Yingge Dist(sidewalk)",500234005,20,1,20260821T071103,24.94381,121.34207,19,1,1,0,2026-08-21T07:17:35+08:00
新北市,New Taipei City,YouBike2.0_新北市立鶯歌高級工商職業學校,鶯歌區,中正三路154號,YouBike2.0_New Taipei Municipal Yingge Vocational High School,Yingge Dist,"No. 154, Zhongzheng 3rd. Rd",500234006,56,3,20260821T062403,24.93923,121.33488,53,1,3,0,2026-08-21T07:17:35+08:00
新北市,New Taipei City,YouBike2.0_鶯歌國中,鶯歌區,鶯桃路39-5號對側,YouBike2.0_Yingge Junior High chool,Yingge Dist,"No.39-5, Yingtao Rd.(opposite)",500234007,30,5,20260821T071204,24.95119,121.34256,25,1,3,2,2026-08-21T07:17:35+08:00
新北市,New Taipei City,YouBike2.0_永吉國小,鶯歌區,德昌二街39號對側,YouBike2.0_Yongchi elementary school,Yingge Dist,"No.39, Dechang 2nd St., Yingge Dist.",500234008,20,12,20260821T055902,24.95865,121.33308,7,1,10,2,2026-08-21T07:17:35+08:00
新北市,New Taipei City,YouBike2.0_鳳祥公園,鶯歌區,鶯桃路365巷130號對側,YouBike2.0_Fengxiang Park,Yingge Dist,"No.130, Ln. 365, Yingtao Rd., Yingge Dist.",500234009,20,10,20260821T051204,24.96283,121.33025,10,1,8,2,2026-08-21T07:17:35+08:00
新北市,New Taipei City,YouBike2.0_鳳鳴國小,鶯歌區,永和街120號,YouBike2.0_Fengming Elementary School,Yingge Dist,"No.120, Yonghe St., Yingge Dist.",500234010,20,4,20260821T063202,24.9692,121.3347,16,1,4,0,2026-08-21T07:17:35+08:00
新北市,New Taipei City,YouBike2.0_國際二國際一路口,鶯歌區,國際二路與國際一路口,YouBike2.0_Guoji 2nd Guoji 1st Intersection,Yingge Dist,"Guoji 2nd Rd./Guoji 1st Rd., Yingge Dist.",500234011,20,8,20260821T071404,24.97577,121.3353,12,1,8,0,2026-08-21T07:17:35+08:00
新北市,New Taipei City,YouBike2.0_鳳福公園,鶯歌區,鳳吉一街186號(對面),YouBike2.0_Fengfu Park,Yingge Dist,"No. 186, Fengji 1st St., Yingge Dist.(opposite)",500234012,20,8,20260821T063903,24.97572,121.32938,12,1,8,0,2026-08-21T07:17:35+08:00
新北市,New Taipei City,YouBike2.0_尖山公園,鶯歌區,鶯歌區尖山路161號對面,YouBike2.0_Jianshan Park,Yingge Dist,"No.161, Jianshan Rd.(opposite)",500234013,29,12,20260821T071103,24.9482,121.346,17,1,10,2,2026-08-21T07:17:35+08:00
新北市,New Taipei City,YouBike2.0_永昌里兒一公園,鶯歌區,鶯桃路182巷96弄36-38號對側,YouBike2.0_Yongchang Village Children Park (No.1),Yingge Dist,"No.36-38, Aly. 96, Ln. 182, Yingtao Rd.(oppsite)",500234014,20,8,20260821T065702,24.956649374562204,121.33959628800724,12,1,7,1,2026-08-21T07:17:35+08:00
新北市,New Taipei City,YouBike2.0_南雅育智路口,鶯歌區,南雅路491號(對面),YouBike2.0_Nanya & Yuzhi Rd. Intersection,Yingge Dist,"No.491, Nanya Rd., Yingge Dist.(opposite)",500234015,22,6,20260821T070602,24.954,121.346,16,1,4,2,2026-08-21T07:17:35+08:00
新北市,New Taipei City,YouBike2.0_國中二甲路口,鶯歌區,國中街175號(前),YouBike2.0_Guozhong & Erjia Intersection,Yingge Dist,"No. 175, Guozhong St., Yingge Dist.",500234016,20,1,20260821T065503,24.939489067109363,121.33868650698288,19,1,1,0,2026-08-21T07:17:35+08:00
新北市,New Taipei City,YouBike2.0_鶯歌永利街,鶯歌區,永利街16號(對面),YouBike2.0_Yingge Yongli St.,Yingge Dist,"No. 16, Yongli St. Yingge Dist.",500234017,15,2,20260821T070902,24.95495,121.33911,12,1,2,0,2026-08-21T07:17:35+08:00
新北市,New Taipei City,YouBike2.0_二橋虹橋公園,鶯歌區,中正三路400號(對面),YouBike2.0_Erqiaoshiguanghongqiao Park,Yingge Dist,"No. 400, Zhongzheng 3rd Rd.(Opposite)",500234018,10,6,20260821T063703,24.93453,121.32595,4,1,6,0,2026-08-21T07:17:35+08:00
新北市,New Taipei City,YouBike2.0_鳳吉四鳳七路口(捷士匯社區),鶯歌區,鳳吉四街57-75號(旁),YouBike2.0_Fengji 4th & Feng 7th Rd. Intersection,Yingge Dist,"No. 57-75, Fengji 4th St.",500234021,40,12,20260821T071204,24.97383,121.32769,28,1,12,0,2026-08-21T07:17:35+08:00
新北市,New Taipei City,YouBike2.0_鶯歌老街第二停車場,鶯歌區,尖山埔路27-31號(對面),YouBike2.0_Yingge Old Street 2nd Parking Lot,Yingge Dist,"No. 27-31, Jianshanpu Rd.(Opposite)",500234022,20,15,20260821T071204,24.94895,121.34227,4,1,15,0,2026-08-21T07:17:35+08:00
新北市,New Taipei City,YouBike2.0_建國中正一路口(北鶯社區),鶯歌區,建國路6號(對面空地),YouBike2.0_Jianguo Zhongzheng 1st Rd. Intersection,Yingge Dist,"No. 6, Jianguo Rd.(Opposite)",500234023,20,3,20260821T062202,24.95658,121.35692,17,1,2,1,2026-08-21T07:17:35+08:00
新北市,New Taipei City,YouBike2.0_三鶯水資源回收中心,鶯歌區,館前路360號(旁),YouBike2.0_Sanying Water Recycling Center,Yingge Dist,"No. 360, Guanqian Rd.",500234024,14,9,20260821T070302,24.95535,121.35996,5,1,6,3,2026-08-21T07:17:35+08:00
新北市,New Taipei City,YouBike2.0_永和街65巷口,鶯歌區,永和街75號,"YouBike2.0_Ln. 65, Yonghe St. Intersection",Yingge Dist,"No. 75, Yonghe St.",500234025,37,12,20260821T070202,24.96798,121.3331413,25,1,11,1,2026-08-21T07:17:35+08:00
新北市,New Taipei City,YouBike2.0_鶯歌陶瓷博物館,鶯歌區,文化路200號(旁),YouBike2.0_Yingge Ceramics Museum(Wenhua Rd.),Yingge Dist,"No. 200, Wenhua Rd.",500234026,22,6,20260821T070302,24.95012,121.35245,16,1,6,0,2026-08-21T07:17:35+08:00
新北市,New Taipei City,YouBike2.0_礫間停車場,鶯歌區,礫間停車場,YouBike2.0_Lijian Parking,Yingge Dist,Lijian Parking,500234028,20,7,20260821T065603,24.9518,121.35445,13,1,7,0,2026-08-21T07:17:35+08:00
新北市,New Taipei City,YouBike2.0_北鶯停車場,鶯歌區,北鶯停車場,YouBike2.0_Beiying Parking,Yingge Dist,Beiying Parking,500234029,20,11,20260820T214403,24.95567,121.35992,9,1,11,0,2026-08-21T07:17:35+08:00
新北市,New Taipei City,YouBike2.0_育英建國路口,鶯歌區,建國路280號(旁),YouBike2.0_Yuying Jianguo Rd. Intersection,Yingge Dist,"No. 280, Jianguo Rd.",500234030,12,5,20260821T071004,24.95356,121.34693,7,1,4,1,2026-08-21T07:17:35+08:00
新北市,New Taipei City,YouBike2.0_中正一仁愛路口,鶯歌區,中正一路181號(對面),YouBike2.0_Zhongzheng 1st & Ren'ai Rd Intersection,Yingge Dist,"No. 181, Zhongzheng 1st Rd.(Opposite)",500234031,15,8,20260821T071204,24.95672,121.3532,7,1,7,1,2026-08-21T07:17:35+08:00
新北市,New Taipei City,YouBike2.0_建國國小,鶯歌區,育英街19號(旁),YouBike2.0_Jianguo Elementary School,Yingge Dist,"No. 19, Yuying St.",500234032,15,4,20260821T070120,24.95521,121.34727,11,1,4,0,2026-08-21T07:17:35+08:00
新北市,New Taipei City,YouBike2.0_光明橋,鶯歌區,永明街78號(旁),YouBike2.0_Guang-ming bridge,Yingge Dist,"No. 78, Yongming St., Yingge Dist.(side)",500234033,14,1,20260821T065603,24.95577,121.34128,13,1,1,0,2026-08-21T07:17:35+08:00
新北市,New Taipei City,YouBike2.0_二橋派出所,鶯歌區,高職西街/中正三路口(西北側),YouBike2.0_Erqiao Police Station,Yingge Dist,"Gaozhi W. St. & Zhongzheng 3rd Rd., Yingge Dist. (west side)",500234034,11,4,20260821T070503,24.94216,121.33884,7,1,3,1,2026-08-21T07:17:35+08:00
新北市,New Taipei City,YouBike2.0_國中高職東街口,鶯歌區,國中路113至117-3號(對面),YouBike2.0_Guozhong & Gaozhi E. Intersection,Yingge Dist,"No. 113, Guozhong St., Yingge Dist.(opposite)",500234035,15,5,20260821T065702,24.94117,121.34116,10,1,5,0,2026-08-21T07:17:35+08:00
新北市,New Taipei City,YouBike2.0_尖山路高厝巷口,鶯歌區,尖山路276-5號(旁),YouBike2.0_Gaocuo Ln. Jianshan Rd.,Yingge Dist,"No. 276-5, Jianshan Rd. (Side)",500234036,15,6,20260821T071103,24.94495,121.34102,9,1,4,2,2026-08-21T07:17:35+08:00
新北市,New Taipei City,YouBike2.0_公八停車場,鶯歌區,國華路53號(對面),YouBike2.0_Public 8th Parking Lot,Yingge Dist,"No.53, Guohua Rd. (opposite)",500234037,15,5,20260821T070803,24.95515,121.34285,10,1,5,0,2026-08-21T07:17:35+08:00
新北市,New Taipei City,YouBike2.0_龍三鳳鳴路口,鶯歌區,鳳鳴路541號,YouBike2.0_Long 3rd. Rd. & Fengming Rd. Intersection,Yingge Dist,"No. 541, Fengming Rd.",500234038,18,9,20260821T071302,24.97286,121.33137,9,1,9,0,2026-08-21T07:17:35+08:00
新北市,New Taipei City,YouBike2.0_鳳福鳳三路口,鶯歌區,鳳三路360號,YouBike2.0_Fengfu Rd. & Feng 3rd. Rd. Intersection,Yingge Dist,"No. 360, Feng 3rd Rd.",500234039,22,4,20260821T070404,24.97567,121.33143,18,1,4,0,2026-08-21T07:17:35+08:00
新北市,New Taipei City,YouBike2.0_北鶯公園,鶯歌區,成功街20巷19號(旁),YouBike2.0_Beiying Park,Yingge Dist,"No. 19, Ln. 20, Chenggong St. (Side)",500234040,15,1,20260821T064416,24.95777,121.35942,14,1,0,1,2026-08-21T07:17:35+08:00
新北市,New Taipei City,YouBike2.0_鶯歌火車站(文化路),鶯歌區,文化路/文化路115巷(北側),YouBike2.0_Yingge Station (Wenhua Rd.),Yingge Dist,"Ln. 115, Wenhua Rd. Intersection (North)",500234041,25,16,20260821T071204,24.95536,121.35697,9,1,16,0,2026-08-21T07:17:35+08:00
新北市,New Taipei City,YouBike2.0_鳳七鶯歌路口,鶯歌區,鶯歌路101-107號(旁),YouBike2.0_Feng 7th Rd. & Yingge Rd. Intersection,Yingge Dist,"No. 101-107, Yingge Rd. (Side)",500234042,11,4,20260821T070602,24.96916,121.33193,7,1,4,0,2026-08-21T07:17:35+08:00
新北市,New Taipei City,YouBike2.0_國際一路112巷口,鶯歌區,國際一路167號(前),"YouBike2.0_Ln. 112, GuoJi 1st Rd.",Yingge Dist,"No. 167, GuoJi 1st Rd. (Front)",500234043,15,9,20260821T060603,24.97667,121.33579,6,1,7,2,2026-08-21T07:17:35+08:00
新北市,New Taipei City,YouBike2.0_臺鐵鳳鳴站,鶯歌區,鳳一路/鶯歌路口,YouBike2.0_Fengming Station,Yingge Dist,Feng 1st Rd. & YingGe Rd.,500234044,40,0,20260819T210005,24.97227,121.33674,0,0,0,0,2026-08-21T07:17:35+08:00
新北市,New Taipei City,YouBike2.0_鶯歌陶瓷老街,鶯歌區,重慶街/國慶街(西南側),YouBike2.0_YingGe Old Street,Yingge Dist,ChongQing St. & GuoQing St. (Southwest),500234045,33,14,20260821T070703,24.95219,121.351,19,1,14,0,2026-08-21T07:17:35+08:00
新北市,New Taipei City,YouBike2.0_鶯歌火車站(仁愛路62號),鶯歌區,仁愛路62號(東側),"YouBike2.0_YingGe Station (No. 62, RenAi Rd.)",Yingge Dist,"No. 62, RenAi Rd. (East)",500234046,42,24,20260821T071302,24.95505,121.35407,18,1,22,2,2026-08-21T07:17:35+08:00
新北市,New Taipei City,YouBike2.0_臺鐵鳳鳴站(鶯歌路),鶯歌區,鶯歌路276號(對面),YouBike2.0_Fengming Station (YingGe Rd.),Yingge Dist,"No. 276, YingGe Rd. (Opposite)",500234047,20,3,20260821T071404,24.97189,121.33651,14,1,1,2,2026-08-21T07:17:35+08:00
新北市,New Taipei City,YouBike2.0_光明育智路口,鶯歌區,光明街126號(東南側),YouBike2.0_GuangMing St. & YuZhi Rd. Intersection,Yingge Dist,"No. 126, GuangMing St. (Southeast)",500234048,14,6,20260821T065004,24.95587,121.3456,8,1,6,0,2026-08-21T07:17:35+08:00
新北市,New Taipei City,YouBike2.0_新鳳公園,鶯歌區,鶯桃路二段60號(對側),YouBike2.0_XinFeng Park,Yingge Dist,"No. 60, Sec. 2, YingTao Rd. (Opposite)",500234049,14,3,20260821T070602,24.9732,121.32474,11,1,3,0,2026-08-21T07:17:35+08:00
新北市,New Taipei City,YouBike2.0_鳳鳴機器人公園,鶯歌區,鳳鳴路/福安街7巷24弄口,YouBike2.0_FengMing Robot Park,Yingge Dist,"FengMing Rd. & Aly. 24, Ln. 7, FuAn St.",500234050,17,3,20260821T064003,24.96618,121.33465,14,1,2,1,2026-08-21T07:17:35+08:00
新北市,New Taipei City,YouBike2.0_龍五鳳七路口,鶯歌區,龍五路/鳳七路口,YouBike2.0_Long 5th Rd. & Feng 7th Rd. Intersection,Yingge Dist,Long 5th Rd. & Feng 7th Rd. Intersection,500234051,30,3,20260821T065104,24.97043,121.33101,26,1,2,1,2026-08-21T07:17:35+08:00
新北市,New Taipei City,YouBike2.0_龍鳳夜市,鶯歌區,鳳三路/龍三路(東南側),YouBike2.0_LongFeng Night Market,Yingge Dist,Feng 3rd Rd. & Long 3rd Rd. (Southeast),500234052,30,8,20260821T070104,24.97329,121.33331,22,1,7,1,2026-08-21T07:17:35+08:00
新北市,New Taipei City,YouBike2.0_中湖市民活動中心,鶯歌區,中湖街21號,YouBike2.0_Zhonghu Civic Activity Center,Yingge Dist,"No. 21, ZhongHu St.",500234053,20,12,20260820T234704,24.97298,121.3472,8,1,11,1,2026-08-21T07:17:35+08:00
新北市,New Taipei City,YouBike2.0_鳳一鳳吉一街口,鶯歌區,鳳吉一街259號(旁),YouBike2.0_Feng 1st Rd. & FengJi 1st St. Intersection,Yingge Dist,"No. 259, FengJi 1st St. (Side)",500234054,20,1,20260821T062703,24.97677,121.3317,19,1,1,0,2026-08-21T07:17:35+08:00
新北市,New Taipei City,YouBike2.0_鳳五路122號前,鶯歌區,鳳五路122號前,"YouBike2.0_No. 122, Feng 5th Rd.",Yingge Dist,"No. 122, Feng 5th Rd. (Front)",500234055,18,5,20260821T070902,24.97316,121.32991,13,1,5,0,2026-08-21T07:17:35+08:00
新北市,New Taipei City,YouBike2.0_建國永昌街口,鶯歌區,建國路546號(對面),YouBike2.0_JianGuo Rd. & YongChang St. Intersection,Yingge Dist,"No. 546, JianGuo Rd. (Opposite)",500234056,17,8,20260820T203402,24.95031,121.33831,9,1,4,4,2026-08-21T07:17:35+08:00
新北市,New Taipei City,YouBike2.0_捷運鶯歌車站,鶯歌區,館前路300號(對側),YouBike2.0_MRT Yingge Sta.,Yingge Dist,"No. 300, GuanQian Rd. (Opposite)",500234057,34,10,20260821T063804,24.95322,121.35668,24,1,9,1,2026-08-21T07:17:35+08:00
新北市,New Taipei City,YouBike2.0_鳳三龍七路口,鶯歌區,鳳三路68號,YouBike2.0_Feng 3rd Rd. & Long 7th Rd. Intersection,Yingge Dist,"No. 68, Feng 3rd Rd.",500234058,18,8,20260821T071404,24.97204,121.33467,10,1,7,1,2026-08-21T07:17:35+08:00
新北市,New Taipei City,YouBike2.0_捷運國華站,鶯歌區,國華路45號(對側),YouBike2.0_MRT Guohua Sta.,Yingge Dist,"No. 45, GuoHua Rd. (Opposite)",500234059,24,6,20260821T070202,24.95535,121.34251,18,1,6,0,2026-08-21T07:17:35+08:00
新北市,New Taipei City,YouBike2.0_捷運陶瓷老街站,鶯歌區,捷運陶瓷老街站(重慶街側),YouBike2.0_MRT Ceramics Old Street Sta.,Yingge Dist,MRT Ceramics Old Street Sta. (ChongQing St.),500234060,36,12,20260821T071204,24.95212,121.35065,24,1,12,0,2026-08-21T07:17:35+08:00
新北市,New Taipei City,YouBike2.0_捷運永吉公園站,鶯歌區,鶯桃路296巷口,YouBike2.0_MRT Yongji Park Sta.,Yingge Dist,"Ln. 296, YingTao Rd. Intersection",500234061,47,13,20260821T064803,24.96048,121.33476,34,1,12,1,2026-08-21T07:17:35+08:00
新北市,New Taipei City,YouBike2.0_捷運鶯桃福德站,鶯歌區,福德一路20號(對側),YouBike2.0_MRT Yingtao Fude Sta.,Yingge Dist,"No. 20, FuDe 1st Rd. (Opposite)",500234062,75,24,20260821T070003,24.96704,121.33044,51,1,24,0,2026-08-21T07:17:35+08:00
新北市,New Taipei City,YouBike2.0_捷運國華站(2號出口),鶯歌區,國華路97號(對側),YouBike2.0_MRT Guohua Sta.(Exit 2),Yingge Dist,"No. 97, GuoHua Rd. (Opposite)",500234063,60,19,20260821T070003,24.95374,121.34301,40,1,19,0,2026-08-21T07:17:35+08:00
新北市,New Taipei City,YouBike2.0_鶯歌山水步道停車場,鶯歌區,觀景涼亭停車場,YouBike2.0_YingGe Riverside Trail Car Park,Yingge Dist,YingGe Riverside Trail Car Park,500234064,24,5,20260821T071005,24.93205,121.32825,19,1,4,1,2026-08-21T07:17:35+08:00
新北市,New Taipei City,YouBike2.0_鶯歌環河自行車道,鶯歌區,環河路/甲三街(南側自行車道),YouBike2.0_YingGe Riverside Cycling Route,Yingge Dist,Huanhe Rd. & Jia 3rd St. (South),500234065,20,14,20260821T064702,24.92967,121.33837,6,1,14,0,2026-08-21T07:17:35+08:00
新北市,New Taipei City,YouBike2.0_鶯歌火車站(仁愛路),鶯歌區,仁愛路55號對側,YouBike2.0_Yingge Railway Station(Ren’ai Rd.),Yingge Dist,"No.55, Ren’ai Rd., Yingge Dist.(opposite)",500234001,69,36,20260821T073503,24.95559,121.35441,33,1,34,2,2026-08-21T07:47:47+08:00
新北市,New Taipei City,YouBike2.0_新北市立圖書館鶯歌分館,鶯歌區,中山路150號,YouBike2.0_New Taipei City Library Yingge Branch,Yingge Dist,"No.150, Zhongshan Rd.",500234002,20,0,20260821T073119,24.9572,121.34946,20,1,0,0,2026-08-21T07:47:47+08:00
新北市,New Taipei City,YouBike2.0_文化館前路口,鶯歌區,文化路407號旁,YouBike2.0_Yingge Ceramics Museum,Yingge Dist,"No. 407, Wenhua Rd.",500234003,44,11,20260821T074403,24.94948,121.35291,33,1,11,0,2026-08-21T07:47:47+08:00
新北市,New Taipei City,YouBike2.0_鶯歌國民運動中心,鶯歌區,館前路250號運動中心前,YouBike2.0_Yingge Civil Sports Center,Yingge Dist,"No.250, Guanqian Rd., Yingge Dist.",500234004,38,18,20260821T074302,24.95139,121.35733,20,1,18,0,2026-08-21T07:47:47+08:00
新北市,New Taipei City,YouBike2.0_尖山國中,鶯歌區,國中街1號,YouBike2.0_Municipal Jianshan Junior High School,Yingge Dist,"No.1, Guozhong St., Yingge Dist(sidewalk)",500234005,20,1,20260821T074317,24.94381,121.34207,19,1,1,0,2026-08-21T07:47:47+08:00
新北市,New Taipei City,YouBike2.0_新北市立鶯歌高級工商職業學校,鶯歌區,中正三路154號,YouBike2.0_New Taipei Municipal Yingge Vocational High School,Yingge Dist,"No. 154, Zhongzheng 3rd. Rd",500234006,56,6,20260821T073104,24.93923,121.33488,50,1,5,1,2026-08-21T07:47:47+08:00
新北市,New Taipei City,YouBike2.0_鶯歌國中,鶯歌區,鶯桃路39-5號對側,YouBike2.0_Yingge Junior High chool,Yingge Dist,"No.39-5, Yingtao Rd.(opposite)",500234007,30,9,20260821T073903,24.95119,121.34256,21,1,7,2,2026-08-21T07:47:47+08:00
新北市,New Taipei City,YouBike2.0_永吉國小,鶯歌區,德昌二街39號對側,YouBike2.0_Yongchi elementary school,Yingge Dist,"No.39, Dechang 2nd St., Yingge Dist.",500234008,20,11,20260821T071503,24.95865,121.33308,8,1,9,2,2026-08-21T07:47:47+08:00
新北市,New Taipei City,YouBike2.0_鳳祥公園,鶯歌區,鶯桃路365巷130號對側,YouBike2.0_Fengxiang Park,Yingge Dist,"No.130, Ln. 365, Yingtao Rd., Yingge Dist.",500234009,20,10,20260821T051204,24.96283,121.33025,10,1,8,2,2026-08-21T07:47:47+08:00
新北市,New Taipei City,YouBike2.0_鳳鳴國小,鶯歌區,永和街120號,YouBike2.0_Fengming Elementary School,Yingge Dist,"No.120, Yonghe St., Yingge Dist.",500234010,20,5,20260821T073704,24.9692,121.3347,15,1,5,0,2026-08-21T07:47:47+08:00
新北市,New Taipei City,YouBike2.0_國際二國際一路口,鶯歌區,國際二路與國際一路口,YouBike2.0_Guoji 2nd Guoji 1st Intersection,Yingge Dist,"Guoji 2nd Rd./Guoji 1st Rd., Yingge Dist.",500234011,20,8,20260821T071404,24.97577,121.3353,12,1,8,0,2026-08-21T07:47:47+08:00
新北市,New Taipei City,YouBike2.0_鳳福公園,鶯歌區,鳳吉一街186號(對面),YouBike2.0_Fengfu Park,Yingge Dist,"No. 186, Fengji 1st St., Yingge Dist.(opposite)",500234012,20,7,20260821T071602,24.97572,121.32938,13,1,7,0,2026-08-21T07:47:47+08:00
新北市,New Taipei City,YouBike2.0_尖山公園,鶯歌區,鶯歌區尖山路161號對面,YouBike2.0_Jianshan Park,Yingge Dist,"No.161, Jianshan Rd.(opposite)",500234013,29,11,20260821T073704,24.9482,121.346,18,1,9,2,2026-08-21T07:47:47+08:00
新北市,New Taipei City,YouBike2.0_永昌里兒一公園,鶯歌區,鶯桃路182巷96弄36-38號對側,YouBike2.0_Yongchang Village Children Park (No.1),Yingge Dist,"No.36-38, Aly. 96, Ln. 182, Yingtao Rd.(oppsite)",500234014,20,7,20260821T072402,24.956649374562204,121.33959628800724,13,1,7,0,2026-08-21T07:47:47+08:00
新北市,New Taipei City,YouBike2.0_南雅育智路口,鶯歌區,南雅路491號(對面),YouBike2.0_Nanya & Yuzhi Rd. Intersection,Yingge Dist,"No.491, Nanya Rd., Yingge Dist.(opposite)",500234015,22,1,20260821T073104,24.954,121.346,21,1,1,0,2026-08-21T07:47:47+08:00
新北市,New Taipei City,YouBike2.0_國中二甲路口,鶯歌區,國中街175號(前),YouBike2.0_Guozhong & Erjia Intersection,Yingge Dist,"No. 175, Guozhong St., Yingge Dist.",500234016,20,2,20260821T074403,24.939489067109363,121.33868650698288,18,1,1,1,2026-08-21T07:47:47+08:00
新北市,New Taipei City,YouBike2.0_鶯歌永利街,鶯歌區,永利街16號(對面),YouBike2.0_Yingge Yongli St.,Yingge Dist,"No. 16, Yongli St. Yingge Dist.",500234017,15,0,20260821T072318,24.95495,121.33911,14,1,0,0,2026-08-21T07:47:47+08:00
新北市,New Taipei City,YouBike2.0_二橋虹橋公園,鶯歌區,中正三路400號(對面),YouBike2.0_Erqiaoshiguanghongqiao Park,Yingge Dist,"No. 400, Zhongzheng 3rd Rd.(Opposite)",500234018,10,7,20260821T072202,24.93453,121.32595,3,1,6,1,2026-08-21T07:47:47+08:00
新北市,New Taipei City,YouBike2.0_鳳吉四鳳七路口(捷士匯社區),鶯歌區,鳳吉四街57-75號(旁),YouBike2.0_Fengji 4th & Feng 7th Rd. Intersection,Yingge Dist,"No. 57-75, Fengji 4th St.",500234021,40,9,20260821T073802,24.97383,121.32769,31,1,9,0,2026-08-21T07:47:47+08:00
新北市,New Taipei City,YouBike2.0_鶯歌老街第二停車場,鶯歌區,尖山埔路27-31號(對面),YouBike2.0_Yingge Old Street 2nd Parking Lot,Yingge Dist,"No. 27-31, Jianshanpu Rd.(Opposite)",500234022,20,17,20260821T072603,24.94895,121.34227,2,1,17,0,2026-08-21T07:47:47+08:00
新北市,New Taipei City,YouBike2.0_建國中正一路口(北鶯社區),鶯歌區,建國路6號(對面空地),YouBike2.0_Jianguo Zhongzheng 1st Rd. Intersection,Yingge Dist,"No. 6, Jianguo Rd.(Opposite)",500234023,20,3,20260821T062202,24.95658,121.35692,17,1,2,1,2026-08-21T07:47:47+08:00
新北市,New Taipei City,YouBike2.0_三鶯水資源回收中心,鶯歌區,館前路360號(旁),YouBike2.0_Sanying Water Recycling Center,Yingge Dist,"No. 360, Guanqian Rd.",500234024,14,9,20260821T070302,24.95535,121.35996,5,1,6,3,2026-08-21T07:47:47+08:00
新北市,New Taipei City,YouBike2.0_永和街65巷口,鶯歌區,永和街75號,"YouBike2.0_Ln. 65, Yonghe St. Intersection",Yingge Dist,"No. 75, Yonghe St.",500234025,37,5,20260821T074302,24.96798,121.3331413,32,1,4,1,2026-08-21T07:47:47+08:00
新北市,New Taipei City,YouBike2.0_鶯歌陶瓷博物館,鶯歌區,文化路200號(旁),YouBike2.0_Yingge Ceramics Museum(Wenhua Rd.),Yingge Dist,"No. 200, Wenhua Rd.",500234026,22,8,20260821T074003,24.95012,121.35245,14,1,8,0,2026-08-21T07:47:47+08:00
新北市,New Taipei City,YouBike2.0_礫間停車場,鶯歌區,礫間停車場,YouBike2.0_Lijian Parking,Yingge Dist,Lijian Parking,500234028,20,6,20260821T072402,24.9518,121.35445,14,1,6,0,2026-08-21T07:47:47+08:00
新北市,New Taipei City,YouBike2.0_北鶯停車場,鶯歌區,北鶯停車場,YouBike2.0_Beiying Parking,Yingge Dist,Beiying Parking,500234029,20,11,20260820T214403,24.95567,121.35992,9,1,11,0,2026-08-21T07:47:47+08:00
新北市,New Taipei City,YouBike2.0_育英建國路口,鶯歌區,建國路280號(旁),YouBike2.0_Yuying Jianguo Rd. Intersection,Yingge Dist,"No. 280, Jianguo Rd.",500234030,12,4,20260821T072004,24.95356,121.34693,8,1,3,1,2026-08-21T07:47:47+08:00
新北市,New Taipei City,YouBike2.0_中正一仁愛路口,鶯歌區,中正一路181號(對面),YouBike2.0_Zhongzheng 1st & Ren'ai Rd Intersection,Yingge Dist,"No. 181, Zhongzheng 1st Rd.(Opposite)",500234031,15,8,20260821T071204,24.95672,121.3532,7,1,7,1,2026-08-21T07:47:47+08:00
新北市,New Taipei City,YouBike2.0_建國國小,鶯歌區,育英街19號(旁),YouBike2.0_Jianguo Elementary School,Yingge Dist,"No. 19, Yuying St.",500234032,15,3,20260821T072804,24.95521,121.34727,12,1,3,0,2026-08-21T07:47:47+08:00
新北市,New Taipei City,YouBike2.0_光明橋,鶯歌區,永明街78號(旁),YouBike2.0_Guang-ming bridge,Yingge Dist,"No. 78, Yongming St., Yingge Dist.(side)",500234033,14,0,20260821T071619,24.95577,121.34128,14,1,0,0,2026-08-21T07:47:47+08:00
新北市,New Taipei City,YouBike2.0_二橋派出所,鶯歌區,高職西街/中正三路口(西北側),YouBike2.0_Erqiao Police Station,Yingge Dist,"Gaozhi W. St. & Zhongzheng 3rd Rd., Yingge Dist. (west side)",500234034,11,2,20260821T074403,24.94216,121.33884,9,1,2,0,2026-08-21T07:47:47+08:00
新北市,New Taipei City,YouBike2.0_國中高職東街口,鶯歌區,國中路113至117-3號(對面),YouBike2.0_Guozhong & Gaozhi E. Intersection,Yingge Dist,"No. 113, Guozhong St., Yingge Dist.(opposite)",500234035,15,6,20260821T072304,24.94117,121.34116,9,1,6,0,2026-08-21T07:47:47+08:00
新北市,New Taipei City,YouBike2.0_尖山路高厝巷口,鶯歌區,尖山路276-5號(旁),YouBike2.0_Gaocuo Ln. Jianshan Rd.,Yingge Dist,"No. 276-5, Jianshan Rd. (Side)",500234036,15,5,20260821T072503,24.94495,121.34102,10,1,5,0,2026-08-21T07:47:47+08:00
新北市,New Taipei City,YouBike2.0_公八停車場,鶯歌區,國華路53號(對面),YouBike2.0_Public 8th Parking Lot,Yingge Dist,"No.53, Guohua Rd. (opposite)",500234037,15,2,20260821T073704,24.95515,121.34285,13,1,2,0,2026-08-21T07:47:47+08:00
新北市,New Taipei City,YouBike2.0_龍三鳳鳴路口,鶯歌區,鳳鳴路541號,YouBike2.0_Long 3rd. Rd. & Fengming Rd. Intersection,Yingge Dist,"No. 541, Fengming Rd.",500234038,18,4,20260821T074302,24.97286,121.33137,14,1,4,0,2026-08-21T07:47:47+08:00
新北市,New Taipei City,YouBike2.0_鳳福鳳三路口,鶯歌區,鳳三路360號,YouBike2.0_Fengfu Rd. & Feng 3rd. Rd. Intersection,Yingge Dist,"No. 360, Feng 3rd Rd.",500234039,22,6,20260821T074003,24.97567,121.33143,16,1,6,0,2026-08-21T07:47:47+08:00
新北市,New Taipei City,YouBike2.0_北鶯公園,鶯歌區,成功街20巷19號(旁),YouBike2.0_Beiying Park,Yingge Dist,"No. 19, Ln. 20, Chenggong St. (Side)",500234040,15,2,20260821T072902,24.95777,121.35942,13,1,1,1,2026-08-21T07:47:47+08:00
新北市,New Taipei City,YouBike2.0_鶯歌火車站(文化路),鶯歌區,文化路/文化路115巷(北側),YouBike2.0_Yingge Station (Wenhua Rd.),Yingge Dist,"Ln. 115, Wenhua Rd. Intersection (North)",500234041,25,16,20260821T071204,24.95536,121.35697,9,1,16,0,2026-08-21T07:47:47+08:00
新北市,New Taipei City,YouBike2.0_鳳七鶯歌路口,鶯歌區,鶯歌路101-107號(旁),YouBike2.0_Feng 7th Rd. & Yingge Rd. Intersection,Yingge Dist,"No. 101-107, Yingge Rd. (Side)",500234042,11,4,20260821T072202,24.96916,121.33193,7,1,4,0,2026-08-21T07:47:47+08:00
新北市,New Taipei City,YouBike2.0_國際一路112巷口,鶯歌區,國際一路167號(前),"YouBike2.0_Ln. 112, GuoJi 1st Rd.",Yingge Dist,"No. 167, GuoJi 1st Rd. (Front)",500234043,15,10,20260821T073604,24.97667,121.33579,5,1,7,3,2026-08-21T07:47:47+08:00
新北市,New Taipei City,YouBike2.0_臺鐵鳳鳴站,鶯歌區,鳳一路/鶯歌路口,YouBike2.0_Fengming Station,Yingge Dist,Feng 1st Rd. & YingGe Rd.,500234044,40,0,20260819T210005,24.97227,121.33674,0,0,0,0,2026-08-21T07:47:47+08:00
新北市,New Taipei City,YouBike2.0_鶯歌陶瓷老街,鶯歌區,重慶街/國慶街(西南側),YouBike2.0_YingGe Old Street,Yingge Dist,ChongQing St. & GuoQing St. (Southwest),500234045,33,12,20260821T074103,24.95219,121.351,21,1,12,0,2026-08-21T07:47:47+08:00
新北市,New Taipei City,YouBike2.0_鶯歌火車站(仁愛路62號),鶯歌區,仁愛路62號(東側),"YouBike2.0_YingGe Station (No. 62, RenAi Rd.)",Yingge Dist,"No. 62, RenAi Rd. (East)",500234046,42,17,20260821T073604,24.95505,121.35407,25,1,12,5,2026-08-21T07:47:47+08:00
新北市,New Taipei City,YouBike2.0_臺鐵鳳鳴站(鶯歌路),鶯歌區,鶯歌路276號(對面),YouBike2.0_Fengming Station (YingGe Rd.),Yingge Dist,"No. 276, YingGe Rd. (Opposite)",500234047,20,7,20260821T074103,24.97189,121.33651,10,1,5,2,2026-08-21T07:47:47+08:00
新北市,New Taipei City,YouBike2.0_光明育智路口,鶯歌區,光明街126號(東南側),YouBike2.0_GuangMing St. & YuZhi Rd. Intersection,Yingge Dist,"No. 126, GuangMing St. (Southeast)",500234048,14,5,20260821T072702,24.95587,121.3456,9,1,5,0,2026-08-21T07:47:47+08:00
新北市,New Taipei City,YouBike2.0_新鳳公園,鶯歌區,鶯桃路二段60號(對側),YouBike2.0_XinFeng Park,Yingge Dist,"No. 60, Sec. 2, YingTao Rd. (Opposite)",500234049,14,12,20260821T073104,24.9732,121.32474,2,1,11,1,2026-08-21T07:47:47+08:00
新北市,New Taipei City,YouBike2.0_鳳鳴機器人公園,鶯歌區,鳳鳴路/福安街7巷24弄口,YouBike2.0_FengMing Robot Park,Yingge Dist,"FengMing Rd. & Aly. 24, Ln. 7, FuAn St.",500234050,17,3,20260821T073504,24.96618,121.33465,14,1,3,0,2026-08-21T07:47:47+08:00
新北市,New Taipei City,YouBike2.0_龍五鳳七路口,鶯歌區,龍五路/鳳七路口,YouBike2.0_Long 5th Rd. & Feng 7th Rd. Intersection,Yingge Dist,Long 5th Rd. & Feng 7th Rd. Intersection,500234051,30,0,20260821T073119,24.97043,121.33101,29,1,0,0,2026-08-21T07:47:47+08:00
新北市,New Taipei City,YouBike2.0_龍鳳夜市,鶯歌區,鳳三路/龍三路(東南側),YouBike2.0_LongFeng Night Market,Yingge Dist,Feng 3rd Rd. & Long 3rd Rd. (Southeast),500234052,30,8,20260821T070104,24.97329,121.33331,22,1,7,1,2026-08-21T07:47:47+08:00
新北市,New Taipei City,YouBike2.0_中湖市民活動中心,鶯歌區,中湖街21號,YouBike2.0_Zhonghu Civic Activity Center,Yingge Dist,"No. 21, ZhongHu St.",500234053,20,12,20260820T234704,24.97298,121.3472,8,1,11,1,2026-08-21T07:47:47+08:00
新北市,New Taipei City,YouBike2.0_鳳一鳳吉一街口,鶯歌區,鳳吉一街259號(旁),YouBike2.0_Feng 1st Rd. & FengJi 1st St. Intersection,Yingge Dist,"No. 259, FengJi 1st St. (Side)",500234054,20,6,20260821T073003,24.97677,121.3317,14,1,6,0,2026-08-21T07:47:47+08:00
新北市,New Taipei City,YouBike2.0_鳳五路122號前,鶯歌區,鳳五路122號前,"YouBike2.0_No. 122, Feng 5th Rd.",Yingge Dist,"No. 122, Feng 5th Rd. (Front)",500234055,18,8,20260821T074302,24.97316,121.32991,10,1,8,0,2026-08-21T07:47:47+08:00
新北市,New Taipei City,YouBike2.0_建國永昌街口,鶯歌區,建國路546號(對面),YouBike2.0_JianGuo Rd. & YongChang St. Intersection,Yingge Dist,"No. 546, JianGuo Rd. (Opposite)",500234056,17,7,20260821T071503,24.95031,121.33831,10,1,4,3,2026-08-21T07:47:47+08:00
新北市,New Taipei City,YouBike2.0_捷運鶯歌車站,鶯歌區,館前路300號(對側),YouBike2.0_MRT Yingge Sta.,Yingge Dist,"No. 300, GuanQian Rd. (Opposite)",500234057,34,11,20260821T073003,24.95322,121.35668,23,1,10,1,2026-08-21T07:47:47+08:00
新北市,New Taipei City,YouBike2.0_鳳三龍七路口,鶯歌區,鳳三路68號,YouBike2.0_Feng 3rd Rd. & Long 7th Rd. Intersection,Yingge Dist,"No. 68, Feng 3rd Rd.",500234058,18,11,20260821T074403,24.97204,121.33467,7,1,10,1,2026-08-21T07:47:47+08:00
新北市,New Taipei City,YouBike2.0_捷運國華站,鶯歌區,國華路45號(對側),YouBike2.0_MRT Guohua Sta.,Yingge Dist,"No. 45, GuoHua Rd. (Opposite)",500234059,24,7,20260821T072503,24.95535,121.34251,17,1,7,0,2026-08-21T07:47:47+08:00
新北市,New Taipei City,YouBike2.0_捷運陶瓷老街站,鶯歌區,捷運陶瓷老街站(重慶街側),YouBike2.0_MRT Ceramics Old Street Sta.,Yingge Dist,MRT Ceramics Old Street Sta. (ChongQing St.),500234060,36,15,20260821T072104,24.95212,121.35065,21,1,15,0,2026-08-21T07:47:47+08:00
新北市,New Taipei City,YouBike2.0_捷運永吉公園站,鶯歌區,鶯桃路296巷口,YouBike2.0_MRT Yongji Park Sta.,Yingge Dist,"Ln. 296, YingTao Rd. Intersection",500234061,47,14,20260821T071703,24.96048,121.33476,33,1,13,1,2026-08-21T07:47:47+08:00
新北市,New Taipei City,YouBike2.0_捷運鶯桃福德站,鶯歌區,福德一路20號(對側),YouBike2.0_MRT Yingtao Fude Sta.,Yingge Dist,"No. 20, FuDe 1st Rd. (Opposite)",500234062,75,25,20260821T073802,24.96704,121.33044,50,1,25,0,2026-08-21T07:47:47+08:00
新北市,New Taipei City,YouBike2.0_捷運國華站(2號出口),鶯歌區,國華路97號(對側),YouBike2.0_MRT Guohua Sta.(Exit 2),Yingge Dist,"No. 97, GuoHua Rd. (Opposite)",500234063,60,19,20260821T072902,24.95374,121.34301,40,1,19,0,2026-08-21T07:47:47+08:00
新北市,New Taipei City,YouBike2.0_鶯歌山水步道停車場,鶯歌區,觀景涼亭停車場,YouBike2.0_YingGe Riverside Trail Car Park,Yingge Dist,YingGe Riverside Trail Car Park,500234064,24,5,20260821T071005,24.93205,121.32825,19,1,4,1,2026-08-21T07:47:47+08:00
新北市,New Taipei City,YouBike2.0_鶯歌環河自行車道,鶯歌區,環河路/甲三街(南側自行車道),YouBike2.0_YingGe Riverside Cycling Route,Yingge Dist,Huanhe Rd. & Jia 3rd St. (South),500234065,20,14,20260821T064702,24.92967,121.33837,6,1,14,0,2026-08-21T07:47:47+08:00
新北市,New Taipei City,YouBike2.0_鶯歌火車站(仁愛路),鶯歌區,仁愛路55號對側,YouBike2.0_Yingge Railway Station(Ren’ai Rd.),Yingge Dist,"No.55, Ren’ai Rd., Yingge Dist.(opposite)",500234001,69,43,20260821T083702,24.95559,121.35441,26,1,39,4,2026-08-21T08:46:44+08:00
新北市,New Taipei City,YouBike2.0_新北市立圖書館鶯歌分館,鶯歌區,中山路150號,YouBike2.0_New Taipei City Library Yingge Branch,Yingge Dist,"No.150, Zhongshan Rd.",500234002,20,1,20260821T084423,24.9572,121.34946,19,1,1,0,2026-08-21T08:46:44+08:00
新北市,New Taipei City,YouBike2.0_文化館前路口,鶯歌區,文化路407號旁,YouBike2.0_Yingge Ceramics Museum,Yingge Dist,"No. 407, Wenhua Rd.",500234003,44,10,20260821T075903,24.94948,121.35291,34,1,10,0,2026-08-21T08:46:44+08:00
新北市,New Taipei City,YouBike2.0_鶯歌國民運動中心,鶯歌區,館前路250號運動中心前,YouBike2.0_Yingge Civil Sports Center,Yingge Dist,"No.250, Guanqian Rd., Yingge Dist.",500234004,38,20,20260821T082104,24.95139,121.35733,18,1,20,0,2026-08-21T08:46:44+08:00
新北市,New Taipei City,YouBike2.0_尖山國中,鶯歌區,國中街1號,YouBike2.0_Municipal Jianshan Junior High School,Yingge Dist,"No.1, Guozhong St., Yingge Dist(sidewalk)",500234005,20,5,20260821T083702,24.94381,121.34207,15,1,4,1,2026-08-21T08:46:44+08:00
新北市,New Taipei City,YouBike2.0_新北市立鶯歌高級工商職業學校,鶯歌區,中正三路154號,YouBike2.0_New Taipei Municipal Yingge Vocational High School,Yingge Dist,"No. 154, Zhongzheng 3rd. Rd",500234006,56,9,20260821T084204,24.93923,121.33488,47,1,8,1,2026-08-21T08:46:44+08:00
新北市,New Taipei City,YouBike2.0_鶯歌國中,鶯歌區,鶯桃路39-5號對側,YouBike2.0_Yingge Junior High chool,Yingge Dist,"No.39-5, Yingtao Rd.(opposite)",500234007,30,9,20260821T083302,24.95119,121.34256,21,1,8,1,2026-08-21T08:46:44+08:00
新北市,New Taipei City,YouBike2.0_永吉國小,鶯歌區,德昌二街39號對側,YouBike2.0_Yongchi elementary school,Yingge Dist,"No.39, Dechang 2nd St., Yingge Dist.",500234008,20,8,20260821T083804,24.95865,121.33308,11,1,7,1,2026-08-21T08:46:44+08:00
新北市,New Taipei City,YouBike2.0_鳳祥公園,鶯歌區,鶯桃路365巷130號對側,YouBike2.0_Fengxiang Park,Yingge Dist,"No.130, Ln. 365, Yingtao Rd., Yingge Dist.",500234009,20,11,20260821T084204,24.96283,121.33025,9,1,9,2,2026-08-21T08:46:44+08:00
新北市,New Taipei City,YouBike2.0_鳳鳴國小,鶯歌區,永和街120號,YouBike2.0_Fengming Elementary School,Yingge Dist,"No.120, Yonghe St., Yingge Dist.",500234010,20,8,20260821T083003,24.9692,121.3347,12,1,8,0,2026-08-21T08:46:44+08:00
新北市,New Taipei City,YouBike2.0_國際二國際一路口,鶯歌區,國際二路與國際一路口,YouBike2.0_Guoji 2nd Guoji 1st Intersection,Yingge Dist,"Guoji 2nd Rd./Guoji 1st Rd., Yingge Dist.",500234011,20,7,20260821T083204,24.97577,121.3353,13,1,7,0,2026-08-21T08:46:44+08:00
新北市,New Taipei City,YouBike2.0_鳳福公園,鶯歌區,鳳吉一街186號(對面),YouBike2.0_Fengfu Park,Yingge Dist,"No. 186, Fengji 1st St., Yingge Dist.(opposite)",500234012,20,4,20260821T084204,24.97572,121.32938,16,1,4,0,2026-08-21T08:46:44+08:00
新北市,New Taipei City,YouBike2.0_尖山公園,鶯歌區,鶯歌區尖山路161號對面,YouBike2.0_Jianshan Park,Yingge Dist,"No.161, Jianshan Rd.(opposite)",500234013,29,12,20260821T084004,24.9482,121.346,17,1,11,1,2026-08-21T08:46:44+08:00
新北市,New Taipei City,YouBike2.0_永昌里兒一公園,鶯歌區,鶯桃路182巷96弄36-38號對側,YouBike2.0_Yongchang Village Children Park (No.1),Yingge Dist,"No.36-38, Aly. 96, Ln. 182, Yingtao Rd.(oppsite)",500234014,20,4,20260821T082403,24.956649374562204,121.33959628800724,16,1,4,0,2026-08-21T08:46:44+08:00
新北市,New Taipei City,YouBike2.0_南雅育智路口,鶯歌區,南雅路491號(對面),YouBike2.0_Nanya & Yuzhi Rd. Intersection,Yingge Dist,"No.491, Nanya Rd., Yingge Dist.(opposite)",500234015,22,0,20260821T082127,24.954,121.346,22,1,0,0,2026-08-21T08:46:44+08:00
新北市,New Taipei City,YouBike2.0_國中二甲路口,鶯歌區,國中街175號(前),YouBike2.0_Guozhong & Erjia Intersection,Yingge Dist,"No. 175, Guozhong St., Yingge Dist.",500234016,20,0,20260821T083519,24.939489067109363,121.33868650698288,20,1,0,0,2026-08-21T08:46:44+08:00
新北市,New Taipei City,YouBike2.0_鶯歌永利街,鶯歌區,永利街16號(對面),YouBike2.0_Yingge Yongli St.,Yingge Dist,"No. 16, Yongli St. Yingge Dist.",500234017,15,3,20260821T083902,24.95495,121.33911,11,1,3,0,2026-08-21T08:46:44+08:00
新北市,New Taipei City,YouBike2.0_二橋虹橋公園,鶯歌區,中正三路400號(對面),YouBike2.0_Erqiaoshiguanghongqiao Park,Yingge Dist,"No. 400, Zhongzheng 3rd Rd.(Opposite)",500234018,10,7,20260821T072202,24.93453,121.32595,3,1,6,1,2026-08-21T08:46:44+08:00
新北市,New Taipei City,YouBike2.0_鳳吉四鳳七路口(捷士匯社區),鶯歌區,鳳吉四街57-75號(旁),YouBike2.0_Fengji 4th & Feng 7th Rd. Intersection,Yingge Dist,"No. 57-75, Fengji 4th St.",500234021,40,6,20260821T084102,24.97383,121.32769,34,1,6,0,2026-08-21T08:46:44+08:00
新北市,New Taipei City,YouBike2.0_鶯歌老街第二停車場,鶯歌區,尖山埔路27-31號(對面),YouBike2.0_Yingge Old Street 2nd Parking Lot,Yingge Dist,"No. 27-31, Jianshanpu Rd.(Opposite)",500234022,20,9,20260821T075521,24.94895,121.34227,9,1,9,0,2026-08-21T08:46:44+08:00
新北市,New Taipei City,YouBike2.0_建國中正一路口(北鶯社區),鶯歌區,建國路6號(對面空地),YouBike2.0_Jianguo Zhongzheng 1st Rd. Intersection,Yingge Dist,"No. 6, Jianguo Rd.(Opposite)",500234023,20,3,20260821T062202,24.95658,121.35692,17,1,2,1,2026-08-21T08:46:44+08:00
新北市,New Taipei City,YouBike2.0_三鶯水資源回收中心,鶯歌區,館前路360號(旁),YouBike2.0_Sanying Water Recycling Center,Yingge Dist,"No. 360, Guanqian Rd.",500234024,14,9,20260821T081603,24.95535,121.35996,5,1,7,2,2026-08-21T08:46:44+08:00
新北市,New Taipei City,YouBike2.0_永和街65巷口,鶯歌區,永和街75號,"YouBike2.0_Ln. 65, Yonghe St. Intersection",Yingge Dist,"No. 75, Yonghe St.",500234025,37,5,20260821T082104,24.96798,121.3331413,32,1,4,1,2026-08-21T08:46:44+08:00
新北市,New Taipei City,YouBike2.0_鶯歌陶瓷博物館,鶯歌區,文化路200號(旁),YouBike2.0_Yingge Ceramics Museum(Wenhua Rd.),Yingge Dist,"No. 200, Wenhua Rd.",500234026,22,8,20260821T074003,24.95012,121.35245,14,1,8,0,2026-08-21T08:46:44+08:00
新北市,New Taipei City,YouBike2.0_礫間停車場,鶯歌區,礫間停車場,YouBike2.0_Lijian Parking,Yingge Dist,Lijian Parking,500234028,20,6,20260821T082703,24.9518,121.35445,14,1,6,0,2026-08-21T08:46:44+08:00
新北市,New Taipei City,YouBike2.0_北鶯停車場,鶯歌區,北鶯停車場,YouBike2.0_Beiying Parking,Yingge Dist,Beiying Parking,500234029,20,11,20260820T214403,24.95567,121.35992,9,1,11,0,2026-08-21T08:46:44+08:00
新北市,New Taipei City,YouBike2.0_育英建國路口,鶯歌區,建國路280號(旁),YouBike2.0_Yuying Jianguo Rd. Intersection,Yingge Dist,"No. 280, Jianguo Rd.",500234030,12,3,20260821T082703,24.95356,121.34693,9,1,2,1,2026-08-21T08:46:44+08:00
新北市,New Taipei City,YouBike2.0_中正一仁愛路口,鶯歌區,中正一路181號(對面),YouBike2.0_Zhongzheng 1st & Ren'ai Rd Intersection,Yingge Dist,"No. 181, Zhongzheng 1st Rd.(Opposite)",500234031,15,7,20260821T083302,24.95672,121.3532,8,1,6,1,2026-08-21T08:46:44+08:00
新北市,New Taipei City,YouBike2.0_建國國小,鶯歌區,育英街19號(旁),YouBike2.0_Jianguo Elementary School,Yingge Dist,"No. 19, Yuying St.",500234032,15,7,20260821T083003,24.95521,121.34727,8,1,7,0,2026-08-21T08:46:44+08:00
新北市,New Taipei City,YouBike2.0_光明橋,鶯歌區,永明街78號(旁),YouBike2.0_Guang-ming bridge,Yingge Dist,"No. 78, Yongming St., Yingge Dist.(side)",500234033,14,7,20260821T081704,24.95577,121.34128,7,1,7,0,2026-08-21T08:46:44+08:00
新北市,New Taipei City,YouBike2.0_二橋派出所,鶯歌區,高職西街/中正三路口(西北側),YouBike2.0_Erqiao Police Station,Yingge Dist,"Gaozhi W. St. & Zhongzheng 3rd Rd., Yingge Dist. (west side)",500234034,11,6,20260821T082403,24.94216,121.33884,5,1,6,0,2026-08-21T08:46:44+08:00
新北市,New Taipei City,YouBike2.0_國中高職東街口,鶯歌區,國中路113至117-3號(對面),YouBike2.0_Guozhong & Gaozhi E. Intersection,Yingge Dist,"No. 113, Guozhong St., Yingge Dist.(opposite)",500234035,15,2,20260821T084004,24.94117,121.34116,13,1,2,0,2026-08-21T08:46:44+08:00
新北市,New Taipei City,YouBike2.0_尖山路高厝巷口,鶯歌區,尖山路276-5號(旁),YouBike2.0_Gaocuo Ln. Jianshan Rd.,Yingge Dist,"No. 276-5, Jianshan Rd. (Side)",500234036,15,4,20260821T084304,24.94495,121.34102,11,1,4,0,2026-08-21T08:46:44+08:00
新北市,New Taipei City,YouBike2.0_公八停車場,鶯歌區,國華路53號(對面),YouBike2.0_Public 8th Parking Lot,Yingge Dist,"No.53, Guohua Rd. (opposite)",500234037,15,1,20260821T081304,24.95515,121.34285,14,1,1,0,2026-08-21T08:46:44+08:00
新北市,New Taipei City,YouBike2.0_龍三鳳鳴路口,鶯歌區,鳳鳴路541號,YouBike2.0_Long 3rd. Rd. & Fengming Rd. Intersection,Yingge Dist,"No. 541, Fengming Rd.",500234038,18,0,20260821T082819,24.97286,121.33137,18,1,0,0,2026-08-21T08:46:44+08:00
新北市,New Taipei City,YouBike2.0_鳳福鳳三路口,鶯歌區,鳳三路360號,YouBike2.0_Fengfu Rd. & Feng 3rd. Rd. Intersection,Yingge Dist,"No. 360, Feng 3rd Rd.",500234039,22,1,20260821T080202,24.97567,121.33143,21,1,1,0,2026-08-21T08:46:44+08:00
新北市,New Taipei City,YouBike2.0_北鶯公園,鶯歌區,成功街20巷19號(旁),YouBike2.0_Beiying Park,Yingge Dist,"No. 19, Ln. 20, Chenggong St. (Side)",500234040,15,1,20260821T075903,24.95777,121.35942,14,1,0,1,2026-08-21T08:46:44+08:00
新北市,New Taipei City,YouBike2.0_鶯歌火車站(文化路),鶯歌區,文化路/文化路115巷(北側),YouBike2.0_Yingge Station (Wenhua Rd.),Yingge Dist,"Ln. 115, Wenhua Rd. Intersection (North)",500234041,25,16,20260821T071204,24.95536,121.35697,9,1,16,0,2026-08-21T08:46:44+08:00
新北市,New Taipei City,YouBike2.0_鳳七鶯歌路口,鶯歌區,鶯歌路101-107號(旁),YouBike2.0_Feng 7th Rd. & Yingge Rd. Intersection,Yingge Dist,"No. 101-107, Yingge Rd. (Side)",500234042,11,2,20260821T083204,24.96916,121.33193,9,1,2,0,2026-08-21T08:46:44+08:00
新北市,New Taipei City,YouBike2.0_國際一路112巷口,鶯歌區,國際一路167號(前),"YouBike2.0_Ln. 112, GuoJi 1st Rd.",Yingge Dist,"No. 167, GuoJi 1st Rd. (Front)",500234043,15,6,20260821T083604,24.97667,121.33579,9,1,5,1,2026-08-21T08:46:44+08:00
新北市,New Taipei City,YouBike2.0_臺鐵鳳鳴站,鶯歌區,鳳一路/鶯歌路口,YouBike2.0_Fengming Station,Yingge Dist,Feng 1st Rd. & YingGe Rd.,500234044,40,0,20260819T210005,24.97227,121.33674,0,0,0,0,2026-08-21T08:46:44+08:00
新北市,New Taipei City,YouBike2.0_鶯歌陶瓷老街,鶯歌區,重慶街/國慶街(西南側),YouBike2.0_YingGe Old Street,Yingge Dist,ChongQing St. & GuoQing St. (Southwest),500234045,33,12,20260821T081903,24.95219,121.351,21,1,12,0,2026-08-21T08:46:44+08:00
新北市,New Taipei City,YouBike2.0_鶯歌火車站(仁愛路62號),鶯歌區,仁愛路62號(東側),"YouBike2.0_YingGe Station (No. 62, RenAi Rd.)",Yingge Dist,"No. 62, RenAi Rd. (East)",500234046,42,19,20260821T084102,24.95505,121.35407,20,1,14,5,2026-08-21T08:46:44+08:00
新北市,New Taipei City,YouBike2.0_臺鐵鳳鳴站(鶯歌路),鶯歌區,鶯歌路276號(對面),YouBike2.0_Fengming Station (YingGe Rd.),Yingge Dist,"No. 276, YingGe Rd. (Opposite)",500234047,20,11,20260821T084204,24.97189,121.33651,7,1,11,0,2026-08-21T08:46:44+08:00
新北市,New Taipei City,YouBike2.0_光明育智路口,鶯歌區,光明街126號(東南側),YouBike2.0_GuangMing St. & YuZhi Rd. Intersection,Yingge Dist,"No. 126, GuangMing St. (Southeast)",500234048,14,3,20260821T080004,24.95587,121.3456,11,1,3,0,2026-08-21T08:46:44+08:00
新北市,New Taipei City,YouBike2.0_新鳳公園,鶯歌區,鶯桃路二段60號(對側),YouBike2.0_XinFeng Park,Yingge Dist,"No. 60, Sec. 2, YingTao Rd. (Opposite)",500234049,14,8,20260821T084204,24.9732,121.32474,6,1,7,1,2026-08-21T08:46:44+08:00
新北市,New Taipei City,YouBike2.0_鳳鳴機器人公園,鶯歌區,鳳鳴路/福安街7巷24弄口,YouBike2.0_FengMing Robot Park,Yingge Dist,"FengMing Rd. & Aly. 24, Ln. 7, FuAn St.",500234050,17,3,20260821T073504,24.96618,121.33465,14,1,3,0,2026-08-21T08:46:44+08:00
新北市,New Taipei City,YouBike2.0_龍五鳳七路口,鶯歌區,龍五路/鳳七路口,YouBike2.0_Long 5th Rd. & Feng 7th Rd. Intersection,Yingge Dist,Long 5th Rd. & Feng 7th Rd. Intersection,500234051,30,0,20260821T073119,24.97043,121.33101,29,1,0,0,2026-08-21T08:46:44+08:00
新北市,New Taipei City,YouBike2.0_龍鳳夜市,鶯歌區,鳳三路/龍三路(東南側),YouBike2.0_LongFeng Night Market,Yingge Dist,Feng 3rd Rd. & Long 3rd Rd. (Southeast),500234052,30,7,20260821T084403,24.97329,121.33331,23,1,7,0,2026-08-21T08:46:44+08:00
新北市,New Taipei City,YouBike2.0_中湖市民活動中心,鶯歌區,中湖街21號,YouBike2.0_Zhonghu Civic Activity Center,Yingge Dist,"No. 21, ZhongHu St.",500234053,20,12,20260820T234704,24.97298,121.3472,8,1,11,1,2026-08-21T08:46:44+08:00
新北市,New Taipei City,YouBike2.0_鳳一鳳吉一街口,鶯歌區,鳳吉一街259號(旁),YouBike2.0_Feng 1st Rd. & FengJi 1st St. Intersection,Yingge Dist,"No. 259, FengJi 1st St. (Side)",500234054,20,7,20260821T081804,24.97677,121.3317,13,1,7,0,2026-08-21T08:46:44+08:00
新北市,New Taipei City,YouBike2.0_鳳五路122號前,鶯歌區,鳳五路122號前,"YouBike2.0_No. 122, Feng 5th Rd.",Yingge Dist,"No. 122, Feng 5th Rd. (Front)",500234055,18,2,20260821T082302,24.97316,121.32991,16,1,2,0,2026-08-21T08:46:44+08:00
新北市,New Taipei City,YouBike2.0_建國永昌街口,鶯歌區,建國路546號(對面),YouBike2.0_JianGuo Rd. & YongChang St. Intersection,Yingge Dist,"No. 546, JianGuo Rd. (Opposite)",500234056,17,7,20260821T071503,24.95031,121.33831,10,1,4,3,2026-08-21T08:46:44+08:00
新北市,New Taipei City,YouBike2.0_捷運鶯歌車站,鶯歌區,館前路300號(對側),YouBike2.0_MRT Yingge Sta.,Yingge Dist,"No. 300, GuanQian Rd. (Opposite)",500234057,34,10,20260821T082203,24.95322,121.35668,24,1,9,1,2026-08-21T08:46:44+08:00
新北市,New Taipei City,YouBike2.0_鳳三龍七路口,鶯歌區,鳳三路68號,YouBike2.0_Feng 3rd Rd. & Long 7th Rd. Intersection,Yingge Dist,"No. 68, Feng 3rd Rd.",500234058,18,12,20260821T084403,24.97204,121.33467,6,1,10,2,2026-08-21T08:46:44+08:00
新北市,New Taipei City,YouBike2.0_捷運國華站,鶯歌區,國華路45號(對側),YouBike2.0_MRT Guohua Sta.,Yingge Dist,"No. 45, GuoHua Rd. (Opposite)",500234059,24,6,20260821T081704,24.95535,121.34251,18,1,6,0,2026-08-21T08:46:44+08:00
新北市,New Taipei City,YouBike2.0_捷運陶瓷老街站,鶯歌區,捷運陶瓷老街站(重慶街側),YouBike2.0_MRT Ceramics Old Street Sta.,Yingge Dist,MRT Ceramics Old Street Sta. (ChongQing St.),500234060,36,13,20260821T082603,24.95212,121.35065,22,1,13,0,2026-08-21T08:46:44+08:00
新北市,New Taipei City,YouBike2.0_捷運永吉公園站,鶯歌區,鶯桃路296巷口,YouBike2.0_MRT Yongji Park Sta.,Yingge Dist,"Ln. 296, YingTao Rd. Intersection",500234061,47,11,20260821T082203,24.96048,121.33476,36,1,11,0,2026-08-21T08:46:44+08:00
新北市,New Taipei City,YouBike2.0_捷運鶯桃福德站,鶯歌區,福德一路20號(對側),YouBike2.0_MRT Yingtao Fude Sta.,Yingge Dist,"No. 20, FuDe 1st Rd. (Opposite)",500234062,75,27,20260821T083902,24.96704,121.33044,48,1,27,0,2026-08-21T08:46:44+08:00
新北市,New Taipei City,YouBike2.0_捷運國華站(2號出口),鶯歌區,國華路97號(對側),YouBike2.0_MRT Guohua Sta.(Exit 2),Yingge Dist,"No. 97, GuoHua Rd. (Opposite)",500234063,60,19,20260821T072902,24.95374,121.34301,40,1,19,0,2026-08-21T08:46:44+08:00
新北市,New Taipei City,YouBike2.0_鶯歌山水步道停車場,鶯歌區,觀景涼亭停車場,YouBike2.0_YingGe Riverside Trail Car Park,Yingge Dist,YingGe Riverside Trail Car Park,500234064,24,5,20260821T071005,24.93205,121.32825,19,1,4,1,2026-08-21T08:46:44+08:00
新北市,New Taipei City,YouBike2.0_鶯歌環河自行車道,鶯歌區,環河路/甲三街(南側自行車道),YouBike2.0_YingGe Riverside Cycling Route,Yingge Dist,Huanhe Rd. & Jia 3rd St. (South),500234065,20,14,20260821T064702,24.92967,121.33837,6,1,14,0,2026-08-21T08:46:44+08:00
新北市,New Taipei City,YouBike2.0_鶯歌火車站(仁愛路),鶯歌區,仁愛路55號對側,YouBike2.0_Yingge Railway Station(Ren’ai Rd.),Yingge Dist,"No.55, Ren’ai Rd., Yingge Dist.(opposite)",500234001,69,41,20260821T101103,24.95559,121.35441,28,1,36,5,2026-08-21T10:18:51+08:00
新北市,New Taipei City,YouBike2.0_新北市立圖書館鶯歌分館,鶯歌區,中山路150號,YouBike2.0_New Taipei City Library Yingge Branch,Yingge Dist,"No.150, Zhongshan Rd.",500234002,20,1,20260821T095622,24.9572,121.34946,19,1,1,0,2026-08-21T10:18:51+08:00
新北市,New Taipei City,YouBike2.0_文化館前路口,鶯歌區,文化路407號旁,YouBike2.0_Yingge Ceramics Museum,Yingge Dist,"No. 407, Wenhua Rd.",500234003,44,10,20260821T095304,24.94948,121.35291,34,1,10,0,2026-08-21T10:18:51+08:00
新北市,New Taipei City,YouBike2.0_鶯歌國民運動中心,鶯歌區,館前路250號運動中心前,YouBike2.0_Yingge Civil Sports Center,Yingge Dist,"No.250, Guanqian Rd., Yingge Dist.",500234004,38,21,20260821T101403,24.95139,121.35733,17,1,21,0,2026-08-21T10:18:51+08:00
新北市,New Taipei City,YouBike2.0_尖山國中,鶯歌區,國中街1號,YouBike2.0_Municipal Jianshan Junior High School,Yingge Dist,"No.1, Guozhong St., Yingge Dist(sidewalk)",500234005,20,2,20260821T100004,24.94381,121.34207,18,1,1,1,2026-08-21T10:18:51+08:00
新北市,New Taipei City,YouBike2.0_新北市立鶯歌高級工商職業學校,鶯歌區,中正三路154號,YouBike2.0_New Taipei Municipal Yingge Vocational High School,Yingge Dist,"No. 154, Zhongzheng 3rd. Rd",500234006,56,8,20260821T101302,24.93923,121.33488,48,1,7,1,2026-08-21T10:18:51+08:00
新北市,New Taipei City,YouBike2.0_鶯歌國中,鶯歌區,鶯桃路39-5號對側,YouBike2.0_Yingge Junior High chool,Yingge Dist,"No.39-5, Yingtao Rd.(opposite)",500234007,30,10,20260821T091702,24.95119,121.34256,20,1,9,1,2026-08-21T10:18:51+08:00
新北市,New Taipei City,YouBike2.0_永吉國小,鶯歌區,德昌二街39號對側,YouBike2.0_Yongchi elementary school,Yingge Dist,"No.39, Dechang 2nd St., Yingge Dist.",500234008,20,7,20260821T085004,24.95865,121.33308,12,1,6,1,2026-08-21T10:18:51+08:00
新北市,New Taipei City,YouBike2.0_鳳祥公園,鶯歌區,鶯桃路365巷130號對側,YouBike2.0_Fengxiang Park,Yingge Dist,"No.130, Ln. 365, Yingtao Rd., Yingge Dist.",500234009,20,10,20260821T093603,24.96283,121.33025,10,1,8,2,2026-08-21T10:18:51+08:00
新北市,New Taipei City,YouBike2.0_鳳鳴國小,鶯歌區,永和街120號,YouBike2.0_Fengming Elementary School,Yingge Dist,"No.120, Yonghe St., Yingge Dist.",500234010,20,5,20260821T101103,24.9692,121.3347,15,1,5,0,2026-08-21T10:18:51+08:00
新北市,New Taipei City,YouBike2.0_國際二國際一路口,鶯歌區,國際二路與國際一路口,YouBike2.0_Guoji 2nd Guoji 1st Intersection,Yingge Dist,"Guoji 2nd Rd./Guoji 1st Rd., Yingge Dist.",500234011,20,7,20260821T083204,24.97577,121.3353,13,1,7,0,2026-08-21T10:18:51+08:00
新北市,New Taipei City,YouBike2.0_鳳福公園,鶯歌區,鳳吉一街186號(對面),YouBike2.0_Fengfu Park,Yingge Dist,"No. 186, Fengji 1st St., Yingge Dist.(opposite)",500234012,20,4,20260821T100404,24.97572,121.32938,16,1,4,0,2026-08-21T10:18:51+08:00
新北市,New Taipei City,YouBike2.0_尖山公園,鶯歌區,鶯歌區尖山路161號對面,YouBike2.0_Jianshan Park,Yingge Dist,"No.161, Jianshan Rd.(opposite)",500234013,29,11,20260821T101002,24.9482,121.346,17,1,10,1,2026-08-21T10:18:51+08:00
新北市,New Taipei City,YouBike2.0_永昌里兒一公園,鶯歌區,鶯桃路182巷96弄36-38號對側,YouBike2.0_Yongchang Village Children Park (No.1),Yingge Dist,"No.36-38, Aly. 96, Ln. 182, Yingtao Rd.(oppsite)",500234014,20,1,20260821T100804,24.956649374562204,121.33959628800724,19,1,1,0,2026-08-21T10:18:51+08:00
新北市,New Taipei City,YouBike2.0_南雅育智路口,鶯歌區,南雅路491號(對面),YouBike2.0_Nanya & Yuzhi Rd. Intersection,Yingge Dist,"No.491, Nanya Rd., Yingge Dist.(opposite)",500234015,22,2,20260821T100920,24.954,121.346,20,1,2,0,2026-08-21T10:18:51+08:00
新北市,New Taipei City,YouBike2.0_國中二甲路口,鶯歌區,國中街175號(前),YouBike2.0_Guozhong & Erjia Intersection,Yingge Dist,"No. 175, Guozhong St., Yingge Dist.",500234016,20,0,20260821T092619,24.939489067109363,121.33868650698288,20,1,0,0,2026-08-21T10:18:51+08:00
新北市,New Taipei City,YouBike2.0_鶯歌永利街,鶯歌區,永利街16號(對面),YouBike2.0_Yingge Yongli St.,Yingge Dist,"No. 16, Yongli St. Yingge Dist.",500234017,15,3,20260821T083902,24.95495,121.33911,11,1,3,0,2026-08-21T10:18:51+08:00
新北市,New Taipei City,YouBike2.0_二橋虹橋公園,鶯歌區,中正三路400號(對面),YouBike2.0_Erqiaoshiguanghongqiao Park,Yingge Dist,"No. 400, Zhongzheng 3rd Rd.(Opposite)",500234018,10,7,20260821T072202,24.93453,121.32595,3,1,6,1,2026-08-21T10:18:51+08:00
新北市,New Taipei City,YouBike2.0_鳳吉四鳳七路口(捷士匯社區),鶯歌區,鳳吉四街57-75號(旁),YouBike2.0_Fengji 4th & Feng 7th Rd. Intersection,Yingge Dist,"No. 57-75, Fengji 4th St.",500234021,40,1,20260821T095802,24.97383,121.32769,39,1,1,0,2026-08-21T10:18:51+08:00
新北市,New Taipei City,YouBike2.0_鶯歌老街第二停車場,鶯歌區,尖山埔路27-31號(對面),YouBike2.0_Yingge Old Street 2nd Parking Lot,Yingge Dist,"No. 27-31, Jianshanpu Rd.(Opposite)",500234022,20,10,20260821T085503,24.94895,121.34227,8,1,9,1,2026-08-21T10:18:51+08:00
新北市,New Taipei City,YouBike2.0_建國中正一路口(北鶯社區),鶯歌區,建國路6號(對面空地),YouBike2.0_Jianguo Zhongzheng 1st Rd. Intersection,Yingge Dist,"No. 6, Jianguo Rd.(Opposite)",500234023,20,3,20260821T062202,24.95658,121.35692,17,1,2,1,2026-08-21T10:18:51+08:00
新北市,New Taipei City,YouBike2.0_三鶯水資源回收中心,鶯歌區,館前路360號(旁),YouBike2.0_Sanying Water Recycling Center,Yingge Dist,"No. 360, Guanqian Rd.",500234024,14,9,20260821T081603,24.95535,121.35996,5,1,7,2,2026-08-21T10:18:51+08:00
新北市,New Taipei City,YouBike2.0_永和街65巷口,鶯歌區,永和街75號,"YouBike2.0_Ln. 65, Yonghe St. Intersection",Yingge Dist,"No. 75, Yonghe St.",500234025,37,7,20260821T094604,24.96798,121.3331413,30,1,6,1,2026-08-21T10:18:51+08:00
新北市,New Taipei City,YouBike2.0_鶯歌陶瓷博物館,鶯歌區,文化路200號(旁),YouBike2.0_Yingge Ceramics Museum(Wenhua Rd.),Yingge Dist,"No. 200, Wenhua Rd.",500234026,22,10,20260821T100103,24.95012,121.35245,12,1,10,0,2026-08-21T10:18:51+08:00
新北市,New Taipei City,YouBike2.0_礫間停車場,鶯歌區,礫間停車場,YouBike2.0_Lijian Parking,Yingge Dist,Lijian Parking,500234028,20,6,20260821T101203,24.9518,121.35445,14,1,6,0,2026-08-21T10:18:51+08:00
新北市,New Taipei City,YouBike2.0_北鶯停車場,鶯歌區,北鶯停車場,YouBike2.0_Beiying Parking,Yingge Dist,Beiying Parking,500234029,20,11,20260820T214403,24.95567,121.35992,9,1,11,0,2026-08-21T10:18:51+08:00
新北市,New Taipei City,YouBike2.0_育英建國路口,鶯歌區,建國路280號(旁),YouBike2.0_Yuying Jianguo Rd. Intersection,Yingge Dist,"No. 280, Jianguo Rd.",500234030,12,4,20260821T095102,24.95356,121.34693,8,1,3,1,2026-08-21T10:18:51+08:00
新北市,New Taipei City,YouBike2.0_中正一仁愛路口,鶯歌區,中正一路181號(對面),YouBike2.0_Zhongzheng 1st & Ren'ai Rd Intersection,Yingge Dist,"No. 181, Zhongzheng 1st Rd.(Opposite)",500234031,15,5,20260821T095703,24.95672,121.3532,10,1,4,1,2026-08-21T10:18:51+08:00
新北市,New Taipei City,YouBike2.0_建國國小,鶯歌區,育英街19號(旁),YouBike2.0_Jianguo Elementary School,Yingge Dist,"No. 19, Yuying St.",500234032,15,7,20260821T101103,24.95521,121.34727,7,1,7,0,2026-08-21T10:18:51+08:00
新北市,New Taipei City,YouBike2.0_光明橋,鶯歌區,永明街78號(旁),YouBike2.0_Guang-ming bridge,Yingge Dist,"No. 78, Yongming St., Yingge Dist.(side)",500234033,14,8,20260821T094203,24.95577,121.34128,6,1,8,0,2026-08-21T10:18:51+08:00
新北市,New Taipei City,YouBike2.0_二橋派出所,鶯歌區,高職西街/中正三路口(西北側),YouBike2.0_Erqiao Police Station,Yingge Dist,"Gaozhi W. St. & Zhongzheng 3rd Rd., Yingge Dist. (west side)",500234034,11,9,20260821T094302,24.94216,121.33884,2,1,9,0,2026-08-21T10:18:51+08:00
新北市,New Taipei City,YouBike2.0_國中高職東街口,鶯歌區,國中路113至117-3號(對面),YouBike2.0_Guozhong & Gaozhi E. Intersection,Yingge Dist,"No. 113, Guozhong St., Yingge Dist.(opposite)",500234035,15,0,20260821T100223,24.94117,121.34116,15,1,0,0,2026-08-21T10:18:51+08:00
新北市,New Taipei City,YouBike2.0_尖山路高厝巷口,鶯歌區,尖山路276-5號(旁),YouBike2.0_Gaocuo Ln. Jianshan Rd.,Yingge Dist,"No. 276-5, Jianshan Rd. (Side)",500234036,15,1,20260821T095004,24.94495,121.34102,14,1,1,0,2026-08-21T10:18:51+08:00
新北市,New Taipei City,YouBike2.0_公八停車場,鶯歌區,國華路53號(對面),YouBike2.0_Public 8th Parking Lot,Yingge Dist,"No.53, Guohua Rd. (opposite)",500234037,15,1,20260821T081304,24.95515,121.34285,14,1,1,0,2026-08-21T10:18:51+08:00
新北市,New Taipei City,YouBike2.0_龍三鳳鳴路口,鶯歌區,鳳鳴路541號,YouBike2.0_Long 3rd. Rd. & Fengming Rd. Intersection,Yingge Dist,"No. 541, Fengming Rd.",500234038,18,0,20260821T094722,24.97286,121.33137,18,1,0,0,2026-08-21T10:18:51+08:00
新北市,New Taipei City,YouBike2.0_鳳福鳳三路口,鶯歌區,鳳三路360號,YouBike2.0_Fengfu Rd. & Feng 3rd. Rd. Intersection,Yingge Dist,"No. 360, Feng 3rd Rd.",500234039,22,8,20260821T100103,24.97567,121.33143,14,1,6,2,2026-08-21T10:18:51+08:00
新北市,New Taipei City,YouBike2.0_北鶯公園,鶯歌區,成功街20巷19號(旁),YouBike2.0_Beiying Park,Yingge Dist,"No. 19, Ln. 20, Chenggong St. (Side)",500234040,15,0,20260821T085923,24.95777,121.35942,15,1,0,0,2026-08-21T10:18:51+08:00
新北市,New Taipei City,YouBike2.0_鶯歌火車站(文化路),鶯歌區,文化路/文化路115巷(北側),YouBike2.0_Yingge Station (Wenhua Rd.),Yingge Dist,"Ln. 115, Wenhua Rd. Intersection (North)",500234041,25,18,20260821T093703,24.95536,121.35697,7,1,18,0,2026-08-21T10:18:51+08:00
新北市,New Taipei City,YouBike2.0_鳳七鶯歌路口,鶯歌區,鶯歌路101-107號(旁),YouBike2.0_Feng 7th Rd. & Yingge Rd. Intersection,Yingge Dist,"No. 101-107, Yingge Rd. (Side)",500234042,11,2,20260821T091102,24.96916,121.33193,9,1,2,0,2026-08-21T10:18:51+08:00
新北市,New Taipei City,YouBike2.0_國際一路112巷口,鶯歌區,國際一路167號(前),"YouBike2.0_Ln. 112, GuoJi 1st Rd.",Yingge Dist,"No. 167, GuoJi 1st Rd. (Front)",500234043,15,4,20260821T091102,24.97667,121.33579,11,1,3,1,2026-08-21T10:18:51+08:00
新北市,New Taipei City,YouBike2.0_臺鐵鳳鳴站,鶯歌區,鳳一路/鶯歌路口,YouBike2.0_Fengming Station,Yingge Dist,Feng 1st Rd. & YingGe Rd.,500234044,40,0,20260819T210005,24.97227,121.33674,0,0,0,0,2026-08-21T10:18:51+08:00
新北市,New Taipei City,YouBike2.0_鶯歌陶瓷老街,鶯歌區,重慶街/國慶街(西南側),YouBike2.0_YingGe Old Street,Yingge Dist,ChongQing St. & GuoQing St. (Southwest),500234045,33,15,20260821T100004,24.95219,121.351,18,1,15,0,2026-08-21T10:18:51+08:00
新北市,New Taipei City,YouBike2.0_鶯歌火車站(仁愛路62號),鶯歌區,仁愛路62號(東側),"YouBike2.0_YingGe Station (No. 62, RenAi Rd.)",Yingge Dist,"No. 62, RenAi Rd. (East)",500234046,42,16,20260821T095504,24.95505,121.35407,23,1,13,3,2026-08-21T10:18:51+08:00
新北市,New Taipei City,YouBike2.0_臺鐵鳳鳴站(鶯歌路),鶯歌區,鶯歌路276號(對面),YouBike2.0_Fengming Station (YingGe Rd.),Yingge Dist,"No. 276, YingGe Rd. (Opposite)",500234047,20,6,20260821T101403,24.97189,121.33651,9,1,5,1,2026-08-21T10:18:51+08:00
新北市,New Taipei City,YouBike2.0_光明育智路口,鶯歌區,光明街126號(東南側),YouBike2.0_GuangMing St. & YuZhi Rd. Intersection,Yingge Dist,"No. 126, GuangMing St. (Southeast)",500234048,14,3,20260821T101403,24.95587,121.3456,11,1,3,0,2026-08-21T10:18:51+08:00
新北市,New Taipei City,YouBike2.0_新鳳公園,鶯歌區,鶯桃路二段60號(對側),YouBike2.0_XinFeng Park,Yingge Dist,"No. 60, Sec. 2, YingTao Rd. (Opposite)",500234049,14,5,20260821T092802,24.9732,121.32474,9,1,5,0,2026-08-21T10:18:51+08:00
新北市,New Taipei City,YouBike2.0_鳳鳴機器人公園,鶯歌區,鳳鳴路/福安街7巷24弄口,YouBike2.0_FengMing Robot Park,Yingge Dist,"FengMing Rd. & Aly. 24, Ln. 7, FuAn St.",500234050,17,3,20260821T093202,24.96618,121.33465,14,1,3,0,2026-08-21T10:18:51+08:00
新北市,New Taipei City,YouBike2.0_龍五鳳七路口,鶯歌區,龍五路/鳳七路口,YouBike2.0_Long 5th Rd. & Feng 7th Rd. Intersection,Yingge Dist,Long 5th Rd. & Feng 7th Rd. Intersection,500234051,30,5,20260821T095404,24.97043,121.33101,24,1,5,0,2026-08-21T10:18:51+08:00
新北市,New Taipei City,YouBike2.0_龍鳳夜市,鶯歌區,鳳三路/龍三路(東南側),YouBike2.0_LongFeng Night Market,Yingge Dist,Feng 3rd Rd. & Long 3rd Rd. (Southeast),500234052,30,7,20260821T093804,24.97329,121.33331,23,1,7,0,2026-08-21T10:18:51+08:00
新北市,New Taipei City,YouBike2.0_中湖市民活動中心,鶯歌區,中湖街21號,YouBike2.0_Zhonghu Civic Activity Center,Yingge Dist,"No. 21, ZhongHu St.",500234053,20,14,20260821T095902,24.97298,121.3472,6,1,14,0,2026-08-21T10:18:51+08:00
新北市,New Taipei City,YouBike2.0_鳳一鳳吉一街口,鶯歌區,鳳吉一街259號(旁),YouBike2.0_Feng 1st Rd. & FengJi 1st St. Intersection,Yingge Dist,"No. 259, FengJi 1st St. (Side)",500234054,20,5,20260821T093004,24.97677,121.3317,15,1,5,0,2026-08-21T10:18:51+08:00
新北市,New Taipei City,YouBike2.0_鳳五路122號前,鶯歌區,鳳五路122號前,"YouBike2.0_No. 122, Feng 5th Rd.",Yingge Dist,"No. 122, Feng 5th Rd. (Front)",500234055,18,0,20260821T095223,24.97316,121.32991,18,1,0,0,2026-08-21T10:18:51+08:00
新北市,New Taipei City,YouBike2.0_建國永昌街口,鶯歌區,建國路546號(對面),YouBike2.0_JianGuo Rd. & YongChang St. Intersection,Yingge Dist,"No. 546, JianGuo Rd. (Opposite)",500234056,17,7,20260821T071503,24.95031,121.33831,10,1,4,3,2026-08-21T10:18:51+08:00
新北市,New Taipei City,YouBike2.0_捷運鶯歌車站,鶯歌區,館前路300號(對側),YouBike2.0_MRT Yingge Sta.,Yingge Dist,"No. 300, GuanQian Rd. (Opposite)",500234057,34,11,20260821T094702,24.95322,121.35668,22,1,10,1,2026-08-21T10:18:51+08:00
新北市,New Taipei City,YouBike2.0_鳳三龍七路口,鶯歌區,鳳三路68號,YouBike2.0_Feng 3rd Rd. & Long 7th Rd. Intersection,Yingge Dist,"No. 68, Feng 3rd Rd.",500234058,18,6,20260821T100103,24.97204,121.33467,12,1,4,2,2026-08-21T10:18:51+08:00
新北市,New Taipei City,YouBike2.0_捷運國華站,鶯歌區,國華路45號(對側),YouBike2.0_MRT Guohua Sta.,Yingge Dist,"No. 45, GuoHua Rd. (Opposite)",500234059,24,5,20260821T093503,24.95535,121.34251,19,1,5,0,2026-08-21T10:18:51+08:00
新北市,New Taipei City,YouBike2.0_捷運陶瓷老街站,鶯歌區,捷運陶瓷老街站(重慶街側),YouBike2.0_MRT Ceramics Old Street Sta.,Yingge Dist,MRT Ceramics Old Street Sta. (ChongQing St.),500234060,36,13,20260821T082603,24.95212,121.35065,22,1,13,0,2026-08-21T10:18:51+08:00
新北市,New Taipei City,YouBike2.0_捷運永吉公園站,鶯歌區,鶯桃路296巷口,YouBike2.0_MRT Yongji Park Sta.,Yingge Dist,"Ln. 296, YingTao Rd. Intersection",500234061,47,8,20260821T100804,24.96048,121.33476,39,1,8,0,2026-08-21T10:18:51+08:00
新北市,New Taipei City,YouBike2.0_捷運鶯桃福德站,鶯歌區,福德一路20號(對側),YouBike2.0_MRT Yingtao Fude Sta.,Yingge Dist,"No. 20, FuDe 1st Rd. (Opposite)",500234062,75,26,20260821T101003,24.96704,121.33044,49,1,26,0,2026-08-21T10:18:51+08:00
新北市,New Taipei City,YouBike2.0_捷運國華站(2號出口),鶯歌區,國華路97號(對側),YouBike2.0_MRT Guohua Sta.(Exit 2),Yingge Dist,"No. 97, GuoHua Rd. (Opposite)",500234063,60,21,20260821T095703,24.95374,121.34301,38,1,20,1,2026-08-21T10:18:51+08:00
新北市,New Taipei City,YouBike2.0_鶯歌山水步道停車場,鶯歌區,觀景涼亭停車場,YouBike2.0_YingGe Riverside Trail Car Park,Yingge Dist,YingGe Riverside Trail Car Park,500234064,24,5,20260821T071005,24.93205,121.32825,19,1,4,1,2026-08-21T10:18:51+08:00
新北市,New Taipei City,YouBike2.0_鶯歌環河自行車道,鶯歌區,環河路/甲三街(南側自行車道),YouBike2.0_YingGe Riverside Cycling Route,Yingge Dist,Huanhe Rd. & Jia 3rd St. (South),500234065,20,14,20260821T064702,24.92967,121.33837,6,1,14,0,2026-08-21T10:18:51+08:00
新北市,New Taipei City,YouBike2.0_鶯歌火車站(仁愛路),鶯歌區,仁愛路55號對側,YouBike2.0_Yingge Railway Station(Ren’ai Rd.),Yingge Dist,"No.55, Ren’ai Rd., Yingge Dist.(opposite)",500234001,69,42,20260821T112302,24.95559,121.35441,27,1,37,5,2026-08-21T11:27:46+08:00
新北市,New Taipei City,YouBike2.0_新北市立圖書館鶯歌分館,鶯歌區,中山路150號,YouBike2.0_New Taipei City Library Yingge Branch,Yingge Dist,"No.150, Zhongshan Rd.",500234002,20,3,20260821T112104,24.9572,121.34946,17,1,3,0,2026-08-21T11:27:46+08:00
新北市,New Taipei City,YouBike2.0_文化館前路口,鶯歌區,文化路407號旁,YouBike2.0_Yingge Ceramics Museum,Yingge Dist,"No. 407, Wenhua Rd.",500234003,44,7,20260821T111503,24.94948,121.35291,37,1,7,0,2026-08-21T11:27:46+08:00
新北市,New Taipei City,YouBike2.0_鶯歌國民運動中心,鶯歌區,館前路250號運動中心前,YouBike2.0_Yingge Civil Sports Center,Yingge Dist,"No.250, Guanqian Rd., Yingge Dist.",500234004,38,24,20260821T112404,24.95139,121.35733,14,1,24,0,2026-08-21T11:27:46+08:00
新北市,New Taipei City,YouBike2.0_尖山國中,鶯歌區,國中街1號,YouBike2.0_Municipal Jianshan Junior High School,Yingge Dist,"No.1, Guozhong St., Yingge Dist(sidewalk)",500234005,20,2,20260821T105802,24.94381,121.34207,18,1,1,1,2026-08-21T11:27:46+08:00
新北市,New Taipei City,YouBike2.0_新北市立鶯歌高級工商職業學校,鶯歌區,中正三路154號,YouBike2.0_New Taipei Municipal Yingge Vocational High School,Yingge Dist,"No. 154, Zhongzheng 3rd. Rd",500234006,56,7,20260821T102203,24.93923,121.33488,49,1,7,0,2026-08-21T11:27:46+08:00
新北市,New Taipei City,YouBike2.0_鶯歌國中,鶯歌區,鶯桃路39-5號對側,YouBike2.0_Yingge Junior High chool,Yingge Dist,"No.39-5, Yingtao Rd.(opposite)",500234007,30,11,20260821T110902,24.95119,121.34256,19,1,9,2,2026-08-21T11:27:46+08:00
新北市,New Taipei City,YouBike2.0_永吉國小,鶯歌區,德昌二街39號對側,YouBike2.0_Yongchi elementary school,Yingge Dist,"No.39, Dechang 2nd St., Yingge Dist.",500234008,20,7,20260821T112404,24.95865,121.33308,13,1,6,1,2026-08-21T11:27:46+08:00
新北市,New Taipei City,YouBike2.0_鳳祥公園,鶯歌區,鶯桃路365巷130號對側,YouBike2.0_Fengxiang Park,Yingge Dist,"No.130, Ln. 365, Yingtao Rd., Yingge Dist.",500234009,20,10,20260821T111903,24.96283,121.33025,10,1,7,3,2026-08-21T11:27:46+08:00
新北市,New Taipei City,YouBike2.0_鳳鳴國小,鶯歌區,永和街120號,YouBike2.0_Fengming Elementary School,Yingge Dist,"No.120, Yonghe St., Yingge Dist.",500234010,20,2,20260821T110103,24.9692,121.3347,18,1,2,0,2026-08-21T11:27:46+08:00
新北市,New Taipei City,YouBike2.0_國際二國際一路口,鶯歌區,國際二路與國際一路口,YouBike2.0_Guoji 2nd Guoji 1st Intersection,Yingge Dist,"Guoji 2nd Rd./Guoji 1st Rd., Yingge Dist.",500234011,20,7,20260821T083204,24.97577,121.3353,13,1,7,0,2026-08-21T11:27:46+08:00
新北市,New Taipei City,YouBike2.0_鳳福公園,鶯歌區,鳳吉一街186號(對面),YouBike2.0_Fengfu Park,Yingge Dist,"No. 186, Fengji 1st St., Yingge Dist.(opposite)",500234012,20,3,20260821T105603,24.97572,121.32938,17,1,3,0,2026-08-21T11:27:46+08:00
新北市,New Taipei City,YouBike2.0_尖山公園,鶯歌區,鶯歌區尖山路161號對面,YouBike2.0_Jianshan Park,Yingge Dist,"No.161, Jianshan Rd.(opposite)",500234013,29,5,20260821T111701,24.9482,121.346,23,1,5,0,2026-08-21T11:27:46+08:00
新北市,New Taipei City,YouBike2.0_永昌里兒一公園,鶯歌區,鶯桃路182巷96弄36-38號對側,YouBike2.0_Yongchang Village Children Park (No.1),Yingge Dist,"No.36-38, Aly. 96, Ln. 182, Yingtao Rd.(oppsite)",500234014,20,1,20260821T111519,24.956649374562204,121.33959628800724,19,1,1,0,2026-08-21T11:27:46+08:00
新北市,New Taipei City,YouBike2.0_南雅育智路口,鶯歌區,南雅路491號(對面),YouBike2.0_Nanya & Yuzhi Rd. Intersection,Yingge Dist,"No.491, Nanya Rd., Yingge Dist.(opposite)",500234015,22,1,20260821T104703,24.954,121.346,21,1,1,0,2026-08-21T11:27:46+08:00
新北市,New Taipei City,YouBike2.0_國中二甲路口,鶯歌區,國中街175號(前),YouBike2.0_Guozhong & Erjia Intersection,Yingge Dist,"No. 175, Guozhong St., Yingge Dist.",500234016,20,2,20260821T111803,24.939489067109363,121.33868650698288,18,1,2,0,2026-08-21T11:27:46+08:00
新北市,New Taipei City,YouBike2.0_鶯歌永利街,鶯歌區,永利街16號(對面),YouBike2.0_Yingge Yongli St.,Yingge Dist,"No. 16, Yongli St. Yingge Dist.",500234017,15,3,20260821T103204,24.95495,121.33911,11,1,3,0,2026-08-21T11:27:46+08:00
新北市,New Taipei City,YouBike2.0_二橋虹橋公園,鶯歌區,中正三路400號(對面),YouBike2.0_Erqiaoshiguanghongqiao Park,Yingge Dist,"No. 400, Zhongzheng 3rd Rd.(Opposite)",500234018,10,7,20260821T072202,24.93453,121.32595,3,1,6,1,2026-08-21T11:27:46+08:00
新北市,New Taipei City,YouBike2.0_鳳吉四鳳七路口(捷士匯社區),鶯歌區,鳳吉四街57-75號(旁),YouBike2.0_Fengji 4th & Feng 7th Rd. Intersection,Yingge Dist,"No. 57-75, Fengji 4th St.",500234021,40,1,20260821T110902,24.97383,121.32769,39,1,1,0,2026-08-21T11:27:46+08:00
新北市,New Taipei City,YouBike2.0_鶯歌老街第二停車場,鶯歌區,尖山埔路27-31號(對面),YouBike2.0_Yingge Old Street 2nd Parking Lot,Yingge Dist,"No. 27-31, Jianshanpu Rd.(Opposite)",500234022,20,10,20260821T110902,24.94895,121.34227,9,1,9,1,2026-08-21T11:27:46+08:00
新北市,New Taipei City,YouBike2.0_建國中正一路口(北鶯社區),鶯歌區,建國路6號(對面空地),YouBike2.0_Jianguo Zhongzheng 1st Rd. Intersection,Yingge Dist,"No. 6, Jianguo Rd.(Opposite)",500234023,20,2,20260821T112404,24.95658,121.35692,18,1,2,0,2026-08-21T11:27:46+08:00
新北市,New Taipei City,YouBike2.0_三鶯水資源回收中心,鶯歌區,館前路360號(旁),YouBike2.0_Sanying Water Recycling Center,Yingge Dist,"No. 360, Guanqian Rd.",500234024,14,9,20260821T081603,24.95535,121.35996,5,1,7,2,2026-08-21T11:27:46+08:00
新北市,New Taipei City,YouBike2.0_永和街65巷口,鶯歌區,永和街75號,"YouBike2.0_Ln. 65, Yonghe St. Intersection",Yingge Dist,"No. 75, Yonghe St.",500234025,37,5,20260821T112302,24.96798,121.3331413,32,1,5,0,2026-08-21T11:27:46+08:00
新北市,New Taipei City,YouBike2.0_鶯歌陶瓷博物館,鶯歌區,文化路200號(旁),YouBike2.0_Yingge Ceramics Museum(Wenhua Rd.),Yingge Dist,"No. 200, Wenhua Rd.",500234026,22,10,20260821T112202,24.95012,121.35245,12,1,9,1,2026-08-21T11:27:46+08:00
新北市,New Taipei City,YouBike2.0_礫間停車場,鶯歌區,礫間停車場,YouBike2.0_Lijian Parking,Yingge Dist,Lijian Parking,500234028,20,6,20260821T101203,24.9518,121.35445,14,1,6,0,2026-08-21T11:27:46+08:00
新北市,New Taipei City,YouBike2.0_北鶯停車場,鶯歌區,北鶯停車場,YouBike2.0_Beiying Parking,Yingge Dist,Beiying Parking,500234029,20,11,20260820T214403,24.95567,121.35992,9,1,11,0,2026-08-21T11:27:46+08:00
新北市,New Taipei City,YouBike2.0_育英建國路口,鶯歌區,建國路280號(旁),YouBike2.0_Yuying Jianguo Rd. Intersection,Yingge Dist,"No. 280, Jianguo Rd.",500234030,12,3,20260821T110004,24.95356,121.34693,9,1,2,1,2026-08-21T11:27:46+08:00
新北市,New Taipei City,YouBike2.0_中正一仁愛路口,鶯歌區,中正一路181號(對面),YouBike2.0_Zhongzheng 1st & Ren'ai Rd Intersection,Yingge Dist,"No. 181, Zhongzheng 1st Rd.(Opposite)",500234031,15,5,20260821T111204,24.95672,121.3532,10,1,4,1,2026-08-21T11:27:46+08:00
新北市,New Taipei City,YouBike2.0_建國國小,鶯歌區,育英街19號(旁),YouBike2.0_Jianguo Elementary School,Yingge Dist,"No. 19, Yuying St.",500234032,15,6,20260821T103804,24.95521,121.34727,8,1,6,0,2026-08-21T11:27:46+08:00
新北市,New Taipei City,YouBike2.0_光明橋,鶯歌區,永明街78號(旁),YouBike2.0_Guang-ming bridge,Yingge Dist,"No. 78, Yongming St., Yingge Dist.(side)",500234033,14,6,20260821T111504,24.95577,121.34128,8,1,6,0,2026-08-21T11:27:46+08:00
新北市,New Taipei City,YouBike2.0_二橋派出所,鶯歌區,高職西街/中正三路口(西北側),YouBike2.0_Erqiao Police Station,Yingge Dist,"Gaozhi W. St. & Zhongzheng 3rd Rd., Yingge Dist. (west side)",500234034,11,9,20260821T111504,24.94216,121.33884,2,1,9,0,2026-08-21T11:27:46+08:00
新北市,New Taipei City,YouBike2.0_國中高職東街口,鶯歌區,國中路113至117-3號(對面),YouBike2.0_Guozhong & Gaozhi E. Intersection,Yingge Dist,"No. 113, Guozhong St., Yingge Dist.(opposite)",500234035,15,2,20260821T105021,24.94117,121.34116,13,1,2,0,2026-08-21T11:27:46+08:00
新北市,New Taipei City,YouBike2.0_尖山路高厝巷口,鶯歌區,尖山路276-5號(旁),YouBike2.0_Gaocuo Ln. Jianshan Rd.,Yingge Dist,"No. 276-5, Jianshan Rd. (Side)",500234036,15,2,20260821T103702,24.94495,121.34102,13,1,2,0,2026-08-21T11:27:46+08:00
新北市,New Taipei City,YouBike2.0_公八停車場,鶯歌區,國華路53號(對面),YouBike2.0_Public 8th Parking Lot,Yingge Dist,"No.53, Guohua Rd. (opposite)",500234037,15,1,20260821T081304,24.95515,121.34285,14,1,1,0,2026-08-21T11:27:46+08:00
新北市,New Taipei City,YouBike2.0_龍三鳳鳴路口,鶯歌區,鳳鳴路541號,YouBike2.0_Long 3rd. Rd. & Fengming Rd. Intersection,Yingge Dist,"No. 541, Fengming Rd.",500234038,18,0,20260821T094722,24.97286,121.33137,18,1,0,0,2026-08-21T11:27:46+08:00
新北市,New Taipei City,YouBike2.0_鳳福鳳三路口,鶯歌區,鳳三路360號,YouBike2.0_Fengfu Rd. & Feng 3rd. Rd. Intersection,Yingge Dist,"No. 360, Feng 3rd Rd.",500234039,22,4,20260821T104602,24.97567,121.33143,18,1,2,2,2026-08-21T11:27:46+08:00
新北市,New Taipei City,YouBike2.0_北鶯公園,鶯歌區,成功街20巷19號(旁),YouBike2.0_Beiying Park,Yingge Dist,"No. 19, Ln. 20, Chenggong St. (Side)",500234040,15,8,20260821T103902,24.95777,121.35942,7,1,8,0,2026-08-21T11:27:46+08:00
新北市,New Taipei City,YouBike2.0_鶯歌火車站(文化路),鶯歌區,文化路/文化路115巷(北側),YouBike2.0_Yingge Station (Wenhua Rd.),Yingge Dist,"Ln. 115, Wenhua Rd. Intersection (North)",500234041,25,19,20260821T111103,24.95536,121.35697,6,1,19,0,2026-08-21T11:27:46+08:00
新北市,New Taipei City,YouBike2.0_鳳七鶯歌路口,鶯歌區,鶯歌路101-107號(旁),YouBike2.0_Feng 7th Rd. & Yingge Rd. Intersection,Yingge Dist,"No. 101-107, Yingge Rd. (Side)",500234042,11,1,20260821T112202,24.96916,121.33193,10,1,1,0,2026-08-21T11:27:46+08:00
新北市,New Taipei City,YouBike2.0_國際一路112巷口,鶯歌區,國際一路167號(前),"YouBike2.0_Ln. 112, GuoJi 1st Rd.",Yingge Dist,"No. 167, GuoJi 1st Rd. (Front)",500234043,15,4,20260821T091102,24.97667,121.33579,11,1,3,1,2026-08-21T11:27:46+08:00
新北市,New Taipei City,YouBike2.0_臺鐵鳳鳴站,鶯歌區,鳳一路/鶯歌路口,YouBike2.0_Fengming Station,Yingge Dist,Feng 1st Rd. & YingGe Rd.,500234044,40,0,20260819T210005,24.97227,121.33674,0,0,0,0,2026-08-21T11:27:46+08:00
新北市,New Taipei City,YouBike2.0_鶯歌陶瓷老街,鶯歌區,重慶街/國慶街(西南側),YouBike2.0_YingGe Old Street,Yingge Dist,ChongQing St. & GuoQing St. (Southwest),500234045,33,20,20260821T110702,24.95219,121.351,13,1,20,0,2026-08-21T11:27:46+08:00
新北市,New Taipei City,YouBike2.0_鶯歌火車站(仁愛路62號),鶯歌區,仁愛路62號(東側),"YouBike2.0_YingGe Station (No. 62, RenAi Rd.)",Yingge Dist,"No. 62, RenAi Rd. (East)",500234046,42,17,20260821T101604,24.95505,121.35407,22,1,14,3,2026-08-21T11:27:46+08:00
新北市,New Taipei City,YouBike2.0_臺鐵鳳鳴站(鶯歌路),鶯歌區,鶯歌路276號(對面),YouBike2.0_Fengming Station (YingGe Rd.),Yingge Dist,"No. 276, YingGe Rd. (Opposite)",500234047,20,9,20260821T112003,24.97189,121.33651,6,1,9,0,2026-08-21T11:27:46+08:00
新北市,New Taipei City,YouBike2.0_光明育智路口,鶯歌區,光明街126號(東南側),YouBike2.0_GuangMing St. & YuZhi Rd. Intersection,Yingge Dist,"No. 126, GuangMing St. (Southeast)",500234048,14,6,20260821T112404,24.95587,121.3456,8,1,6,0,2026-08-21T11:27:46+08:00
新北市,New Taipei City,YouBike2.0_新鳳公園,鶯歌區,鶯桃路二段60號(對側),YouBike2.0_XinFeng Park,Yingge Dist,"No. 60, Sec. 2, YingTao Rd. (Opposite)",500234049,14,7,20260821T111204,24.9732,121.32474,7,1,7,0,2026-08-21T11:27:46+08:00
新北市,New Taipei City,YouBike2.0_鳳鳴機器人公園,鶯歌區,鳳鳴路/福安街7巷24弄口,YouBike2.0_FengMing Robot Park,Yingge Dist,"FengMing Rd. & Aly. 24, Ln. 7, FuAn St.",500234050,17,3,20260821T093202,24.96618,121.33465,14,1,3,0,2026-08-21T11:27:46+08:00
新北市,New Taipei City,YouBike2.0_龍五鳳七路口,鶯歌區,龍五路/鳳七路口,YouBike2.0_Long 5th Rd. & Feng 7th Rd. Intersection,Yingge Dist,Long 5th Rd. & Feng 7th Rd. Intersection,500234051,30,0,20260821T104719,24.97043,121.33101,29,1,0,0,2026-08-21T11:27:46+08:00
新北市,New Taipei City,YouBike2.0_龍鳳夜市,鶯歌區,鳳三路/龍三路(東南側),YouBike2.0_LongFeng Night Market,Yingge Dist,Feng 3rd Rd. & Long 3rd Rd. (Southeast),500234052,30,7,20260821T112104,24.97329,121.33331,23,1,7,0,2026-08-21T11:27:46+08:00
新北市,New Taipei City,YouBike2.0_中湖市民活動中心,鶯歌區,中湖街21號,YouBike2.0_Zhonghu Civic Activity Center,Yingge Dist,"No. 21, ZhongHu St.",500234053,20,16,20260821T111303,24.97298,121.3472,4,1,15,1,2026-08-21T11:27:46+08:00
新北市,New Taipei City,YouBike2.0_鳳一鳳吉一街口,鶯歌區,鳳吉一街259號(旁),YouBike2.0_Feng 1st Rd. & FengJi 1st St. Intersection,Yingge Dist,"No. 259, FengJi 1st St. (Side)",500234054,20,4,20260821T111803,24.97677,121.3317,16,1,4,0,2026-08-21T11:27:46+08:00
新北市,New Taipei City,YouBike2.0_鳳五路122號前,鶯歌區,鳳五路122號前,"YouBike2.0_No. 122, Feng 5th Rd.",Yingge Dist,"No. 122, Feng 5th Rd. (Front)",500234055,18,4,20260821T105302,24.97316,121.32991,14,1,4,0,2026-08-21T11:27:46+08:00
新北市,New Taipei City,YouBike2.0_建國永昌街口,鶯歌區,建國路546號(對面),YouBike2.0_JianGuo Rd. & YongChang St. Intersection,Yingge Dist,"No. 546, JianGuo Rd. (Opposite)",500234056,17,7,20260821T071503,24.95031,121.33831,10,1,4,3,2026-08-21T11:27:46+08:00
新北市,New Taipei City,YouBike2.0_捷運鶯歌車站,鶯歌區,館前路300號(對側),YouBike2.0_MRT Yingge Sta.,Yingge Dist,"No. 300, GuanQian Rd. (Opposite)",500234057,34,15,20260821T104303,24.95322,121.35668,18,1,14,1,2026-08-21T11:27:46+08:00
新北市,New Taipei City,YouBike2.0_鳳三龍七路口,鶯歌區,鳳三路68號,YouBike2.0_Feng 3rd Rd. & Long 7th Rd. Intersection,Yingge Dist,"No. 68, Feng 3rd Rd.",500234058,18,7,20260821T112118,24.97204,121.33467,11,1,5,2,2026-08-21T11:27:46+08:00
新北市,New Taipei City,YouBike2.0_捷運國華站,鶯歌區,國華路45號(對側),YouBike2.0_MRT Guohua Sta.,Yingge Dist,"No. 45, GuoHua Rd. (Opposite)",500234059,24,4,20260821T103604,24.95535,121.34251,20,1,4,0,2026-08-21T11:27:46+08:00
新北市,New Taipei City,YouBike2.0_捷運陶瓷老街站,鶯歌區,捷運陶瓷老街站(重慶街側),YouBike2.0_MRT Ceramics Old Street Sta.,Yingge Dist,MRT Ceramics Old Street Sta. (ChongQing St.),500234060,36,17,20260821T105404,24.95212,121.35065,18,1,17,0,2026-08-21T11:27:46+08:00
新北市,New Taipei City,YouBike2.0_捷運永吉公園站,鶯歌區,鶯桃路296巷口,YouBike2.0_MRT Yongji Park Sta.,Yingge Dist,"Ln. 296, YingTao Rd. Intersection",500234061,47,9,20260821T112404,24.96048,121.33476,38,1,9,0,2026-08-21T11:27:46+08:00
新北市,New Taipei City,YouBike2.0_捷運鶯桃福德站,鶯歌區,福德一路20號(對側),YouBike2.0_MRT Yingtao Fude Sta.,Yingge Dist,"No. 20, FuDe 1st Rd. (Opposite)",500234062,75,24,20260821T111904,24.96704,121.33044,51,1,24,0,2026-08-21T11:27:46+08:00
新北市,New Taipei City,YouBike2.0_捷運國華站(2號出口),鶯歌區,國華路97號(對側),YouBike2.0_MRT Guohua Sta.(Exit 2),Yingge Dist,"No. 97, GuoHua Rd. (Opposite)",500234063,60,23,20260821T110504,24.95374,121.34301,36,1,22,1,2026-08-21T11:27:46+08:00
新北市,New Taipei City,YouBike2.0_鶯歌山水步道停車場,鶯歌區,觀景涼亭停車場,YouBike2.0_YingGe Riverside Trail Car Park,Yingge Dist,YingGe Riverside Trail Car Park,500234064,24,5,20260821T071005,24.93205,121.32825,19,1,4,1,2026-08-21T11:27:46+08:00
新北市,New Taipei City,YouBike2.0_鶯歌環河自行車道,鶯歌區,環河路/甲三街(南側自行車道),YouBike2.0_YingGe Riverside Cycling Route,Yingge Dist,Huanhe Rd. & Jia 3rd St. (South),500234065,20,14,20260821T064702,24.92967,121.33837,6,1,14,0,2026-08-21T11:27:46+08:00
新北市,New Taipei City,YouBike2.0_鶯歌火車站(仁愛路),鶯歌區,仁愛路55號對側,YouBike2.0_Yingge Railway Station(Ren’ai Rd.),Yingge Dist,"No.55, Ren’ai Rd., Yingge Dist.(opposite)",500234001,69,41,20260821T120403,24.95559,121.35441,28,1,40,1,2026-08-21T12:09:02+08:00
新北市,New Taipei City,YouBike2.0_新北市立圖書館鶯歌分館,鶯歌區,中山路150號,YouBike2.0_New Taipei City Library Yingge Branch,Yingge Dist,"No.150, Zhongshan Rd.",500234002,20,5,20260821T115603,24.9572,121.34946,15,1,5,0,2026-08-21T12:09:02+08:00
新北市,New Taipei City,YouBike2.0_文化館前路口,鶯歌區,文化路407號旁,YouBike2.0_Yingge Ceramics Museum,Yingge Dist,"No. 407, Wenhua Rd.",500234003,44,6,20260821T115803,24.94948,121.35291,38,1,6,0,2026-08-21T12:09:02+08:00
新北市,New Taipei City,YouBike2.0_鶯歌國民運動中心,鶯歌區,館前路250號運動中心前,YouBike2.0_Yingge Civil Sports Center,Yingge Dist,"No.250, Guanqian Rd., Yingge Dist.",500234004,38,25,20260821T114903,24.95139,121.35733,13,1,25,0,2026-08-21T12:09:02+08:00
新北市,New Taipei City,YouBike2.0_尖山國中,鶯歌區,國中街1號,YouBike2.0_Municipal Jianshan Junior High School,Yingge Dist,"No.1, Guozhong St., Yingge Dist(sidewalk)",500234005,20,0,20260821T120217,24.94381,121.34207,20,1,0,0,2026-08-21T12:09:02+08:00
新北市,New Taipei City,YouBike2.0_新北市立鶯歌高級工商職業學校,鶯歌區,中正三路154號,YouBike2.0_New Taipei Municipal Yingge Vocational High School,Yingge Dist,"No. 154, Zhongzheng 3rd. Rd",500234006,56,5,20260821T120304,24.93923,121.33488,51,1,5,0,2026-08-21T12:09:02+08:00
新北市,New Taipei City,YouBike2.0_鶯歌國中,鶯歌區,鶯桃路39-5號對側,YouBike2.0_Yingge Junior High chool,Yingge Dist,"No.39-5, Yingtao Rd.(opposite)",500234007,30,10,20260821T120304,24.95119,121.34256,20,1,9,1,2026-08-21T12:09:02+08:00
新北市,New Taipei City,YouBike2.0_永吉國小,鶯歌區,德昌二街39號對側,YouBike2.0_Yongchi elementary school,Yingge Dist,"No.39, Dechang 2nd St., Yingge Dist.",500234008,20,8,20260821T113005,24.95865,121.33308,12,1,6,2,2026-08-21T12:09:02+08:00
新北市,New Taipei City,YouBike2.0_鳳祥公園,鶯歌區,鶯桃路365巷130號對側,YouBike2.0_Fengxiang Park,Yingge Dist,"No.130, Ln. 365, Yingtao Rd., Yingge Dist.",500234009,20,10,20260821T115103,24.96283,121.33025,10,1,6,4,2026-08-21T12:09:02+08:00
新北市,New Taipei City,YouBike2.0_鳳鳴國小,鶯歌區,永和街120號,YouBike2.0_Fengming Elementary School,Yingge Dist,"No.120, Yonghe St., Yingge Dist.",500234010,20,2,20260821T115503,24.9692,121.3347,18,1,2,0,2026-08-21T12:09:02+08:00
新北市,New Taipei City,YouBike2.0_國際二國際一路口,鶯歌區,國際二路與國際一路口,YouBike2.0_Guoji 2nd Guoji 1st Intersection,Yingge Dist,"Guoji 2nd Rd./Guoji 1st Rd., Yingge Dist.",500234011,20,7,20260821T083204,24.97577,121.3353,13,1,7,0,2026-08-21T12:09:02+08:00
新北市,New Taipei City,YouBike2.0_鳳福公園,鶯歌區,鳳吉一街186號(對面),YouBike2.0_Fengfu Park,Yingge Dist,"No. 186, Fengji 1st St., Yingge Dist.(opposite)",500234012,20,2,20260821T115703,24.97572,121.32938,18,1,2,0,2026-08-21T12:09:02+08:00
新北市,New Taipei City,YouBike2.0_尖山公園,鶯歌區,鶯歌區尖山路161號對面,YouBike2.0_Jianshan Park,Yingge Dist,"No.161, Jianshan Rd.(opposite)",500234013,29,7,20260821T115202,24.9482,121.346,21,1,6,1,2026-08-21T12:09:02+08:00
新北市,New Taipei City,YouBike2.0_永昌里兒一公園,鶯歌區,鶯桃路182巷96弄36-38號對側,YouBike2.0_Yongchang Village Children Park (No.1),Yingge Dist,"No.36-38, Aly. 96, Ln. 182, Yingtao Rd.(oppsite)",500234014,20,1,20260821T111519,24.956649374562204,121.33959628800724,19,1,1,0,2026-08-21T12:09:02+08:00
新北市,New Taipei City,YouBike2.0_南雅育智路口,鶯歌區,南雅路491號(對面),YouBike2.0_Nanya & Yuzhi Rd. Intersection,Yingge Dist,"No.491, Nanya Rd., Yingge Dist.(opposite)",500234015,22,0,20260821T114815,24.954,121.346,22,1,0,0,2026-08-21T12:09:02+08:00
新北市,New Taipei City,YouBike2.0_國中二甲路口,鶯歌區,國中街175號(前),YouBike2.0_Guozhong & Erjia Intersection,Yingge Dist,"No. 175, Guozhong St., Yingge Dist.",500234016,20,0,20260821T115916,24.939489067109363,121.33868650698288,20,1,0,0,2026-08-21T12:09:02+08:00
新北市,New Taipei City,YouBike2.0_鶯歌永利街,鶯歌區,永利街16號(對面),YouBike2.0_Yingge Yongli St.,Yingge Dist,"No. 16, Yongli St. Yingge Dist.",500234017,15,3,20260821T103204,24.95495,121.33911,11,1,3,0,2026-08-21T12:09:02+08:00
新北市,New Taipei City,YouBike2.0_二橋虹橋公園,鶯歌區,中正三路400號(對面),YouBike2.0_Erqiaoshiguanghongqiao Park,Yingge Dist,"No. 400, Zhongzheng 3rd Rd.(Opposite)",500234018,10,7,20260821T072202,24.93453,121.32595,3,1,6,1,2026-08-21T12:09:02+08:00
新北市,New Taipei City,YouBike2.0_鳳吉四鳳七路口(捷士匯社區),鶯歌區,鳳吉四街57-75號(旁),YouBike2.0_Fengji 4th & Feng 7th Rd. Intersection,Yingge Dist,"No. 57-75, Fengji 4th St.",500234021,40,1,20260821T110902,24.97383,121.32769,39,1,1,0,2026-08-21T12:09:02+08:00
新北市,New Taipei City,YouBike2.0_鶯歌老街第二停車場,鶯歌區,尖山埔路27-31號(對面),YouBike2.0_Yingge Old Street 2nd Parking Lot,Yingge Dist,"No. 27-31, Jianshanpu Rd.(Opposite)",500234022,20,10,20260821T110902,24.94895,121.34227,9,1,9,1,2026-08-21T12:09:02+08:00
新北市,New Taipei City,YouBike2.0_建國中正一路口(北鶯社區),鶯歌區,建國路6號(對面空地),YouBike2.0_Jianguo Zhongzheng 1st Rd. Intersection,Yingge Dist,"No. 6, Jianguo Rd.(Opposite)",500234023,20,3,20260821T114702,24.95658,121.35692,17,1,2,1,2026-08-21T12:09:02+08:00
新北市,New Taipei City,YouBike2.0_三鶯水資源回收中心,鶯歌區,館前路360號(旁),YouBike2.0_Sanying Water Recycling Center,Yingge Dist,"No. 360, Guanqian Rd.",500234024,14,9,20260821T081603,24.95535,121.35996,5,1,7,2,2026-08-21T12:09:02+08:00
新北市,New Taipei City,YouBike2.0_永和街65巷口,鶯歌區,永和街75號,"YouBike2.0_Ln. 65, Yonghe St. Intersection",Yingge Dist,"No. 75, Yonghe St.",500234025,37,4,20260821T120004,24.96798,121.3331413,33,1,4,0,2026-08-21T12:09:02+08:00
新北市,New Taipei City,YouBike2.0_鶯歌陶瓷博物館,鶯歌區,文化路200號(旁),YouBike2.0_Yingge Ceramics Museum(Wenhua Rd.),Yingge Dist,"No. 200, Wenhua Rd.",500234026,22,6,20260821T120403,24.95012,121.35245,16,1,6,0,2026-08-21T12:09:02+08:00
新北市,New Taipei City,YouBike2.0_礫間停車場,鶯歌區,礫間停車場,YouBike2.0_Lijian Parking,Yingge Dist,Lijian Parking,500234028,20,6,20260821T101203,24.9518,121.35445,14,1,6,0,2026-08-21T12:09:02+08:00
新北市,New Taipei City,YouBike2.0_北鶯停車場,鶯歌區,北鶯停車場,YouBike2.0_Beiying Parking,Yingge Dist,Beiying Parking,500234029,20,11,20260820T214403,24.95567,121.35992,9,1,11,0,2026-08-21T12:09:02+08:00
新北市,New Taipei City,YouBike2.0_育英建國路口,鶯歌區,建國路280號(旁),YouBike2.0_Yuying Jianguo Rd. Intersection,Yingge Dist,"No. 280, Jianguo Rd.",500234030,12,0,20260821T120217,24.95356,121.34693,12,1,0,0,2026-08-21T12:09:02+08:00
新北市,New Taipei City,YouBike2.0_中正一仁愛路口,鶯歌區,中正一路181號(對面),YouBike2.0_Zhongzheng 1st & Ren'ai Rd Intersection,Yingge Dist,"No. 181, Zhongzheng 1st Rd.(Opposite)",500234031,15,5,20260821T111204,24.95672,121.3532,10,1,4,1,2026-08-21T12:09:02+08:00
新北市,New Taipei City,YouBike2.0_建國國小,鶯歌區,育英街19號(旁),YouBike2.0_Jianguo Elementary School,Yingge Dist,"No. 19, Yuying St.",500234032,15,6,20260821T115603,24.95521,121.34727,8,1,6,0,2026-08-21T12:09:02+08:00
新北市,New Taipei City,YouBike2.0_光明橋,鶯歌區,永明街78號(旁),YouBike2.0_Guang-ming bridge,Yingge Dist,"No. 78, Yongming St., Yingge Dist.(side)",500234033,14,6,20260821T113005,24.95577,121.34128,8,1,6,0,2026-08-21T12:09:02+08:00
新北市,New Taipei City,YouBike2.0_二橋派出所,鶯歌區,高職西街/中正三路口(西北側),YouBike2.0_Erqiao Police Station,Yingge Dist,"Gaozhi W. St. & Zhongzheng 3rd Rd., Yingge Dist. (west side)",500234034,11,7,20260821T120004,24.94216,121.33884,4,1,7,0,2026-08-21T12:09:02+08:00
新北市,New Taipei City,YouBike2.0_國中高職東街口,鶯歌區,國中路113至117-3號(對面),YouBike2.0_Guozhong & Gaozhi E. Intersection,Yingge Dist,"No. 113, Guozhong St., Yingge Dist.(opposite)",500234035,15,3,20260821T120304,24.94117,121.34116,12,1,3,0,2026-08-21T12:09:02+08:00
新北市,New Taipei City,YouBike2.0_尖山路高厝巷口,鶯歌區,尖山路276-5號(旁),YouBike2.0_Gaocuo Ln. Jianshan Rd.,Yingge Dist,"No. 276-5, Jianshan Rd. (Side)",500234036,15,2,20260821T103702,24.94495,121.34102,13,1,2,0,2026-08-21T12:09:02+08:00
新北市,New Taipei City,YouBike2.0_公八停車場,鶯歌區,國華路53號(對面),YouBike2.0_Public 8th Parking Lot,Yingge Dist,"No.53, Guohua Rd. (opposite)",500234037,15,1,20260821T081304,24.95515,121.34285,14,1,1,0,2026-08-21T12:09:02+08:00
新北市,New Taipei City,YouBike2.0_龍三鳳鳴路口,鶯歌區,鳳鳴路541號,YouBike2.0_Long 3rd. Rd. & Fengming Rd. Intersection,Yingge Dist,"No. 541, Fengming Rd.",500234038,18,4,20260821T115103,24.97286,121.33137,14,1,4,0,2026-08-21T12:09:02+08:00
新北市,New Taipei City,YouBike2.0_鳳福鳳三路口,鶯歌區,鳳三路360號,YouBike2.0_Fengfu Rd. & Feng 3rd. Rd. Intersection,Yingge Dist,"No. 360, Feng 3rd Rd.",500234039,22,2,20260821T114802,24.97567,121.33143,20,1,1,1,2026-08-21T12:09:02+08:00
新北市,New Taipei City,YouBike2.0_北鶯公園,鶯歌區,成功街20巷19號(旁),YouBike2.0_Beiying Park,Yingge Dist,"No. 19, Ln. 20, Chenggong St. (Side)",500234040,15,7,20260821T115303,24.95777,121.35942,8,1,7,0,2026-08-21T12:09:02+08:00
新北市,New Taipei City,YouBike2.0_鶯歌火車站(文化路),鶯歌區,文化路/文化路115巷(北側),YouBike2.0_Yingge Station (Wenhua Rd.),Yingge Dist,"Ln. 115, Wenhua Rd. Intersection (North)",500234041,25,19,20260821T111103,24.95536,121.35697,6,1,19,0,2026-08-21T12:09:02+08:00
新北市,New Taipei City,YouBike2.0_鳳七鶯歌路口,鶯歌區,鶯歌路101-107號(旁),YouBike2.0_Feng 7th Rd. & Yingge Rd. Intersection,Yingge Dist,"No. 101-107, Yingge Rd. (Side)",500234042,11,2,20260821T120004,24.96916,121.33193,9,1,2,0,2026-08-21T12:09:02+08:00
新北市,New Taipei City,YouBike2.0_國際一路112巷口,鶯歌區,國際一路167號(前),"YouBike2.0_Ln. 112, GuoJi 1st Rd.",Yingge Dist,"No. 167, GuoJi 1st Rd. (Front)",500234043,15,2,20260821T120403,24.97667,121.33579,13,1,1,1,2026-08-21T12:09:02+08:00
新北市,New Taipei City,YouBike2.0_臺鐵鳳鳴站,鶯歌區,鳳一路/鶯歌路口,YouBike2.0_Fengming Station,Yingge Dist,Feng 1st Rd. & YingGe Rd.,500234044,40,0,20260819T210005,24.97227,121.33674,0,0,0,0,2026-08-21T12:09:02+08:00
新北市,New Taipei City,YouBike2.0_鶯歌陶瓷老街,鶯歌區,重慶街/國慶街(西南側),YouBike2.0_YingGe Old Street,Yingge Dist,ChongQing St. & GuoQing St. (Southwest),500234045,33,22,20260821T120004,24.95219,121.351,11,1,22,0,2026-08-21T12:09:02+08:00
新北市,New Taipei City,YouBike2.0_鶯歌火車站(仁愛路62號),鶯歌區,仁愛路62號(東側),"YouBike2.0_YingGe Station (No. 62, RenAi Rd.)",Yingge Dist,"No. 62, RenAi Rd. (East)",500234046,42,18,20260821T115503,24.95505,121.35407,21,1,13,5,2026-08-21T12:09:02+08:00
新北市,New Taipei City,YouBike2.0_臺鐵鳳鳴站(鶯歌路),鶯歌區,鶯歌路276號(對面),YouBike2.0_Fengming Station (YingGe Rd.),Yingge Dist,"No. 276, YingGe Rd. (Opposite)",500234047,20,5,20260821T120203,24.97189,121.33651,9,1,4,1,2026-08-21T12:09:02+08:00
新北市,New Taipei City,YouBike2.0_光明育智路口,鶯歌區,光明街126號(東南側),YouBike2.0_GuangMing St. & YuZhi Rd. Intersection,Yingge Dist,"No. 126, GuangMing St. (Southeast)",500234048,14,6,20260821T120403,24.95587,121.3456,8,1,5,1,2026-08-21T12:09:02+08:00
新北市,New Taipei City,YouBike2.0_新鳳公園,鶯歌區,鶯桃路二段60號(對側),YouBike2.0_XinFeng Park,Yingge Dist,"No. 60, Sec. 2, YingTao Rd. (Opposite)",500234049,14,3,20260821T115703,24.9732,121.32474,11,1,3,0,2026-08-21T12:09:02+08:00
新北市,New Taipei City,YouBike2.0_鳳鳴機器人公園,鶯歌區,鳳鳴路/福安街7巷24弄口,YouBike2.0_FengMing Robot Park,Yingge Dist,"FengMing Rd. & Aly. 24, Ln. 7, FuAn St.",500234050,17,3,20260821T093202,24.96618,121.33465,14,1,3,0,2026-08-21T12:09:02+08:00
新北市,New Taipei City,YouBike2.0_龍五鳳七路口,鶯歌區,龍五路/鳳七路口,YouBike2.0_Long 5th Rd. & Feng 7th Rd. Intersection,Yingge Dist,Long 5th Rd. & Feng 7th Rd. Intersection,500234051,30,4,20260821T120403,24.97043,121.33101,26,1,3,1,2026-08-21T12:09:02+08:00
新北市,New Taipei City,YouBike2.0_龍鳳夜市,鶯歌區,鳳三路/龍三路(東南側),YouBike2.0_LongFeng Night Market,Yingge Dist,Feng 3rd Rd. & Long 3rd Rd. (Southeast),500234052,30,7,20260821T112104,24.97329,121.33331,23,1,7,0,2026-08-21T12:09:02+08:00
新北市,New Taipei City,YouBike2.0_中湖市民活動中心,鶯歌區,中湖街21號,YouBike2.0_Zhonghu Civic Activity Center,Yingge Dist,"No. 21, ZhongHu St.",500234053,20,15,20260821T113204,24.97298,121.3472,5,1,14,1,2026-08-21T12:09:02+08:00
新北市,New Taipei City,YouBike2.0_鳳一鳳吉一街口,鶯歌區,鳳吉一街259號(旁),YouBike2.0_Feng 1st Rd. & FengJi 1st St. Intersection,Yingge Dist,"No. 259, FengJi 1st St. (Side)",500234054,20,4,20260821T111803,24.97677,121.3317,16,1,4,0,2026-08-21T12:09:02+08:00
新北市,New Taipei City,YouBike2.0_鳳五路122號前,鶯歌區,鳳五路122號前,"YouBike2.0_No. 122, Feng 5th Rd.",Yingge Dist,"No. 122, Feng 5th Rd. (Front)",500234055,18,4,20260821T105302,24.97316,121.32991,14,1,4,0,2026-08-21T12:09:02+08:00
新北市,New Taipei City,YouBike2.0_建國永昌街口,鶯歌區,建國路546號(對面),YouBike2.0_JianGuo Rd. & YongChang St. Intersection,Yingge Dist,"No. 546, JianGuo Rd. (Opposite)",500234056,17,7,20260821T071503,24.95031,121.33831,10,1,4,3,2026-08-21T12:09:02+08:00
新北市,New Taipei City,YouBike2.0_捷運鶯歌車站,鶯歌區,館前路300號(對側),YouBike2.0_MRT Yingge Sta.,Yingge Dist,"No. 300, GuanQian Rd. (Opposite)",500234057,34,16,20260821T120203,24.95322,121.35668,17,1,14,2,2026-08-21T12:09:02+08:00
新北市,New Taipei City,YouBike2.0_鳳三龍七路口,鶯歌區,鳳三路68號,YouBike2.0_Feng 3rd Rd. & Long 7th Rd. Intersection,Yingge Dist,"No. 68, Feng 3rd Rd.",500234058,18,10,20260821T120403,24.97204,121.33467,8,1,7,3,2026-08-21T12:09:02+08:00
新北市,New Taipei City,YouBike2.0_捷運國華站,鶯歌區,國華路45號(對側),YouBike2.0_MRT Guohua Sta.,Yingge Dist,"No. 45, GuoHua Rd. (Opposite)",500234059,24,12,20260821T115603,24.95535,121.34251,12,1,12,0,2026-08-21T12:09:02+08:00
新北市,New Taipei City,YouBike2.0_捷運陶瓷老街站,鶯歌區,捷運陶瓷老街站(重慶街側),YouBike2.0_MRT Ceramics Old Street Sta.,Yingge Dist,MRT Ceramics Old Street Sta. (ChongQing St.),500234060,36,17,20260821T114802,24.95212,121.35065,18,1,17,0,2026-08-21T12:09:02+08:00
新北市,New Taipei City,YouBike2.0_捷運永吉公園站,鶯歌區,鶯桃路296巷口,YouBike2.0_MRT Yongji Park Sta.,Yingge Dist,"Ln. 296, YingTao Rd. Intersection",500234061,47,9,20260821T112404,24.96048,121.33476,38,1,9,0,2026-08-21T12:09:02+08:00
新北市,New Taipei City,YouBike2.0_捷運鶯桃福德站,鶯歌區,福德一路20號(對側),YouBike2.0_MRT Yingtao Fude Sta.,Yingge Dist,"No. 20, FuDe 1st Rd. (Opposite)",500234062,75,25,20260821T115902,24.96704,121.33044,50,1,25,0,2026-08-21T12:09:02+08:00
新北市,New Taipei City,YouBike2.0_捷運國華站(2號出口),鶯歌區,國華路97號(對側),YouBike2.0_MRT Guohua Sta.(Exit 2),Yingge Dist,"No. 97, GuoHua Rd. (Opposite)",500234063,60,25,20260821T115303,24.95374,121.34301,34,1,24,1,2026-08-21T12:09:02+08:00
新北市,New Taipei City,YouBike2.0_鶯歌山水步道停車場,鶯歌區,觀景涼亭停車場,YouBike2.0_YingGe Riverside Trail Car Park,Yingge Dist,YingGe Riverside Trail Car Park,500234064,24,4,20260821T113803,24.93205,121.32825,20,1,3,1,2026-08-21T12:09:02+08:00
新北市,New Taipei City,YouBike2.0_鶯歌環河自行車道,鶯歌區,環河路/甲三街(南側自行車道),YouBike2.0_YingGe Riverside Cycling Route,Yingge Dist,Huanhe Rd. & Jia 3rd St. (South),500234065,20,15,20260821T114903,24.92967,121.33837,5,1,15,0,2026-08-21T12:09:02+08:00
新北市,New Taipei City,YouBike2.0_鶯歌火車站(仁愛路),鶯歌區,仁愛路55號對側,YouBike2.0_Yingge Railway Station(Ren’ai Rd.),Yingge Dist,"No.55, Ren’ai Rd., Yingge Dist.(opposite)",500234001,69,44,20260821T124804,24.95559,121.35441,25,1,44,0,2026-08-21T12:52:03+08:00
新北市,New Taipei City,YouBike2.0_新北市立圖書館鶯歌分館,鶯歌區,中山路150號,YouBike2.0_New Taipei City Library Yingge Branch,Yingge Dist,"No.150, Zhongshan Rd.",500234002,20,4,20260821T124303,24.9572,121.34946,16,1,4,0,2026-08-21T12:52:03+08:00
新北市,New Taipei City,YouBike2.0_文化館前路口,鶯歌區,文化路407號旁,YouBike2.0_Yingge Ceramics Museum,Yingge Dist,"No. 407, Wenhua Rd.",500234003,44,7,20260821T124603,24.94948,121.35291,37,1,6,1,2026-08-21T12:52:03+08:00
新北市,New Taipei City,YouBike2.0_鶯歌國民運動中心,鶯歌區,館前路250號運動中心前,YouBike2.0_Yingge Civil Sports Center,Yingge Dist,"No.250, Guanqian Rd., Yingge Dist.",500234004,38,21,20260821T123003,24.95139,121.35733,17,1,21,0,2026-08-21T12:52:03+08:00
新北市,New Taipei City,YouBike2.0_尖山國中,鶯歌區,國中街1號,YouBike2.0_Municipal Jianshan Junior High School,Yingge Dist,"No.1, Guozhong St., Yingge Dist(sidewalk)",500234005,20,1,20260821T122519,24.94381,121.34207,19,1,1,0,2026-08-21T12:52:03+08:00
新北市,New Taipei City,YouBike2.0_新北市立鶯歌高級工商職業學校,鶯歌區,中正三路154號,YouBike2.0_New Taipei Municipal Yingge Vocational High School,Yingge Dist,"No. 154, Zhongzheng 3rd. Rd",500234006,56,0,20260821T123116,24.93923,121.33488,56,1,0,0,2026-08-21T12:52:03+08:00
新北市,New Taipei City,YouBike2.0_鶯歌國中,鶯歌區,鶯桃路39-5號對側,YouBike2.0_Yingge Junior High chool,Yingge Dist,"No.39-5, Yingtao Rd.(opposite)",500234007,30,15,20260821T123603,24.95119,121.34256,15,1,14,1,2026-08-21T12:52:03+08:00
新北市,New Taipei City,YouBike2.0_永吉國小,鶯歌區,德昌二街39號對側,YouBike2.0_Yongchi elementary school,Yingge Dist,"No.39, Dechang 2nd St., Yingge Dist.",500234008,20,8,20260821T113005,24.95865,121.33308,12,1,6,2,2026-08-21T12:52:03+08:00
新北市,New Taipei City,YouBike2.0_鳳祥公園,鶯歌區,鶯桃路365巷130號對側,YouBike2.0_Fengxiang Park,Yingge Dist,"No.130, Ln. 365, Yingtao Rd., Yingge Dist.",500234009,20,11,20260821T121402,24.96283,121.33025,9,1,7,4,2026-08-21T12:52:03+08:00
新北市,New Taipei City,YouBike2.0_鳳鳴國小,鶯歌區,永和街120號,YouBike2.0_Fengming Elementary School,Yingge Dist,"No.120, Yonghe St., Yingge Dist.",500234010,20,1,20260821T124818,24.9692,121.3347,19,1,1,0,2026-08-21T12:52:03+08:00
新北市,New Taipei City,YouBike2.0_國際二國際一路口,鶯歌區,國際二路與國際一路口,YouBike2.0_Guoji 2nd Guoji 1st Intersection,Yingge Dist,"Guoji 2nd Rd./Guoji 1st Rd., Yingge Dist.",500234011,20,6,20260821T124804,24.97577,121.3353,14,1,6,0,2026-08-21T12:52:03+08:00
新北市,New Taipei City,YouBike2.0_鳳福公園,鶯歌區,鳳吉一街186號(對面),YouBike2.0_Fengfu Park,Yingge Dist,"No. 186, Fengji 1st St., Yingge Dist.(opposite)",500234012,20,1,20260821T121102,24.97572,121.32938,19,1,1,0,2026-08-21T12:52:03+08:00
新北市,New Taipei City,YouBike2.0_尖山公園,鶯歌區,鶯歌區尖山路161號對面,YouBike2.0_Jianshan Park,Yingge Dist,"No.161, Jianshan Rd.(opposite)",500234013,29,10,20260821T124102,24.9482,121.346,18,1,9,1,2026-08-21T12:52:03+08:00
新北市,New Taipei City,YouBike2.0_永昌里兒一公園,鶯歌區,鶯桃路182巷96弄36-38號對側,YouBike2.0_Yongchang Village Children Park (No.1),Yingge Dist,"No.36-38, Aly. 96, Ln. 182, Yingtao Rd.(oppsite)",500234014,20,2,20260821T120503,24.956649374562204,121.33959628800724,18,1,1,1,2026-08-21T12:52:03+08:00
新北市,New Taipei City,YouBike2.0_南雅育智路口,鶯歌區,南雅路491號(對面),YouBike2.0_Nanya & Yuzhi Rd. Intersection,Yingge Dist,"No.491, Nanya Rd., Yingge Dist.(opposite)",500234015,22,0,20260821T114815,24.954,121.346,22,1,0,0,2026-08-21T12:52:03+08:00
新北市,New Taipei City,YouBike2.0_國中二甲路口,鶯歌區,國中街175號(前),YouBike2.0_Guozhong & Erjia Intersection,Yingge Dist,"No. 175, Guozhong St., Yingge Dist.",500234016,20,2,20260821T123603,24.939489067109363,121.33868650698288,18,1,2,0,2026-08-21T12:52:03+08:00
新北市,New Taipei City,YouBike2.0_鶯歌永利街,鶯歌區,永利街16號(對面),YouBike2.0_Yingge Yongli St.,Yingge Dist,"No. 16, Yongli St. Yingge Dist.",500234017,15,0,20260821T124716,24.95495,121.33911,14,1,0,0,2026-08-21T12:52:03+08:00
新北市,New Taipei City,YouBike2.0_二橋虹橋公園,鶯歌區,中正三路400號(對面),YouBike2.0_Erqiaoshiguanghongqiao Park,Yingge Dist,"No. 400, Zhongzheng 3rd Rd.(Opposite)",500234018,10,8,20260821T122803,24.93453,121.32595,2,1,7,1,2026-08-21T12:52:03+08:00
新北市,New Taipei City,YouBike2.0_鳳吉四鳳七路口(捷士匯社區),鶯歌區,鳳吉四街57-75號(旁),YouBike2.0_Fengji 4th & Feng 7th Rd. Intersection,Yingge Dist,"No. 57-75, Fengji 4th St.",500234021,40,0,20260821T124818,24.97383,121.32769,40,1,0,0,2026-08-21T12:52:03+08:00
新北市,New Taipei City,YouBike2.0_鶯歌老街第二停車場,鶯歌區,尖山埔路27-31號(對面),YouBike2.0_Yingge Old Street 2nd Parking Lot,Yingge Dist,"No. 27-31, Jianshanpu Rd.(Opposite)",500234022,20,4,20260821T122504,24.94895,121.34227,15,1,3,1,2026-08-21T12:52:03+08:00
新北市,New Taipei City,YouBike2.0_建國中正一路口(北鶯社區),鶯歌區,建國路6號(對面空地),YouBike2.0_Jianguo Zhongzheng 1st Rd. Intersection,Yingge Dist,"No. 6, Jianguo Rd.(Opposite)",500234023,20,3,20260821T114702,24.95658,121.35692,17,1,2,1,2026-08-21T12:52:03+08:00
新北市,New Taipei City,YouBike2.0_三鶯水資源回收中心,鶯歌區,館前路360號(旁),YouBike2.0_Sanying Water Recycling Center,Yingge Dist,"No. 360, Guanqian Rd.",500234024,14,9,20260821T081603,24.95535,121.35996,5,1,7,2,2026-08-21T12:52:03+08:00
新北市,New Taipei City,YouBike2.0_永和街65巷口,鶯歌區,永和街75號,"YouBike2.0_Ln. 65, Yonghe St. Intersection",Yingge Dist,"No. 75, Yonghe St.",500234025,37,3,20260821T120603,24.96798,121.3331413,34,1,3,0,2026-08-21T12:52:03+08:00
新北市,New Taipei City,YouBike2.0_鶯歌陶瓷博物館,鶯歌區,文化路200號(旁),YouBike2.0_Yingge Ceramics Museum(Wenhua Rd.),Yingge Dist,"No. 200, Wenhua Rd.",500234026,22,0,20260821T124617,24.95012,121.35245,22,1,0,0,2026-08-21T12:52:03+08:00
新北市,New Taipei City,YouBike2.0_礫間停車場,鶯歌區,礫間停車場,YouBike2.0_Lijian Parking,Yingge Dist,Lijian Parking,500234028,20,6,20260821T101203,24.9518,121.35445,14,1,6,0,2026-08-21T12:52:03+08:00
新北市,New Taipei City,YouBike2.0_北鶯停車場,鶯歌區,北鶯停車場,YouBike2.0_Beiying Parking,Yingge Dist,Beiying Parking,500234029,20,11,20260820T214403,24.95567,121.35992,9,1,11,0,2026-08-21T12:52:03+08:00
新北市,New Taipei City,YouBike2.0_育英建國路口,鶯歌區,建國路280號(旁),YouBike2.0_Yuying Jianguo Rd. Intersection,Yingge Dist,"No. 280, Jianguo Rd.",500234030,12,2,20260821T124804,24.95356,121.34693,10,1,2,0,2026-08-21T12:52:03+08:00
新北市,New Taipei City,YouBike2.0_中正一仁愛路口,鶯歌區,中正一路181號(對面),YouBike2.0_Zhongzheng 1st & Ren'ai Rd Intersection,Yingge Dist,"No. 181, Zhongzheng 1st Rd.(Opposite)",500234031,15,5,20260821T111204,24.95672,121.3532,10,1,4,1,2026-08-21T12:52:03+08:00
新北市,New Taipei City,YouBike2.0_建國國小,鶯歌區,育英街19號(旁),YouBike2.0_Jianguo Elementary School,Yingge Dist,"No. 19, Yuying St.",500234032,15,7,20260821T124903,24.95521,121.34727,7,1,7,0,2026-08-21T12:52:03+08:00
新北市,New Taipei City,YouBike2.0_光明橋,鶯歌區,永明街78號(旁),YouBike2.0_Guang-ming bridge,Yingge Dist,"No. 78, Yongming St., Yingge Dist.(side)",500234033,14,3,20260821T122704,24.95577,121.34128,11,1,3,0,2026-08-21T12:52:03+08:00
新北市,New Taipei City,YouBike2.0_二橋派出所,鶯歌區,高職西街/中正三路口(西北側),YouBike2.0_Erqiao Police Station,Yingge Dist,"Gaozhi W. St. & Zhongzheng 3rd Rd., Yingge Dist. (west side)",500234034,11,10,20260821T123203,24.94216,121.33884,1,1,10,0,2026-08-21T12:52:03+08:00
新北市,New Taipei City,YouBike2.0_國中高職東街口,鶯歌區,國中路113至117-3號(對面),YouBike2.0_Guozhong & Gaozhi E. Intersection,Yingge Dist,"No. 113, Guozhong St., Yingge Dist.(opposite)",500234035,15,2,20260821T124903,24.94117,121.34116,13,1,2,0,2026-08-21T12:52:03+08:00
新北市,New Taipei City,YouBike2.0_尖山路高厝巷口,鶯歌區,尖山路276-5號(旁),YouBike2.0_Gaocuo Ln. Jianshan Rd.,Yingge Dist,"No. 276-5, Jianshan Rd. (Side)",500234036,15,0,20260821T123116,24.94495,121.34102,15,1,0,0,2026-08-21T12:52:03+08:00
新北市,New Taipei City,YouBike2.0_公八停車場,鶯歌區,國華路53號(對面),YouBike2.0_Public 8th Parking Lot,Yingge Dist,"No.53, Guohua Rd. (opposite)",500234037,15,2,20260821T123203,24.95515,121.34285,13,1,2,0,2026-08-21T12:52:03+08:00
新北市,New Taipei City,YouBike2.0_龍三鳳鳴路口,鶯歌區,鳳鳴路541號,YouBike2.0_Long 3rd. Rd. & Fengming Rd. Intersection,Yingge Dist,"No. 541, Fengming Rd.",500234038,18,0,20260821T124220,24.97286,121.33137,18,1,0,0,2026-08-21T12:52:03+08:00
新北市,New Taipei City,YouBike2.0_鳳福鳳三路口,鶯歌區,鳳三路360號,YouBike2.0_Fengfu Rd. & Feng 3rd. Rd. Intersection,Yingge Dist,"No. 360, Feng 3rd Rd.",500234039,22,2,20260821T114802,24.97567,121.33143,20,1,1,1,2026-08-21T12:52:03+08:00
新北市,New Taipei City,YouBike2.0_北鶯公園,鶯歌區,成功街20巷19號(旁),YouBike2.0_Beiying Park,Yingge Dist,"No. 19, Ln. 20, Chenggong St. (Side)",500234040,15,3,20260821T124402,24.95777,121.35942,12,1,3,0,2026-08-21T12:52:03+08:00
新北市,New Taipei City,YouBike2.0_鶯歌火車站(文化路),鶯歌區,文化路/文化路115巷(北側),YouBike2.0_Yingge Station (Wenhua Rd.),Yingge Dist,"Ln. 115, Wenhua Rd. Intersection (North)",500234041,25,18,20260821T122103,24.95536,121.35697,7,1,18,0,2026-08-21T12:52:03+08:00
新北市,New Taipei City,YouBike2.0_鳳七鶯歌路口,鶯歌區,鶯歌路101-107號(旁),YouBike2.0_Feng 7th Rd. & Yingge Rd. Intersection,Yingge Dist,"No. 101-107, Yingge Rd. (Side)",500234042,11,2,20260821T120004,24.96916,121.33193,9,1,2,0,2026-08-21T12:52:03+08:00
新北市,New Taipei City,YouBike2.0_國際一路112巷口,鶯歌區,國際一路167號(前),"YouBike2.0_Ln. 112, GuoJi 1st Rd.",Yingge Dist,"No. 167, GuoJi 1st Rd. (Front)",500234043,15,2,20260821T124804,24.97667,121.33579,13,1,1,1,2026-08-21T12:52:03+08:00
新北市,New Taipei City,YouBike2.0_臺鐵鳳鳴站,鶯歌區,鳳一路/鶯歌路口,YouBike2.0_Fengming Station,Yingge Dist,Feng 1st Rd. & YingGe Rd.,500234044,40,0,20260819T210005,24.97227,121.33674,0,0,0,0,2026-08-21T12:52:03+08:00
新北市,New Taipei City,YouBike2.0_鶯歌陶瓷老街,鶯歌區,重慶街/國慶街(西南側),YouBike2.0_YingGe Old Street,Yingge Dist,ChongQing St. & GuoQing St. (Southwest),500234045,33,22,20260821T123802,24.95219,121.351,11,1,22,0,2026-08-21T12:52:03+08:00
新北市,New Taipei City,YouBike2.0_鶯歌火車站(仁愛路62號),鶯歌區,仁愛路62號(東側),"YouBike2.0_YingGe Station (No. 62, RenAi Rd.)",Yingge Dist,"No. 62, RenAi Rd. (East)",500234046,42,21,20260821T122203,24.95505,121.35407,18,1,15,6,2026-08-21T12:52:03+08:00
新北市,New Taipei City,YouBike2.0_臺鐵鳳鳴站(鶯歌路),鶯歌區,鶯歌路276號(對面),YouBike2.0_Fengming Station (YingGe Rd.),Yingge Dist,"No. 276, YingGe Rd. (Opposite)",500234047,20,1,20260821T124804,24.97189,121.33651,12,1,1,0,2026-08-21T12:52:03+08:00
新北市,New Taipei City,YouBike2.0_光明育智路口,鶯歌區,光明街126號(東南側),YouBike2.0_GuangMing St. & YuZhi Rd. Intersection,Yingge Dist,"No. 126, GuangMing St. (Southeast)",500234048,14,7,20260821T124303,24.95587,121.3456,7,1,7,0,2026-08-21T12:52:03+08:00
新北市,New Taipei City,YouBike2.0_新鳳公園,鶯歌區,鶯桃路二段60號(對側),YouBike2.0_XinFeng Park,Yingge Dist,"No. 60, Sec. 2, YingTao Rd. (Opposite)",500234049,14,4,20260821T124205,24.9732,121.32474,10,1,4,0,2026-08-21T12:52:03+08:00
新北市,New Taipei City,YouBike2.0_鳳鳴機器人公園,鶯歌區,鳳鳴路/福安街7巷24弄口,YouBike2.0_FengMing Robot Park,Yingge Dist,"FengMing Rd. & Aly. 24, Ln. 7, FuAn St.",500234050,17,2,20260821T123704,24.96618,121.33465,15,1,2,0,2026-08-21T12:52:03+08:00
新北市,New Taipei City,YouBike2.0_龍五鳳七路口,鶯歌區,龍五路/鳳七路口,YouBike2.0_Long 5th Rd. & Feng 7th Rd. Intersection,Yingge Dist,Long 5th Rd. & Feng 7th Rd. Intersection,500234051,30,4,20260821T123704,24.97043,121.33101,26,1,3,1,2026-08-21T12:52:03+08:00
新北市,New Taipei City,YouBike2.0_龍鳳夜市,鶯歌區,鳳三路/龍三路(東南側),YouBike2.0_LongFeng Night Market,Yingge Dist,Feng 3rd Rd. & Long 3rd Rd. (Southeast),500234052,30,7,20260821T112104,24.97329,121.33331,23,1,7,0,2026-08-21T12:52:03+08:00
新北市,New Taipei City,YouBike2.0_中湖市民活動中心,鶯歌區,中湖街21號,YouBike2.0_Zhonghu Civic Activity Center,Yingge Dist,"No. 21, ZhongHu St.",500234053,20,16,20260821T122904,24.97298,121.3472,4,1,15,1,2026-08-21T12:52:03+08:00
新北市,New Taipei City,YouBike2.0_鳳一鳳吉一街口,鶯歌區,鳳吉一街259號(旁),YouBike2.0_Feng 1st Rd. & FengJi 1st St. Intersection,Yingge Dist,"No. 259, FengJi 1st St. (Side)",500234054,20,3,20260821T124903,24.97677,121.3317,17,1,3,0,2026-08-21T12:52:03+08:00
新北市,New Taipei City,YouBike2.0_鳳五路122號前,鶯歌區,鳳五路122號前,"YouBike2.0_No. 122, Feng 5th Rd.",Yingge Dist,"No. 122, Feng 5th Rd. (Front)",500234055,18,4,20260821T124702,24.97316,121.32991,14,1,4,0,2026-08-21T12:52:03+08:00
新北市,New Taipei City,YouBike2.0_建國永昌街口,鶯歌區,建國路546號(對面),YouBike2.0_JianGuo Rd. & YongChang St. Intersection,Yingge Dist,"No. 546, JianGuo Rd. (Opposite)",500234056,17,7,20260821T121602,24.95031,121.33831,10,1,4,3,2026-08-21T12:52:03+08:00
新北市,New Taipei City,YouBike2.0_捷運鶯歌車站,鶯歌區,館前路300號(對側),YouBike2.0_MRT Yingge Sta.,Yingge Dist,"No. 300, GuanQian Rd. (Opposite)",500234057,34,14,20260821T124804,24.95322,121.35668,19,1,12,2,2026-08-21T12:52:03+08:00
新北市,New Taipei City,YouBike2.0_鳳三龍七路口,鶯歌區,鳳三路68號,YouBike2.0_Feng 3rd Rd. & Long 7th Rd. Intersection,Yingge Dist,"No. 68, Feng 3rd Rd.",500234058,18,7,20260821T124903,24.97204,121.33467,11,1,4,3,2026-08-21T12:52:03+08:00
新北市,New Taipei City,YouBike2.0_捷運國華站,鶯歌區,國華路45號(對側),YouBike2.0_MRT Guohua Sta.,Yingge Dist,"No. 45, GuoHua Rd. (Opposite)",500234059,24,12,20260821T123802,24.95535,121.34251,12,1,12,0,2026-08-21T12:52:03+08:00
新北市,New Taipei City,YouBike2.0_捷運陶瓷老街站,鶯歌區,捷運陶瓷老街站(重慶街側),YouBike2.0_MRT Ceramics Old Street Sta.,Yingge Dist,MRT Ceramics Old Street Sta. (ChongQing St.),500234060,36,14,20260821T123603,24.95212,121.35065,21,1,14,0,2026-08-21T12:52:03+08:00
新北市,New Taipei City,YouBike2.0_捷運永吉公園站,鶯歌區,鶯桃路296巷口,YouBike2.0_MRT Yongji Park Sta.,Yingge Dist,"Ln. 296, YingTao Rd. Intersection",500234061,47,8,20260821T124504,24.96048,121.33476,39,1,8,0,2026-08-21T12:52:03+08:00
新北市,New Taipei City,YouBike2.0_捷運鶯桃福德站,鶯歌區,福德一路20號(對側),YouBike2.0_MRT Yingtao Fude Sta.,Yingge Dist,"No. 20, FuDe 1st Rd. (Opposite)",500234062,75,25,20260821T124702,24.96704,121.33044,50,1,25,0,2026-08-21T12:52:03+08:00
新北市,New Taipei City,YouBike2.0_捷運國華站(2號出口),鶯歌區,國華路97號(對側),YouBike2.0_MRT Guohua Sta.(Exit 2),Yingge Dist,"No. 97, GuoHua Rd. (Opposite)",500234063,60,25,20260821T123704,24.95374,121.34301,34,1,25,0,2026-08-21T12:52:03+08:00
新北市,New Taipei City,YouBike2.0_鶯歌山水步道停車場,鶯歌區,觀景涼亭停車場,YouBike2.0_YingGe Riverside Trail Car Park,Yingge Dist,YingGe Riverside Trail Car Park,500234064,24,4,20260821T113803,24.93205,121.32825,20,1,3,1,2026-08-21T12:52:03+08:00
新北市,New Taipei City,YouBike2.0_鶯歌環河自行車道,鶯歌區,環河路/甲三街(南側自行車道),YouBike2.0_YingGe Riverside Cycling Route,Yingge Dist,Huanhe Rd. & Jia 3rd St. (South),500234065,20,15,20260821T114903,24.92967,121.33837,5,1,15,0,2026-08-21T12:52:03+08:00
新北市,New Taipei City,YouBike2.0_鶯歌火車站(仁愛路),鶯歌區,仁愛路55號對側,YouBike2.0_Yingge Railway Station(Ren’ai Rd.),Yingge Dist,"No.55, Ren’ai Rd., Yingge Dist.(opposite)",500234001,69,47,20260821T131703,24.95559,121.35441,22,1,46,1,2026-08-21T13:24:11+08:00
新北市,New Taipei City,YouBike2.0_新北市立圖書館鶯歌分館,鶯歌區,中山路150號,YouBike2.0_New Taipei City Library Yingge Branch,Yingge Dist,"No.150, Zhongshan Rd.",500234002,20,5,20260821T131803,24.9572,121.34946,15,1,5,0,2026-08-21T13:24:11+08:00
新北市,New Taipei City,YouBike2.0_文化館前路口,鶯歌區,文化路407號旁,YouBike2.0_Yingge Ceramics Museum,Yingge Dist,"No. 407, Wenhua Rd.",500234003,44,6,20260821T125004,24.94948,121.35291,38,1,5,1,2026-08-21T13:24:11+08:00
新北市,New Taipei City,YouBike2.0_鶯歌國民運動中心,鶯歌區,館前路250號運動中心前,YouBike2.0_Yingge Civil Sports Center,Yingge Dist,"No.250, Guanqian Rd., Yingge Dist.",500234004,38,19,20260821T131403,24.95139,121.35733,19,1,18,1,2026-08-21T13:24:11+08:00
新北市,New Taipei City,YouBike2.0_尖山國中,鶯歌區,國中街1號,YouBike2.0_Municipal Jianshan Junior High School,Yingge Dist,"No.1, Guozhong St., Yingge Dist(sidewalk)",500234005,20,1,20260821T122519,24.94381,121.34207,19,1,1,0,2026-08-21T13:24:11+08:00
新北市,New Taipei City,YouBike2.0_新北市立鶯歌高級工商職業學校,鶯歌區,中正三路154號,YouBike2.0_New Taipei Municipal Yingge Vocational High School,Yingge Dist,"No. 154, Zhongzheng 3rd. Rd",500234006,56,3,20260821T125803,24.93923,121.33488,53,1,2,1,2026-08-21T13:24:11+08:00
新北市,New Taipei City,YouBike2.0_鶯歌國中,鶯歌區,鶯桃路39-5號對側,YouBike2.0_Yingge Junior High chool,Yingge Dist,"No.39-5, Yingtao Rd.(opposite)",500234007,30,19,20260821T130902,24.95119,121.34256,11,1,18,1,2026-08-21T13:24:11+08:00
新北市,New Taipei City,YouBike2.0_永吉國小,鶯歌區,德昌二街39號對側,YouBike2.0_Yongchi elementary school,Yingge Dist,"No.39, Dechang 2nd St., Yingge Dist.",500234008,20,7,20260821T125403,24.95865,121.33308,13,1,5,2,2026-08-21T13:24:11+08:00
新北市,New Taipei City,YouBike2.0_鳳祥公園,鶯歌區,鶯桃路365巷130號對側,YouBike2.0_Fengxiang Park,Yingge Dist,"No.130, Ln. 365, Yingtao Rd., Yingge Dist.",500234009,20,11,20260821T121402,24.96283,121.33025,9,1,7,4,2026-08-21T13:24:11+08:00
新北市,New Taipei City,YouBike2.0_鳳鳴國小,鶯歌區,永和街120號,YouBike2.0_Fengming Elementary School,Yingge Dist,"No.120, Yonghe St., Yingge Dist.",500234010,20,0,20260821T125603,24.9692,121.3347,20,1,0,0,2026-08-21T13:24:11+08:00
新北市,New Taipei City,YouBike2.0_國際二國際一路口,鶯歌區,國際二路與國際一路口,YouBike2.0_Guoji 2nd Guoji 1st Intersection,Yingge Dist,"Guoji 2nd Rd./Guoji 1st Rd., Yingge Dist.",500234011,20,4,20260821T131203,24.97577,121.3353,16,1,4,0,2026-08-21T13:24:11+08:00
新北市,New Taipei City,YouBike2.0_鳳福公園,鶯歌區,鳳吉一街186號(對面),YouBike2.0_Fengfu Park,Yingge Dist,"No. 186, Fengji 1st St., Yingge Dist.(opposite)",500234012,20,0,20260821T131616,24.97572,121.32938,20,1,0,0,2026-08-21T13:24:11+08:00
新北市,New Taipei City,YouBike2.0_尖山公園,鶯歌區,鶯歌區尖山路161號對面,YouBike2.0_Jianshan Park,Yingge Dist,"No.161, Jianshan Rd.(opposite)",500234013,29,8,20260821T131803,24.9482,121.346,20,1,8,0,2026-08-21T13:24:11+08:00
新北市,New Taipei City,YouBike2.0_永昌里兒一公園,鶯歌區,鶯桃路182巷96弄36-38號對側,YouBike2.0_Yongchang Village Children Park (No.1),Yingge Dist,"No.36-38, Aly. 96, Ln. 182, Yingtao Rd.(oppsite)",500234014,20,2,20260821T120503,24.956649374562204,121.33959628800724,18,1,1,1,2026-08-21T13:24:11+08:00
新北市,New Taipei City,YouBike2.0_南雅育智路口,鶯歌區,南雅路491號(對面),YouBike2.0_Nanya & Yuzhi Rd. Intersection,Yingge Dist,"No.491, Nanya Rd., Yingge Dist.(opposite)",500234015,22,0,20260821T130617,24.954,121.346,22,1,0,0,2026-08-21T13:24:11+08:00
新北市,New Taipei City,YouBike2.0_國中二甲路口,鶯歌區,國中街175號(前),YouBike2.0_Guozhong & Erjia Intersection,Yingge Dist,"No. 175, Guozhong St., Yingge Dist.",500234016,20,0,20260821T131316,24.939489067109363,121.33868650698288,20,1,0,0,2026-08-21T13:24:11+08:00
新北市,New Taipei City,YouBike2.0_鶯歌永利街,鶯歌區,永利街16號(對面),YouBike2.0_Yingge Yongli St.,Yingge Dist,"No. 16, Yongli St. Yingge Dist.",500234017,15,1,20260821T131102,24.95495,121.33911,13,1,1,0,2026-08-21T13:24:11+08:00
新北市,New Taipei City,YouBike2.0_二橋虹橋公園,鶯歌區,中正三路400號(對面),YouBike2.0_Erqiaoshiguanghongqiao Park,Yingge Dist,"No. 400, Zhongzheng 3rd Rd.(Opposite)",500234018,10,8,20260821T122803,24.93453,121.32595,2,1,7,1,2026-08-21T13:24:11+08:00
新北市,New Taipei City,YouBike2.0_鳳吉四鳳七路口(捷士匯社區),鶯歌區,鳳吉四街57-75號(旁),YouBike2.0_Fengji 4th & Feng 7th Rd. Intersection,Yingge Dist,"No. 57-75, Fengji 4th St.",500234021,40,0,20260821T130023,24.97383,121.32769,40,1,0,0,2026-08-21T13:24:11+08:00
新北市,New Taipei City,YouBike2.0_鶯歌老街第二停車場,鶯歌區,尖山埔路27-31號(對面),YouBike2.0_Yingge Old Street 2nd Parking Lot,Yingge Dist,"No. 27-31, Jianshanpu Rd.(Opposite)",500234022,20,4,20260821T122504,24.94895,121.34227,15,1,3,1,2026-08-21T13:24:11+08:00
新北市,New Taipei City,YouBike2.0_建國中正一路口(北鶯社區),鶯歌區,建國路6號(對面空地),YouBike2.0_Jianguo Zhongzheng 1st Rd. Intersection,Yingge Dist,"No. 6, Jianguo Rd.(Opposite)",500234023,20,3,20260821T114702,24.95658,121.35692,17,1,2,1,2026-08-21T13:24:11+08:00
新北市,New Taipei City,YouBike2.0_三鶯水資源回收中心,鶯歌區,館前路360號(旁),YouBike2.0_Sanying Water Recycling Center,Yingge Dist,"No. 360, Guanqian Rd.",500234024,14,9,20260821T081603,24.95535,121.35996,5,1,7,2,2026-08-21T13:24:11+08:00
新北市,New Taipei City,YouBike2.0_永和街65巷口,鶯歌區,永和街75號,"YouBike2.0_Ln. 65, Yonghe St. Intersection",Yingge Dist,"No. 75, Yonghe St.",500234025,37,7,20260821T131903,24.96798,121.3331413,30,1,7,0,2026-08-21T13:24:11+08:00
新北市,New Taipei City,YouBike2.0_鶯歌陶瓷博物館,鶯歌區,文化路200號(旁),YouBike2.0_Yingge Ceramics Museum(Wenhua Rd.),Yingge Dist,"No. 200, Wenhua Rd.",500234026,22,2,20260821T131803,24.95012,121.35245,20,1,1,1,2026-08-21T13:24:11+08:00
新北市,New Taipei City,YouBike2.0_礫間停車場,鶯歌區,礫間停車場,YouBike2.0_Lijian Parking,Yingge Dist,Lijian Parking,500234028,20,6,20260821T101203,24.9518,121.35445,14,1,6,0,2026-08-21T13:24:11+08:00
新北市,New Taipei City,YouBike2.0_北鶯停車場,鶯歌區,北鶯停車場,YouBike2.0_Beiying Parking,Yingge Dist,Beiying Parking,500234029,20,11,20260820T214403,24.95567,121.35992,9,1,11,0,2026-08-21T13:24:11+08:00
新北市,New Taipei City,YouBike2.0_育英建國路口,鶯歌區,建國路280號(旁),YouBike2.0_Yuying Jianguo Rd. Intersection,Yingge Dist,"No. 280, Jianguo Rd.",500234030,12,5,20260821T130203,24.95356,121.34693,7,1,5,0,2026-08-21T13:24:11+08:00
新北市,New Taipei City,YouBike2.0_中正一仁愛路口,鶯歌區,中正一路181號(對面),YouBike2.0_Zhongzheng 1st & Ren'ai Rd Intersection,Yingge Dist,"No. 181, Zhongzheng 1st Rd.(Opposite)",500234031,15,6,20260821T131803,24.95672,121.3532,9,1,5,1,2026-08-21T13:24:11+08:00
新北市,New Taipei City,YouBike2.0_建國國小,鶯歌區,育英街19號(旁),YouBike2.0_Jianguo Elementary School,Yingge Dist,"No. 19, Yuying St.",500234032,15,6,20260821T130203,24.95521,121.34727,8,1,6,0,2026-08-21T13:24:11+08:00
新北市,New Taipei City,YouBike2.0_光明橋,鶯歌區,永明街78號(旁),YouBike2.0_Guang-ming bridge,Yingge Dist,"No. 78, Yongming St., Yingge Dist.(side)",500234033,14,2,20260821T125503,24.95577,121.34128,12,1,2,0,2026-08-21T13:24:11+08:00
新北市,New Taipei City,YouBike2.0_二橋派出所,鶯歌區,高職西街/中正三路口(西北側),YouBike2.0_Erqiao Police Station,Yingge Dist,"Gaozhi W. St. & Zhongzheng 3rd Rd., Yingge Dist. (west side)",500234034,11,9,20260821T131403,24.94216,121.33884,2,1,9,0,2026-08-21T13:24:11+08:00
新北市,New Taipei City,YouBike2.0_國中高職東街口,鶯歌區,國中路113至117-3號(對面),YouBike2.0_Guozhong & Gaozhi E. Intersection,Yingge Dist,"No. 113, Guozhong St., Yingge Dist.(opposite)",500234035,15,4,20260821T131603,24.94117,121.34116,11,1,3,1,2026-08-21T13:24:11+08:00
新北市,New Taipei City,YouBike2.0_尖山路高厝巷口,鶯歌區,尖山路276-5號(旁),YouBike2.0_Gaocuo Ln. Jianshan Rd.,Yingge Dist,"No. 276-5, Jianshan Rd. (Side)",500234036,15,0,20260821T125916,24.94495,121.34102,15,1,0,0,2026-08-21T13:24:11+08:00
新北市,New Taipei City,YouBike2.0_公八停車場,鶯歌區,國華路53號(對面),YouBike2.0_Public 8th Parking Lot,Yingge Dist,"No.53, Guohua Rd. (opposite)",500234037,15,3,20260821T125704,24.95515,121.34285,12,1,3,0,2026-08-21T13:24:11+08:00
新北市,New Taipei City,YouBike2.0_龍三鳳鳴路口,鶯歌區,鳳鳴路541號,YouBike2.0_Long 3rd. Rd. & Fengming Rd. Intersection,Yingge Dist,"No. 541, Fengming Rd.",500234038,18,0,20260821T124220,24.97286,121.33137,18,1,0,0,2026-08-21T13:24:11+08:00
新北市,New Taipei City,YouBike2.0_鳳福鳳三路口,鶯歌區,鳳三路360號,YouBike2.0_Fengfu Rd. & Feng 3rd. Rd. Intersection,Yingge Dist,"No. 360, Feng 3rd Rd.",500234039,22,2,20260821T114802,24.97567,121.33143,20,1,1,1,2026-08-21T13:24:11+08:00
新北市,New Taipei City,YouBike2.0_北鶯公園,鶯歌區,成功街20巷19號(旁),YouBike2.0_Beiying Park,Yingge Dist,"No. 19, Ln. 20, Chenggong St. (Side)",500234040,15,1,20260821T125302,24.95777,121.35942,14,1,1,0,2026-08-21T13:24:11+08:00
新北市,New Taipei City,YouBike2.0_鶯歌火車站(文化路),鶯歌區,文化路/文化路115巷(北側),YouBike2.0_Yingge Station (Wenhua Rd.),Yingge Dist,"Ln. 115, Wenhua Rd. Intersection (North)",500234041,25,20,20260821T130902,24.95536,121.35697,5,1,19,1,2026-08-21T13:24:11+08:00
新北市,New Taipei City,YouBike2.0_鳳七鶯歌路口,鶯歌區,鶯歌路101-107號(旁),YouBike2.0_Feng 7th Rd. & Yingge Rd. Intersection,Yingge Dist,"No. 101-107, Yingge Rd. (Side)",500234042,11,4,20260821T131103,24.96916,121.33193,7,1,4,0,2026-08-21T13:24:11+08:00
新北市,New Taipei City,YouBike2.0_國際一路112巷口,鶯歌區,國際一路167號(前),"YouBike2.0_Ln. 112, GuoJi 1st Rd.",Yingge Dist,"No. 167, GuoJi 1st Rd. (Front)",500234043,15,1,20260821T131103,24.97667,121.33579,14,1,0,1,2026-08-21T13:24:11+08:00
新北市,New Taipei City,YouBike2.0_臺鐵鳳鳴站,鶯歌區,鳳一路/鶯歌路口,YouBike2.0_Fengming Station,Yingge Dist,Feng 1st Rd. & YingGe Rd.,500234044,40,0,20260819T210005,24.97227,121.33674,0,0,0,0,2026-08-21T13:24:11+08:00
新北市,New Taipei City,YouBike2.0_鶯歌陶瓷老街,鶯歌區,重慶街/國慶街(西南側),YouBike2.0_YingGe Old Street,Yingge Dist,ChongQing St. & GuoQing St. (Southwest),500234045,33,23,20260821T131903,24.95219,121.351,10,1,23,0,2026-08-21T13:24:11+08:00
新北市,New Taipei City,YouBike2.0_鶯歌火車站(仁愛路62號),鶯歌區,仁愛路62號(東側),"YouBike2.0_YingGe Station (No. 62, RenAi Rd.)",Yingge Dist,"No. 62, RenAi Rd. (East)",500234046,42,22,20260821T131803,24.95505,121.35407,17,1,16,6,2026-08-21T13:24:11+08:00
新北市,New Taipei City,YouBike2.0_臺鐵鳳鳴站(鶯歌路),鶯歌區,鶯歌路276號(對面),YouBike2.0_Fengming Station (YingGe Rd.),Yingge Dist,"No. 276, YingGe Rd. (Opposite)",500234047,20,2,20260821T131703,24.97189,121.33651,11,1,2,0,2026-08-21T13:24:11+08:00
新北市,New Taipei City,YouBike2.0_光明育智路口,鶯歌區,光明街126號(東南側),YouBike2.0_GuangMing St. & YuZhi Rd. Intersection,Yingge Dist,"No. 126, GuangMing St. (Southeast)",500234048,14,8,20260821T130602,24.95587,121.3456,6,1,8,0,2026-08-21T13:24:11+08:00
新北市,New Taipei City,YouBike2.0_新鳳公園,鶯歌區,鶯桃路二段60號(對側),YouBike2.0_XinFeng Park,Yingge Dist,"No. 60, Sec. 2, YingTao Rd. (Opposite)",500234049,14,0,20260821T131116,24.9732,121.32474,14,1,0,0,2026-08-21T13:24:11+08:00
新北市,New Taipei City,YouBike2.0_鳳鳴機器人公園,鶯歌區,鳳鳴路/福安街7巷24弄口,YouBike2.0_FengMing Robot Park,Yingge Dist,"FengMing Rd. & Aly. 24, Ln. 7, FuAn St.",500234050,17,6,20260821T125902,24.96618,121.33465,11,1,6,0,2026-08-21T13:24:11+08:00
新北市,New Taipei City,YouBike2.0_龍五鳳七路口,鶯歌區,龍五路/鳳七路口,YouBike2.0_Long 5th Rd. & Feng 7th Rd. Intersection,Yingge Dist,Long 5th Rd. & Feng 7th Rd. Intersection,500234051,30,0,20260821T131718,24.97043,121.33101,30,1,0,0,2026-08-21T13:24:11+08:00
新北市,New Taipei City,YouBike2.0_龍鳳夜市,鶯歌區,鳳三路/龍三路(東南側),YouBike2.0_LongFeng Night Market,Yingge Dist,Feng 3rd Rd. & Long 3rd Rd. (Southeast),500234052,30,5,20260821T130602,24.97329,121.33331,25,1,5,0,2026-08-21T13:24:11+08:00
新北市,New Taipei City,YouBike2.0_中湖市民活動中心,鶯歌區,中湖街21號,YouBike2.0_Zhonghu Civic Activity Center,Yingge Dist,"No. 21, ZhongHu St.",500234053,20,17,20260821T125302,24.97298,121.3472,3,1,15,2,2026-08-21T13:24:11+08:00
新北市,New Taipei City,YouBike2.0_鳳一鳳吉一街口,鶯歌區,鳳吉一街259號(旁),YouBike2.0_Feng 1st Rd. & FengJi 1st St. Intersection,Yingge Dist,"No. 259, FengJi 1st St. (Side)",500234054,20,3,20260821T130503,24.97677,121.3317,17,1,3,0,2026-08-21T13:24:11+08:00
新北市,New Taipei City,YouBike2.0_鳳五路122號前,鶯歌區,鳳五路122號前,"YouBike2.0_No. 122, Feng 5th Rd.",Yingge Dist,"No. 122, Feng 5th Rd. (Front)",500234055,18,4,20260821T125902,24.97316,121.32991,14,1,4,0,2026-08-21T13:24:11+08:00
新北市,New Taipei City,YouBike2.0_建國永昌街口,鶯歌區,建國路546號(對面),YouBike2.0_JianGuo Rd. & YongChang St. Intersection,Yingge Dist,"No. 546, JianGuo Rd. (Opposite)",500234056,17,7,20260821T121602,24.95031,121.33831,10,1,4,3,2026-08-21T13:24:11+08:00
新北市,New Taipei City,YouBike2.0_捷運鶯歌車站,鶯歌區,館前路300號(對側),YouBike2.0_MRT Yingge Sta.,Yingge Dist,"No. 300, GuanQian Rd. (Opposite)",500234057,34,17,20260821T130902,24.95322,121.35668,16,1,15,2,2026-08-21T13:24:11+08:00
新北市,New Taipei City,YouBike2.0_鳳三龍七路口,鶯歌區,鳳三路68號,YouBike2.0_Feng 3rd Rd. & Long 7th Rd. Intersection,Yingge Dist,"No. 68, Feng 3rd Rd.",500234058,18,7,20260821T130403,24.97204,121.33467,11,1,4,3,2026-08-21T13:24:11+08:00
新北市,New Taipei City,YouBike2.0_捷運國華站,鶯歌區,國華路45號(對側),YouBike2.0_MRT Guohua Sta.,Yingge Dist,"No. 45, GuoHua Rd. (Opposite)",500234059,24,9,20260821T131302,24.95535,121.34251,15,1,9,0,2026-08-21T13:24:11+08:00
新北市,New Taipei City,YouBike2.0_捷運陶瓷老街站,鶯歌區,捷運陶瓷老街站(重慶街側),YouBike2.0_MRT Ceramics Old Street Sta.,Yingge Dist,MRT Ceramics Old Street Sta. (ChongQing St.),500234060,36,13,20260821T125503,24.95212,121.35065,22,1,13,0,2026-08-21T13:24:11+08:00
新北市,New Taipei City,YouBike2.0_捷運永吉公園站,鶯歌區,鶯桃路296巷口,YouBike2.0_MRT Yongji Park Sta.,Yingge Dist,"Ln. 296, YingTao Rd. Intersection",500234061,47,21,20260821T131203,24.96048,121.33476,26,1,21,0,2026-08-21T13:24:11+08:00
新北市,New Taipei City,YouBike2.0_捷運鶯桃福德站,鶯歌區,福德一路20號(對側),YouBike2.0_MRT Yingtao Fude Sta.,Yingge Dist,"No. 20, FuDe 1st Rd. (Opposite)",500234062,75,29,20260821T131103,24.96704,121.33044,46,1,29,0,2026-08-21T13:24:11+08:00
新北市,New Taipei City,YouBike2.0_捷運國華站(2號出口),鶯歌區,國華路97號(對側),YouBike2.0_MRT Guohua Sta.(Exit 2),Yingge Dist,"No. 97, GuoHua Rd. (Opposite)",500234063,60,25,20260821T123704,24.95374,121.34301,34,1,25,0,2026-08-21T13:24:11+08:00
新北市,New Taipei City,YouBike2.0_鶯歌山水步道停車場,鶯歌區,觀景涼亭停車場,YouBike2.0_YingGe Riverside Trail Car Park,Yingge Dist,YingGe Riverside Trail Car Park,500234064,24,4,20260821T113803,24.93205,121.32825,20,1,3,1,2026-08-21T13:24:11+08:00
新北市,New Taipei City,YouBike2.0_鶯歌環河自行車道,鶯歌區,環河路/甲三街(南側自行車道),YouBike2.0_YingGe Riverside Cycling Route,Yingge Dist,Huanhe Rd. & Jia 3rd St. (South),500234065,20,15,20260821T114903,24.92967,121.33837,5,1,15,0,2026-08-21T13:24:11+08:00
新北市,New Taipei City,YouBike2.0_鶯歌火車站(仁愛路),鶯歌區,仁愛路55號對側,YouBike2.0_Yingge Railway Station(Ren’ai Rd.),Yingge Dist,"No.55, Ren’ai Rd., Yingge Dist.(opposite)",500234001,69,46,20260821T135302,24.95559,121.35441,23,1,46,0,2026-08-21T13:55:27+08:00
新北市,New Taipei City,YouBike2.0_新北市立圖書館鶯歌分館,鶯歌區,中山路150號,YouBike2.0_New Taipei City Library Yingge Branch,Yingge Dist,"No.150, Zhongshan Rd.",500234002,20,4,20260821T135004,24.9572,121.34946,16,1,4,0,2026-08-21T13:55:27+08:00
新北市,New Taipei City,YouBike2.0_文化館前路口,鶯歌區,文化路407號旁,YouBike2.0_Yingge Ceramics Museum,Yingge Dist,"No. 407, Wenhua Rd.",500234003,44,6,20260821T125004,24.94948,121.35291,38,1,5,1,2026-08-21T13:55:27+08:00
新北市,New Taipei City,YouBike2.0_鶯歌國民運動中心,鶯歌區,館前路250號運動中心前,YouBike2.0_Yingge Civil Sports Center,Yingge Dist,"No.250, Guanqian Rd., Yingge Dist.",500234004,38,20,20260821T135102,24.95139,121.35733,18,1,19,1,2026-08-21T13:55:27+08:00
新北市,New Taipei City,YouBike2.0_尖山國中,鶯歌區,國中街1號,YouBike2.0_Municipal Jianshan Junior High School,Yingge Dist,"No.1, Guozhong St., Yingge Dist(sidewalk)",500234005,20,1,20260821T134202,24.94381,121.34207,19,1,1,0,2026-08-21T13:55:27+08:00
新北市,New Taipei City,YouBike2.0_新北市立鶯歌高級工商職業學校,鶯歌區,中正三路154號,YouBike2.0_New Taipei Municipal Yingge Vocational High School,Yingge Dist,"No. 154, Zhongzheng 3rd. Rd",500234006,56,6,20260821T133503,24.93923,121.33488,50,1,5,1,2026-08-21T13:55:27+08:00
新北市,New Taipei City,YouBike2.0_鶯歌國中,鶯歌區,鶯桃路39-5號對側,YouBike2.0_Yingge Junior High chool,Yingge Dist,"No.39-5, Yingtao Rd.(opposite)",500234007,30,26,20260821T135402,24.95119,121.34256,4,1,25,1,2026-08-21T13:55:27+08:00
新北市,New Taipei City,YouBike2.0_永吉國小,鶯歌區,德昌二街39號對側,YouBike2.0_Yongchi elementary school,Yingge Dist,"No.39, Dechang 2nd St., Yingge Dist.",500234008,20,6,20260821T135402,24.95865,121.33308,14,1,5,1,2026-08-21T13:55:27+08:00
新北市,New Taipei City,YouBike2.0_鳳祥公園,鶯歌區,鶯桃路365巷130號對側,YouBike2.0_Fengxiang Park,Yingge Dist,"No.130, Ln. 365, Yingtao Rd., Yingge Dist.",500234009,20,11,20260821T121402,24.96283,121.33025,9,1,7,4,2026-08-21T13:55:27+08:00
新北市,New Taipei City,YouBike2.0_鳳鳴國小,鶯歌區,永和街120號,YouBike2.0_Fengming Elementary School,Yingge Dist,"No.120, Yonghe St., Yingge Dist.",500234010,20,1,20260821T134820,24.9692,121.3347,19,1,1,0,2026-08-21T13:55:27+08:00
新北市,New Taipei City,YouBike2.0_國際二國際一路口,鶯歌區,國際二路與國際一路口,YouBike2.0_Guoji 2nd Guoji 1st Intersection,Yingge Dist,"Guoji 2nd Rd./Guoji 1st Rd., Yingge Dist.",500234011,20,4,20260821T131203,24.97577,121.3353,16,1,4,0,2026-08-21T13:55:27+08:00
新北市,New Taipei City,YouBike2.0_鳳福公園,鶯歌區,鳳吉一街186號(對面),YouBike2.0_Fengfu Park,Yingge Dist,"No. 186, Fengji 1st St., Yingge Dist.(opposite)",500234012,20,1,20260821T134919,24.97572,121.32938,19,1,0,1,2026-08-21T13:55:27+08:00
新北市,New Taipei City,YouBike2.0_尖山公園,鶯歌區,鶯歌區尖山路161號對面,YouBike2.0_Jianshan Park,Yingge Dist,"No.161, Jianshan Rd.(opposite)",500234013,29,5,20260821T134702,24.9482,121.346,23,1,5,0,2026-08-21T13:55:27+08:00
新北市,New Taipei City,YouBike2.0_永昌里兒一公園,鶯歌區,鶯桃路182巷96弄36-38號對側,YouBike2.0_Yongchang Village Children Park (No.1),Yingge Dist,"No.36-38, Aly. 96, Ln. 182, Yingtao Rd.(oppsite)",500234014,20,1,20260821T134403,24.956649374562204,121.33959628800724,19,1,0,1,2026-08-21T13:55:27+08:00
新北市,New Taipei City,YouBike2.0_南雅育智路口,鶯歌區,南雅路491號(對面),YouBike2.0_Nanya & Yuzhi Rd. Intersection,Yingge Dist,"No.491, Nanya Rd., Yingge Dist.(opposite)",500234015,22,2,20260821T134804,24.954,121.346,20,1,2,0,2026-08-21T13:55:27+08:00
新北市,New Taipei City,YouBike2.0_國中二甲路口,鶯歌區,國中街175號(前),YouBike2.0_Guozhong & Erjia Intersection,Yingge Dist,"No. 175, Guozhong St., Yingge Dist.",500234016,20,0,20260821T131316,24.939489067109363,121.33868650698288,20,1,0,0,2026-08-21T13:55:27+08:00
新北市,New Taipei City,YouBike2.0_鶯歌永利街,鶯歌區,永利街16號(對面),YouBike2.0_Yingge Yongli St.,Yingge Dist,"No. 16, Yongli St. Yingge Dist.",500234017,15,1,20260821T131102,24.95495,121.33911,13,1,1,0,2026-08-21T13:55:27+08:00
新北市,New Taipei City,YouBike2.0_二橋虹橋公園,鶯歌區,中正三路400號(對面),YouBike2.0_Erqiaoshiguanghongqiao Park,Yingge Dist,"No. 400, Zhongzheng 3rd Rd.(Opposite)",500234018,10,8,20260821T122803,24.93453,121.32595,2,1,7,1,2026-08-21T13:55:27+08:00
新北市,New Taipei City,YouBike2.0_鳳吉四鳳七路口(捷士匯社區),鶯歌區,鳳吉四街57-75號(旁),YouBike2.0_Fengji 4th & Feng 7th Rd. Intersection,Yingge Dist,"No. 57-75, Fengji 4th St.",500234021,40,0,20260821T130023,24.97383,121.32769,40,1,0,0,2026-08-21T13:55:27+08:00
新北市,New Taipei City,YouBike2.0_鶯歌老街第二停車場,鶯歌區,尖山埔路27-31號(對面),YouBike2.0_Yingge Old Street 2nd Parking Lot,Yingge Dist,"No. 27-31, Jianshanpu Rd.(Opposite)",500234022,20,5,20260821T132004,24.94895,121.34227,14,1,4,1,2026-08-21T13:55:27+08:00
新北市,New Taipei City,YouBike2.0_建國中正一路口(北鶯社區),鶯歌區,建國路6號(對面空地),YouBike2.0_Jianguo Zhongzheng 1st Rd. Intersection,Yingge Dist,"No. 6, Jianguo Rd.(Opposite)",500234023,20,3,20260821T114702,24.95658,121.35692,17,1,2,1,2026-08-21T13:55:27+08:00
新北市,New Taipei City,YouBike2.0_三鶯水資源回收中心,鶯歌區,館前路360號(旁),YouBike2.0_Sanying Water Recycling Center,Yingge Dist,"No. 360, Guanqian Rd.",500234024,14,9,20260821T081603,24.95535,121.35996,5,1,7,2,2026-08-21T13:55:27+08:00
新北市,New Taipei City,YouBike2.0_永和街65巷口,鶯歌區,永和街75號,"YouBike2.0_Ln. 65, Yonghe St. Intersection",Yingge Dist,"No. 75, Yonghe St.",500234025,37,8,20260821T134004,24.96798,121.3331413,29,1,8,0,2026-08-21T13:55:27+08:00
新北市,New Taipei City,YouBike2.0_鶯歌陶瓷博物館,鶯歌區,文化路200號(旁),YouBike2.0_Yingge Ceramics Museum(Wenhua Rd.),Yingge Dist,"No. 200, Wenhua Rd.",500234026,22,3,20260821T133003,24.95012,121.35245,19,1,2,1,2026-08-21T13:55:27+08:00
新北市,New Taipei City,YouBike2.0_礫間停車場,鶯歌區,礫間停車場,YouBike2.0_Lijian Parking,Yingge Dist,Lijian Parking,500234028,20,6,20260821T101203,24.9518,121.35445,14,1,6,0,2026-08-21T13:55:27+08:00
新北市,New Taipei City,YouBike2.0_北鶯停車場,鶯歌區,北鶯停車場,YouBike2.0_Beiying Parking,Yingge Dist,Beiying Parking,500234029,20,11,20260820T214403,24.95567,121.35992,9,1,11,0,2026-08-21T13:55:27+08:00
新北市,New Taipei City,YouBike2.0_育英建國路口,鶯歌區,建國路280號(旁),YouBike2.0_Yuying Jianguo Rd. Intersection,Yingge Dist,"No. 280, Jianguo Rd.",500234030,12,6,20260821T134804,24.95356,121.34693,6,1,5,1,2026-08-21T13:55:27+08:00
新北市,New Taipei City,YouBike2.0_中正一仁愛路口,鶯歌區,中正一路181號(對面),YouBike2.0_Zhongzheng 1st & Ren'ai Rd Intersection,Yingge Dist,"No. 181, Zhongzheng 1st Rd.(Opposite)",500234031,15,6,20260821T134103,24.95672,121.3532,9,1,5,1,2026-08-21T13:55:27+08:00
新北市,New Taipei City,YouBike2.0_建國國小,鶯歌區,育英街19號(旁),YouBike2.0_Jianguo Elementary School,Yingge Dist,"No. 19, Yuying St.",500234032,15,7,20260821T133504,24.95521,121.34727,7,1,7,0,2026-08-21T13:55:27+08:00
新北市,New Taipei City,YouBike2.0_光明橋,鶯歌區,永明街78號(旁),YouBike2.0_Guang-ming bridge,Yingge Dist,"No. 78, Yongming St., Yingge Dist.(side)",500234033,14,0,20260821T132516,24.95577,121.34128,14,1,0,0,2026-08-21T13:55:27+08:00
新北市,New Taipei City,YouBike2.0_二橋派出所,鶯歌區,高職西街/中正三路口(西北側),YouBike2.0_Erqiao Police Station,Yingge Dist,"Gaozhi W. St. & Zhongzheng 3rd Rd., Yingge Dist. (west side)",500234034,11,9,20260821T134502,24.94216,121.33884,2,1,9,0,2026-08-21T13:55:27+08:00
新北市,New Taipei City,YouBike2.0_國中高職東街口,鶯歌區,國中路113至117-3號(對面),YouBike2.0_Guozhong & Gaozhi E. Intersection,Yingge Dist,"No. 113, Guozhong St., Yingge Dist.(opposite)",500234035,15,1,20260821T134515,24.94117,121.34116,14,1,1,0,2026-08-21T13:55:27+08:00
新北市,New Taipei City,YouBike2.0_尖山路高厝巷口,鶯歌區,尖山路276-5號(旁),YouBike2.0_Gaocuo Ln. Jianshan Rd.,Yingge Dist,"No. 276-5, Jianshan Rd. (Side)",500234036,15,3,20260821T134502,24.94495,121.34102,12,1,3,0,2026-08-21T13:55:27+08:00
新北市,New Taipei City,YouBike2.0_公八停車場,鶯歌區,國華路53號(對面),YouBike2.0_Public 8th Parking Lot,Yingge Dist,"No.53, Guohua Rd. (opposite)",500234037,15,4,20260821T134004,24.95515,121.34285,11,1,4,0,2026-08-21T13:55:27+08:00
新北市,New Taipei City,YouBike2.0_龍三鳳鳴路口,鶯歌區,鳳鳴路541號,YouBike2.0_Long 3rd. Rd. & Fengming Rd. Intersection,Yingge Dist,"No. 541, Fengming Rd.",500234038,18,0,20260821T124220,24.97286,121.33137,18,1,0,0,2026-08-21T13:55:27+08:00
新北市,New Taipei City,YouBike2.0_鳳福鳳三路口,鶯歌區,鳳三路360號,YouBike2.0_Fengfu Rd. & Feng 3rd. Rd. Intersection,Yingge Dist,"No. 360, Feng 3rd Rd.",500234039,22,4,20260821T132403,24.97567,121.33143,18,1,3,1,2026-08-21T13:55:27+08:00
新北市,New Taipei City,YouBike2.0_北鶯公園,鶯歌區,成功街20巷19號(旁),YouBike2.0_Beiying Park,Yingge Dist,"No. 19, Ln. 20, Chenggong St. (Side)",500234040,15,0,20260821T132717,24.95777,121.35942,15,1,0,0,2026-08-21T13:55:27+08:00
新北市,New Taipei City,YouBike2.0_鶯歌火車站(文化路),鶯歌區,文化路/文化路115巷(北側),YouBike2.0_Yingge Station (Wenhua Rd.),Yingge Dist,"Ln. 115, Wenhua Rd. Intersection (North)",500234041,25,20,20260821T130902,24.95536,121.35697,5,1,19,1,2026-08-21T13:55:27+08:00
新北市,New Taipei City,YouBike2.0_鳳七鶯歌路口,鶯歌區,鶯歌路101-107號(旁),YouBike2.0_Feng 7th Rd. & Yingge Rd. Intersection,Yingge Dist,"No. 101-107, Yingge Rd. (Side)",500234042,11,4,20260821T131103,24.96916,121.33193,7,1,4,0,2026-08-21T13:55:27+08:00
新北市,New Taipei City,YouBike2.0_國際一路112巷口,鶯歌區,國際一路167號(前),"YouBike2.0_Ln. 112, GuoJi 1st Rd.",Yingge Dist,"No. 167, GuoJi 1st Rd. (Front)",500234043,15,1,20260821T131103,24.97667,121.33579,14,1,0,1,2026-08-21T13:55:27+08:00
新北市,New Taipei City,YouBike2.0_臺鐵鳳鳴站,鶯歌區,鳳一路/鶯歌路口,YouBike2.0_Fengming Station,Yingge Dist,Feng 1st Rd. & YingGe Rd.,500234044,40,0,20260819T210005,24.97227,121.33674,0,0,0,0,2026-08-21T13:55:27+08:00
新北市,New Taipei City,YouBike2.0_鶯歌陶瓷老街,鶯歌區,重慶街/國慶街(西南側),YouBike2.0_YingGe Old Street,Yingge Dist,ChongQing St. & GuoQing St. (Southwest),500234045,33,24,20260821T134702,24.95219,121.351,9,1,22,2,2026-08-21T13:55:27+08:00
新北市,New Taipei City,YouBike2.0_鶯歌火車站(仁愛路62號),鶯歌區,仁愛路62號(東側),"YouBike2.0_YingGe Station (No. 62, RenAi Rd.)",Yingge Dist,"No. 62, RenAi Rd. (East)",500234046,42,23,20260821T133105,24.95505,121.35407,16,1,17,6,2026-08-21T13:55:27+08:00
新北市,New Taipei City,YouBike2.0_臺鐵鳳鳴站(鶯歌路),鶯歌區,鶯歌路276號(對面),YouBike2.0_Fengming Station (YingGe Rd.),Yingge Dist,"No. 276, YingGe Rd. (Opposite)",500234047,20,2,20260821T134403,24.97189,121.33651,11,1,2,0,2026-08-21T13:55:27+08:00
新北市,New Taipei City,YouBike2.0_光明育智路口,鶯歌區,光明街126號(東南側),YouBike2.0_GuangMing St. & YuZhi Rd. Intersection,Yingge Dist,"No. 126, GuangMing St. (Southeast)",500234048,14,7,20260821T134403,24.95587,121.3456,7,1,7,0,2026-08-21T13:55:27+08:00
新北市,New Taipei City,YouBike2.0_新鳳公園,鶯歌區,鶯桃路二段60號(對側),YouBike2.0_XinFeng Park,Yingge Dist,"No. 60, Sec. 2, YingTao Rd. (Opposite)",500234049,14,3,20260821T134804,24.9732,121.32474,11,1,3,0,2026-08-21T13:55:27+08:00
新北市,New Taipei City,YouBike2.0_鳳鳴機器人公園,鶯歌區,鳳鳴路/福安街7巷24弄口,YouBike2.0_FengMing Robot Park,Yingge Dist,"FengMing Rd. & Aly. 24, Ln. 7, FuAn St.",500234050,17,5,20260821T133204,24.96618,121.33465,12,1,5,0,2026-08-21T13:55:27+08:00
新北市,New Taipei City,YouBike2.0_龍五鳳七路口,鶯歌區,龍五路/鳳七路口,YouBike2.0_Long 5th Rd. & Feng 7th Rd. Intersection,Yingge Dist,Long 5th Rd. & Feng 7th Rd. Intersection,500234051,30,4,20260821T134904,24.97043,121.33101,26,1,3,1,2026-08-21T13:55:27+08:00
新北市,New Taipei City,YouBike2.0_龍鳳夜市,鶯歌區,鳳三路/龍三路(東南側),YouBike2.0_LongFeng Night Market,Yingge Dist,Feng 3rd Rd. & Long 3rd Rd. (Southeast),500234052,30,4,20260821T134202,24.97329,121.33331,26,1,4,0,2026-08-21T13:55:27+08:00
新北市,New Taipei City,YouBike2.0_中湖市民活動中心,鶯歌區,中湖街21號,YouBike2.0_Zhonghu Civic Activity Center,Yingge Dist,"No. 21, ZhongHu St.",500234053,20,3,20260821T133802,24.97298,121.3472,17,1,1,2,2026-08-21T13:55:27+08:00
新北市,New Taipei City,YouBike2.0_鳳一鳳吉一街口,鶯歌區,鳳吉一街259號(旁),YouBike2.0_Feng 1st Rd. & FengJi 1st St. Intersection,Yingge Dist,"No. 259, FengJi 1st St. (Side)",500234054,20,2,20260821T132603,24.97677,121.3317,18,1,2,0,2026-08-21T13:55:27+08:00
新北市,New Taipei City,YouBike2.0_鳳五路122號前,鶯歌區,鳳五路122號前,"YouBike2.0_No. 122, Feng 5th Rd.",Yingge Dist,"No. 122, Feng 5th Rd. (Front)",500234055,18,3,20260821T132104,24.97316,121.32991,15,1,3,0,2026-08-21T13:55:27+08:00
新北市,New Taipei City,YouBike2.0_建國永昌街口,鶯歌區,建國路546號(對面),YouBike2.0_JianGuo Rd. & YongChang St. Intersection,Yingge Dist,"No. 546, JianGuo Rd. (Opposite)",500234056,17,7,20260821T121602,24.95031,121.33831,10,1,4,3,2026-08-21T13:55:27+08:00
新北市,New Taipei City,YouBike2.0_捷運鶯歌車站,鶯歌區,館前路300號(對側),YouBike2.0_MRT Yingge Sta.,Yingge Dist,"No. 300, GuanQian Rd. (Opposite)",500234057,34,17,20260821T130902,24.95322,121.35668,16,1,15,2,2026-08-21T13:55:27+08:00
新北市,New Taipei City,YouBike2.0_鳳三龍七路口,鶯歌區,鳳三路68號,YouBike2.0_Feng 3rd Rd. & Long 7th Rd. Intersection,Yingge Dist,"No. 68, Feng 3rd Rd.",500234058,18,7,20260821T132703,24.97204,121.33467,11,1,4,3,2026-08-21T13:55:27+08:00
新北市,New Taipei City,YouBike2.0_捷運國華站,鶯歌區,國華路45號(對側),YouBike2.0_MRT Guohua Sta.,Yingge Dist,"No. 45, GuoHua Rd. (Opposite)",500234059,24,6,20260821T135102,24.95535,121.34251,18,1,6,0,2026-08-21T13:55:27+08:00
新北市,New Taipei City,YouBike2.0_捷運陶瓷老街站,鶯歌區,捷運陶瓷老街站(重慶街側),YouBike2.0_MRT Ceramics Old Street Sta.,Yingge Dist,MRT Ceramics Old Street Sta. (ChongQing St.),500234060,36,13,20260821T125503,24.95212,121.35065,22,1,13,0,2026-08-21T13:55:27+08:00
新北市,New Taipei City,YouBike2.0_捷運永吉公園站,鶯歌區,鶯桃路296巷口,YouBike2.0_MRT Yongji Park Sta.,Yingge Dist,"Ln. 296, YingTao Rd. Intersection",500234061,47,21,20260821T131203,24.96048,121.33476,26,1,21,0,2026-08-21T13:55:27+08:00
新北市,New Taipei City,YouBike2.0_捷運鶯桃福德站,鶯歌區,福德一路20號(對側),YouBike2.0_MRT Yingtao Fude Sta.,Yingge Dist,"No. 20, FuDe 1st Rd. (Opposite)",500234062,75,32,20260821T134502,24.96704,121.33044,43,1,31,1,2026-08-21T13:55:27+08:00
新北市,New Taipei City,YouBike2.0_捷運國華站(2號出口),鶯歌區,國華路97號(對側),YouBike2.0_MRT Guohua Sta.(Exit 2),Yingge Dist,"No. 97, GuoHua Rd. (Opposite)",500234063,60,26,20260821T132403,24.95374,121.34301,33,1,26,0,2026-08-21T13:55:27+08:00
新北市,New Taipei City,YouBike2.0_鶯歌山水步道停車場,鶯歌區,觀景涼亭停車場,YouBike2.0_YingGe Riverside Trail Car Park,Yingge Dist,YingGe Riverside Trail Car Park,500234064,24,4,20260821T113803,24.93205,121.32825,20,1,3,1,2026-08-21T13:55:27+08:00
新北市,New Taipei City,YouBike2.0_鶯歌環河自行車道,鶯歌區,環河路/甲三街(南側自行車道),YouBike2.0_YingGe Riverside Cycling Route,Yingge Dist,Huanhe Rd. & Jia 3rd St. (South),500234065,20,15,20260821T114903,24.92967,121.33837,5,1,15,0,2026-08-21T13:55:27+08:00
新北市,New Taipei City,YouBike2.0_鶯歌火車站(仁愛路),鶯歌區,仁愛路55號對側,YouBike2.0_Yingge Railway Station(Ren’ai Rd.),Yingge Dist,"No.55, Ren’ai Rd., Yingge Dist.(opposite)",500234001,69,43,20260821T141002,24.95559,121.35441,26,1,43,0,2026-08-21T14:31:58+08:00
新北市,New Taipei City,YouBike2.0_新北市立圖書館鶯歌分館,鶯歌區,中山路150號,YouBike2.0_New Taipei City Library Yingge Branch,Yingge Dist,"No.150, Zhongshan Rd.",500234002,20,3,20260821T142005,24.9572,121.34946,17,1,3,0,2026-08-21T14:31:58+08:00
新北市,New Taipei City,YouBike2.0_文化館前路口,鶯歌區,文化路407號旁,YouBike2.0_Yingge Ceramics Museum,Yingge Dist,"No. 407, Wenhua Rd.",500234003,44,6,20260821T142204,24.94948,121.35291,38,1,5,1,2026-08-21T14:31:58+08:00
新北市,New Taipei City,YouBike2.0_鶯歌國民運動中心,鶯歌區,館前路250號運動中心前,YouBike2.0_Yingge Civil Sports Center,Yingge Dist,"No.250, Guanqian Rd., Yingge Dist.",500234004,38,21,20260821T142005,24.95139,121.35733,17,1,19,2,2026-08-21T14:31:58+08:00
新北市,New Taipei City,YouBike2.0_尖山國中,鶯歌區,國中街1號,YouBike2.0_Municipal Jianshan Junior High School,Yingge Dist,"No.1, Guozhong St., Yingge Dist(sidewalk)",500234005,20,2,20260821T142204,24.94381,121.34207,18,1,2,0,2026-08-21T14:31:58+08:00
新北市,New Taipei City,YouBike2.0_新北市立鶯歌高級工商職業學校,鶯歌區,中正三路154號,YouBike2.0_New Taipei Municipal Yingge Vocational High School,Yingge Dist,"No. 154, Zhongzheng 3rd. Rd",500234006,56,7,20260821T141903,24.93923,121.33488,49,1,6,1,2026-08-21T14:31:58+08:00
新北市,New Taipei City,YouBike2.0_鶯歌國中,鶯歌區,鶯桃路39-5號對側,YouBike2.0_Yingge Junior High chool,Yingge Dist,"No.39-5, Yingtao Rd.(opposite)",500234007,30,26,20260821T142802,24.95119,121.34256,4,1,26,0,2026-08-21T14:31:58+08:00
新北市,New Taipei City,YouBike2.0_永吉國小,鶯歌區,德昌二街39號對側,YouBike2.0_Yongchi elementary school,Yingge Dist,"No.39, Dechang 2nd St., Yingge Dist.",500234008,20,6,20260821T135402,24.95865,121.33308,14,1,5,1,2026-08-21T14:31:58+08:00
新北市,New Taipei City,YouBike2.0_鳳祥公園,鶯歌區,鶯桃路365巷130號對側,YouBike2.0_Fengxiang Park,Yingge Dist,"No.130, Ln. 365, Yingtao Rd., Yingge Dist.",500234009,20,10,20260821T142403,24.96283,121.33025,10,1,6,4,2026-08-21T14:31:58+08:00
新北市,New Taipei City,YouBike2.0_鳳鳴國小,鶯歌區,永和街120號,YouBike2.0_Fengming Elementary School,Yingge Dist,"No.120, Yonghe St., Yingge Dist.",500234010,20,0,20260821T140521,24.9692,121.3347,20,1,0,0,2026-08-21T14:31:58+08:00
新北市,New Taipei City,YouBike2.0_國際二國際一路口,鶯歌區,國際二路與國際一路口,YouBike2.0_Guoji 2nd Guoji 1st Intersection,Yingge Dist,"Guoji 2nd Rd./Guoji 1st Rd., Yingge Dist.",500234011,20,4,20260821T131203,24.97577,121.3353,16,1,4,0,2026-08-21T14:31:58+08:00
新北市,New Taipei City,YouBike2.0_鳳福公園,鶯歌區,鳳吉一街186號(對面),YouBike2.0_Fengfu Park,Yingge Dist,"No. 186, Fengji 1st St., Yingge Dist.(opposite)",500234012,20,0,20260821T142316,24.97572,121.32938,20,1,0,0,2026-08-21T14:31:58+08:00
新北市,New Taipei City,YouBike2.0_尖山公園,鶯歌區,鶯歌區尖山路161號對面,YouBike2.0_Jianshan Park,Yingge Dist,"No.161, Jianshan Rd.(opposite)",500234013,29,7,20260821T141903,24.9482,121.346,21,1,7,0,2026-08-21T14:31:58+08:00
新北市,New Taipei City,YouBike2.0_永昌里兒一公園,鶯歌區,鶯桃路182巷96弄36-38號對側,YouBike2.0_Yongchang Village Children Park (No.1),Yingge Dist,"No.36-38, Aly. 96, Ln. 182, Yingtao Rd.(oppsite)",500234014,20,1,20260821T134403,24.956649374562204,121.33959628800724,19,1,0,1,2026-08-21T14:31:58+08:00
新北市,New Taipei City,YouBike2.0_南雅育智路口,鶯歌區,南雅路491號(對面),YouBike2.0_Nanya & Yuzhi Rd. Intersection,Yingge Dist,"No.491, Nanya Rd., Yingge Dist.(opposite)",500234015,22,3,20260821T140702,24.954,121.346,19,1,3,0,2026-08-21T14:31:58+08:00
新北市,New Taipei City,YouBike2.0_國中二甲路口,鶯歌區,國中街175號(前),YouBike2.0_Guozhong & Erjia Intersection,Yingge Dist,"No. 175, Guozhong St., Yingge Dist.",500234016,20,0,20260821T131316,24.939489067109363,121.33868650698288,20,1,0,0,2026-08-21T14:31:58+08:00
新北市,New Taipei City,YouBike2.0_鶯歌永利街,鶯歌區,永利街16號(對面),YouBike2.0_Yingge Yongli St.,Yingge Dist,"No. 16, Yongli St. Yingge Dist.",500234017,15,1,20260821T131102,24.95495,121.33911,13,1,1,0,2026-08-21T14:31:58+08:00
新北市,New Taipei City,YouBike2.0_二橋虹橋公園,鶯歌區,中正三路400號(對面),YouBike2.0_Erqiaoshiguanghongqiao Park,Yingge Dist,"No. 400, Zhongzheng 3rd Rd.(Opposite)",500234018,10,8,20260821T122803,24.93453,121.32595,2,1,7,1,2026-08-21T14:31:58+08:00
新北市,New Taipei City,YouBike2.0_鳳吉四鳳七路口(捷士匯社區),鶯歌區,鳳吉四街57-75號(旁),YouBike2.0_Fengji 4th & Feng 7th Rd. Intersection,Yingge Dist,"No. 57-75, Fengji 4th St.",500234021,40,1,20260821T142316,24.97383,121.32769,39,1,1,0,2026-08-21T14:31:58+08:00
新北市,New Taipei City,YouBike2.0_鶯歌老街第二停車場,鶯歌區,尖山埔路27-31號(對面),YouBike2.0_Yingge Old Street 2nd Parking Lot,Yingge Dist,"No. 27-31, Jianshanpu Rd.(Opposite)",500234022,20,5,20260821T132004,24.94895,121.34227,14,1,4,1,2026-08-21T14:31:58+08:00
新北市,New Taipei City,YouBike2.0_建國中正一路口(北鶯社區),鶯歌區,建國路6號(對面空地),YouBike2.0_Jianguo Zhongzheng 1st Rd. Intersection,Yingge Dist,"No. 6, Jianguo Rd.(Opposite)",500234023,20,3,20260821T114702,24.95658,121.35692,17,1,2,1,2026-08-21T14:31:58+08:00
新北市,New Taipei City,YouBike2.0_三鶯水資源回收中心,鶯歌區,館前路360號(旁),YouBike2.0_Sanying Water Recycling Center,Yingge Dist,"No. 360, Guanqian Rd.",500234024,14,9,20260821T081603,24.95535,121.35996,5,1,7,2,2026-08-21T14:31:58+08:00
新北市,New Taipei City,YouBike2.0_永和街65巷口,鶯歌區,永和街75號,"YouBike2.0_Ln. 65, Yonghe St. Intersection",Yingge Dist,"No. 75, Yonghe St.",500234025,37,8,20260821T142603,24.96798,121.3331413,29,1,8,0,2026-08-21T14:31:58+08:00
新北市,New Taipei City,YouBike2.0_鶯歌陶瓷博物館,鶯歌區,文化路200號(旁),YouBike2.0_Yingge Ceramics Museum(Wenhua Rd.),Yingge Dist,"No. 200, Wenhua Rd.",500234026,22,4,20260821T135804,24.95012,121.35245,18,1,3,1,2026-08-21T14:31:58+08:00
新北市,New Taipei City,YouBike2.0_礫間停車場,鶯歌區,礫間停車場,YouBike2.0_Lijian Parking,Yingge Dist,Lijian Parking,500234028,20,6,20260821T101203,24.9518,121.35445,14,1,6,0,2026-08-21T14:31:58+08:00
新北市,New Taipei City,YouBike2.0_北鶯停車場,鶯歌區,北鶯停車場,YouBike2.0_Beiying Parking,Yingge Dist,Beiying Parking,500234029,20,11,20260820T214403,24.95567,121.35992,9,1,11,0,2026-08-21T14:31:58+08:00
新北市,New Taipei City,YouBike2.0_育英建國路口,鶯歌區,建國路280號(旁),YouBike2.0_Yuying Jianguo Rd. Intersection,Yingge Dist,"No. 280, Jianguo Rd.",500234030,12,7,20260821T135602,24.95356,121.34693,5,1,6,1,2026-08-21T14:31:58+08:00
新北市,New Taipei City,YouBike2.0_中正一仁愛路口,鶯歌區,中正一路181號(對面),YouBike2.0_Zhongzheng 1st & Ren'ai Rd Intersection,Yingge Dist,"No. 181, Zhongzheng 1st Rd.(Opposite)",500234031,15,5,20260821T140602,24.95672,121.3532,10,1,4,1,2026-08-21T14:31:58+08:00
新北市,New Taipei City,YouBike2.0_建國國小,鶯歌區,育英街19號(旁),YouBike2.0_Jianguo Elementary School,Yingge Dist,"No. 19, Yuying St.",500234032,15,7,20260821T133504,24.95521,121.34727,7,1,7,0,2026-08-21T14:31:58+08:00
新北市,New Taipei City,YouBike2.0_光明橋,鶯歌區,永明街78號(旁),YouBike2.0_Guang-ming bridge,Yingge Dist,"No. 78, Yongming St., Yingge Dist.(side)",500234033,14,0,20260821T132516,24.95577,121.34128,14,1,0,0,2026-08-21T14:31:58+08:00
新北市,New Taipei City,YouBike2.0_二橋派出所,鶯歌區,高職西街/中正三路口(西北側),YouBike2.0_Erqiao Police Station,Yingge Dist,"Gaozhi W. St. & Zhongzheng 3rd Rd., Yingge Dist. (west side)",500234034,11,10,20260821T141504,24.94216,121.33884,1,1,9,1,2026-08-21T14:31:58+08:00
新北市,New Taipei City,YouBike2.0_國中高職東街口,鶯歌區,國中路113至117-3號(對面),YouBike2.0_Guozhong & Gaozhi E. Intersection,Yingge Dist,"No. 113, Guozhong St., Yingge Dist.(opposite)",500234035,15,1,20260821T142903,24.94117,121.34116,14,1,1,0,2026-08-21T14:31:58+08:00
新北市,New Taipei City,YouBike2.0_尖山路高厝巷口,鶯歌區,尖山路276-5號(旁),YouBike2.0_Gaocuo Ln. Jianshan Rd.,Yingge Dist,"No. 276-5, Jianshan Rd. (Side)",500234036,15,3,20260821T134502,24.94495,121.34102,12,1,3,0,2026-08-21T14:31:58+08:00
新北市,New Taipei City,YouBike2.0_公八停車場,鶯歌區,國華路53號(對面),YouBike2.0_Public 8th Parking Lot,Yingge Dist,"No.53, Guohua Rd. (opposite)",500234037,15,4,20260821T134004,24.95515,121.34285,11,1,4,0,2026-08-21T14:31:58+08:00
新北市,New Taipei City,YouBike2.0_龍三鳳鳴路口,鶯歌區,鳳鳴路541號,YouBike2.0_Long 3rd. Rd. & Fengming Rd. Intersection,Yingge Dist,"No. 541, Fengming Rd.",500234038,18,0,20260821T124220,24.97286,121.33137,18,1,0,0,2026-08-21T14:31:58+08:00
新北市,New Taipei City,YouBike2.0_鳳福鳳三路口,鶯歌區,鳳三路360號,YouBike2.0_Fengfu Rd. & Feng 3rd. Rd. Intersection,Yingge Dist,"No. 360, Feng 3rd Rd.",500234039,22,5,20260821T141504,24.97567,121.33143,17,1,4,1,2026-08-21T14:31:58+08:00
新北市,New Taipei City,YouBike2.0_北鶯公園,鶯歌區,成功街20巷19號(旁),YouBike2.0_Beiying Park,Yingge Dist,"No. 19, Ln. 20, Chenggong St. (Side)",500234040,15,0,20260821T132717,24.95777,121.35942,15,1,0,0,2026-08-21T14:31:58+08:00
新北市,New Taipei City,YouBike2.0_鶯歌火車站(文化路),鶯歌區,文化路/文化路115巷(北側),YouBike2.0_Yingge Station (Wenhua Rd.),Yingge Dist,"Ln. 115, Wenhua Rd. Intersection (North)",500234041,25,19,20260821T140504,24.95536,121.35697,6,1,18,1,2026-08-21T14:31:58+08:00
新北市,New Taipei City,YouBike2.0_鳳七鶯歌路口,鶯歌區,鶯歌路101-107號(旁),YouBike2.0_Feng 7th Rd. & Yingge Rd. Intersection,Yingge Dist,"No. 101-107, Yingge Rd. (Side)",500234042,11,4,20260821T131103,24.96916,121.33193,7,1,4,0,2026-08-21T14:31:58+08:00
新北市,New Taipei City,YouBike2.0_國際一路112巷口,鶯歌區,國際一路167號(前),"YouBike2.0_Ln. 112, GuoJi 1st Rd.",Yingge Dist,"No. 167, GuoJi 1st Rd. (Front)",500234043,15,1,20260821T131103,24.97667,121.33579,14,1,0,1,2026-08-21T14:31:58+08:00
新北市,New Taipei City,YouBike2.0_臺鐵鳳鳴站,鶯歌區,鳳一路/鶯歌路口,YouBike2.0_Fengming Station,Yingge Dist,Feng 1st Rd. & YingGe Rd.,500234044,40,0,20260819T210005,24.97227,121.33674,0,0,0,0,2026-08-21T14:31:58+08:00
新北市,New Taipei City,YouBike2.0_鶯歌陶瓷老街,鶯歌區,重慶街/國慶街(西南側),YouBike2.0_YingGe Old Street,Yingge Dist,ChongQing St. & GuoQing St. (Southwest),500234045,33,25,20260821T140702,24.95219,121.351,8,1,23,2,2026-08-21T14:31:58+08:00
新北市,New Taipei City,YouBike2.0_鶯歌火車站(仁愛路62號),鶯歌區,仁愛路62號(東側),"YouBike2.0_YingGe Station (No. 62, RenAi Rd.)",Yingge Dist,"No. 62, RenAi Rd. (East)",500234046,42,24,20260821T141703,24.95505,121.35407,15,1,18,6,2026-08-21T14:31:58+08:00
新北市,New Taipei City,YouBike2.0_臺鐵鳳鳴站(鶯歌路),鶯歌區,鶯歌路276號(對面),YouBike2.0_Fengming Station (YingGe Rd.),Yingge Dist,"No. 276, YingGe Rd. (Opposite)",500234047,20,1,20260821T141917,24.97189,121.33651,12,1,0,1,2026-08-21T14:31:58+08:00
新北市,New Taipei City,YouBike2.0_光明育智路口,鶯歌區,光明街126號(東南側),YouBike2.0_GuangMing St. & YuZhi Rd. Intersection,Yingge Dist,"No. 126, GuangMing St. (Southeast)",500234048,14,7,20260821T134403,24.95587,121.3456,7,1,7,0,2026-08-21T14:31:58+08:00
新北市,New Taipei City,YouBike2.0_新鳳公園,鶯歌區,鶯桃路二段60號(對側),YouBike2.0_XinFeng Park,Yingge Dist,"No. 60, Sec. 2, YingTao Rd. (Opposite)",500234049,14,4,20260821T140702,24.9732,121.32474,10,1,4,0,2026-08-21T14:31:58+08:00
新北市,New Taipei City,YouBike2.0_鳳鳴機器人公園,鶯歌區,鳳鳴路/福安街7巷24弄口,YouBike2.0_FengMing Robot Park,Yingge Dist,"FengMing Rd. & Aly. 24, Ln. 7, FuAn St.",500234050,17,5,20260821T133204,24.96618,121.33465,12,1,5,0,2026-08-21T14:31:58+08:00
新北市,New Taipei City,YouBike2.0_龍五鳳七路口,鶯歌區,龍五路/鳳七路口,YouBike2.0_Long 5th Rd. & Feng 7th Rd. Intersection,Yingge Dist,Long 5th Rd. & Feng 7th Rd. Intersection,500234051,30,7,20260821T141903,24.97043,121.33101,23,1,6,1,2026-08-21T14:31:58+08:00
新北市,New Taipei City,YouBike2.0_龍鳳夜市,鶯歌區,鳳三路/龍三路(東南側),YouBike2.0_LongFeng Night Market,Yingge Dist,Feng 3rd Rd. & Long 3rd Rd. (Southeast),500234052,30,4,20260821T134202,24.97329,121.33331,26,1,4,0,2026-08-21T14:31:58+08:00
新北市,New Taipei City,YouBike2.0_中湖市民活動中心,鶯歌區,中湖街21號,YouBike2.0_Zhonghu Civic Activity Center,Yingge Dist,"No. 21, ZhongHu St.",500234053,20,3,20260821T133802,24.97298,121.3472,17,1,1,2,2026-08-21T14:31:58+08:00
新北市,New Taipei City,YouBike2.0_鳳一鳳吉一街口,鶯歌區,鳳吉一街259號(旁),YouBike2.0_Feng 1st Rd. & FengJi 1st St. Intersection,Yingge Dist,"No. 259, FengJi 1st St. (Side)",500234054,20,2,20260821T132603,24.97677,121.3317,18,1,2,0,2026-08-21T14:31:58+08:00
新北市,New Taipei City,YouBike2.0_鳳五路122號前,鶯歌區,鳳五路122號前,"YouBike2.0_No. 122, Feng 5th Rd.",Yingge Dist,"No. 122, Feng 5th Rd. (Front)",500234055,18,2,20260821T142103,24.97316,121.32991,16,1,2,0,2026-08-21T14:31:58+08:00
新北市,New Taipei City,YouBike2.0_建國永昌街口,鶯歌區,建國路546號(對面),YouBike2.0_JianGuo Rd. & YongChang St. Intersection,Yingge Dist,"No. 546, JianGuo Rd. (Opposite)",500234056,17,8,20260821T142005,24.95031,121.33831,9,1,5,3,2026-08-21T14:31:58+08:00
新北市,New Taipei City,YouBike2.0_捷運鶯歌車站,鶯歌區,館前路300號(對側),YouBike2.0_MRT Yingge Sta.,Yingge Dist,"No. 300, GuanQian Rd. (Opposite)",500234057,34,18,20260821T142802,24.95322,121.35668,15,1,16,2,2026-08-21T14:31:58+08:00
新北市,New Taipei City,YouBike2.0_鳳三龍七路口,鶯歌區,鳳三路68號,YouBike2.0_Feng 3rd Rd. & Long 7th Rd. Intersection,Yingge Dist,"No. 68, Feng 3rd Rd.",500234058,18,2,20260821T142103,24.97204,121.33467,16,1,0,2,2026-08-21T14:31:58+08:00
新北市,New Taipei City,YouBike2.0_捷運國華站,鶯歌區,國華路45號(對側),YouBike2.0_MRT Guohua Sta.,Yingge Dist,"No. 45, GuoHua Rd. (Opposite)",500234059,24,4,20260821T141403,24.95535,121.34251,20,1,4,0,2026-08-21T14:31:58+08:00
新北市,New Taipei City,YouBike2.0_捷運陶瓷老街站,鶯歌區,捷運陶瓷老街站(重慶街側),YouBike2.0_MRT Ceramics Old Street Sta.,Yingge Dist,MRT Ceramics Old Street Sta. (ChongQing St.),500234060,36,13,20260821T125503,24.95212,121.35065,22,1,13,0,2026-08-21T14:31:58+08:00
新北市,New Taipei City,YouBike2.0_捷運永吉公園站,鶯歌區,鶯桃路296巷口,YouBike2.0_MRT Yongji Park Sta.,Yingge Dist,"Ln. 296, YingTao Rd. Intersection",500234061,47,21,20260821T131203,24.96048,121.33476,26,1,21,0,2026-08-21T14:31:58+08:00
新北市,New Taipei City,YouBike2.0_捷運鶯桃福德站,鶯歌區,福德一路20號(對側),YouBike2.0_MRT Yingtao Fude Sta.,Yingge Dist,"No. 20, FuDe 1st Rd. (Opposite)",500234062,75,32,20260821T140702,24.96704,121.33044,43,1,31,1,2026-08-21T14:31:58+08:00
新北市,New Taipei City,YouBike2.0_捷運國華站(2號出口),鶯歌區,國華路97號(對側),YouBike2.0_MRT Guohua Sta.(Exit 2),Yingge Dist,"No. 97, GuoHua Rd. (Opposite)",500234063,60,25,20260821T142403,24.95374,121.34301,34,1,25,0,2026-08-21T14:31:58+08:00
新北市,New Taipei City,YouBike2.0_鶯歌山水步道停車場,鶯歌區,觀景涼亭停車場,YouBike2.0_YingGe Riverside Trail Car Park,Yingge Dist,YingGe Riverside Trail Car Park,500234064,24,4,20260821T113803,24.93205,121.32825,20,1,3,1,2026-08-21T14:31:58+08:00
新北市,New Taipei City,YouBike2.0_鶯歌環河自行車道,鶯歌區,環河路/甲三街(南側自行車道),YouBike2.0_YingGe Riverside Cycling Route,Yingge Dist,Huanhe Rd. & Jia 3rd St. (South),500234065,20,15,20260821T114903,24.92967,121.33837,5,1,15,0,2026-08-21T14:31:58+08:00
